stream,utt_id,clip_i,token_start,word_k0,player,expression,category,epithet_kind,resolution,slot_syn,spacy_dep,slot_sit,syllables,umpire_pattern,A_after,A_before,t_next_stored_valid,fps_valid,slot_sit_span,t_next_stored_all
tv_2019wimF,tv_2019wimF:0002,2,37,32,djokovic,novak djokovic,full_name,,,subject,nsubj,SHOT,5,,50.96,15.6,48.96,True,SHOT,48.96
tv_2019wimF,tv_2019wimF:0008,8,17,13,djokovic,djokovic,surname,,,subject,nsubj,OTHER,3,,35.96,10.88,34,True,OTHER,34
tv_2019wimF,tv_2019wimF:0008,8,26,21,djokovic,djokovic,surname,,,after_preposition,pobj,OTHER,3,,35.96,10.88,34,True,OTHER,34
tv_2019wimF,tv_2019wimF:0009,9,17,15,federer,federer,surname,,,after_preposition,pobj,SHOT,3,,24.24,35.96,23.8,True,SHOT,23.8
tv_2019wimF,tv_2019wimF:0009,9,28,25,djokovic,djokovic,surname,,,possessive,poss,OTHER,3,,24.24,35.96,23.8,True,OTHER,23.8
tv_2019wimF,tv_2019wimF:0009,9,37,32,federer,federer,surname,,,object,dobj,JUDGE,3,,24.24,35.96,23.8,True,JUDGE,23.8
tv_2019wimF,tv_2019wimF:0009,9,41,35,federer,the great swiss,epithet,epithet_nationality,hand verdict (Phase 2),subject,nsubj,OTHER,3,,24.24,35.96,23.8,True,JUDGE,23.8
tv_2019wimF,tv_2019wimF:0014,14,13,11,federer,federer,surname,,,subject,nsubj,SCORE,3,leads_games,95.12,19.48,93.12,True,SCORE,93.12
tv_2019wimF,tv_2019wimF:0014,14,25,21,federer,federer,surname,,,subject,nsubj,SCORE,3,,95.12,19.48,93.12,True,SCORE,93.12
tv_2019wimF,tv_2019wimF:0014,14,194,162,djokovic,djokovic,surname,,,after_preposition,pobj,OTHER,3,,95.12,19.48,93.12,True,OTHER,93.12
tv_2019wimF,tv_2019wimF:0014,14,219,181,federer,federer,surname,,,other,compound,OTHER,3,,95.12,19.48,93.12,True,OTHER,93.12
tv_2019wimF,tv_2019wimF:0014,14,269,223,djokovic,novak,first_name,,,after_preposition,pobj,JUDGE,2,,95.12,19.48,93.12,True,JUDGE,93.12
tv_2019wimF,tv_2019wimF:0014,14,278,231,federer,roger,first_name,,,after_preposition,pobj,JUDGE,2,,95.12,19.48,93.12,True,JUDGE,93.12
tv_2019wimF,tv_2019wimF:0016,16,6,5,federer,federer,surname,,,possessive,poss,OTHER,3,,25.76,33.28,22.76,True,OTHER,22.76
tv_2019wimF,tv_2019wimF:0016,16,15,13,djokovic,djokovic,surname,,,after_preposition,pobj,OTHER,3,,25.76,33.28,22.76,True,OTHER,22.76
tv_2019wimF,tv_2019wimF:0017,17,21,21,federer,federer,surname,,,subject,nsubj,JUDGE,3,,34.28,25.76,32.32,True,JUDGE,32.32
tv_2019wimF,tv_2019wimF:0019,19,6,5,federer,roger federer,full_name,,,subject,nsubj,STAT,5,,24.6,13.88,22.68,True,STAT,22.68
tv_2019wimF,tv_2019wimF:0021,21,1,1,djokovic,djokovic,surname,,,subject,nsubj,SHOT,3,,27.04,22.52,25.12,True,SHOT,25.12
tv_2019wimF,tv_2019wimF:0021,21,22,21,federer,federer,surname,,,subject,nsubj,SHOT,3,,27.04,22.52,25.12,True,SHOT,25.12
tv_2019wimF,tv_2019wimF:0023,23,5,5,federer,federer,surname,,,after_preposition,pobj,SHOT,3,,29.56,15.36,26.56,True,SHOT,26.56
tv_2019wimF,tv_2019wimF:0025,25,4,4,djokovic,novak,first_name,,,subject,nsubj,OTHER,2,,29.08,21.68,27.16,True,OTHER,27.16
tv_2019wimF,tv_2019wimF:0026,26,4,3,federer,roger,first_name,,,after_preposition,pobj,SHOT,2,,21.76,29.08,20.44,True,SHOT,20.44
tv_2019wimF,tv_2019wimF:0026,26,6,4,djokovic,djokovic,surname,,,subject,nsubj,SHOT,3,,21.76,29.08,20.44,True,SHOT,20.44
tv_2019wimF,tv_2019wimF:0029,29,9,9,federer,federer,surname,,,other,conj,SCORE,3,,28.68,15.32,26.8,True,SCORE,26.8
tv_2019wimF,tv_2019wimF:0031,31,7,5,federer,federer,surname,,,other,ROOT,SHOT,3,,30.64,29.24,28.68,True,SHOT,28.68
tv_2019wimF,tv_2019wimF:0031,31,21,18,djokovic,djokovic,surname,,,other,compound,SHOT,3,,30.64,29.24,28.68,True,SHOT,28.68
tv_2019wimF,tv_2019wimF:0031,31,62,49,federer,federer,surname,,,subject,nsubj,SHOT,3,,30.64,29.24,28.68,True,SHOT,28.68
tv_2019wimF,tv_2019wimF:0032,32,9,9,djokovic,djokovic,surname,,,other,compound,OTHER,3,,22.6,30.64,20.64,True,OTHER,20.64
tv_2019wimF,tv_2019wimF:0033,33,20,17,federer,federer,surname,,,subject,nsubj,JUDGE,3,,50.8,22.6,48.84,True,JUDGE,48.84
tv_2019wimF,tv_2019wimF:0033,33,31,27,djokovic,djokovic,surname,,,object,dobj,SHOT,3,,50.8,22.6,48.84,True,SHOT,48.84
tv_2019wimF,tv_2019wimF:0033,33,34,30,djokovic,novak,first_name,,,subject,nsubj,SHOT,2,,50.8,22.6,48.84,True,SHOT,48.84
tv_2019wimF,tv_2019wimF:0034,34,16,14,djokovic,novak,first_name,,,subject,nsubj,OTHER,2,,19.88,50.8,17.92,True,OTHER,17.92
tv_2019wimF,tv_2019wimF:0036,36,6,5,federer,roger,first_name,,,subject,nsubj,SCORE,2,,19.72,19,17.72,True,SCORE,17.72
tv_2019wimF,tv_2019wimF:0036,36,27,24,djokovic,djokovic,surname,,,after_preposition,pobj,SHOT,3,,19.72,19,17.72,True,SHOT,17.72
tv_2019wimF,tv_2019wimF:0036,36,47,41,federer,federer,surname,,,after_preposition,pobj,OTHER,3,,19.72,19,17.72,True,OTHER,17.72
tv_2019wimF,tv_2019wimF:0038,38,7,6,djokovic,novak,first_name,,,after_preposition,pobj,SHOT,2,,93.52,17.88,91.6,True,SHOT,91.6
tv_2019wimF,tv_2019wimF:0038,38,184,151,djokovic,novak,first_name,,,after_preposition,pobj,STAT,2,,93.52,17.88,91.6,True,STAT,91.6
tv_2019wimF,tv_2019wimF:0039,39,3,3,federer,roger,first_name,,,subject,nsubj,JUDGE,2,,24.92,93.52,21.76,True,JUDGE,21.76
tv_2019wimF,tv_2019wimF:0039,39,19,17,djokovic,djokovic,surname,,,after_preposition,pobj,OTHER,3,,24.92,93.52,21.76,True,OTHER,21.76
tv_2019wimF,tv_2019wimF:0039,39,28,25,federer,roger,first_name,,,subject,nsubj,JUDGE,2,,24.92,93.52,21.76,True,JUDGE,21.76
tv_2019wimF,tv_2019wimF:0043,43,5,4,federer,roger,first_name,,,subject,nsubj,SCORE,2,,23.04,12.32,21.08,True,SCORE,21.08
tv_2019wimF,tv_2019wimF:0045,45,7,7,djokovic,novak djokovic,full_name,,,after_preposition,pobj,STAT,5,,28.12,20.56,26.12,True,STAT,26.12
tv_2019wimF,tv_2019wimF:0045,45,13,13,djokovic,the top seed,epithet,epithet_descriptive,hand verdict (Phase 2),other,appos,STAT,3,,28.12,20.56,26.12,True,STAT,26.12
tv_2019wimF,tv_2019wimF:0045,45,30,30,djokovic,the world number one,epithet,epithet_descriptive,hand verdict (Phase 2),possessive,poss,OTHER,5,,28.12,20.56,26.12,True,STAT,26.12
tv_2019wimF,tv_2019wimF:0045,45,38,37,federer,federer,surname,,,after_preposition,pobj,OTHER,3,,28.12,20.56,26.12,True,OTHER,26.12
tv_2019wimF,tv_2019wimF:0047,47,4,4,federer,federer,surname,,,subject,nsubj,OTHER,3,,56.52,19.32,54.6,True,OTHER,54.6
tv_2019wimF,tv_2019wimF:0047,47,30,27,djokovic,djokovic,surname,,,object,dobj,OTHER,3,,56.52,19.32,54.6,True,OTHER,54.6
tv_2019wimF,tv_2019wimF:0050,50,3,2,djokovic,novak,first_name,,,subject,nsubj,OFFICIAL,2,,17.92,12.64,15.96,True,OFFICIAL,15.96
tv_2019wimF,tv_2019wimF:0052,52,3,3,federer,federer,surname,,,subject,nsubj,SHOT,3,,23.48,11.76,22.48,True,SHOT,22.48
tv_2019wimF,tv_2019wimF:0052,52,8,8,djokovic,djokovic,surname,,,subject,nsubj,SHOT,3,,23.48,11.76,22.48,True,SHOT,22.48
tv_2019wimF,tv_2019wimF:0056,56,6,4,federer,federer,surname,,,subject,nsubj,SCORE,3,,23.68,46.36,21.76,True,SCORE,21.76
tv_2019wimF,tv_2019wimF:0056,56,15,12,djokovic,djokovic,surname,,,object,dobj,SHOT,3,,23.68,46.36,21.76,True,SHOT,21.76
tv_2019wimF,tv_2019wimF:0059,59,0,0,djokovic,mr djokovic,title_surname,,,subject,nsubj,OFFICIAL,5,title_surname,25.84,19.72,23.84,True,OFFICIAL,23.84
tv_2019wimF,tv_2019wimF:0062,62,1,1,federer,roger,first_name,,,subject,nsubj,OTHER,2,,22.36,31.28,20.4,True,OTHER,20.4
tv_2019wimF,tv_2019wimF:0062,62,11,10,djokovic,novak,first_name,,,other,amod,SHOT,2,,22.36,31.28,20.4,True,SHOT,20.4
tv_2019wimF,tv_2019wimF:0063,63,0,0,federer,federer,surname,,,subject,nsubj,OTHER,3,,93.8,22.36,91.84,True,OTHER,91.84
tv_2019wimF,tv_2019wimF:0063,63,49,49,djokovic,novak djokovic,full_name,,,object,attr,OTHER,5,,93.8,22.36,91.84,True,OTHER,91.84
tv_2019wimF,tv_2019wimF:0063,63,59,59,federer,federer,surname,,,vocative_exclamation,npadvmod,OTHER,3,,93.8,22.36,91.84,True,OTHER,91.84
tv_2019wimF,tv_2019wimF:0063,63,74,73,djokovic,djokovic,surname,,,subject,nsubj,STAT,3,,93.8,22.36,91.84,True,STAT,91.84
tv_2019wimF,tv_2019wimF:0063,63,90,88,federer,federer,surname,,,object,dobj,STAT,3,,93.8,22.36,91.84,True,STAT,91.84
tv_2019wimF,tv_2019wimF:0063,63,163,156,federer,roger,first_name,,,possessive,poss,JUDGE,2,,93.8,22.36,91.84,True,JUDGE,91.84
tv_2019wimF,tv_2019wimF:0065,65,30,30,djokovic,djokovic,surname,,,subject,nsubj,SHOT,3,,31.88,13.04,29.92,True,SHOT,29.92
tv_2019wimF,tv_2019wimF:0065,65,44,43,federer,federer,surname,,,after_preposition,pobj,OTHER,3,,31.88,13.04,29.92,True,OTHER,29.92
tv_2019wimF,tv_2019wimF:0067,67,26,26,djokovic,djokovic,surname,,,object,dative,SHOT,3,,66.4,12.56,64.4,True,SHOT,64.4
tv_2019wimF,tv_2019wimF:0068,68,3,3,djokovic,djokovic,surname,,,after_preposition,pobj,OTHER,3,,51.8,66.4,49.84,True,OTHER,49.84
tv_2019wimF,tv_2019wimF:0071,71,0,0,djokovic,djokovic,surname,,,subject,nsubj,OTHER,3,,26.88,27.68,24.92,True,OTHER,24.92
tv_2019wimF,tv_2019wimF:0071,71,15,15,federer,federer,surname,,,object,dobj,SHOT,3,,26.88,27.68,24.92,True,SHOT,24.92
tv_2019wimF,tv_2019wimF:0071,71,20,20,federer,federer,surname,,,after_preposition,pobj,SHOT,3,,26.88,27.68,24.92,True,SHOT,24.92
tv_2019wimF,tv_2019wimF:0072,72,6,6,djokovic,novak djokovic,full_name,,,after_preposition,pobj,OTHER,5,,39.68,26.88,37.68,True,OTHER,37.68
tv_2019wimF,tv_2019wimF:0072,72,41,40,federer,federer,surname,,,possessive,pobj,JUDGE,3,,39.68,26.88,37.68,True,JUDGE,37.68
tv_2019wimF,tv_2019wimF:0073,73,4,2,djokovic,mr djokovic,title_surname,,,subject,nsubj,OFFICIAL,5,title_surname,31.16,39.68,29.2,True,OFFICIAL,29.2
tv_2019wimF,tv_2019wimF:0074,74,0,0,djokovic,mr djokovic,title_surname,,,subject,nsubj,OFFICIAL,5,title_surname,13.48,31.16,11.52,True,OFFICIAL,11.52
tv_2019wimF,tv_2019wimF:0075,75,6,6,federer,federer,surname,,,subject,nsubj,SHOT,3,,15.68,13.48,9.68,True,SHOT,9.68
tv_2019wimF,tv_2019wimF:0077,77,0,0,federer,federer,surname,,,subject,nsubj,OTHER,3,,28.08,8.48,27.6,True,OTHER,27.6
tv_2019wimF,tv_2019wimF:0077,77,21,21,djokovic,djokovic,surname,,,after_preposition,pobj,OTHER,3,,28.08,8.48,27.6,True,OTHER,27.6
tv_2019wimF,tv_2019wimF:0077,77,24,24,djokovic,djokovic,surname,,,after_preposition,pobj,OTHER,3,,28.08,8.48,27.6,True,OTHER,27.6
tv_2019wimF,tv_2019wimF:0078,78,6,6,djokovic,djokovic,surname,,,after_preposition,pobj,SHOT,3,,25.44,28.08,23.56,True,SHOT,23.56
tv_2019wimF,tv_2019wimF:0078,78,18,18,federer,federer,surname,,,subject,nsubj,SHOT,3,,25.44,28.08,23.56,True,SHOT,23.56
tv_2019wimF,tv_2019wimF:0078,78,25,25,djokovic,djokovic,surname,,,possessive,poss,SHOT,3,,25.44,28.08,23.56,True,SHOT,23.56
tv_2019wimF,tv_2019wimF:0079,79,16,14,federer,federer,surname,,,subject,nsubj,SHOT,3,,27.28,25.44,25.36,True,SHOT,25.36
tv_2019wimF,tv_2019wimF:0081,81,69,69,federer,federer,surname,,,subject,nsubj,OTHER,3,,22.96,34.76,20.08,True,OTHER,20.08
tv_2019wimF,tv_2019wimF:0081,81,173,171,federer,federer,surname,,,after_preposition,conj,STAT,3,,22.96,34.76,20.08,True,STAT,20.08
tv_2019wimF,tv_2019wimF:0081,81,217,210,djokovic,djokovic,surname,,,subject,nsubj,OTHER,3,,22.96,34.76,20.08,True,OTHER,20.08
tv_2019wimF,tv_2019wimF:0081,81,225,216,federer,federer,surname,,,subject,nsubj,OTHER,3,,22.96,34.76,20.08,True,OTHER,20.08
tv_2019wimF,tv_2019wimF:0083,83,0,0,djokovic,djokovic,surname,,,subject,nsubj,OTHER,3,,51.52,98.2,48.68,True,OTHER,48.68
tv_2019wimF,tv_2019wimF:0085,85,1,1,djokovic,djokovic,surname,,,other,compound,SCORE,3,game_name,28.36,22.36,26.4,True,SCORE,26.4
tv_2019wimF,tv_2019wimF:0085,85,9,8,federer,federer,surname,,,object,dobj,JUDGE,3,,28.36,22.36,26.4,True,JUDGE,26.4
tv_2019wimF,tv_2019wimF:0086,86,0,0,federer,federer,surname,,,subject,nsubj,OTHER,3,,676.88,28.36,673.6,True,OTHER,673.6
tv_2019wimF,tv_2019wimF:0087,87,16,14,djokovic,novak,first_name,,,subject,nsubj,JUDGE,2,,18.84,676.88,16.84,True,JUDGE,16.84
tv_2019wimF,tv_2019wimF:0090,90,11,9,federer,federer,surname,,,other,compound,CROWD,3,,27.96,23.68,27.36,True,CROWD,27.36
tv_2019wimF,tv_2019wimF:0092,92,85,84,federer,federer,surname,,,object,attr,OTHER,3,,37.4,13.52,35.44,True,OTHER,35.44
tv_2019wimF,tv_2019wimF:0092,92,102,101,federer,federer,surname,,,after_preposition,pobj,JUDGE,3,,37.4,13.52,35.44,True,JUDGE,35.44
tv_2019wimF,tv_2019wimF:0092,92,112,111,djokovic,djokovic,surname,,,after_preposition,pobj,JUDGE,3,,37.4,13.52,35.44,True,JUDGE,35.44
tv_2019wimF,tv_2019wimF:0092,92,119,118,federer,federer,surname,,,after_preposition,pobj,JUDGE,3,,37.4,13.52,35.44,True,JUDGE,35.44
tv_2019wimF,tv_2019wimF:0098,98,10,8,federer,federer,surname,,,after_preposition,pobj,OTHER,3,,23.08,22.92,22.48,True,OTHER,22.48
tv_2019wimF,tv_2019wimF:0099,99,12,12,federer,federer,surname,,,other,compound,CROWD,3,,42.72,23.08,40.84,True,CROWD,40.84
tv_2019wimF,tv_2019wimF:0099,99,21,20,djokovic,djokovic,surname,,,after_preposition,pobj,SCORE,3,,42.72,23.08,40.84,True,SCORE,40.84
tv_2019wimF,tv_2019wimF:0099,99,76,71,djokovic,novak djokovic,full_name,,,object,dobj,STAT,5,,42.72,23.08,40.84,True,STAT,40.84
tv_2019wimF,tv_2019wimF:0099,99,95,88,djokovic,djokovic,surname,,,object,dobj,STAT,3,,42.72,23.08,40.84,True,STAT,40.84
tv_2019wimF,tv_2019wimF:0101,101,5,4,djokovic,novak,first_name,,,subject,nsubj,JUDGE,2,,11.6,20,4.92,True,JUDGE,4.92
tv_2019wimF,tv_2019wimF:0101,101,27,22,federer,the man from basel,epithet,epithet_descriptive,hand verdict (Phase 2),after_preposition,pobj,OTHER,5,,11.6,20,4.92,True,OTHER,4.92
tv_2019wimF,tv_2019wimF:0102,102,10,10,djokovic,djokovic,surname,,,other,compound,OTHER,3,,24.64,11.6,23.76,True,OTHER,23.76
tv_2019wimF,tv_2019wimF:0108,108,28,28,federer,federer,surname,,,after_preposition,appos,SCORE,3,,15.28,9,13.32,True,SCORE,13.32
tv_2019wimF,tv_2019wimF:0110,110,1,1,djokovic,djokovic,surname,,,subject,nsubj,OTHER,3,,20.16,8.36,17.4,True,OTHER,17.4
tv_2019wimF,tv_2019wimF:0114,114,0,0,federer,federer,surname,,,subject,nsubj,SCORE,3,leads_games,32.4,8.84,30.4,True,SCORE,30.4
tv_2019wimF,tv_2019wimF:0114,114,14,12,federer,federer,surname,,,subject,nsubj,JUDGE,3,,32.4,8.84,30.4,True,JUDGE,30.4
tv_2019wimF,tv_2019wimF:0119,119,21,16,federer,federer,surname,,,subject,nsubj,SCORE,3,,23.08,9.88,21.08,True,SCORE,21.08
tv_2019wimF,tv_2019wimF:0119,119,24,19,djokovic,djokovic,surname,,,object,dobj,SCORE,3,,23.08,9.88,21.08,True,SCORE,21.08
tv_2019wimF,tv_2019wimF:0121,121,4,4,djokovic,djokovic,surname,,,subject,nsubj,JUDGE,3,,94.68,25.96,92.68,True,JUDGE,92.68
tv_2019wimF,tv_2019wimF:0126,126,0,0,djokovic,djokovic,surname,,,subject,nsubj,OTHER,3,,20.88,9.24,19,True,OTHER,19
tv_2019wimF,tv_2019wimF:0127,127,21,20,djokovic,djokovic,surname,,,subject,nsubj,JUDGE,3,,22.72,20.88,22.24,True,JUDGE,22.24
tv_2019wimF,tv_2019wimF:0128,128,0,0,federer,federer,surname,,,subject,nsubj,OTHER,3,,17.72,22.72,16.68,True,OTHER,16.68
tv_2019wimF,tv_2019wimF:0129,129,2,1,federer,federer,surname,,,vocative_exclamation,npadvmod,SCORE,3,game_name,31.64,17.72,29.6,True,SCORE,29.6
tv_2019wimF,tv_2019wimF:0129,129,4,2,federer,federer,surname,,,subject,nsubj,SCORE,3,leads_games,31.64,17.72,29.6,True,SCORE,29.6
tv_2019wimF,tv_2019wimF:0134,134,0,0,djokovic,djokovic,surname,,,subject,nsubj,OTHER,3,,10.32,15.16,8.36,True,OTHER,8.36
tv_2019wimF,tv_2019wimF:0137,137,0,0,federer,federer,surname,,,subject,nsubj,OTHER,3,,19.76,8.28,18.2,True,OTHER,18.2
tv_2019wimF,tv_2019wimF:0137,137,23,20,djokovic,djokovic,surname,,,subject,nsubj,JUDGE,3,,19.76,8.28,18.2,True,JUDGE,18.2
tv_2019wimF,tv_2019wimF:0137,137,34,30,federer,federer,surname,,,object,dative,SHOT,3,,19.76,8.28,18.2,True,SHOT,18.2
tv_2019wimF,tv_2019wimF:0138,138,0,0,djokovic,novak,first_name,,,subject,nsubj,JUDGE,2,,18.76,19.76,16.76,True,JUDGE,16.76
tv_2019wimF,tv_2019wimF:0139,139,0,0,federer,mr federer,title_surname,,,subject,nsubj,OFFICIAL,5,title_surname,25.76,18.76,23.72,True,OFFICIAL,23.72
tv_2019wimF,tv_2019wimF:0140,140,10,8,federer,mr federer,title_surname,,,subject,nsubj,OFFICIAL,5,title_surname,16.16,25.76,14.16,True,OFFICIAL,14.16
tv_2019wimF,tv_2019wimF:0142,142,38,34,djokovic,djokovic,surname,,,after_preposition,pobj,STAT,3,,44.76,18.36,42.8,True,STAT,42.8
tv_2019wimF,tv_2019wimF:0142,142,58,52,federer,federer,surname,,,object,dobj,CROWD,3,,44.76,18.36,42.8,True,CROWD,42.8
tv_2019wimF,tv_2019wimF:0143,143,7,7,djokovic,djokovic,surname,,,after_preposition,pobj,JUDGE,3,,23.32,44.76,23.16,True,JUDGE,23.16
tv_2019wimF,tv_2019wimF:0144,144,11,9,federer,federer,surname,,,after_preposition,pobj,JUDGE,3,,11,23.32,4.4,True,JUDGE,4.4
tv_2019wimF,tv_2019wimF:0144,144,13,10,djokovic,djokovic,surname,,,subject,nsubj,JUDGE,3,,11,23.32,4.4,True,JUDGE,4.4
tv_2019wimF,tv_2019wimF:0148,148,0,0,federer,federer,surname,,,subject,nsubj,OTHER,3,,28.48,21.64,26.48,True,OTHER,26.48
tv_2019wimF,tv_2019wimF:0149,149,1,1,djokovic,djokovic,surname,,,vocative_exclamation,ROOT,SCORE,3,game_name,27.6,28.48,23.72,True,SCORE,23.72
tv_2019wimF,tv_2019wimF:0151,151,10,9,djokovic,djokovic,surname,,,possessive,poss,SHOT,3,,17.04,8.44,15.04,True,SHOT,15.04
tv_2019wimF,tv_2019wimF:0154,154,2,2,federer,federer,surname,,,subject,nsubj,OTHER,3,,18.68,20.12,16.68,True,OTHER,16.68
tv_2019wimF,tv_2019wimF:0157,157,7,5,djokovic,djokovic,surname,,,subject,nsubj,SCORE,3,,26.68,13,24.68,True,SCORE,24.68
tv_2019wimF,tv_2019wimF:0159,159,2,2,federer,federer,surname,,,subject,nsubj,OTHER,3,,64.8,13.84,62.88,True,OTHER,62.88
tv_2019wimF,tv_2019wimF:0159,159,33,29,djokovic,djokovic,surname,,,after_preposition,pobj,OTHER,3,,64.8,13.84,62.88,True,OTHER,62.88
tv_2019wimF,tv_2019wimF:0162,162,16,12,djokovic,novak,first_name,,,subject,appos,STAT,2,,32.4,33.04,30.4,True,STAT,30.4
tv_2019wimF,tv_2019wimF:0162,162,45,38,djokovic,the young man,epithet,epithet_descriptive,hand verdict (Phase 2),after_preposition,pobj,OTHER,3,,32.4,33.04,30.4,True,OTHER,30.4
tv_2019wimF,tv_2019wimF:0164,164,7,6,djokovic,djokovic,surname,,,subject,nsubj,SHOT,3,,33.52,31.4,31.52,True,SHOT,31.52
tv_2019wimF,tv_2019wimF:0165,165,13,10,djokovic,djokovic,surname,,,subject,nsubj,OTHER,3,,20.36,33.52,17.6,True,OTHER,17.6
tv_2019wimF,tv_2019wimF:0165,165,19,16,federer,federer,surname,,,object,dobj,SHOT,3,,20.36,33.52,17.6,True,SHOT,17.6
tv_2019wimF,tv_2019wimF:0166,166,20,16,federer,roger,first_name,,,subject,nsubj,SHOT,2,,20.2,20.36,18.24,True,SHOT,18.24
tv_2019wimF,tv_2019wimF:0167,167,2,2,djokovic,novak,first_name,,,subject,nsubj,OTHER,2,,99.28,20.2,97.28,True,OTHER,97.28
tv_2019wimF,tv_2019wimF:0167,167,8,7,federer,roger,first_name,,,subject,nsubj,SHOT,2,,99.28,20.2,97.28,True,SHOT,97.28
tv_2019wimF,tv_2019wimF:0167,167,119,105,federer,roger,first_name,,,subject,nsubj,OTHER,2,,99.28,20.2,97.28,True,OTHER,97.28
tv_2019wimF,tv_2019wimF:0167,167,157,142,djokovic,djokovic,surname,,,other,compound,SHOT,3,,99.28,20.2,97.28,True,SHOT,97.28
tv_2019wimF,tv_2019wimF:0167,167,168,150,federer,roger federer,full_name,,,object,dobj,OTHER,5,,99.28,20.2,97.28,True,OTHER,97.28
tv_2019wimF,tv_2019wimF:0167,167,188,167,djokovic,novak,first_name,,,after_preposition,pobj,STAT,2,,99.28,20.2,97.28,True,STAT,97.28
tv_2019wimF,tv_2019wimF:0167,167,194,172,djokovic,novak,first_name,,,object,dobj,OTHER,2,,99.28,20.2,97.28,True,OTHER,97.28
tv_2019wimF,tv_2019wimF:0167,167,216,189,federer,federer,surname,,,possessive,poss,OTHER,3,,99.28,20.2,97.28,True,OTHER,97.28
tv_2019wimF,tv_2019wimF:0167,167,247,217,federer,federer,surname,,,possessive,poss,SHOT,3,,99.28,20.2,97.28,True,SHOT,97.28
tv_2019wimF,tv_2019wimF:0169,169,12,9,djokovic,djokovic,surname,,,subject,nsubj,JUDGE,3,,23.8,12.76,21.84,True,JUDGE,21.84
tv_2019wimF,tv_2019wimF:0173,173,40,32,djokovic,djokovic,surname,,,subject,nsubj,SCORE,3,,30.28,22.68,28.24,True,SCORE,28.24
tv_2019wimF,tv_2019wimF:0176,176,0,0,federer,federer,surname,,,subject,nsubj,SCORE,3,leads_games,95.6,18.52,93.64,True,SCORE,93.64
tv_2019wimF,tv_2019wimF:0176,176,15,11,federer,federer,surname,,,vocative_exclamation,ROOT,OTHER,3,,95.6,18.52,93.64,True,OTHER,93.64
tv_2019wimF,tv_2019wimF:0176,176,70,60,djokovic,djokovic,surname,,,other,ROOT,STAT,3,,95.6,18.52,93.64,True,STAT,93.64
tv_2019wimF,tv_2019wimF:0176,176,93,81,federer,federer,surname,,,subject,nsubj,SHOT,3,,95.6,18.52,93.64,True,SHOT,93.64
tv_2019wimF,tv_2019wimF:0176,176,106,92,federer,federer,surname,,,possessive,poss,STAT,3,,95.6,18.52,93.64,True,STAT,93.64
tv_2019wimF,tv_2019wimF:0176,176,153,132,djokovic,djokovic,surname,,,after_preposition,pobj,JUDGE,3,,95.6,18.52,93.64,True,JUDGE,93.64
tv_2019wimF,tv_2019wimF:0184,184,7,6,djokovic,djokovic,surname,,,after_preposition,pobj,SHOT,3,,18.84,30.6,15.84,True,SHOT,15.84
tv_2019wimF,tv_2019wimF:0185,185,25,23,djokovic,djokovic,surname,,,after_preposition,pobj,JUDGE,3,,17.92,18.84,15.96,True,JUDGE,15.96
tv_2019wimF,tv_2019wimF:0185,185,36,34,federer,federer,surname,,,subject,nsubj,SCORE,3,game_name,17.92,18.84,15.96,True,SCORE,15.96
tv_2019wimF,tv_2019wimF:0187,187,6,6,djokovic,djokovic,surname,,,after_preposition,pobj,SCORE,3,,23.08,9.52,21.12,True,SCORE,21.12
tv_2019wimF,tv_2019wimF:0188,188,1,1,federer,roger,first_name,,,subject,nsubj,OTHER,2,,150.28,23.08,148.36,True,OTHER,148.36
tv_2019wimF,tv_2019wimF:0188,188,13,13,djokovic,djokovic,surname,,,after_preposition,appos,SHOT,3,,150.28,23.08,148.36,True,SHOT,148.36
tv_2019wimF,tv_2019wimF:0188,188,26,25,federer,federer,surname,,,other,compound,SHOT,3,,150.28,23.08,148.36,True,SHOT,148.36
tv_2019wimF,tv_2019wimF:0189,189,0,0,djokovic,djokovic,surname,,,subject,nsubj,SCORE,3,,22.6,150.28,20.64,True,SCORE,20.64
tv_2019wimF,tv_2019wimF:0189,189,5,5,federer,federer,surname,,,possessive,poss,SCORE,3,,22.6,150.28,20.64,True,SCORE,20.64
tv_2019wimF,tv_2019wimF:0189,189,15,12,federer,federer,surname,,,vocative_exclamation,ROOT,SCORE,3,,22.6,150.28,20.64,True,SCORE,20.64
tv_2019wimF,tv_2019wimF:0190,190,23,19,djokovic,novak,first_name,,,other,compound,OTHER,2,,23.6,22.6,21.64,True,OTHER,21.64
tv_2019wimF,tv_2019wimF:0194,194,5,5,federer,federer,surname,,,possessive,poss,OTHER,3,,52.6,41.28,50.68,True,OTHER,50.68
tv_2019wimF,tv_2019wimF:0194,194,10,9,djokovic,djokovic,surname,,,subject,nsubj,SHOT,3,,52.6,41.28,50.68,True,SHOT,50.68
tv_2019wimF,tv_2019wimF:0194,194,16,15,djokovic,djokovic,surname,,,subject,nsubj,SHOT,3,,52.6,41.28,50.68,True,SHOT,50.68
tv_2019wimF,tv_2019wimF:0194,194,26,25,federer,federer,surname,,,possessive,poss,SHOT,3,,52.6,41.28,50.68,True,SHOT,50.68
tv_2019wimF,tv_2019wimF:0196,196,2,2,djokovic,novak djokovic,full_name,,,object,dobj,OTHER,5,,34.24,13.36,32.24,True,OTHER,32.24
tv_2019wimF,tv_2019wimF:0197,197,4,4,djokovic,djokovic,surname,,,after_preposition,pobj,JUDGE,3,,20.96,34.24,19.04,True,JUDGE,19.04
tv_2019wimF,tv_2019wimF:0197,197,34,31,federer,federer,surname,,,subject,nsubj,SHOT,3,,20.96,34.24,19.04,True,SHOT,19.04
tv_2019wimF,tv_2019wimF:0198,198,0,0,federer,federer,surname,,,other,ROOT,SHOT,3,,18.76,20.96,16.76,True,SHOT,16.76
tv_2019wimF,tv_2019wimF:0198,198,28,22,djokovic,djokovic,surname,,,subject,nsubj,OTHER,3,,18.76,20.96,16.76,True,OTHER,16.76
tv_2019wimF,tv_2019wimF:0199,199,0,0,djokovic,novak,first_name,,,subject,nsubj,JUDGE,2,,19.64,18.76,16.92,True,JUDGE,16.92
tv_2019wimF,tv_2019wimF:0200,200,11,11,federer,federer,surname,,,possessive,poss,STAT,3,,93.16,19.64,91.16,True,STAT,91.16
tv_2019wimF,tv_2019wimF:0200,200,85,83,djokovic,novak djokovic,full_name,,,after_preposition,pobj,OTHER,5,,93.16,19.64,91.16,True,OTHER,91.16
tv_2019wimF,tv_2019wimF:0200,200,96,94,federer,federer,surname,,,object,dobj,SHOT,3,,93.16,19.64,91.16,True,SHOT,91.16
tv_2019wimF,tv_2019wimF:0201,201,8,8,federer,federer,surname,,,subject,nsubj,OTHER,3,,36.84,93.16,34.84,True,OTHER,34.84
tv_2019wimF,tv_2019wimF:0202,202,0,0,djokovic,novak,first_name,,,subject,nsubj,JUDGE,2,,14.88,36.84,12.28,True,JUDGE,12.28
tv_2019wimF,tv_2019wimF:0206,206,22,22,djokovic,djokovic,surname,,,after_preposition,pobj,OTHER,3,,12.08,24.16,7.56,True,OTHER,7.56
tv_2019wimF,tv_2019wimF:0208,208,12,10,djokovic,djokovic,surname,,,after_preposition,pobj,SHOT,3,,770.32,32.52,768.24,True,SHOT,768.24
tv_2019wimF,tv_2019wimF:0209,209,2,2,federer,roger federer,full_name,,,subject,nsubj,OTHER,5,,18.6,770.32,16.56,True,OTHER,16.56
tv_2019wimF,tv_2019wimF:0209,209,18,17,federer,the great swiss,epithet,epithet_nationality,hand verdict (Phase 2),after_preposition,pobj,OTHER,3,,18.6,770.32,16.56,True,JUDGE,16.56
tv_2019wimF,tv_2019wimF:0209,209,138,119,djokovic,djokovic,surname,,,after_preposition,appos,SCORE,3,,18.6,770.32,16.56,True,SCORE,16.56
tv_2019wimF,tv_2019wimF:0215,215,0,0,djokovic,djokovic,surname,,,subject,nsubj,OFFICIAL,3,,46.68,17.68,44.68,True,OFFICIAL,44.68
tv_2019wimF,tv_2019wimF:0215,215,17,12,federer,federer,surname,,,after_preposition,pobj,STAT,3,,46.68,17.68,44.68,True,STAT,44.68
tv_2019wimF,tv_2019wimF:0215,215,97,83,federer,federer,surname,,,object,dobj,OTHER,3,,46.68,17.68,44.68,True,OTHER,44.68
tv_2019wimF,tv_2019wimF:0226,226,11,11,federer,roger federer,full_name,,,after_preposition,pobj,CROWD,5,,25.08,21.52,24.2,True,CROWD,24.2
tv_2019wimF,tv_2019wimF:0227,227,43,36,djokovic,djokovic,surname,,,vocative_exclamation,ROOT,SCORE,3,game_name,19.4,25.08,17.36,True,SCORE,17.36
tv_2019wimF,tv_2019wimF:0227,227,55,46,djokovic,djokovic,surname,,,subject,nsubj,SCORE,3,leads_games,19.4,25.08,17.36,True,SCORE,17.36
tv_2019wimF,tv_2019wimF:0227,227,164,138,federer,roger federer,full_name,,,object,dobj,OTHER,5,,19.4,25.08,17.36,True,OTHER,17.36
tv_2019wimF,tv_2019wimF:0227,227,195,166,djokovic,novak,first_name,,,after_preposition,pobj,OTHER,2,,19.4,25.08,17.36,True,OTHER,17.36
tv_2019wimF,tv_2019wimF:0227,227,216,187,federer,roger,first_name,,,after_preposition,pobj,JUDGE,2,,19.4,25.08,17.36,True,JUDGE,17.36
tv_2019wimF,tv_2019wimF:0231,231,3,3,federer,federer,surname,,,subject,nsubj,OTHER,3,,15.32,17.52,11.24,True,OTHER,11.24
tv_2019wimF,tv_2019wimF:0231,231,13,11,djokovic,novak,first_name,,,subject,nsubj,OTHER,2,,15.32,17.52,11.24,True,OTHER,11.24
tv_2019wimF,tv_2019wimF:0237,237,4,4,djokovic,djokovic,surname,,,possessive,poss,OTHER,3,,23.88,21.84,23,True,OTHER,23
tv_2019wimF,tv_2019wimF:0242,242,11,10,djokovic,djokovic,surname,,,after_preposition,pobj,SHOT,3,,28.64,12.76,26.8,True,SHOT,26.8
tv_2019wimF,tv_2019wimF:0242,242,17,15,djokovic,djokovic,surname,,,subject,nsubj,JUDGE,3,,28.64,12.76,26.8,True,JUDGE,26.8
tv_2019wimF,tv_2019wimF:0246,246,16,11,djokovic,novak,first_name,,,object,dobj,OFFICIAL,2,,13,54.4,11.04,True,OFFICIAL,11.04
tv_2019wimF,tv_2019wimF:0247,247,11,11,djokovic,djokovic,surname,,,after_preposition,pobj,OTHER,3,,100.6,13,98.64,True,OTHER,98.64
tv_2019wimF,tv_2019wimF:0247,247,21,21,federer,federer,surname,,,after_preposition,pobj,JUDGE,3,,100.6,13,98.64,True,JUDGE,98.64
tv_2019wimF,tv_2019wimF:0247,247,53,53,federer,federer,surname,,,possessive,poss,OTHER,3,,100.6,13,98.64,True,OTHER,98.64
tv_2019wimF,tv_2019wimF:0248,248,10,10,djokovic,the number one seed,epithet,epithet_descriptive,hand verdict (Phase 2),object,attr,STAT,5,,17.72,100.6,15.76,True,STAT,15.76
tv_2019wimF,tv_2019wimF:0248,248,15,14,djokovic,the world number one,epithet,epithet_descriptive,hand verdict (Phase 2),object,appos,STAT,5,,17.72,100.6,15.76,True,STAT,15.76
tv_2019wimF,tv_2019wimF:0248,248,20,18,djokovic,the defending champion,epithet,epithet_descriptive,hand verdict (Phase 2),object,appos,STAT,7,,17.72,100.6,15.76,True,SHOT,15.76
tv_2019wimF,tv_2019wimF:0248,248,50,43,djokovic,novak,first_name,,,vocative_exclamation,ROOT,OTHER,2,,17.72,100.6,15.76,True,OTHER,15.76
tv_2019wimF,tv_2019wimF:0256,256,0,0,federer,federer,surname,,,subject,nsubjpass,OTHER,3,,34.52,18.16,33.24,True,OTHER,33.24
tv_2019wimF,tv_2019wimF:0261,261,6,6,djokovic,novak djokovic,full_name,,,subject,nsubj,OTHER,5,,13.04,95.84,11.08,True,OTHER,11.08
tv_2019wimF,tv_2019wimF:0261,261,17,16,federer,roger,first_name,,,vocative_exclamation,npadvmod,OTHER,2,,13.04,95.84,11.08,True,OTHER,11.08
tv_2019wimF,tv_2019wimF:0263,263,2,2,federer,mr federer,title_surname,,,subject,nsubj,OFFICIAL,5,title_surname,19.12,41.16,17.16,True,OFFICIAL,17.16
tv_2019wimF,tv_2019wimF:0266,266,17,16,djokovic,djokovic,surname,,,vocative_exclamation,ROOT,SCORE,3,,23.36,23,21.32,True,SCORE,21.32
tv_2019wimF,tv_2019wimF:0269,269,9,9,federer,federer,surname,,,other,compound,OTHER,3,,23.76,34.2,21.4,True,OTHER,21.4
tv_2019wimF,tv_2019wimF:0270,270,6,5,djokovic,djokovic,surname,,,subject,nsubj,OTHER,3,,78.52,23.76,77.56,True,OTHER,77.56
tv_2019wimF,tv_2019wimF:0270,270,9,8,federer,federer,surname,,,other,compound,OTHER,3,,78.52,23.76,77.56,True,OTHER,77.56
tv_2019wimF,tv_2019wimF:0270,270,41,38,djokovic,djokovic,surname,,,subject,nsubj,OTHER,3,,78.52,23.76,77.56,True,OTHER,77.56
tv_2019wimF,tv_2019wimF:0270,270,61,55,federer,federer,surname,,,subject,nsubj,JUDGE,3,,78.52,23.76,77.56,True,JUDGE,77.56
tv_2019wimF,tv_2019wimF:0270,270,79,71,djokovic,novak,first_name,,,object,attr,OTHER,2,,78.52,23.76,77.56,True,OTHER,77.56
tv_2019wimF,tv_2019wimF:0275,275,9,9,federer,roger,first_name,,,after_preposition,pobj,STAT,2,,95.48,26.68,93.44,True,STAT,93.44
tv_2019wimF,tv_2019wimF:0275,275,38,33,djokovic,novak,first_name,,,after_preposition,pobj,OTHER,2,,95.48,26.68,93.44,True,OTHER,93.44
tv_2019wimF,tv_2019wimF:0275,275,79,67,federer,federer,surname,,,other,compound,OTHER,3,,95.48,26.68,93.44,True,OTHER,93.44
tv_2019wimF,tv_2019wimF:0275,275,102,87,federer,federer,surname,,,subject,nsubj,OTHER,3,,95.48,26.68,93.44,True,OTHER,93.44
tv_2019wimF,tv_2019wimF:0276,276,11,10,federer,roger,first_name,,,subject,nsubj,OTHER,2,,70.84,95.48,69.36,True,OTHER,69.36
tv_2019wimF,tv_2019wimF:0278,278,38,35,djokovic,novak,first_name,,,subject,nsubj,SHOT,2,,19.96,303.2,17.28,True,SHOT,17.28
tv_2019wimF,tv_2019wimF:0282,282,4,3,federer,federer,surname,,,vocative_exclamation,npadvmod,SHOT,3,,32.88,13.36,30.92,True,SHOT,30.92
tv_2019wimF,tv_2019wimF:0284,284,1,1,djokovic,djokovic,surname,,,vocative_exclamation,ROOT,SCORE,3,game_name,44.76,10.84,42.8,True,SCORE,42.8
tv_2019wimF,tv_2019wimF:0284,284,6,5,djokovic,the serbian,epithet,epithet_nationality,hand verdict (Phase 2),after_preposition,pobj,SCORE,4,,44.76,10.84,42.8,True,SCORE,42.8
tv_2019wimF,tv_2019wimF:0284,284,22,17,djokovic,djokovic,surname,,,subject,nsubj,STAT,3,,44.76,10.84,42.8,True,STAT,42.8
tv_2019wimF,tv_2019wimF:0284,284,41,34,federer,roger federer,full_name,,,subject,nsubj,OTHER,5,,44.76,10.84,42.8,True,OTHER,42.8
tv_2019wimF,tv_2019wimF:0294,294,4,2,djokovic,novak,first_name,,,vocative_exclamation,ROOT,SCORE,2,,24.76,23.52,22.84,True,SCORE,22.84
tv_2019wimF,tv_2019wimF:0294,294,21,17,federer,federer,surname,,,subject,nsubj,SCORE,3,,24.76,23.52,22.84,True,SCORE,22.84
tv_2019wimF,tv_2019wimF:0297,297,0,0,djokovic,djokovic,surname,,,subject,nsubj,JUDGE,3,,33.16,28.24,31.12,True,JUDGE,31.12
tv_2019wimF,tv_2019wimF:0298,298,9,8,djokovic,djokovic,surname,,,after_preposition,pobj,STAT,3,,23.68,33.16,22.36,True,STAT,22.36
tv_2019wimF,tv_2019wimF:0298,298,17,14,federer,federer,surname,,,vocative_exclamation,ROOT,STAT,3,,23.68,33.16,22.36,True,STAT,22.36
tv_2019wimF,tv_2019wimF:0300,300,0,0,federer,federer,surname,,,subject,nsubj,OTHER,3,,32.88,11.8,30.84,True,OTHER,30.84
tv_2019wimF,tv_2019wimF:0300,300,24,21,federer,federer,surname,,,object,dobj,JUDGE,3,,32.88,11.8,30.84,True,JUDGE,30.84
tv_2019wimF,tv_2019wimF:0306,306,8,8,federer,federer,surname,,,possessive,poss,OTHER,3,,26.48,35.6,23.96,True,OTHER,23.96
tv_2019wimF,tv_2019wimF:0306,306,21,18,djokovic,djokovic,surname,,,after_preposition,pobj,SHOT,3,,26.48,35.6,23.96,True,SHOT,23.96
tv_2019wimF,tv_2019wimF:0310,310,20,20,federer,federer,surname,,,object,dative,OTHER,3,,25.2,10.32,23.2,True,OTHER,23.2
tv_2019wimF,tv_2019wimF:0314,314,21,21,djokovic,djokovic,surname,,,after_preposition,pobj,OTHER,3,,20.48,24.76,18.52,True,OTHER,18.52
tv_2019wimF,tv_2019wimF:0319,319,7,5,djokovic,novak djokovic,full_name,,,vocative_exclamation,ROOT,JUDGE,5,,32.32,31.8,30.36,True,JUDGE,30.36
tv_2019wimF,tv_2019wimF:0319,319,36,30,federer,federer,surname,,,other,compound,SCORE,3,,32.32,31.8,30.36,True,SCORE,30.36
tv_2019wimF,tv_2019wimF:0321,321,1,1,djokovic,djokovic,surname,,,vocative_exclamation,ROOT,OTHER,3,,91.16,25.2,88.04,True,OTHER,88.04
tv_2019wimF,tv_2019wimF:0321,321,9,7,djokovic,djokovic,surname,,,object,dative,OTHER,3,,91.16,25.2,88.04,True,OTHER,88.04
tv_2019wimF,tv_2019wimF:0321,321,26,19,djokovic,djokovic,surname,,,subject,nsubj,SCORE,3,leads_games,91.16,25.2,88.04,True,SCORE,88.04
tv_2019wimF,tv_2019wimF:0326,326,4,2,federer,federer,surname,,,other,compound,SCORE,3,,21.96,23.4,20,True,SCORE,20
tv_2019wimF,tv_2019wimF:0328,328,7,7,federer,federer,surname,,,subject,nsubj,OTHER,3,,21.6,8.96,18.84,True,OTHER,18.84
tv_2019wimF,tv_2019wimF:0328,328,31,29,djokovic,the world number one,epithet,epithet_descriptive,hand verdict (Phase 2),after_preposition,pobj,SCORE,5,,21.6,8.96,18.84,True,STAT,18.84
tv_2019wimF,tv_2019wimF:0332,332,0,0,federer,federer,surname,,,subject,nsubj,OTHER,3,,46.68,10.08,44.68,True,OTHER,44.68
tv_2019wimF,tv_2019wimF:0332,332,8,8,djokovic,djokovic,surname,,,subject,nsubj,SHOT,3,,46.68,10.08,44.68,True,SHOT,44.68
tv_2019wimF,tv_2019wimF:0332,332,16,16,djokovic,djokovic,surname,,,after_preposition,pobj,SHOT,3,,46.68,10.08,44.68,True,SHOT,44.68
tv_2019wimF,tv_2019wimF:0332,332,22,22,federer,federer,surname,,,other,dep,SHOT,3,,46.68,10.08,44.68,True,SHOT,44.68
tv_2019wimF,tv_2019wimF:0332,332,35,35,djokovic,djokovic,surname,,,subject,nsubj,SHOT,3,,46.68,10.08,44.68,True,SHOT,44.68
tv_2019wimF,tv_2019wimF:0332,332,63,62,djokovic,nole,hypocoristic,,,subject,nsubj,OTHER,1,,46.68,10.08,44.68,True,OTHER,44.68
tv_2019wimF,tv_2019wimF:0342,342,5,5,djokovic,novak,first_name,,,after_preposition,pobj,SHOT,2,,15.36,31.76,10.04,True,SHOT,10.04
tv_2019wimF,tv_2019wimF:0345,345,37,32,federer,roger federer,full_name,,,after_preposition,pobj,JUDGE,5,,105.04,14.68,101.92,True,JUDGE,101.92
tv_2019wimF,tv_2019wimF:0345,345,46,40,djokovic,novak djokovic,full_name,,,subject,nsubj,JUDGE,5,,105.04,14.68,101.92,True,JUDGE,101.92
tv_2019wimF,tv_2019wimF:0345,345,134,113,djokovic,novak djokovic,full_name,,,other,compound,CROWD,5,,105.04,14.68,101.92,True,CROWD,101.92
tv_2019wimF,tv_2019wimF:0350,350,9,9,federer,federer,surname,,,other,compound,JUDGE,3,,26.76,25.72,24.76,True,JUDGE,24.76
tv_2019wimF,tv_2019wimF:0350,350,10,10,djokovic,djokovic,surname,,,after_preposition,pobj,OTHER,3,,26.76,25.72,24.76,True,OTHER,24.76
tv_2019wimF,tv_2019wimF:0354,354,17,17,federer,federer,surname,,,subject,nsubj,JUDGE,3,,27,33.36,25.08,True,JUDGE,25.08
tv_2019wimF,tv_2019wimF:0354,354,21,21,djokovic,novak,first_name,,,subject,nsubj,JUDGE,2,,27,33.36,25.08,True,JUDGE,25.08
tv_2019wimF,tv_2019wimF:0356,356,24,24,federer,federer,surname,,,other,conj,OTHER,3,,29.28,15.96,27.32,True,OTHER,27.32
tv_2019wimF,tv_2019wimF:0356,356,38,38,djokovic,novak djokovic,full_name,,,after_preposition,pobj,OTHER,5,,29.28,15.96,27.32,True,OTHER,27.32
tv_2019wimF,tv_2019wimF:0359,359,2,2,djokovic,novak djokovic,full_name,,,object,dobj,SCORE,5,,92.6,55.8,90.6,True,SCORE,90.6
tv_2019wimF,tv_2019wimF:0359,359,7,7,djokovic,djokovic,surname,,,subject,nsubj,SCORE,3,leads_games,92.6,55.8,90.6,True,SCORE,90.6
tv_2019wimF,tv_2019wimF:0359,359,22,22,federer,roger federer,full_name,,,after_preposition,pobj,OTHER,5,,92.6,55.8,90.6,True,OTHER,90.6
tv_2019wimF,tv_2019wimF:0359,359,33,33,djokovic,novak djokovic,full_name,,,after_preposition,pobj,STAT,5,,92.6,55.8,90.6,True,STAT,90.6
tv_2019wimF,tv_2019wimF:0359,359,69,69,federer,federer,surname,,,subject,nsubj,OTHER,3,,92.6,55.8,90.6,True,OTHER,90.6
tv_2019wimF,tv_2019wimF:0359,359,96,96,federer,federer,surname,,,subject,nsubj,OTHER,3,,92.6,55.8,90.6,True,OTHER,90.6
tv_2019wimF,tv_2019wimF:0359,359,122,120,djokovic,djokovic,surname,,,possessive,poss,OTHER,3,,92.6,55.8,90.6,True,OTHER,90.6
tv_2019wimF,tv_2019wimF:0359,359,186,171,djokovic,djokovic,surname,,,subject,nsubj,JUDGE,3,,92.6,55.8,90.6,True,JUDGE,90.6
tv_2019wimF,tv_2019wimF:0360,360,5,5,federer,federer,surname,,,after_preposition,pobj,OFFICIAL,3,,21.24,92.6,19.32,True,OFFICIAL,19.32
tv_2019wimF,tv_2019wimF:0361,361,15,14,federer,roger,first_name,,,after_preposition,pobj,OTHER,2,,23.36,21.24,21.4,True,OTHER,21.4
tv_2019wimF,tv_2019wimF:0364,364,34,28,djokovic,djokovic,surname,,,vocative_exclamation,ROOT,JUDGE,3,,22.08,9.08,20.08,True,JUDGE,20.08
tv_2019wimF,tv_2019wimF:0368,368,5,5,djokovic,djokovic,surname,,,other,compound,SHOT,3,,24.12,39.28,21.84,True,SHOT,21.84
tv_2019wimF,tv_2019wimF:0372,372,7,6,djokovic,novak djokovic,full_name,,,subject,nsubj,OTHER,5,,42.88,11.6,40.92,True,OTHER,40.92
tv_2019wimF,tv_2019wimF:0373,373,74,70,federer,federer,surname,,,subject,nsubj,SHOT,3,,25.2,42.88,23.24,True,SHOT,23.24
tv_2019wimF,tv_2019wimF:0373,373,216,186,djokovic,djokovic,surname,,,other,compound,OTHER,3,,25.2,42.88,23.24,True,OTHER,23.24
tv_2019wimF,tv_2019wimF:0378,378,7,7,djokovic,djokovic,surname,,,other,compound,SHOT,3,,19.96,8.36,18,True,SHOT,18
tv_2019wimF,tv_2019wimF:0382,382,13,11,federer,mr federer,title_surname,,,subject,nsubj,OFFICIAL,5,title_surname,25.08,24.48,23.04,True,OFFICIAL,23.04
tv_2019wimF,tv_2019wimF:0382,382,49,41,djokovic,novak djokovic,full_name,,,possessive,poss,SHOT,5,,25.08,24.48,23.04,True,SHOT,23.04
tv_2019wimF,tv_2019wimF:0393,393,7,7,federer,federer,surname,,,after_preposition,pobj,JUDGE,3,,31.12,12.68,29.12,True,JUDGE,29.12
tv_2019wimF,tv_2019wimF:0393,393,9,9,djokovic,djokovic,surname,,,after_preposition,pobj,SHOT,3,,31.12,12.68,29.12,True,SHOT,29.12
tv_2019wimF,tv_2019wimF:0393,393,21,20,federer,federer,surname,,,after_preposition,pobj,OTHER,3,,31.12,12.68,29.12,True,OTHER,29.12
tv_2019wimF,tv_2019wimF:0393,393,23,21,djokovic,djokovic,surname,,,subject,nsubj,OTHER,3,,31.12,12.68,29.12,True,OTHER,29.12
tv_2019wimF,tv_2019wimF:0393,393,36,33,federer,the swiss,epithet,epithet_nationality,hand verdict (Phase 2),after_preposition,pobj,OTHER,2,,31.12,12.68,29.12,True,OTHER,29.12
tv_2019wimF,tv_2019wimF:0394,394,9,7,djokovic,djokovic,surname,,,vocative_exclamation,ROOT,STAT,3,,93.4,31.12,90.92,True,STAT,90.92
tv_2019wimF,tv_2019wimF:0399,399,4,3,djokovic,novak,first_name,,,vocative_exclamation,ROOT,OTHER,2,,17.8,9.6,15.84,True,OTHER,15.84
tv_2019wimF,tv_2019wimF:0403,403,21,18,federer,federer,surname,,,subject,nsubj,SHOT,3,,24.68,12.72,22.72,True,SHOT,22.72
tv_2019wimF,tv_2019wimF:0407,407,0,0,federer,federer,surname,,,subject,nsubj,JUDGE,3,,31.68,34.16,29.68,True,JUDGE,29.68
tv_2019wimF,tv_2019wimF:0407,407,22,22,djokovic,djokovic,surname,,,after_preposition,pobj,SHOT,3,,31.68,34.16,29.68,True,SHOT,29.68
tv_2019wimF,tv_2019wimF:0409,409,59,46,federer,mr federer,title_surname,,,subject,nsubj,OFFICIAL,5,title_surname,28.88,91.64,26.84,True,OFFICIAL,26.84
tv_2019wimF,tv_2019wimF:0412,412,1,1,federer,federer,surname,,,possessive,poss,SHOT,3,,22.44,26.28,20.48,True,SHOT,20.48
tv_2019wimF,tv_2019wimF:0416,416,3,3,federer,federer,surname,,,subject,nsubj,OTHER,3,,24.64,20.92,22.6,True,OTHER,22.6
tv_2019wimF,tv_2019wimF:0416,416,5,5,djokovic,djokovic,surname,,,object,dobj,OTHER,3,,24.64,20.92,22.6,True,OTHER,22.6
tv_2019wimF,tv_2019wimF:0416,416,15,14,djokovic,djokovic,surname,,,subject,nsubj,SCORE,3,game_name,24.64,20.92,22.6,True,SCORE,22.6
tv_2019wimF,tv_2019wimF:0416,416,17,16,federer,federer,surname,,,object,dobj,SCORE,3,,24.64,20.92,22.6,True,SCORE,22.6
tv_2019wimF,tv_2019wimF:0419,419,10,8,djokovic,djokovic,surname,,,after_preposition,pobj,OTHER,3,,42.12,24.6,40.12,True,OTHER,40.12
tv_2019wimF,tv_2019wimF:0419,419,30,24,federer,federer,surname,,,subject,nsubj,SCORE,3,,42.12,24.6,40.12,True,SCORE,40.12
tv_2019wimF,tv_2019wimF:0419,419,37,29,djokovic,djokovic,surname,,,subject,nsubj,SCORE,3,,42.12,24.6,40.12,True,SCORE,40.12
tv_2019wimF,tv_2019wimF:0419,419,61,49,djokovic,djokovic,surname,,,after_preposition,pobj,STAT,3,,42.12,24.6,40.12,True,STAT,40.12
tv_2019wimF,tv_2019wimF:0420,420,4,4,djokovic,djokovic,surname,,,after_preposition,pobj,SHOT,3,,26.88,42.12,24.88,True,SHOT,24.88
tv_2019wimF,tv_2019wimF:0425,425,6,3,djokovic,djokovic,surname,,,vocative_exclamation,ROOT,SCORE,3,game_name,36.44,14.6,33.96,True,SCORE,33.96
tv_2019wimF,tv_2019wimF:0426,426,0,0,djokovic,djokovic,surname,,,subject,nsubj,OTHER,3,,94.96,36.44,93.64,True,OTHER,93.64
tv_2019wimF,tv_2019wimF:0426,426,39,36,federer,federer,surname,,,after_preposition,pobj,SCORE,3,,94.96,36.44,93.64,True,SCORE,93.64
tv_2019wimF,tv_2019wimF:0426,426,77,72,djokovic,djokovic,surname,,,subject,nsubj,SHOT,3,,94.96,36.44,93.64,True,SHOT,93.64
tv_2019wimF,tv_2019wimF:0426,426,89,84,federer,federer,surname,,,after_preposition,pobj,OTHER,3,,94.96,36.44,93.64,True,OTHER,93.64
tv_2019wimF,tv_2019wimF:0426,426,99,94,federer,federer,surname,,,subject,nsubj,JUDGE,3,,94.96,36.44,93.64,True,JUDGE,93.64
tv_2019wimF,tv_2019wimF:0426,426,115,110,djokovic,djokovic,surname,,,after_preposition,conj,SHOT,3,,94.96,36.44,93.64,True,SHOT,93.64
tv_2019wimF,tv_2019wimF:0426,426,173,163,federer,federer,surname,,,after_preposition,pobj,SCORE,3,,94.96,36.44,93.64,True,SCORE,93.64
tv_2019wimF,tv_2019wimF:0426,426,176,166,djokovic,djokovic,surname,,,after_preposition,pobj,OFFICIAL,3,,94.96,36.44,93.64,True,OFFICIAL,93.64
tv_2019wimF,tv_2019wimF:0427,427,3,2,federer,federer,surname,,,subject,nsubj,SCORE,3,,17.52,94.96,15.6,True,SCORE,15.6
tv_2019wimF,tv_2019wimF:0428,428,3,3,federer,federer,surname,,,after_preposition,pobj,OTHER,3,,22.8,17.52,20.92,True,OTHER,20.92
tv_2019wimF,tv_2019wimF:0428,428,7,7,djokovic,djokovic,surname,,,subject,nsubj,SHOT,3,,22.8,17.52,20.92,True,SHOT,20.92
tv_2019wimF,tv_2019wimF:0432,432,3,3,djokovic,djokovic,surname,,,subject,nsubj,JUDGE,3,,20.24,8.6,18.28,True,JUDGE,18.28
tv_2019wimF,tv_2019wimF:0432,432,97,95,federer,federer,surname,,,after_preposition,pobj,JUDGE,3,,20.24,8.6,18.28,True,JUDGE,18.28
tv_2019wimF,tv_2019wimF:0432,432,102,99,djokovic,djokovic,surname,,,after_preposition,pobj,OFFICIAL,3,,20.24,8.6,18.28,True,OFFICIAL,18.28
tv_2019wimF,tv_2019wimF:0437,437,6,5,djokovic,djokovic,surname,,,after_preposition,pobj,SCORE,3,,29.56,21.72,27.52,True,SCORE,27.52
tv_2019wimF,tv_2019wimF:0437,437,25,22,djokovic,the younger man,epithet,epithet_descriptive,hand verdict (Phase 2),object,attr,OTHER,4,,29.56,21.72,27.52,True,OTHER,27.52
tv_2019wimF,tv_2019wimF:0444,444,8,8,federer,federer,surname,,,subject,nsubj,STAT,3,,39.08,23.88,37.08,True,STAT,37.08
tv_2019wimF,tv_2019wimF:0444,444,33,27,federer,the older man,epithet,epithet_descriptive,hand verdict (Phase 2),subject,conj,OTHER,4,,39.08,23.88,37.08,True,OTHER,37.08
tv_2019wimF,tv_2019wimF:0449,449,1,1,djokovic,djokovic,surname,,,subject,nsubj,SHOT,3,,26.72,13.08,23.84,True,SHOT,23.84
tv_2019wimF,tv_2019wimF:0452,452,2,1,djokovic,djokovic,surname,,,vocative_exclamation,appos,SCORE,3,game_name,89.36,25.52,87.4,True,SCORE,87.4
tv_2019wimF,tv_2019wimF:0460,460,10,10,djokovic,novak djokovic,full_name,,,subject,nsubj,SHOT,5,,20.88,60.48,18.96,True,SHOT,18.96
tv_2019wimF,tv_2019wimF:0464,464,12,8,djokovic,djokovic,surname,,,subject,nsubj,SCORE,3,,29.16,22.72,27.2,True,SCORE,27.2
tv_2019wimF,tv_2019wimF:0466,466,9,7,federer,mr federer,title_surname,,,subject,nsubj,OFFICIAL,5,title_surname,84.76,36.6,84.16,True,OFFICIAL,84.16
tv_2019wimF,tv_2019wimF:0466,466,23,18,federer,federer,surname,,,subject,nsubj,OFFICIAL,3,challenging,84.76,36.6,84.16,True,OFFICIAL,84.16
tv_2019wimF,tv_2019wimF:0466,466,46,33,djokovic,djokovic,surname,,,subject,nsubj,OTHER,3,,84.76,36.6,84.16,True,OTHER,84.16
tv_2019wimF,tv_2019wimF:0466,466,80,63,federer,federer,surname,,,vocative_exclamation,ROOT,SCORE,3,advantage_name,84.76,36.6,84.16,True,SCORE,84.16
tv_2019wimF,tv_2019wimF:0466,466,83,65,federer,federer,surname,,,vocative_exclamation,ROOT,SCORE,3,advantage_name,84.76,36.6,84.16,True,SCORE,84.16
tv_2019wimF,tv_2019wimF:0467,467,4,4,djokovic,djokovic,surname,,,after_preposition,pobj,OTHER,3,,29.56,84.76,27.56,True,OTHER,27.56
tv_2019wimF,tv_2019wimF:0467,467,10,9,federer,federer,surname,,,subject,nsubj,OTHER,3,,29.56,84.76,27.56,True,OTHER,27.56
tv_2019wimF,tv_2019wimF:0467,467,17,16,djokovic,djokovic,surname,,,object,dobj,OTHER,3,,29.56,84.76,27.56,True,OTHER,27.56
tv_2019wimF,tv_2019wimF:0468,468,8,8,djokovic,djokovic,surname,,,after_preposition,pobj,SHOT,3,,25.32,29.56,23.4,True,SHOT,23.4
tv_2019wimF,tv_2019wimF:0469,469,2,1,djokovic,djokovic,surname,,,possessive,poss,JUDGE,3,,37.12,25.32,35.12,True,JUDGE,35.12
tv_2019wimF,tv_2019wimF:0469,469,11,9,federer,the great swiss,epithet,epithet_nationality,hand verdict (Phase 2),after_preposition,pobj,OTHER,3,,37.12,25.32,35.12,True,JUDGE,35.12
tv_2019wimF,tv_2019wimF:0471,471,0,0,djokovic,mr djokovic,title_surname,,,subject,nsubj,OFFICIAL,5,title_surname,44.68,14.92,43.76,True,OFFICIAL,43.76
tv_2019wimF,tv_2019wimF:0472,472,14,11,federer,federer,surname,,,subject,nsubj,OTHER,3,,33.52,44.68,31.52,True,OTHER,31.52
tv_2019wimF,tv_2019wimF:0472,472,22,18,djokovic,mr djokovic,title_surname,,,subject,nsubj,OFFICIAL,5,title_surname,33.52,44.68,31.52,True,OFFICIAL,31.52
tv_2019wimF,tv_2019wimF:0474,474,22,16,djokovic,djokovic,surname,,,subject,nsubj,SCORE,3,,94.92,31.04,93,True,SCORE,93
tv_2019wimF,tv_2019wimF:0474,474,33,25,djokovic,djokovic,surname,,,subject,nsubj,OTHER,3,leads_games,94.92,31.04,93,True,OTHER,93
tv_2019wimF,tv_2019wimF:0474,474,93,77,federer,federer,surname,,,other,compound,STAT,3,,94.92,31.04,93,True,STAT,93
tv_2019wimF,tv_2019wimF:0474,474,103,87,federer,federer,surname,,,after_preposition,pobj,SHOT,3,,94.92,31.04,93,True,SHOT,93
tv_2019wimF,tv_2019wimF:0474,474,106,90,djokovic,djokovic,surname,,,after_preposition,pobj,SHOT,3,,94.92,31.04,93,True,SHOT,93
tv_2019wimF,tv_2019wimF:0474,474,110,94,djokovic,djokovic,surname,,,object,dobj,SCORE,3,,94.92,31.04,93,True,SCORE,93
tv_2019wimF,tv_2019wimF:0474,474,123,107,federer,federer,surname,,,after_preposition,pobj,OTHER,3,,94.92,31.04,93,True,OTHER,93
tv_2019wimF,tv_2019wimF:0477,477,21,20,federer,federer,surname,,,subject,nsubj,SHOT,3,,18.36,21.28,16.32,True,SHOT,16.32
tv_2019wimF,tv_2019wimF:0480,480,3,2,djokovic,djokovic,surname,,,vocative_exclamation,ROOT,OTHER,3,,,13.24,,True,OTHER,
tv_2019wimF,tv_2019wimF:0480,480,5,3,djokovic,djokovic,surname,,,subject,nsubj,OTHER,3,,,13.24,,True,OTHER,
tv_2023wimF,tv_2023wimF:0002,2,5,5,djokovic,novak djokovic,full_name,,,after_preposition,pobj,SHOT,5,,40.56,37.48,38.56,True,SHOT,38.56
tv_2023wimF,tv_2023wimF:0004,4,7,6,djokovic,novak djokovic,full_name,,,subject,nsubj,SHOT,5,,28.44,15.68,26.44,True,SHOT,26.44
tv_2023wimF,tv_2023wimF:0007,7,1,1,djokovic,djokovic,surname,,,vocative_exclamation,ROOT,SCORE,3,advantage_name,31.36,27.04,29.44,True,SCORE,29.44
tv_2023wimF,tv_2023wimF:0008,8,10,9,djokovic,novak djokovic,full_name,,,subject,nsubj,STAT,5,,74.88,31.36,72.92,True,STAT,72.92
tv_2023wimF,tv_2023wimF:0009,9,2,2,djokovic,djokovic,surname,,,object,attr,STAT,3,,30.32,74.88,28.36,True,STAT,28.36
tv_2023wimF,tv_2023wimF:0009,9,7,6,djokovic,novak djokovic,full_name,,,after_preposition,pobj,STAT,5,,30.32,74.88,28.36,True,STAT,28.36
tv_2023wimF,tv_2023wimF:0010,10,0,0,alcaraz,alcaraz,surname,,,subject,nsubj,SHOT,3,,26.12,30.32,24.08,True,SHOT,24.08
tv_2023wimF,tv_2023wimF:0010,10,12,8,djokovic,djokovic,surname,,,vocative_exclamation,ROOT,SCORE,3,,26.12,30.32,24.08,True,SCORE,24.08
tv_2023wimF,tv_2023wimF:0012,12,12,10,djokovic,novak,first_name,,,object,dobj,OTHER,2,,33.24,23.2,32.44,True,OTHER,32.44
tv_2023wimF,tv_2023wimF:0012,12,39,33,alcaraz,alcaraz,surname,,,after_preposition,pobj,SHOT,3,,33.24,23.2,32.44,True,SHOT,32.44
tv_2023wimF,tv_2023wimF:0012,12,47,40,djokovic,djokovic,surname,,,after_preposition,pobj,OTHER,3,,33.24,23.2,32.44,True,OTHER,32.44
tv_2023wimF,tv_2023wimF:0012,12,58,48,djokovic,djokovic,surname,,,vocative_exclamation,ROOT,OTHER,3,,33.24,23.2,32.44,True,OTHER,32.44
tv_2023wimF,tv_2023wimF:0014,14,6,6,djokovic,djokovic,surname,,,subject,nsubj,CROWD,3,,42.76,27.16,42.36,True,CROWD,42.36
tv_2023wimF,tv_2023wimF:0014,14,25,23,djokovic,djokovic,surname,,,after_preposition,pobj,SHOT,3,,42.76,27.16,42.36,True,SHOT,42.36
tv_2023wimF,tv_2023wimF:0015,15,24,19,alcaraz,alcaraz,surname,,,after_preposition,pobj,OTHER,3,,28.52,42.76,26.52,True,OTHER,26.52
tv_2023wimF,tv_2023wimF:0016,16,14,11,alcaraz,alcaraz,surname,,,after_preposition,pobj,JUDGE,3,,30.44,28.52,28.48,True,JUDGE,28.48
tv_2023wimF,tv_2023wimF:0016,16,41,38,djokovic,djokovic,surname,,,after_preposition,pobj,SHOT,3,,30.44,28.52,28.48,True,SHOT,28.48
tv_2023wimF,tv_2023wimF:0018,18,33,30,djokovic,djokovic,surname,,,object,dobj,OTHER,3,,45.72,12,45.04,True,OTHER,45.04
tv_2023wimF,tv_2023wimF:0018,18,79,71,djokovic,djokovic,surname,,,object,dative,OTHER,3,,45.72,12,45.04,True,OTHER,45.04
tv_2023wimF,tv_2023wimF:0027,27,17,15,djokovic,djokovic,surname,,,subject,nsubj,OTHER,3,,25.48,33.92,22.48,True,OTHER,22.48
tv_2023wimF,tv_2023wimF:0030,30,5,5,djokovic,djokovic,surname,,,subject,nsubj,JUDGE,3,,30.04,32.44,28.08,True,JUDGE,28.08
tv_2023wimF,tv_2023wimF:0030,30,36,32,djokovic,novak,first_name,,,object,dobj,JUDGE,2,,30.04,32.44,28.08,True,JUDGE,28.08
tv_2023wimF,tv_2023wimF:0033,33,11,8,djokovic,novak djokovic,full_name,,,subject,nsubj,OFFICIAL,5,challenges_remaining,52.56,26.6,50.12,True,OFFICIAL,50.12
tv_2023wimF,tv_2023wimF:0034,34,6,5,djokovic,djokovic,surname,,,vocative_exclamation,ROOT,SHOT,3,,28.88,52.56,26.4,True,SHOT,26.4
tv_2023wimF,tv_2023wimF:0034,34,11,9,alcaraz,alcaraz,surname,,,after_preposition,pobj,SHOT,3,,28.88,52.56,26.4,True,SHOT,26.4
tv_2023wimF,tv_2023wimF:0034,34,49,42,alcaraz,alcaraz,surname,,,after_preposition,pobj,OTHER,3,,28.88,52.56,26.4,True,OTHER,26.4
tv_2023wimF,tv_2023wimF:0036,36,8,7,alcaraz,alcaraz,surname,,,after_preposition,pobj,OTHER,3,,41,12.36,40.32,True,OTHER,40.32
tv_2023wimF,tv_2023wimF:0036,36,10,9,djokovic,djokovic,surname,,,after_preposition,pobj,OTHER,3,,41,12.36,40.32,True,OTHER,40.32
tv_2023wimF,tv_2023wimF:0036,36,40,39,alcaraz,alcaraz,surname,,,subject,nsubj,STAT,3,,41,12.36,40.32,True,STAT,40.32
tv_2023wimF,tv_2023wimF:0036,36,42,41,alcaraz,the world number one,epithet,epithet_descriptive,hand verdict (Phase 2),object,attr,OTHER,5,,41,12.36,40.32,True,STAT,40.32
tv_2023wimF,tv_2023wimF:0036,36,46,45,djokovic,djokovic,surname,,,object,appos,STAT,3,,41,12.36,40.32,True,STAT,40.32
tv_2023wimF,tv_2023wimF:0036,36,82,79,alcaraz,alcaraz,surname,,,subject,nsubj,OTHER,3,,41,12.36,40.32,True,OTHER,40.32
tv_2023wimF,tv_2023wimF:0037,37,14,12,alcaraz,alcaraz,surname,,,subject,nsubj,JUDGE,3,,21.76,41,18.04,True,JUDGE,18.04
tv_2023wimF,tv_2023wimF:0037,37,26,22,djokovic,novak,first_name,,,subject,nsubj,OTHER,2,,21.76,41,18.04,True,OTHER,18.04
tv_2023wimF,tv_2023wimF:0037,37,60,55,alcaraz,alcaraz,surname,,,after_preposition,pobj,SHOT,3,,21.76,41,18.04,True,SHOT,18.04
tv_2023wimF,tv_2023wimF:0040,40,9,9,alcaraz,alcaraz,surname,,,subject,nsubj,OTHER,3,,30.12,31.64,29.64,True,OTHER,29.64
tv_2023wimF,tv_2023wimF:0041,41,0,0,djokovic,djokovic,surname,,,subject,nsubj,SCORE,3,leads_games,35.36,30.12,33.4,True,SCORE,33.4
tv_2023wimF,tv_2023wimF:0041,41,26,23,alcaraz,alcaraz,surname,,,after_preposition,pobj,JUDGE,3,,35.36,30.12,33.4,True,JUDGE,33.4
tv_2023wimF,tv_2023wimF:0044,44,26,25,alcaraz,carlos,first_name,,,subject,nsubj,JUDGE,2,,11.44,20.96,9.48,True,JUDGE,9.48
tv_2023wimF,tv_2023wimF:0046,46,0,0,djokovic,novak,first_name,,,subject,nsubj,JUDGE,2,,11.76,24.88,4.32,True,JUDGE,4.32
tv_2023wimF,tv_2023wimF:0050,50,5,5,alcaraz,alcaraz,surname,,,after_preposition,pobj,CROWD,3,,31.76,48.08,29.76,True,CROWD,29.76
tv_2023wimF,tv_2023wimF:0050,50,16,15,djokovic,djokovic,surname,,,after_preposition,pobj,OTHER,3,,31.76,48.08,29.76,True,OTHER,29.76
tv_2023wimF,tv_2023wimF:0055,55,6,6,alcaraz,alcaraz,surname,,,after_preposition,pobj,OTHER,3,,62.92,18.36,61,True,OTHER,61
tv_2023wimF,tv_2023wimF:0055,55,33,30,djokovic,djokovic,surname,,,after_preposition,pobj,CROWD,3,,62.92,18.36,61,True,CROWD,61
tv_2023wimF,tv_2023wimF:0056,56,5,5,alcaraz,alcaraz,surname,,,after_preposition,pobj,OTHER,3,,28.44,62.92,25.2,True,OTHER,25.2
tv_2023wimF,tv_2023wimF:0058,58,6,5,alcaraz,alcaraz,surname,,,after_preposition,pobj,SCORE,3,,60.6,25.44,58.68,True,SCORE,58.68
tv_2023wimF,tv_2023wimF:0058,58,30,23,alcaraz,carlos,first_name,,,subject,nsubj,JUDGE,2,,60.6,25.44,58.68,True,JUDGE,58.68
tv_2023wimF,tv_2023wimF:0058,58,39,31,djokovic,djokovic,surname,,,after_preposition,pobj,SHOT,3,,60.6,25.44,58.68,True,SHOT,58.68
tv_2023wimF,tv_2023wimF:0058,58,57,47,alcaraz,alcaraz,surname,,,object,dobj,JUDGE,3,,60.6,25.44,58.68,True,JUDGE,58.68
tv_2023wimF,tv_2023wimF:0058,58,65,53,djokovic,djokovic,surname,,,after_preposition,pobj,JUDGE,3,,60.6,25.44,58.68,True,JUDGE,58.68
tv_2023wimF,tv_2023wimF:0058,58,98,82,alcaraz,alcaraz,surname,,,after_preposition,pobj,OTHER,3,,60.6,25.44,58.68,True,OTHER,58.68
tv_2023wimF,tv_2023wimF:0062,62,47,46,djokovic,djokovic,surname,,,after_preposition,pobj,SHOT,3,,34.28,15.16,32.36,True,SHOT,32.36
tv_2023wimF,tv_2023wimF:0062,62,65,63,alcaraz,the young spaniard,epithet,epithet_nationality,hand verdict (Phase 2),object,attr,OTHER,4,,34.28,15.16,32.36,True,OTHER,32.36
tv_2023wimF,tv_2023wimF:0062,62,69,66,djokovic,djokovic,surname,,,subject,nsubj,OTHER,3,,34.28,15.16,32.36,True,OTHER,32.36
tv_2023wimF,tv_2023wimF:0065,65,22,18,djokovic,djokovic,surname,,,subject,nsubj,OTHER,3,,34.88,19.76,30.2,True,OTHER,30.2
tv_2023wimF,tv_2023wimF:0069,69,55,51,djokovic,novak,first_name,,,subject,nsubj,JUDGE,2,,18.6,40.6,16.68,True,JUDGE,16.68
tv_2023wimF,tv_2023wimF:0071,71,13,11,alcaraz,alcaraz,surname,,,subject,nsubj,SCORE,3,,41.16,86.24,40.16,True,SCORE,40.16
tv_2023wimF,tv_2023wimF:0072,72,11,9,alcaraz,alcaraz,surname,,,subject,nsubj,JUDGE,3,,86.36,41.16,84.48,True,JUDGE,84.48
tv_2023wimF,tv_2023wimF:0072,72,28,24,alcaraz,alcaraz,surname,,,subject,nsubj,SCORE,3,leads_games,86.36,41.16,84.48,True,SCORE,84.48
tv_2023wimF,tv_2023wimF:0072,72,47,41,djokovic,djokovic,surname,,,object,dobj,SHOT,3,,86.36,41.16,84.48,True,SHOT,84.48
tv_2023wimF,tv_2023wimF:0075,75,17,17,alcaraz,alcaraz,surname,,,subject,nsubj,OTHER,3,,41.64,31.52,39.72,True,OTHER,39.72
tv_2023wimF,tv_2023wimF:0077,77,8,7,djokovic,djokovic,surname,,,object,dobj,STAT,3,,12.32,37.56,10.28,True,STAT,10.28
tv_2023wimF,tv_2023wimF:0081,81,10,9,alcaraz,alcaraz,surname,,,after_preposition,pobj,CROWD,3,,47.08,47.16,45.12,True,CROWD,45.12
tv_2023wimF,tv_2023wimF:0081,81,12,10,djokovic,djokovic,surname,,,vocative_exclamation,ROOT,CROWD,3,,47.08,47.16,45.12,True,CROWD,45.12
tv_2023wimF,tv_2023wimF:0082,82,5,5,alcaraz,alcaraz,surname,,,subject,nsubj,JUDGE,3,,33.32,47.08,31.4,True,JUDGE,31.4
tv_2023wimF,tv_2023wimF:0082,82,17,17,djokovic,djokovic,surname,,,subject,nsubj,OTHER,3,,33.32,47.08,31.4,True,OTHER,31.4
tv_2023wimF,tv_2023wimF:0090,90,54,43,djokovic,djokovic,surname,,,subject,nsubj,SCORE,3,,40.08,56.32,38.12,True,SCORE,38.12
tv_2023wimF,tv_2023wimF:0090,90,108,90,alcaraz,alcaraz,surname,,,object,appos,SHOT,3,,40.08,56.32,38.12,True,SHOT,38.12
tv_2023wimF,tv_2023wimF:0090,90,111,92,djokovic,djokovic,surname,,,subject,nsubj,SHOT,3,,40.08,56.32,38.12,True,SHOT,38.12
tv_2023wimF,tv_2023wimF:0093,93,4,4,djokovic,djokovic,surname,,,subject,nsubj,JUDGE,3,,29.12,19.28,27.16,True,JUDGE,27.16
tv_2023wimF,tv_2023wimF:0093,93,9,9,alcaraz,alcaraz,surname,,,other,compound,SHOT,3,,29.12,19.28,27.16,True,SHOT,27.16
tv_2023wimF,tv_2023wimF:0093,93,26,24,alcaraz,carlos,first_name,,,subject,nsubj,SHOT,2,,29.12,19.28,27.16,True,SHOT,27.16
tv_2023wimF,tv_2023wimF:0093,93,69,62,djokovic,djokovic,surname,,,after_preposition,pobj,OTHER,3,,29.12,19.28,27.16,True,OTHER,27.16
tv_2023wimF,tv_2023wimF:0093,93,72,64,djokovic,djokovic,surname,,,subject,nsubj,OTHER,3,,29.12,19.28,27.16,True,OTHER,27.16
tv_2023wimF,tv_2023wimF:0096,96,31,26,djokovic,djokovic,surname,,,subject,nsubj,STAT,3,,25.56,24.04,23.8,True,STAT,23.8
tv_2023wimF,tv_2023wimF:0097,97,25,23,alcaraz,the world number one,epithet,epithet_descriptive,hand verdict (Phase 2),after_preposition,pobj,CROWD,5,,24.68,25.56,21.6,True,STAT,21.6
tv_2023wimF,tv_2023wimF:0098,98,78,66,djokovic,djokovic,surname,,,after_preposition,pobj,SHOT,3,,35.76,24.68,33.92,True,SHOT,33.92
tv_2023wimF,tv_2023wimF:0102,102,1,1,alcaraz,alcaraz,surname,,,vocative_exclamation,ROOT,SCORE,3,advantage_name,30.68,11.88,29.28,True,SCORE,29.28
tv_2023wimF,tv_2023wimF:0104,104,6,5,djokovic,djokovic,surname,,,other,compound,OTHER,3,,67.44,38.28,66.76,True,OTHER,66.76
tv_2023wimF,tv_2023wimF:0105,105,22,22,djokovic,djokovic,surname,,,after_preposition,pobj,JUDGE,3,,54.08,67.44,53.28,True,JUDGE,53.28
tv_2023wimF,tv_2023wimF:0105,105,48,48,alcaraz,alcaraz,surname,,,subject,nsubj,OTHER,3,,54.08,67.44,53.28,True,OTHER,53.28
tv_2023wimF,tv_2023wimF:0116,116,8,8,djokovic,djokovic,surname,,,after_preposition,pobj,SHOT,3,,27.12,12.84,25.16,True,SHOT,25.16
tv_2023wimF,tv_2023wimF:0116,116,25,23,alcaraz,alcaraz,surname,,,subject,nsubj,OTHER,3,,27.12,12.84,25.16,True,OTHER,25.16
tv_2023wimF,tv_2023wimF:0117,117,15,15,djokovic,novak,first_name,,,after_preposition,pobj,OTHER,2,,32.44,27.12,30.56,True,OTHER,30.56
tv_2023wimF,tv_2023wimF:0119,119,25,24,djokovic,novak,first_name,,,possessive,dep,JUDGE,2,,51.48,14.12,49.48,True,JUDGE,49.48
tv_2023wimF,tv_2023wimF:0119,119,85,79,djokovic,novak,first_name,,,after_preposition,pobj,SCORE,2,,51.48,14.12,49.48,True,SCORE,49.48
tv_2023wimF,tv_2023wimF:0126,126,12,11,djokovic,djokovic,surname,,,subject,nsubj,OTHER,3,,36.44,50.24,34.44,True,OTHER,34.44
tv_2023wimF,tv_2023wimF:0128,128,36,26,djokovic,djokovic,surname,,,subject,nsubj,OFFICIAL,3,,67.92,30.6,65.32,True,OFFICIAL,65.32
tv_2023wimF,tv_2023wimF:0129,129,4,3,djokovic,djokovic,surname,,,vocative_exclamation,ROOT,OTHER,3,,45.2,67.92,42.48,True,OTHER,42.48
tv_2023wimF,tv_2023wimF:0131,131,16,11,alcaraz,alcaraz,surname,,,subject,nsubj,OFFICIAL,3,leads_games,35.32,14.88,33.28,True,SCORE,33.28
tv_2023wimF,tv_2023wimF:0131,131,28,21,djokovic,djokovic,surname,,,object,dobj,OTHER,3,,35.32,14.88,33.28,True,OTHER,33.28
tv_2023wimF,tv_2023wimF:0136,136,4,4,alcaraz,alcaraz,surname,,,object,dobj,OTHER,3,,31.08,95.24,30.16,True,OTHER,30.16
tv_2023wimF,tv_2023wimF:0137,137,4,4,alcaraz,alcaraz,surname,,,subject,nsubj,OTHER,3,,36.16,31.08,34.2,True,OTHER,34.2
tv_2023wimF,tv_2023wimF:0137,137,26,26,djokovic,djokovic,surname,,,after_preposition,pobj,SHOT,3,,36.16,31.08,34.2,True,SHOT,34.2
tv_2023wimF,tv_2023wimF:0137,137,42,40,djokovic,the champion,epithet,epithet_descriptive,hand verdict (Phase 2),object,dobj,JUDGE,4,,36.16,31.08,34.2,True,JUDGE,34.2
tv_2023wimF,tv_2023wimF:0141,141,10,7,djokovic,djokovic,surname,,,subject,nsubj,OTHER,3,,11.4,56.76,9.44,True,OTHER,9.44
tv_2023wimF,tv_2023wimF:0141,141,32,26,djokovic,djokovic,surname,,,after_preposition,pobj,SHOT,3,,11.4,56.76,9.44,True,SHOT,9.44
tv_2023wimF,tv_2023wimF:0146,146,3,3,djokovic,novak,first_name,,,subject,nsubj,JUDGE,2,,34.72,30.24,32.92,True,JUDGE,32.92
tv_2023wimF,tv_2023wimF:0146,146,19,18,alcaraz,carlos,first_name,,,after_preposition,pobj,SHOT,2,,34.72,30.24,32.92,True,SHOT,32.92
tv_2023wimF,tv_2023wimF:0147,147,0,0,djokovic,novak djokovic,full_name,,,other,ROOT,OFFICIAL,5,challenging,59.24,34.72,57.28,True,OFFICIAL,57.28
tv_2023wimF,tv_2023wimF:0151,151,26,20,djokovic,novak djokovic,full_name,,,vocative_exclamation,npadvmod,JUDGE,5,,38.4,61.96,35.4,True,JUDGE,35.4
tv_2023wimF,tv_2023wimF:0155,155,65,57,djokovic,djokovic,surname,,,after_preposition,pobj,SCORE,3,,34.12,26.84,32.2,True,SCORE,32.2
tv_2023wimF,tv_2023wimF:0158,158,14,14,alcaraz,alcaraz,surname,,,subject,nsubj,SCORE,3,,36.04,31.56,34.12,True,SCORE,34.12
tv_2023wimF,tv_2023wimF:0161,161,38,38,alcaraz,alcaraz,surname,,,after_preposition,pobj,JUDGE,3,,74.04,29.08,72.12,True,JUDGE,72.12
tv_2023wimF,tv_2023wimF:0163,163,0,0,alcaraz,alcaraz,surname,,,vocative_exclamation,ROOT,OTHER,3,,19.8,22.76,17.88,True,OTHER,17.88
tv_2023wimF,tv_2023wimF:0165,165,13,13,djokovic,djokovic,surname,,,subject,nsubj,JUDGE,3,,22.52,29.88,20.56,True,JUDGE,20.56
tv_2023wimF,tv_2023wimF:0165,165,45,44,alcaraz,alcaraz,surname,,,subject,nsubj,JUDGE,3,,22.52,29.88,20.56,True,JUDGE,20.56
tv_2023wimF,tv_2023wimF:0165,165,68,65,alcaraz,alcaraz,surname,,,subject,nsubj,JUDGE,3,,22.52,29.88,20.56,True,JUDGE,20.56
tv_2023wimF,tv_2023wimF:0165,165,104,97,djokovic,djokovic,surname,,,subject,nsubj,JUDGE,3,,22.52,29.88,20.56,True,JUDGE,20.56
tv_2023wimF,tv_2023wimF:0169,169,10,10,djokovic,djokovic,surname,,,subject,nsubjpass,OTHER,3,,25.08,12.08,24.32,True,OTHER,24.32
tv_2023wimF,tv_2023wimF:0175,175,0,0,djokovic,novak,first_name,,,subject,nsubj,OTHER,2,,40.68,13.36,38.92,True,OTHER,38.92
tv_2023wimF,tv_2023wimF:0176,176,7,6,djokovic,djokovic,surname,,,after_preposition,pobj,JUDGE,3,,27.72,40.68,25.76,True,JUDGE,25.76
tv_2023wimF,tv_2023wimF:0178,178,1,1,djokovic,djokovic,surname,,,vocative_exclamation,ROOT,OTHER,3,,36.28,17.36,27.44,True,OTHER,27.44
tv_2023wimF,tv_2023wimF:0179,179,33,33,djokovic,djokovic,surname,,,after_preposition,pobj,SHOT,3,,26.04,36.28,24.12,True,SHOT,24.12
tv_2023wimF,tv_2023wimF:0183,183,56,50,djokovic,djokovic,surname,,,after_preposition,pobj,OTHER,3,,31.68,11.44,29.72,True,OTHER,29.72
tv_2023wimF,tv_2023wimF:0186,186,0,0,alcaraz,carlos alcaraz,full_name,,,subject,nsubj,OFFICIAL,5,challenging,23.24,30.52,20.52,True,OFFICIAL,20.52
tv_2023wimF,tv_2023wimF:0187,187,29,27,alcaraz,carlos alcaraz,full_name,,,subject,nsubj,OFFICIAL,5,challenges_remaining,30.6,23.24,28.64,True,OFFICIAL,28.64
tv_2023wimF,tv_2023wimF:0189,189,21,21,alcaraz,alcaraz,surname,,,other,compound,SCORE,3,advantage_name,31.96,28.16,29.52,True,SCORE,29.52
tv_2023wimF,tv_2023wimF:0189,189,22,22,djokovic,djokovic,surname,,,subject,nsubj,SCORE,3,,31.96,28.16,29.52,True,SCORE,29.52
tv_2023wimF,tv_2023wimF:0190,190,4,4,djokovic,djokovic,surname,,,other,compound,SCORE,3,,49.2,31.96,47.96,True,SCORE,47.96
tv_2023wimF,tv_2023wimF:0190,190,5,5,alcaraz,alcaraz,surname,,,subject,nsubj,SCORE,3,leads_games,49.2,31.96,47.96,True,SCORE,47.96
tv_2023wimF,tv_2023wimF:0191,191,0,0,djokovic,novak djokovic,full_name,,,other,ROOT,OFFICIAL,5,challenging,109.08,49.2,107.12,True,OFFICIAL,107.12
tv_2023wimF,tv_2023wimF:0191,191,10,8,alcaraz,alcaraz,surname,,,subject,nsubj,OFFICIAL,3,,109.08,49.2,107.12,True,OFFICIAL,107.12
tv_2023wimF,tv_2023wimF:0197,197,17,15,djokovic,djokovic,surname,,,after_preposition,pobj,SHOT,3,,27.84,27.08,25.92,True,SHOT,25.92
tv_2023wimF,tv_2023wimF:0199,199,10,10,djokovic,novak,first_name,,,subject,nsubj,JUDGE,2,,25.32,12.88,23.36,True,JUDGE,23.36
tv_2023wimF,tv_2023wimF:0204,204,1,1,djokovic,djokovic,surname,,,vocative_exclamation,ROOT,SCORE,3,advantage_name,28.32,132.32,26.28,True,SCORE,26.28
tv_2023wimF,tv_2023wimF:0209,209,4,4,djokovic,novak,first_name,,,after_preposition,pobj,JUDGE,2,,18.76,29.32,16.8,True,JUDGE,16.8
tv_2023wimF,tv_2023wimF:0211,211,10,8,alcaraz,alcaraz,surname,,,subject,nsubj,OTHER,3,,23.96,21.96,21.36,True,OTHER,21.36
tv_2023wimF,tv_2023wimF:0211,211,28,24,djokovic,djokovic,surname,,,after_preposition,pobj,OFFICIAL,3,,23.96,21.96,21.36,True,OFFICIAL,21.36
tv_2023wimF,tv_2023wimF:0211,211,32,26,alcaraz,carlos alcaraz,full_name,,,other,ROOT,OFFICIAL,5,challenging,23.96,21.96,21.36,True,OFFICIAL,21.36
tv_2023wimF,tv_2023wimF:0212,212,0,0,alcaraz,alcaraz,surname,,,subject,nsubj,SCORE,3,leads_games,35.92,23.96,34,True,SCORE,34
tv_2023wimF,tv_2023wimF:0212,212,10,8,alcaraz,carlos alcaraz,full_name,,,subject,nsubj,OFFICIAL,5,challenges_remaining,35.92,23.96,34,True,OFFICIAL,34
tv_2023wimF,tv_2023wimF:0217,217,19,16,alcaraz,carlos,first_name,,,subject,nsubj,SHOT,2,,17.44,17.52,15.48,True,SHOT,15.48
tv_2023wimF,tv_2023wimF:0223,223,23,20,djokovic,novak,first_name,,,subject,nsubj,OTHER,2,,30.68,41.12,28.72,True,OTHER,28.72
tv_2023wimF,tv_2023wimF:0223,223,52,45,alcaraz,alcaraz,surname,,,subject,nsubj,OTHER,3,,30.68,41.12,28.72,True,OTHER,28.72
tv_2023wimF,tv_2023wimF:0224,224,18,18,alcaraz,alcaraz,surname,,,subject,nsubj,SCORE,3,,79.88,30.68,77.96,True,SCORE,77.96
tv_2023wimF,tv_2023wimF:0224,224,39,37,djokovic,djokovic,surname,,,after_preposition,pobj,OTHER,3,,79.88,30.68,77.96,True,OTHER,77.96
tv_2023wimF,tv_2023wimF:0228,228,21,20,djokovic,novak,first_name,,,after_preposition,pobj,OTHER,2,,30.12,12.48,29.4,True,OTHER,29.4
tv_2023wimF,tv_2023wimF:0230,230,2,1,djokovic,djokovic,surname,,,vocative_exclamation,ROOT,SCORE,3,advantage_name,31.16,30.48,27.76,True,SCORE,27.76
tv_2023wimF,tv_2023wimF:0234,234,57,48,djokovic,the champion,epithet,epithet_descriptive,hand verdict (Phase 2),after_preposition,pobj,JUDGE,4,,24.4,11.76,22.52,True,JUDGE,22.52
tv_2023wimF,tv_2023wimF:0237,237,9,7,alcaraz,alcaraz,surname,,,vocative_exclamation,ROOT,OTHER,3,,29.32,23.8,28.2,True,OTHER,28.2
tv_2023wimF,tv_2023wimF:0237,237,11,8,alcaraz,alcaraz,surname,,,vocative_exclamation,ROOT,JUDGE,3,,29.32,23.8,28.2,True,JUDGE,28.2
tv_2023wimF,tv_2023wimF:0237,237,28,23,djokovic,djokovic,surname,,,after_preposition,pobj,SHOT,3,,29.32,23.8,28.2,True,SHOT,28.2
tv_2023wimF,tv_2023wimF:0249,249,6,6,djokovic,novak djokovic,full_name,,,subject,nsubj,OTHER,5,,13.96,34.56,12,True,OTHER,12
tv_2023wimF,tv_2023wimF:0254,254,0,0,alcaraz,carlos alcaraz,full_name,,,subject,nsubj,OFFICIAL,5,challenging,30.68,32.72,27.52,True,OFFICIAL,27.52
tv_2023wimF,tv_2023wimF:0255,255,36,36,djokovic,djokovic,surname,,,after_preposition,pobj,JUDGE,3,,28.64,30.68,26.32,True,JUDGE,26.32
tv_2023wimF,tv_2023wimF:0257,257,7,7,djokovic,djokovic,surname,,,after_preposition,pobj,SCORE,3,,37.8,95.2,35.84,True,SCORE,35.84
tv_2023wimF,tv_2023wimF:0265,265,7,5,djokovic,novak djokovic,full_name,,,other,ROOT,OFFICIAL,5,challenging,34.36,11.36,32.4,True,OFFICIAL,32.4
tv_2023wimF,tv_2023wimF:0265,265,63,51,djokovic,novak djokovic,full_name,,,subject,nsubj,OFFICIAL,5,challenges_remaining,34.36,11.36,32.4,True,OFFICIAL,32.4
tv_2023wimF,tv_2023wimF:0267,267,1,1,djokovic,djokovic,surname,,,vocative_exclamation,ROOT,SCORE,3,advantage_name,35.08,119.68,33.12,True,SCORE,33.12
tv_2023wimF,tv_2023wimF:0267,267,30,28,djokovic,djokovic,surname,,,subject,nsubj,OTHER,3,,35.08,119.68,33.12,True,OTHER,33.12
tv_2023wimF,tv_2023wimF:0270,270,31,29,djokovic,novak,first_name,,,object,dobj,SHOT,2,,32.04,22.56,31.12,True,SHOT,31.12
tv_2023wimF,tv_2023wimF:0273,273,0,0,djokovic,djokovic,surname,,,other,ROOT,SHOT,3,,30.2,14.12,28.24,True,SHOT,28.24
tv_2023wimF,tv_2023wimF:0273,273,20,15,djokovic,the champion,epithet,epithet_descriptive,hand verdict (Phase 2),subject,nsubj,SCORE,4,,30.2,14.12,28.24,True,SCORE,28.24
tv_2023wimF,tv_2023wimF:0280,280,10,9,djokovic,novak,first_name,,,subject,nsubj,JUDGE,2,,23.4,39.6,20.88,True,JUDGE,20.88
tv_2023wimF,tv_2023wimF:0283,283,41,38,djokovic,novak,first_name,,,object,dobj,JUDGE,2,,23.48,33.04,21.48,True,JUDGE,21.48
tv_2023wimF,tv_2023wimF:0284,284,6,5,djokovic,novak,first_name,,,after_preposition,pobj,OTHER,2,,28.64,23.48,26.08,True,OTHER,26.08
tv_2023wimF,tv_2023wimF:0286,286,0,0,djokovic,djokovic,surname,,,subject,nsubj,SCORE,3,leads_games,34.84,27.16,33.6,True,SCORE,33.6
tv_2023wimF,tv_2023wimF:0289,289,5,4,alcaraz,carlos alcaraz,full_name,,,object,dobj,OFFICIAL,5,challenging,31.24,11.24,29.28,True,OFFICIAL,29.28
tv_2023wimF,tv_2023wimF:0290,290,1,1,djokovic,djokovic,surname,,,vocative_exclamation,npadvmod,OTHER,3,,11.76,31.24,5.8,True,OTHER,5.8
tv_2023wimF,tv_2023wimF:0292,292,4,2,alcaraz,carlos alcaraz,full_name,,,subject,nsubj,OFFICIAL,5,challenges_remaining,35.64,29.2,33.76,True,OFFICIAL,33.76
tv_2023wimF,tv_2023wimF:0301,301,26,24,djokovic,djokovic,surname,,,object,dobj,OTHER,3,,36.08,14.8,35.08,True,OTHER,35.08
tv_2023wimF,tv_2023wimF:0307,307,56,54,djokovic,djokovic,surname,,,possessive,poss,STAT,3,,51.96,18.4,51.36,True,STAT,51.36
tv_2023wimF,tv_2023wimF:0307,307,102,96,alcaraz,alcaraz,surname,,,after_preposition,pobj,OTHER,3,,51.96,18.4,51.36,True,OTHER,51.36
tv_2023wimF,tv_2023wimF:0308,308,0,0,alcaraz,carlos alcaraz,full_name,,,subject,nsubj,OFFICIAL,5,challenging,40.12,51.96,37.16,True,OFFICIAL,37.16
tv_2023wimF,tv_2023wimF:0308,308,24,22,djokovic,djokovic,surname,,,other,compound,OTHER,3,,40.12,51.96,37.16,True,OTHER,37.16
tv_2023wimF,tv_2023wimF:0308,308,30,27,alcaraz,alcaraz,surname,,,subject,nsubj,OTHER,3,,40.12,51.96,37.16,True,OTHER,37.16
tv_2023wimF,tv_2023wimF:0308,308,57,52,djokovic,djokovic,surname,,,subject,nsubj,JUDGE,3,,40.12,51.96,37.16,True,JUDGE,37.16
tv_2023wimF,tv_2023wimF:0309,309,3,2,alcaraz,carlos alcaraz,full_name,,,subject,nsubj,OFFICIAL,5,challenges_remaining,31.6,40.12,29.72,True,OFFICIAL,29.72
tv_2023wimF,tv_2023wimF:0312,312,57,52,djokovic,djokovic,surname,,,subject,nsubj,OTHER,3,,31.56,31.44,30.72,True,OTHER,30.72
tv_2023wimF,tv_2023wimF:0313,313,7,7,alcaraz,alcaraz,surname,,,subject,nsubj,SHOT,3,,12.68,31.56,9.96,True,SHOT,9.96
tv_2023wimF,tv_2023wimF:0315,315,52,43,alcaraz,the young man,epithet,epithet_descriptive,hand verdict (Phase 2),after_preposition,pobj,SCORE,3,,48.88,28.36,47,True,SCORE,47
tv_2023wimF,tv_2023wimF:0317,317,8,6,alcaraz,alcaraz,surname,,,vocative_exclamation,ROOT,SCORE,3,advantage_name,34.68,13.04,33.92,True,SCORE,33.92
tv_2023wimF,tv_2023wimF:0317,317,21,16,djokovic,djokovic,surname,,,subject,nsubj,OTHER,3,,34.68,13.04,33.92,True,OTHER,33.92
tv_2023wimF,tv_2023wimF:0323,323,7,7,djokovic,djokovic,surname,,,other,compound,SHOT,3,,29.72,38.76,27.36,True,SHOT,27.36
tv_2023wimF,tv_2023wimF:0324,324,19,17,alcaraz,alcaraz,surname,,,after_preposition,pobj,SCORE,3,,34.12,29.72,32.16,True,SCORE,32.16
tv_2023wimF,tv_2023wimF:0325,325,63,53,djokovic,djokovic,surname,,,vocative_exclamation,appos,JUDGE,3,,16.32,34.12,15.96,True,JUDGE,15.96
tv_2023wimF,tv_2023wimF:0328,328,21,18,alcaraz,alcaraz,surname,,,subject,nsubj,SCORE,3,leads_games,25.56,26.44,23.6,True,SCORE,23.6
tv_2023wimF,tv_2023wimF:0331,331,6,5,alcaraz,alcaraz,surname,,,subject,nsubj,OTHER,3,,23.8,14.08,21.84,True,OTHER,21.84
tv_2023wimF,tv_2023wimF:0331,331,31,28,djokovic,djokovic,surname,,,subject,nsubj,OTHER,3,,23.8,14.08,21.84,True,OTHER,21.84
tv_2023wimF,tv_2023wimF:0337,337,7,7,djokovic,djokovic,surname,,,after_preposition,pobj,SHOT,3,,30.72,11.4,30.28,True,SHOT,30.28
tv_2023wimF,tv_2023wimF:0339,339,19,16,djokovic,djokovic,surname,,,subject,nsubj,SCORE,3,,31.8,11.68,29.32,True,SCORE,29.32
tv_2023wimF,tv_2023wimF:0339,339,30,26,alcaraz,alcaraz,surname,,,other,conj,SHOT,3,,31.8,11.68,29.32,True,SHOT,29.32
tv_2023wimF,tv_2023wimF:0341,341,15,13,djokovic,djokovic,surname,,,after_preposition,pobj,OTHER,3,,11.32,26.76,3.68,True,OTHER,3.68
tv_2023wimF,tv_2023wimF:0341,341,37,31,djokovic,djokovic,surname,,,possessive,poss,STAT,3,,11.32,26.76,3.68,True,STAT,3.68
tv_2023wimF,tv_2023wimF:0344,344,0,0,alcaraz,alcaraz,surname,,,subject,nsubj,SCORE,3,leads_games,29.92,28.64,27.96,True,SCORE,27.96
tv_2023wimF,tv_2023wimF:0345,345,4,4,djokovic,djokovic,surname,,,subject,nsubj,OTHER,3,,14.36,29.92,12.28,True,OTHER,12.28
tv_2023wimF,tv_2023wimF:0346,346,9,8,alcaraz,alcaraz,surname,,,after_preposition,pobj,OTHER,3,,42.28,14.36,40.32,True,OTHER,40.32
tv_2023wimF,tv_2023wimF:0347,347,12,12,alcaraz,alcaraz,surname,,,after_preposition,pobj,OTHER,3,,31.36,42.28,29.44,True,OTHER,29.44
tv_2023wimF,tv_2023wimF:0348,348,35,29,alcaraz,alcaraz,surname,,,other,compound,OTHER,3,,33.56,31.36,31.6,True,OTHER,31.6
tv_2023wimF,tv_2023wimF:0349,349,0,0,djokovic,novak djokovic,full_name,,,other,ROOT,OFFICIAL,5,challenging,28.8,33.56,26.84,True,OFFICIAL,26.84
tv_2023wimF,tv_2023wimF:0349,349,31,29,djokovic,djokovic,surname,,,subject,nsubj,JUDGE,3,,28.8,33.56,26.84,True,JUDGE,26.84
tv_2023wimF,tv_2023wimF:0351,351,13,11,djokovic,the champion,epithet,epithet_descriptive,hand verdict (Phase 2),after_preposition,pobj,OFFICIAL,4,,12,27.92,10.04,True,OFFICIAL,10.04
tv_2023wimF,tv_2023wimF:0352,352,8,7,djokovic,the serb,epithet,epithet_nationality,hand verdict (Phase 2),after_preposition,pobj,SCORE,2,,24.96,12,23,True,SCORE,23
tv_2023wimF,tv_2023wimF:0354,354,33,29,djokovic,djokovic,surname,,,after_preposition,pobj,JUDGE,3,,25.84,11.2,23.84,True,JUDGE,23.84
tv_2023wimF,tv_2023wimF:0356,356,6,6,djokovic,djokovic,surname,,,other,nmod,OFFICIAL,3,,28.48,12.16,26.6,True,OFFICIAL,26.6
tv_2023wimF,tv_2023wimF:0356,356,20,20,alcaraz,alcaraz,surname,,,other,compound,SHOT,3,,28.48,12.16,26.6,True,SHOT,26.6
tv_2023wimF,tv_2023wimF:0356,356,36,36,alcaraz,alcaraz,surname,,,object,dobj,OTHER,3,,28.48,12.16,26.6,True,OTHER,26.6
tv_2023wimF,tv_2023wimF:0361,361,0,0,alcaraz,carlos alcaraz,full_name,,,subject,nsubj,OFFICIAL,5,challenges_remaining,28.12,50.12,26.16,True,OFFICIAL,26.16
tv_2023wimF,tv_2023wimF:0364,364,44,39,djokovic,djokovic,surname,,,after_preposition,pobj,OTHER,3,,35.56,24.6,34.8,True,OTHER,34.8
tv_2023wimF,tv_2023wimF:0365,365,3,3,djokovic,djokovic,surname,,,subject,nsubj,OTHER,3,,33.2,35.56,32.12,True,OTHER,32.12
tv_pool_20190126-W-Australian_Open-F-Naomi_Osaka-Petra_Kvitova,tv_pool_20190126-W-Australian_Open-F-Naomi_Osaka-Petra_Kvitova:0002,2,9,9,kvitova,kvitova,surname,,,subject,nsubj,OTHER,3,,18.96,10.64,15.96,True,OTHER,15.96
tv_pool_20190126-W-Australian_Open-F-Naomi_Osaka-Petra_Kvitova,tv_pool_20190126-W-Australian_Open-F-Naomi_Osaka-Petra_Kvitova:0005,5,9,8,osaka,osaka,surname,,,after_preposition,pobj,JUDGE,3,,48.64,14.76,46.6,True,JUDGE,46.6
tv_pool_20190126-W-Australian_Open-F-Naomi_Osaka-Petra_Kvitova,tv_pool_20190126-W-Australian_Open-F-Naomi_Osaka-Petra_Kvitova:0006,6,58,50,osaka,osaka,surname,,,possessive,poss,OTHER,3,,31.64,48.64,28.8,True,OTHER,28.8
tv_pool_20190126-W-Australian_Open-F-Naomi_Osaka-Petra_Kvitova,tv_pool_20190126-W-Australian_Open-F-Naomi_Osaka-Petra_Kvitova:0007,7,20,18,kvitova,petra,first_name,,,after_preposition,pobj,SHOT,2,,27.76,31.64,25.72,True,SHOT,25.72
tv_pool_20190126-W-Australian_Open-F-Naomi_Osaka-Petra_Kvitova,tv_pool_20190126-W-Australian_Open-F-Naomi_Osaka-Petra_Kvitova:0008,8,12,10,kvitova,kvitova,surname,,,vocative_exclamation,npadvmod,STAT,3,,25.2,27.76,22.08,True,STAT,22.08
tv_pool_20190126-W-Australian_Open-F-Naomi_Osaka-Petra_Kvitova,tv_pool_20190126-W-Australian_Open-F-Naomi_Osaka-Petra_Kvitova:0008,8,35,31,kvitova,kvitova,surname,,,after_preposition,pobj,OTHER,3,,25.2,27.76,22.08,True,OTHER,22.08
tv_pool_20190126-W-Australian_Open-F-Naomi_Osaka-Petra_Kvitova,tv_pool_20190126-W-Australian_Open-F-Naomi_Osaka-Petra_Kvitova:0011,11,7,6,kvitova,petra kvitova,full_name,,,after_preposition,pobj,CROWD,5,,17.16,10.36,15.16,True,CROWD,15.16
tv_pool_20190126-W-Australian_Open-F-Naomi_Osaka-Petra_Kvitova,tv_pool_20190126-W-Australian_Open-F-Naomi_Osaka-Petra_Kvitova:0011,11,62,55,osaka,naomi,first_name,,,other,ROOT,OTHER,3,,17.16,10.36,15.16,True,OTHER,15.16
tv_pool_20190126-W-Australian_Open-F-Naomi_Osaka-Petra_Kvitova,tv_pool_20190126-W-Australian_Open-F-Naomi_Osaka-Petra_Kvitova:0011,11,65,58,UNRESOLVED,the world number one,epithet,epithet_descriptive,unresolved,after_preposition,pobj,STAT,5,,17.16,10.36,15.16,True,STAT,15.16
tv_pool_20190126-W-Australian_Open-F-Naomi_Osaka-Petra_Kvitova,tv_pool_20190126-W-Australian_Open-F-Naomi_Osaka-Petra_Kvitova:0013,13,7,6,osaka,naomi osaka,full_name,,,after_preposition,pobj,SHOT,6,,16.76,16.08,12.72,True,SHOT,12.72
tv_pool_20190126-W-Australian_Open-F-Naomi_Osaka-Petra_Kvitova,tv_pool_20190126-W-Australian_Open-F-Naomi_Osaka-Petra_Kvitova:0015,15,51,46,osaka,naomi osaka,full_name,,,vocative_exclamation,ROOT,OTHER,6,,26.92,107.6,24.96,True,OTHER,24.96
tv_pool_20190126-W-Australian_Open-F-Naomi_Osaka-Petra_Kvitova,tv_pool_20190126-W-Australian_Open-F-Naomi_Osaka-Petra_Kvitova:0017,17,21,18,osaka,osaka,surname,,,subject,nsubj,SHOT,3,,24.12,12.36,22.16,True,SHOT,22.16
tv_pool_20190126-W-Australian_Open-F-Naomi_Osaka-Petra_Kvitova,tv_pool_20190126-W-Australian_Open-F-Naomi_Osaka-Petra_Kvitova:0019,19,20,18,osaka,naomi osaka,full_name,,,subject,nsubj,JUDGE,6,,23.8,34.68,21.76,True,JUDGE,21.76
tv_pool_20190126-W-Australian_Open-F-Naomi_Osaka-Petra_Kvitova,tv_pool_20190126-W-Australian_Open-F-Naomi_Osaka-Petra_Kvitova:0019,19,49,43,kvitova,kvitova,surname,,,subject,nsubj,JUDGE,3,,23.8,34.68,21.76,True,JUDGE,21.76
tv_pool_20190126-W-Australian_Open-F-Naomi_Osaka-Petra_Kvitova,tv_pool_20190126-W-Australian_Open-F-Naomi_Osaka-Petra_Kvitova:0020,20,16,16,osaka,osaka,surname,,,subject,nsubj,OTHER,3,,30.76,23.8,27.2,True,OTHER,27.2
tv_pool_20190126-W-Australian_Open-F-Naomi_Osaka-Petra_Kvitova,tv_pool_20190126-W-Australian_Open-F-Naomi_Osaka-Petra_Kvitova:0021,21,11,10,kvitova,petra,first_name,,,object,appos,JUDGE,2,,21,30.76,19,True,JUDGE,19
tv_pool_20190126-W-Australian_Open-F-Naomi_Osaka-Petra_Kvitova,tv_pool_20190126-W-Australian_Open-F-Naomi_Osaka-Petra_Kvitova:0021,21,40,36,kvitova,petra,first_name,,,subject,nsubj,STAT,2,,21,30.76,19,True,STAT,19
tv_pool_20190126-W-Australian_Open-F-Naomi_Osaka-Petra_Kvitova,tv_pool_20190126-W-Australian_Open-F-Naomi_Osaka-Petra_Kvitova:0023,23,3,3,osaka,osaka,surname,,,after_preposition,pobj,JUDGE,3,,19.32,22.16,16.12,True,JUDGE,16.12
tv_pool_20190126-W-Australian_Open-F-Naomi_Osaka-Petra_Kvitova,tv_pool_20190126-W-Australian_Open-F-Naomi_Osaka-Petra_Kvitova:0023,23,38,33,kvitova,kvitova,surname,,,possessive,poss,SHOT,3,,19.32,22.16,16.12,True,SHOT,16.12
tv_pool_20190126-W-Australian_Open-F-Naomi_Osaka-Petra_Kvitova,tv_pool_20190126-W-Australian_Open-F-Naomi_Osaka-Petra_Kvitova:0023,23,45,39,osaka,osaka,surname,,,possessive,poss,SHOT,3,,19.32,22.16,16.12,True,SHOT,16.12
tv_pool_20190126-W-Australian_Open-F-Naomi_Osaka-Petra_Kvitova,tv_pool_20190126-W-Australian_Open-F-Naomi_Osaka-Petra_Kvitova:0026,26,11,11,kvitova,kvitova,surname,,,object,dobj,OTHER,3,,23.4,10.44,21.4,True,OTHER,21.4
tv_pool_20190126-W-Australian_Open-F-Naomi_Osaka-Petra_Kvitova,tv_pool_20190126-W-Australian_Open-F-Naomi_Osaka-Petra_Kvitova:0029,29,39,34,osaka,osaka,surname,,,possessive,poss,OTHER,3,,25.88,9.88,23.88,True,OTHER,23.88
tv_pool_20190126-W-Australian_Open-F-Naomi_Osaka-Petra_Kvitova,tv_pool_20190126-W-Australian_Open-F-Naomi_Osaka-Petra_Kvitova:0029,29,60,52,kvitova,kvitova,surname,,,after_preposition,pobj,OTHER,3,,25.88,9.88,23.88,True,OTHER,23.88
tv_pool_20190126-W-Australian_Open-F-Naomi_Osaka-Petra_Kvitova,tv_pool_20190126-W-Australian_Open-F-Naomi_Osaka-Petra_Kvitova:0031,31,1,1,osaka,osaka,surname,,,subject,nsubj,OTHER,3,,22.04,37.64,20,True,OTHER,20
tv_pool_20190126-W-Australian_Open-F-Naomi_Osaka-Petra_Kvitova,tv_pool_20190126-W-Australian_Open-F-Naomi_Osaka-Petra_Kvitova:0031,31,28,27,kvitova,kvitova,surname,,,possessive,poss,SHOT,3,,22.04,37.64,20,True,SHOT,20
tv_pool_20190126-W-Australian_Open-F-Naomi_Osaka-Petra_Kvitova,tv_pool_20190126-W-Australian_Open-F-Naomi_Osaka-Petra_Kvitova:0035,35,27,25,kvitova,kvitova,surname,,,after_preposition,pobj,OTHER,3,,20.48,117.68,11.6,True,OTHER,11.6
tv_pool_20190126-W-Australian_Open-F-Naomi_Osaka-Petra_Kvitova,tv_pool_20190126-W-Australian_Open-F-Naomi_Osaka-Petra_Kvitova:0035,35,87,78,kvitova,petra,first_name,,,after_preposition,pobj,JUDGE,2,,20.48,117.68,11.6,True,JUDGE,11.6
tv_pool_20190126-W-Australian_Open-F-Naomi_Osaka-Petra_Kvitova,tv_pool_20190126-W-Australian_Open-F-Naomi_Osaka-Petra_Kvitova:0038,38,16,14,osaka,naomi osaka,full_name,,,subject,nsubj,OTHER,6,,24.2,25.04,22.28,True,OTHER,22.28
tv_pool_20190126-W-Australian_Open-F-Naomi_Osaka-Petra_Kvitova,tv_pool_20190126-W-Australian_Open-F-Naomi_Osaka-Petra_Kvitova:0039,39,24,24,kvitova,kvitova,surname,,,after_preposition,pobj,OTHER,3,,28.8,24.2,26,True,OTHER,26
tv_pool_20190126-W-Australian_Open-F-Naomi_Osaka-Petra_Kvitova,tv_pool_20190126-W-Australian_Open-F-Naomi_Osaka-Petra_Kvitova:0039,39,34,34,osaka,osaka,surname,,,object,dobj,OTHER,3,,28.8,24.2,26,True,OTHER,26
tv_pool_20190126-W-Australian_Open-F-Naomi_Osaka-Petra_Kvitova,tv_pool_20190126-W-Australian_Open-F-Naomi_Osaka-Petra_Kvitova:0039,39,39,39,osaka,osaka,surname,,,object,attr,OTHER,3,,28.8,24.2,26,True,OTHER,26
tv_pool_20190126-W-Australian_Open-F-Naomi_Osaka-Petra_Kvitova,tv_pool_20190126-W-Australian_Open-F-Naomi_Osaka-Petra_Kvitova:0040,40,8,7,osaka,osaka,surname,,,subject,nsubj,JUDGE,3,,23.68,28.8,21.68,True,JUDGE,21.68
tv_pool_20190126-W-Australian_Open-F-Naomi_Osaka-Petra_Kvitova,tv_pool_20190126-W-Australian_Open-F-Naomi_Osaka-Petra_Kvitova:0040,40,30,28,kvitova,petra,first_name,,,subject,nsubj,OTHER,2,,23.68,28.8,21.68,True,OTHER,21.68
tv_pool_20190126-W-Australian_Open-F-Naomi_Osaka-Petra_Kvitova,tv_pool_20190126-W-Australian_Open-F-Naomi_Osaka-Petra_Kvitova:0040,40,40,38,osaka,osaka,surname,,,after_preposition,pobj,OTHER,3,,23.68,28.8,21.68,True,OTHER,21.68
tv_pool_20190126-W-Australian_Open-F-Naomi_Osaka-Petra_Kvitova,tv_pool_20190126-W-Australian_Open-F-Naomi_Osaka-Petra_Kvitova:0044,44,6,6,kvitova,petra,first_name,,,possessive,poss,OTHER,2,,22.32,9.92,20.28,True,OTHER,20.28
tv_pool_20190126-W-Australian_Open-F-Naomi_Osaka-Petra_Kvitova,tv_pool_20190126-W-Australian_Open-F-Naomi_Osaka-Petra_Kvitova:0049,49,6,5,osaka,osaka,surname,,,vocative_exclamation,npadvmod,OTHER,3,,34.84,23.28,31.8,True,OTHER,31.8
tv_pool_20190126-W-Australian_Open-F-Naomi_Osaka-Petra_Kvitova,tv_pool_20190126-W-Australian_Open-F-Naomi_Osaka-Petra_Kvitova:0049,49,22,18,kvitova,petra kvitova,full_name,,,subject,nsubj,OTHER,5,,34.84,23.28,31.8,True,OTHER,31.8
tv_pool_20190126-W-Australian_Open-F-Naomi_Osaka-Petra_Kvitova,tv_pool_20190126-W-Australian_Open-F-Naomi_Osaka-Petra_Kvitova:0049,49,40,35,osaka,naomi osaka,full_name,,,after_preposition,pobj,SHOT,6,,34.84,23.28,31.8,True,SHOT,31.8
tv_pool_20190126-W-Australian_Open-F-Naomi_Osaka-Petra_Kvitova,tv_pool_20190126-W-Australian_Open-F-Naomi_Osaka-Petra_Kvitova:0050,50,6,6,kvitova,kvitova,surname,,,after_preposition,pobj,SHOT,3,,25.52,34.84,23.56,True,SHOT,23.56
tv_pool_20190126-W-Australian_Open-F-Naomi_Osaka-Petra_Kvitova,tv_pool_20190126-W-Australian_Open-F-Naomi_Osaka-Petra_Kvitova:0050,50,39,36,osaka,naomi osaka,full_name,,,subject,nsubj,OTHER,6,,25.52,34.84,23.56,True,OTHER,23.56
tv_pool_20190126-W-Australian_Open-F-Naomi_Osaka-Petra_Kvitova,tv_pool_20190126-W-Australian_Open-F-Naomi_Osaka-Petra_Kvitova:0055,55,27,26,kvitova,petra,first_name,,,subject,nsubj,SHOT,2,,106.12,25.04,103.44,True,SHOT,103.44
tv_pool_20190126-W-Australian_Open-F-Naomi_Osaka-Petra_Kvitova,tv_pool_20190126-W-Australian_Open-F-Naomi_Osaka-Petra_Kvitova:0056,56,5,5,kvitova,kvitova,surname,,,after_preposition,pobj,SHOT,3,,27.64,106.12,25.68,True,SHOT,25.68
tv_pool_20190126-W-Australian_Open-F-Naomi_Osaka-Petra_Kvitova,tv_pool_20190126-W-Australian_Open-F-Naomi_Osaka-Petra_Kvitova:0056,56,14,12,osaka,osaka,surname,,,object,dobj,SCORE,3,,27.64,106.12,25.68,True,SCORE,25.68
tv_pool_20190126-W-Australian_Open-F-Naomi_Osaka-Petra_Kvitova,tv_pool_20190126-W-Australian_Open-F-Naomi_Osaka-Petra_Kvitova:0056,56,28,24,kvitova,petra kvitova,full_name,,,subject,nsubj,SHOT,5,,27.64,106.12,25.68,True,SHOT,25.68
tv_pool_20190126-W-Australian_Open-F-Naomi_Osaka-Petra_Kvitova,tv_pool_20190126-W-Australian_Open-F-Naomi_Osaka-Petra_Kvitova:0056,56,50,46,osaka,osaka,surname,,,subject,nsubj,OTHER,3,,27.64,106.12,25.68,True,OTHER,25.68
tv_pool_20190126-W-Australian_Open-F-Naomi_Osaka-Petra_Kvitova,tv_pool_20190126-W-Australian_Open-F-Naomi_Osaka-Petra_Kvitova:0057,57,8,7,osaka,naomi osaka,full_name,,,vocative_exclamation,npadvmod,STAT,6,,13.84,27.64,11.8,True,STAT,11.8
tv_pool_20190126-W-Australian_Open-F-Naomi_Osaka-Petra_Kvitova,tv_pool_20190126-W-Australian_Open-F-Naomi_Osaka-Petra_Kvitova:0059,59,34,34,kvitova,kvitova,surname,,,after_preposition,pobj,OTHER,3,,15.92,15.68,13.96,True,OTHER,13.96
tv_pool_20190126-W-Australian_Open-F-Naomi_Osaka-Petra_Kvitova,tv_pool_20190126-W-Australian_Open-F-Naomi_Osaka-Petra_Kvitova:0063,63,14,12,kvitova,petra,first_name,,,possessive,poss,OTHER,2,,25.16,36.48,23.2,True,OTHER,23.2
tv_pool_20190126-W-Australian_Open-F-Naomi_Osaka-Petra_Kvitova,tv_pool_20190126-W-Australian_Open-F-Naomi_Osaka-Petra_Kvitova:0063,63,56,49,osaka,osaka,surname,,,object,dobj,OTHER,3,,25.16,36.48,23.2,True,OTHER,23.2
tv_pool_20190126-W-Australian_Open-F-Naomi_Osaka-Petra_Kvitova,tv_pool_20190126-W-Australian_Open-F-Naomi_Osaka-Petra_Kvitova:0065,65,34,30,osaka,osaka,surname,,,object,dobj,OTHER,3,,27.84,23.84,24.8,True,OTHER,24.8
tv_pool_20190126-W-Australian_Open-F-Naomi_Osaka-Petra_Kvitova,tv_pool_20190126-W-Australian_Open-F-Naomi_Osaka-Petra_Kvitova:0069,69,22,20,kvitova,petra,first_name,,,subject,nsubj,OTHER,2,,19.84,19.48,17.8,True,OTHER,17.8
tv_pool_20190126-W-Australian_Open-F-Naomi_Osaka-Petra_Kvitova,tv_pool_20190126-W-Australian_Open-F-Naomi_Osaka-Petra_Kvitova:0074,74,20,18,kvitova,kvitova,surname,,,possessive,poss,OTHER,3,,114,62.52,110.92,True,OTHER,110.92
tv_pool_20190126-W-Australian_Open-F-Naomi_Osaka-Petra_Kvitova,tv_pool_20190126-W-Australian_Open-F-Naomi_Osaka-Petra_Kvitova:0074,74,25,22,osaka,osaka,surname,,,subject,nsubj,OTHER,3,,114,62.52,110.92,True,OTHER,110.92
tv_pool_20190126-W-Australian_Open-F-Naomi_Osaka-Petra_Kvitova,tv_pool_20190126-W-Australian_Open-F-Naomi_Osaka-Petra_Kvitova:0080,80,3,3,kvitova,kvitova,surname,,,other,compound,SHOT,3,,31.16,11.28,29.12,True,SHOT,29.12
tv_pool_20190126-W-Australian_Open-F-Naomi_Osaka-Petra_Kvitova,tv_pool_20190126-W-Australian_Open-F-Naomi_Osaka-Petra_Kvitova:0080,80,9,9,osaka,osaka,surname,,,after_preposition,pobj,SHOT,3,,31.16,11.28,29.12,True,SHOT,29.12
tv_pool_20190126-W-Australian_Open-F-Naomi_Osaka-Petra_Kvitova,tv_pool_20190126-W-Australian_Open-F-Naomi_Osaka-Petra_Kvitova:0080,80,25,24,osaka,osaka,surname,,,possessive,nsubj,OTHER,3,,31.16,11.28,29.12,True,OTHER,29.12
tv_pool_20190126-W-Australian_Open-F-Naomi_Osaka-Petra_Kvitova,tv_pool_20190126-W-Australian_Open-F-Naomi_Osaka-Petra_Kvitova:0080,80,42,39,kvitova,kvitova,surname,,,possessive,poss,OTHER,3,,31.16,11.28,29.12,True,OTHER,29.12
tv_pool_20190126-W-Australian_Open-F-Naomi_Osaka-Petra_Kvitova,tv_pool_20190126-W-Australian_Open-F-Naomi_Osaka-Petra_Kvitova:0080,80,46,42,kvitova,kvitova,surname,,,after_preposition,conj,JUDGE,3,,31.16,11.28,29.12,True,JUDGE,29.12
tv_pool_20190126-W-Australian_Open-F-Naomi_Osaka-Petra_Kvitova,tv_pool_20190126-W-Australian_Open-F-Naomi_Osaka-Petra_Kvitova:0080,80,62,57,osaka,osaka,surname,,,vocative_exclamation,ROOT,SCORE,3,,31.16,11.28,29.12,True,SCORE,29.12
tv_pool_20190126-W-Australian_Open-F-Naomi_Osaka-Petra_Kvitova,tv_pool_20190126-W-Australian_Open-F-Naomi_Osaka-Petra_Kvitova:0084,84,10,9,kvitova,kvitova,surname,,,other,compound,CROWD,3,,30.32,28.16,28.28,True,CROWD,28.28
tv_pool_20190126-W-Australian_Open-F-Naomi_Osaka-Petra_Kvitova,tv_pool_20190126-W-Australian_Open-F-Naomi_Osaka-Petra_Kvitova:0084,84,17,15,kvitova,kvitova,surname,,,object,dobj,SHOT,3,,30.32,28.16,28.28,True,SHOT,28.28
tv_pool_20190126-W-Australian_Open-F-Naomi_Osaka-Petra_Kvitova,tv_pool_20190126-W-Australian_Open-F-Naomi_Osaka-Petra_Kvitova:0084,84,40,36,kvitova,kvitova,surname,,,subject,nsubj,SHOT,3,,30.32,28.16,28.28,True,SHOT,28.28
tv_pool_20190126-W-Australian_Open-F-Naomi_Osaka-Petra_Kvitova,tv_pool_20190126-W-Australian_Open-F-Naomi_Osaka-Petra_Kvitova:0086,86,22,20,kvitova,kvitova,surname,,,vocative_exclamation,appos,SCORE,3,,28.24,11.16,26.2,True,SCORE,26.2
tv_pool_20190126-W-Australian_Open-F-Naomi_Osaka-Petra_Kvitova,tv_pool_20190126-W-Australian_Open-F-Naomi_Osaka-Petra_Kvitova:0086,86,35,31,UNRESOLVED,the two time wimbledon champion,epithet,epithet_descriptive,unresolved,after_preposition,pobj,OTHER,9,,28.24,11.16,26.2,True,OTHER,26.2
tv_pool_20190126-W-Australian_Open-F-Naomi_Osaka-Petra_Kvitova,tv_pool_20190126-W-Australian_Open-F-Naomi_Osaka-Petra_Kvitova:0087,87,25,23,osaka,osaka,surname,,,possessive,poss,SHOT,3,,31.12,28.24,28.4,True,SHOT,28.4
tv_pool_20190126-W-Australian_Open-F-Naomi_Osaka-Petra_Kvitova,tv_pool_20190126-W-Australian_Open-F-Naomi_Osaka-Petra_Kvitova:0089,89,16,15,kvitova,kvitova,surname,,,other,compound,SHOT,3,,452.44,9.8,449.12,True,SHOT,449.12
tv_pool_20190126-W-Australian_Open-F-Naomi_Osaka-Petra_Kvitova,tv_pool_20190126-W-Australian_Open-F-Naomi_Osaka-Petra_Kvitova:0089,89,61,53,kvitova,petra,first_name,,,subject,nsubj,OTHER,2,,452.44,9.8,449.12,True,OTHER,449.12
tv_pool_20190126-W-Australian_Open-F-Naomi_Osaka-Petra_Kvitova,tv_pool_20190126-W-Australian_Open-F-Naomi_Osaka-Petra_Kvitova:0090,90,39,35,osaka,naomi,first_name,,,subject,nsubj,JUDGE,3,,19.64,452.44,17.64,True,JUDGE,17.64
tv_pool_20190126-W-Australian_Open-F-Naomi_Osaka-Petra_Kvitova,tv_pool_20190126-W-Australian_Open-F-Naomi_Osaka-Petra_Kvitova:0091,91,27,25,kvitova,kvitova,surname,,,possessive,poss,SHOT,3,,21.88,19.64,19.04,True,SHOT,19.04
tv_pool_20190126-W-Australian_Open-F-Naomi_Osaka-Petra_Kvitova,tv_pool_20190126-W-Australian_Open-F-Naomi_Osaka-Petra_Kvitova:0091,91,40,35,osaka,naomi osaka,full_name,,,subject,nsubj,JUDGE,6,,21.88,19.64,19.04,True,JUDGE,19.04
tv_pool_20190126-W-Australian_Open-F-Naomi_Osaka-Petra_Kvitova,tv_pool_20190126-W-Australian_Open-F-Naomi_Osaka-Petra_Kvitova:0091,91,69,63,osaka,osaka,surname,,,subject,nsubj,SHOT,3,,21.88,19.64,19.04,True,SHOT,19.04
tv_pool_20190126-W-Australian_Open-F-Naomi_Osaka-Petra_Kvitova,tv_pool_20190126-W-Australian_Open-F-Naomi_Osaka-Petra_Kvitova:0092,92,26,23,osaka,osaka,surname,,,subject,nsubj,OTHER,3,,25.24,21.88,22.2,True,OTHER,22.2
tv_pool_20190126-W-Australian_Open-F-Naomi_Osaka-Petra_Kvitova,tv_pool_20190126-W-Australian_Open-F-Naomi_Osaka-Petra_Kvitova:0092,92,69,62,kvitova,kvitova,surname,,,subject,nsubj,SHOT,3,,25.24,21.88,22.2,True,SHOT,22.2
tv_pool_20190126-W-Australian_Open-F-Naomi_Osaka-Petra_Kvitova,tv_pool_20190126-W-Australian_Open-F-Naomi_Osaka-Petra_Kvitova:0096,96,19,18,kvitova,kvitova,surname,,,possessive,poss,OTHER,3,,54.04,14.12,52.08,True,OTHER,52.08
tv_pool_20190126-W-Australian_Open-F-Naomi_Osaka-Petra_Kvitova,tv_pool_20190126-W-Australian_Open-F-Naomi_Osaka-Petra_Kvitova:0101,101,6,6,kvitova,petra kvitova,full_name,,,after_preposition,pobj,OTHER,5,,24.92,22.12,24,True,OTHER,24
tv_pool_20190126-W-Australian_Open-F-Naomi_Osaka-Petra_Kvitova,tv_pool_20190126-W-Australian_Open-F-Naomi_Osaka-Petra_Kvitova:0102,102,7,6,kvitova,petra,first_name,,,subject,nsubj,JUDGE,2,,24.32,24.92,22.28,True,JUDGE,22.28
tv_pool_20190126-W-Australian_Open-F-Naomi_Osaka-Petra_Kvitova,tv_pool_20190126-W-Australian_Open-F-Naomi_Osaka-Petra_Kvitova:0103,103,7,7,osaka,osaka,surname,,,possessive,poss,JUDGE,3,,21,24.32,18.96,True,JUDGE,18.96
tv_pool_20190126-W-Australian_Open-F-Naomi_Osaka-Petra_Kvitova,tv_pool_20190126-W-Australian_Open-F-Naomi_Osaka-Petra_Kvitova:0103,103,89,79,osaka,naomi osaka,full_name,,,possessive,poss,OTHER,6,,21,24.32,18.96,True,OTHER,18.96
tv_pool_20190126-W-Australian_Open-F-Naomi_Osaka-Petra_Kvitova,tv_pool_20190126-W-Australian_Open-F-Naomi_Osaka-Petra_Kvitova:0105,105,12,12,kvitova,kvitova,surname,,,subject,nsubj,OTHER,3,,23,23.4,20.96,True,OTHER,20.96
tv_pool_20190126-W-Australian_Open-F-Naomi_Osaka-Petra_Kvitova,tv_pool_20190126-W-Australian_Open-F-Naomi_Osaka-Petra_Kvitova:0106,106,4,4,kvitova,kvitova,surname,,,after_preposition,pobj,JUDGE,3,,9.84,23,7.88,True,JUDGE,7.88
tv_pool_20190126-W-Australian_Open-F-Naomi_Osaka-Petra_Kvitova,tv_pool_20190126-W-Australian_Open-F-Naomi_Osaka-Petra_Kvitova:0107,107,14,14,kvitova,kvitova,surname,,,after_preposition,pobj,JUDGE,3,,36.32,9.84,34.36,True,JUDGE,34.36
tv_pool_20190126-W-Australian_Open-F-Naomi_Osaka-Petra_Kvitova,tv_pool_20190126-W-Australian_Open-F-Naomi_Osaka-Petra_Kvitova:0107,107,50,49,kvitova,petra kvitova,full_name,,,object,attr,OTHER,5,,36.32,9.84,34.36,True,OTHER,34.36
tv_pool_20190126-W-Australian_Open-F-Naomi_Osaka-Petra_Kvitova,tv_pool_20190126-W-Australian_Open-F-Naomi_Osaka-Petra_Kvitova:0107,107,71,68,osaka,naomi osaka,full_name,,,after_preposition,pobj,OTHER,6,,36.32,9.84,34.36,True,OTHER,34.36
tv_pool_20190126-W-Australian_Open-F-Naomi_Osaka-Petra_Kvitova,tv_pool_20190126-W-Australian_Open-F-Naomi_Osaka-Petra_Kvitova:0108,108,28,25,osaka,naomi osaka,full_name,,,after_preposition,pobj,JUDGE,6,,20.8,36.32,18.28,True,JUDGE,18.28
tv_pool_20190126-W-Australian_Open-F-Naomi_Osaka-Petra_Kvitova,tv_pool_20190126-W-Australian_Open-F-Naomi_Osaka-Petra_Kvitova:0110,110,9,9,osaka,osaka,surname,,,vocative_exclamation,npadvmod,OTHER,3,,26.2,12.32,23.36,True,OTHER,23.36
tv_pool_20190126-W-Australian_Open-F-Naomi_Osaka-Petra_Kvitova,tv_pool_20190126-W-Australian_Open-F-Naomi_Osaka-Petra_Kvitova:0111,111,18,14,osaka,osaka,surname,,,subject,nsubj,OTHER,3,,23.76,26.2,21.84,True,OTHER,21.84
tv_pool_20190126-W-Australian_Open-F-Naomi_Osaka-Petra_Kvitova,tv_pool_20190126-W-Australian_Open-F-Naomi_Osaka-Petra_Kvitova:0113,113,20,19,osaka,osaka,surname,,,after_preposition,pobj,OTHER,3,,30.8,39.24,28.84,True,OTHER,28.84
tv_pool_20190126-W-Australian_Open-F-Naomi_Osaka-Petra_Kvitova,tv_pool_20190126-W-Australian_Open-F-Naomi_Osaka-Petra_Kvitova:0118,118,43,38,osaka,osaka,surname,,,after_preposition,pobj,OTHER,3,,26.32,29.92,24.36,True,OTHER,24.36
tv_pool_20190126-W-Australian_Open-F-Naomi_Osaka-Petra_Kvitova,tv_pool_20190126-W-Australian_Open-F-Naomi_Osaka-Petra_Kvitova:0120,120,3,3,kvitova,kvitova,surname,,,subject,nsubj,SHOT,3,,26.24,25.72,24.16,True,SHOT,24.16
tv_pool_20190126-W-Australian_Open-F-Naomi_Osaka-Petra_Kvitova,tv_pool_20190126-W-Australian_Open-F-Naomi_Osaka-Petra_Kvitova:0120,120,76,72,kvitova,kvitova,surname,,,subject,nsubj,JUDGE,3,,26.24,25.72,24.16,True,JUDGE,24.16
tv_pool_20190126-W-Australian_Open-F-Naomi_Osaka-Petra_Kvitova,tv_pool_20190126-W-Australian_Open-F-Naomi_Osaka-Petra_Kvitova:0121,121,23,22,osaka,osaka,surname,,,possessive,poss,SHOT,3,,25,26.24,23.04,True,SHOT,23.04
tv_pool_20190126-W-Australian_Open-F-Naomi_Osaka-Petra_Kvitova,tv_pool_20190126-W-Australian_Open-F-Naomi_Osaka-Petra_Kvitova:0121,121,35,33,kvitova,petra,first_name,,,possessive,poss,SHOT,2,,25,26.24,23.04,True,SHOT,23.04
tv_pool_20190126-W-Australian_Open-F-Naomi_Osaka-Petra_Kvitova,tv_pool_20190126-W-Australian_Open-F-Naomi_Osaka-Petra_Kvitova:0124,124,4,4,osaka,osaka,surname,,,possessive,poss,JUDGE,3,,12.04,30.52,10.04,True,JUDGE,10.04
tv_pool_20190126-W-Australian_Open-F-Naomi_Osaka-Petra_Kvitova,tv_pool_20190126-W-Australian_Open-F-Naomi_Osaka-Petra_Kvitova:0126,126,12,10,osaka,osaka,surname,,,other,ROOT,OTHER,3,,125.88,28.44,123.88,True,OTHER,123.88
tv_pool_20190126-W-Australian_Open-F-Naomi_Osaka-Petra_Kvitova,tv_pool_20190126-W-Australian_Open-F-Naomi_Osaka-Petra_Kvitova:0126,126,28,24,kvitova,kvitova,surname,,,possessive,poss,JUDGE,3,,125.88,28.44,123.88,True,JUDGE,123.88
tv_pool_20190126-W-Australian_Open-F-Naomi_Osaka-Petra_Kvitova,tv_pool_20190126-W-Australian_Open-F-Naomi_Osaka-Petra_Kvitova:0126,126,75,64,kvitova,kvitova,surname,,,after_preposition,pobj,SHOT,3,,125.88,28.44,123.88,True,SHOT,123.88
tv_pool_20190126-W-Australian_Open-F-Naomi_Osaka-Petra_Kvitova,tv_pool_20190126-W-Australian_Open-F-Naomi_Osaka-Petra_Kvitova:0132,132,12,10,osaka,osaka,surname,,,subject,appos,OTHER,3,,23.76,36.56,21.72,True,OTHER,21.72
tv_pool_20190126-W-Australian_Open-F-Naomi_Osaka-Petra_Kvitova,tv_pool_20190126-W-Australian_Open-F-Naomi_Osaka-Petra_Kvitova:0133,133,18,17,kvitova,petra,first_name,,,other,conj,JUDGE,2,,23.72,23.76,20.88,True,JUDGE,20.88
tv_pool_20190126-W-Australian_Open-F-Naomi_Osaka-Petra_Kvitova,tv_pool_20190126-W-Australian_Open-F-Naomi_Osaka-Petra_Kvitova:0133,133,31,29,osaka,osaka,surname,,,possessive,nsubj,SHOT,3,,23.72,23.76,20.88,True,SHOT,20.88
tv_pool_20190126-W-Australian_Open-F-Naomi_Osaka-Petra_Kvitova,tv_pool_20190126-W-Australian_Open-F-Naomi_Osaka-Petra_Kvitova:0133,133,49,45,kvitova,kvitova,surname,,,after_preposition,pobj,SHOT,3,,23.72,23.76,20.88,True,SHOT,20.88
tv_pool_20190126-W-Australian_Open-F-Naomi_Osaka-Petra_Kvitova,tv_pool_20190126-W-Australian_Open-F-Naomi_Osaka-Petra_Kvitova:0133,133,83,74,osaka,osaka,surname,,,possessive,poss,OFFICIAL,3,,23.72,23.76,20.88,True,OFFICIAL,20.88
tv_pool_20190126-W-Australian_Open-F-Naomi_Osaka-Petra_Kvitova,tv_pool_20190126-W-Australian_Open-F-Naomi_Osaka-Petra_Kvitova:0133,133,94,83,kvitova,kvitova,surname,,,possessive,poss,OTHER,3,,23.72,23.76,20.88,True,OTHER,20.88
tv_pool_20190126-W-Australian_Open-F-Naomi_Osaka-Petra_Kvitova,tv_pool_20190126-W-Australian_Open-F-Naomi_Osaka-Petra_Kvitova:0137,137,6,6,kvitova,petra kvitova,full_name,,,after_preposition,pobj,SHOT,5,,16,137.32,13.96,True,SHOT,13.96
tv_pool_20190126-W-Australian_Open-F-Naomi_Osaka-Petra_Kvitova,tv_pool_20190126-W-Australian_Open-F-Naomi_Osaka-Petra_Kvitova:0137,137,22,22,osaka,osaka,surname,,,after_preposition,pobj,OTHER,3,,16,137.32,13.96,True,OTHER,13.96
tv_pool_20190126-W-Australian_Open-F-Naomi_Osaka-Petra_Kvitova,tv_pool_20190126-W-Australian_Open-F-Naomi_Osaka-Petra_Kvitova:0138,138,16,16,kvitova,kvitova,surname,,,after_preposition,pobj,JUDGE,3,,18.12,16,16.16,True,JUDGE,16.16
tv_pool_20190126-W-Australian_Open-F-Naomi_Osaka-Petra_Kvitova,tv_pool_20190126-W-Australian_Open-F-Naomi_Osaka-Petra_Kvitova:0141,141,12,12,kvitova,petra,first_name,,,after_preposition,pobj,JUDGE,2,,19.48,10.72,17.48,True,JUDGE,17.48
tv_pool_20190126-W-Australian_Open-F-Naomi_Osaka-Petra_Kvitova,tv_pool_20190126-W-Australian_Open-F-Naomi_Osaka-Petra_Kvitova:0142,142,29,27,osaka,naomi osaka,full_name,,,after_preposition,pobj,JUDGE,6,,39.76,19.48,37.76,True,JUDGE,37.76
tv_pool_20190126-W-Australian_Open-F-Naomi_Osaka-Petra_Kvitova,tv_pool_20190126-W-Australian_Open-F-Naomi_Osaka-Petra_Kvitova:0144,144,0,0,kvitova,petra,first_name,,,subject,nsubj,OTHER,2,,69.52,11.2,67.52,True,OTHER,67.52
tv_pool_20190126-W-Australian_Open-F-Naomi_Osaka-Petra_Kvitova,tv_pool_20190126-W-Australian_Open-F-Naomi_Osaka-Petra_Kvitova:0144,144,28,28,osaka,naomi,first_name,,,other,compound,SHOT,3,,69.52,11.2,67.52,True,SHOT,67.52
tv_pool_20190126-W-Australian_Open-F-Naomi_Osaka-Petra_Kvitova,tv_pool_20190126-W-Australian_Open-F-Naomi_Osaka-Petra_Kvitova:0144,144,34,34,kvitova,petra kvitova,full_name,,,subject,nsubj,OTHER,5,,69.52,11.2,67.52,True,OTHER,67.52
tv_pool_20190126-W-Australian_Open-F-Naomi_Osaka-Petra_Kvitova,tv_pool_20190126-W-Australian_Open-F-Naomi_Osaka-Petra_Kvitova:0146,146,16,15,osaka,osaka,surname,,,object,attr,SHOT,3,,26.04,42.4,24.04,True,SHOT,24.04
tv_pool_20190126-W-Australian_Open-F-Naomi_Osaka-Petra_Kvitova,tv_pool_20190126-W-Australian_Open-F-Naomi_Osaka-Petra_Kvitova:0147,147,4,4,osaka,osaka,surname,,,possessive,poss,OTHER,3,,27,26.04,25.04,True,OTHER,25.04
tv_pool_20190126-W-Australian_Open-F-Naomi_Osaka-Petra_Kvitova,tv_pool_20190126-W-Australian_Open-F-Naomi_Osaka-Petra_Kvitova:0148,148,27,24,kvitova,kvitova,surname,,,subject,nsubj,JUDGE,3,,99.16,27,97.16,True,JUDGE,97.16
tv_pool_20190126-W-Australian_Open-F-Naomi_Osaka-Petra_Kvitova,tv_pool_20190126-W-Australian_Open-F-Naomi_Osaka-Petra_Kvitova:0149,149,16,16,kvitova,kvitova,surname,,,after_preposition,pobj,OTHER,3,,15.16,99.16,13.92,True,OTHER,13.92
tv_pool_20190126-W-Australian_Open-F-Naomi_Osaka-Petra_Kvitova,tv_pool_20190126-W-Australian_Open-F-Naomi_Osaka-Petra_Kvitova:0152,152,12,10,osaka,osaka,surname,,,subject,nsubjpass,JUDGE,3,,19.44,11.4,16.64,True,JUDGE,16.64
tv_pool_20190126-W-Australian_Open-F-Naomi_Osaka-Petra_Kvitova,tv_pool_20190126-W-Australian_Open-F-Naomi_Osaka-Petra_Kvitova:0152,152,21,18,kvitova,kvitova,surname,,,subject,nsubj,STAT,3,,19.44,11.4,16.64,True,STAT,16.64
tv_pool_20190126-W-Australian_Open-F-Naomi_Osaka-Petra_Kvitova,tv_pool_20190126-W-Australian_Open-F-Naomi_Osaka-Petra_Kvitova:0157,157,36,32,osaka,naomi osaka,full_name,,,after_preposition,pobj,STAT,6,,38.72,13.16,36.68,True,STAT,36.68
tv_pool_20190126-W-Australian_Open-F-Naomi_Osaka-Petra_Kvitova,tv_pool_20190126-W-Australian_Open-F-Naomi_Osaka-Petra_Kvitova:0157,157,54,47,osaka,osaka,surname,,,subject,nsubj,OTHER,3,,38.72,13.16,36.68,True,OTHER,36.68
tv_pool_20190126-W-Australian_Open-F-Naomi_Osaka-Petra_Kvitova,tv_pool_20190126-W-Australian_Open-F-Naomi_Osaka-Petra_Kvitova:0160,160,43,39,kvitova,kvitova,surname,,,subject,nsubjpass,SHOT,3,,33,12.76,31,True,SHOT,31
tv_pool_20190126-W-Australian_Open-F-Naomi_Osaka-Petra_Kvitova,tv_pool_20190126-W-Australian_Open-F-Naomi_Osaka-Petra_Kvitova:0162,162,8,8,kvitova,kvitova,surname,,,after_preposition,pobj,OTHER,3,,26.56,26.88,23.76,True,OTHER,23.76
tv_pool_20190126-W-Australian_Open-F-Naomi_Osaka-Petra_Kvitova,tv_pool_20190126-W-Australian_Open-F-Naomi_Osaka-Petra_Kvitova:0164,164,3,3,kvitova,petra kvitova,full_name,,,after_preposition,pobj,SHOT,5,,26.12,27.2,24.12,True,SHOT,24.12
tv_pool_20190126-W-Australian_Open-F-Naomi_Osaka-Petra_Kvitova,tv_pool_20190126-W-Australian_Open-F-Naomi_Osaka-Petra_Kvitova:0169,169,4,4,kvitova,petra,first_name,,,other,compound,SHOT,2,,17.92,20.44,15.88,True,SHOT,15.88
tv_pool_20190126-W-Australian_Open-F-Naomi_Osaka-Petra_Kvitova,tv_pool_20190126-W-Australian_Open-F-Naomi_Osaka-Petra_Kvitova:0173,173,25,22,osaka,osaka,surname,,,after_preposition,appos,CROWD,3,,42.12,19.88,40.08,True,CROWD,40.08
tv_pool_20190126-W-Australian_Open-F-Naomi_Osaka-Petra_Kvitova,tv_pool_20190126-W-Australian_Open-F-Naomi_Osaka-Petra_Kvitova:0175,175,35,30,kvitova,kvitova,surname,,,after_preposition,pobj,OTHER,3,,37.04,39.28,35,True,OTHER,35
tv_pool_20190126-W-Australian_Open-F-Naomi_Osaka-Petra_Kvitova,tv_pool_20190126-W-Australian_Open-F-Naomi_Osaka-Petra_Kvitova:0175,175,49,42,osaka,naomi osaka,full_name,,,after_preposition,pobj,JUDGE,6,,37.04,39.28,35,True,JUDGE,35
tv_pool_20190126-W-Australian_Open-F-Naomi_Osaka-Petra_Kvitova,tv_pool_20190126-W-Australian_Open-F-Naomi_Osaka-Petra_Kvitova:0175,175,66,58,kvitova,kvitova,surname,,,after_preposition,pobj,OTHER,3,,37.04,39.28,35,True,OTHER,35
tv_pool_20190126-W-Australian_Open-F-Naomi_Osaka-Petra_Kvitova,tv_pool_20190126-W-Australian_Open-F-Naomi_Osaka-Petra_Kvitova:0176,176,24,22,osaka,osaka,surname,,,after_preposition,pobj,JUDGE,3,,29.36,37.04,27.36,True,JUDGE,27.36
tv_pool_20190126-W-Australian_Open-F-Naomi_Osaka-Petra_Kvitova,tv_pool_20190126-W-Australian_Open-F-Naomi_Osaka-Petra_Kvitova:0180,180,4,4,kvitova,kvitova,surname,,,after_preposition,pobj,SHOT,3,,30.32,28.32,28.32,True,SHOT,28.32
tv_pool_20190126-W-Australian_Open-F-Naomi_Osaka-Petra_Kvitova,tv_pool_20190126-W-Australian_Open-F-Naomi_Osaka-Petra_Kvitova:0182,182,20,17,kvitova,kvitova,surname,,,possessive,poss,SHOT,3,,19.6,134.84,17.64,True,SHOT,17.64
tv_pool_20190126-W-Australian_Open-F-Naomi_Osaka-Petra_Kvitova,tv_pool_20190126-W-Australian_Open-F-Naomi_Osaka-Petra_Kvitova:0184,184,20,18,osaka,osaka,surname,,,after_preposition,appos,OTHER,3,,10.76,29.32,8.8,True,OTHER,8.8
tv_pool_20190126-W-Australian_Open-F-Naomi_Osaka-Petra_Kvitova,tv_pool_20190126-W-Australian_Open-F-Naomi_Osaka-Petra_Kvitova:0184,184,38,34,kvitova,kvitova,surname,,,other,ROOT,OTHER,3,,10.76,29.32,8.8,True,OTHER,8.8
tv_pool_20190126-W-Australian_Open-F-Naomi_Osaka-Petra_Kvitova,tv_pool_20190126-W-Australian_Open-F-Naomi_Osaka-Petra_Kvitova:0184,184,55,49,osaka,osaka,surname,,,vocative_exclamation,npadvmod,OTHER,3,,10.76,29.32,8.8,True,OTHER,8.8
tv_pool_20190126-W-Australian_Open-F-Naomi_Osaka-Petra_Kvitova,tv_pool_20190126-W-Australian_Open-F-Naomi_Osaka-Petra_Kvitova:0186,186,20,18,kvitova,the czech,epithet,epithet_nationality,nationality,other,det,OTHER,2,,218.08,34.96,215.24,True,OTHER,215.24
tv_pool_20190126-W-Australian_Open-F-Naomi_Osaka-Petra_Kvitova,tv_pool_20190126-W-Australian_Open-F-Naomi_Osaka-Petra_Kvitova:0186,186,40,34,UNRESOLVED,the world number one,epithet,epithet_descriptive,unresolved,other,det,STAT,5,,218.08,34.96,215.24,True,STAT,215.24
tv_pool_20190126-W-Australian_Open-F-Naomi_Osaka-Petra_Kvitova,tv_pool_20190126-W-Australian_Open-F-Naomi_Osaka-Petra_Kvitova:0186,186,77,66,osaka,naomi osaka,full_name,,,subject,nsubj,OTHER,6,,218.08,34.96,215.24,True,OTHER,215.24
tv_pool_20190126-W-Australian_Open-F-Naomi_Osaka-Petra_Kvitova,tv_pool_20190126-W-Australian_Open-F-Naomi_Osaka-Petra_Kvitova:0186,186,128,114,osaka,naomi,first_name,,,other,compound,OTHER,3,,218.08,34.96,215.24,True,OTHER,215.24
tv_pool_20190126-W-Australian_Open-F-Naomi_Osaka-Petra_Kvitova,tv_pool_20190126-W-Australian_Open-F-Naomi_Osaka-Petra_Kvitova:0186,186,145,130,kvitova,petra,first_name,,,other,punct,SHOT,2,,218.08,34.96,215.24,True,SHOT,215.24
tv_pool_20190126-W-Australian_Open-F-Naomi_Osaka-Petra_Kvitova,tv_pool_20190126-W-Australian_Open-F-Naomi_Osaka-Petra_Kvitova:0186,186,167,151,osaka,naomi,first_name,,,other,compound,OTHER,3,,218.08,34.96,215.24,True,OTHER,215.24
tv_pool_20190126-W-Australian_Open-F-Naomi_Osaka-Petra_Kvitova,tv_pool_20190126-W-Australian_Open-F-Naomi_Osaka-Petra_Kvitova:0186,186,172,156,kvitova,petra kvitova,full_name,,,subject,nsubj,OTHER,5,,218.08,34.96,215.24,True,OTHER,215.24
tv_pool_20190126-W-Australian_Open-F-Naomi_Osaka-Petra_Kvitova,tv_pool_20190126-W-Australian_Open-F-Naomi_Osaka-Petra_Kvitova:0188,188,21,20,osaka,osaka,surname,,,object,attr,OTHER,3,,33.44,23.2,31.44,True,OTHER,31.44
tv_pool_20190126-W-Australian_Open-F-Naomi_Osaka-Petra_Kvitova,tv_pool_20190126-W-Australian_Open-F-Naomi_Osaka-Petra_Kvitova:0189,189,9,8,kvitova,kvitova,surname,,,after_preposition,pobj,OTHER,3,,62.8,33.44,60.76,True,OTHER,60.76
tv_pool_20190126-W-Australian_Open-F-Naomi_Osaka-Petra_Kvitova,tv_pool_20190126-W-Australian_Open-F-Naomi_Osaka-Petra_Kvitova:0190,190,6,6,kvitova,kvitova,surname,,,after_preposition,pobj,JUDGE,3,,20.92,62.8,18.88,True,JUDGE,18.88
tv_pool_20190126-W-Australian_Open-F-Naomi_Osaka-Petra_Kvitova,tv_pool_20190126-W-Australian_Open-F-Naomi_Osaka-Petra_Kvitova:0190,190,29,25,kvitova,kvitova,surname,,,after_preposition,pobj,OTHER,3,,20.92,62.8,18.88,True,OTHER,18.88
tv_pool_20190126-W-Australian_Open-F-Naomi_Osaka-Petra_Kvitova,tv_pool_20190126-W-Australian_Open-F-Naomi_Osaka-Petra_Kvitova:0193,193,15,15,osaka,osaka,surname,,,after_preposition,pobj,OTHER,3,,33.12,35.28,31.12,True,OTHER,31.12
tv_pool_20190126-W-Australian_Open-F-Naomi_Osaka-Petra_Kvitova,tv_pool_20190126-W-Australian_Open-F-Naomi_Osaka-Petra_Kvitova:0193,193,31,29,kvitova,kvitova,surname,,,possessive,poss,STAT,3,,33.12,35.28,31.12,True,STAT,31.12
tv_pool_20190126-W-Australian_Open-F-Naomi_Osaka-Petra_Kvitova,tv_pool_20190126-W-Australian_Open-F-Naomi_Osaka-Petra_Kvitova:0199,199,17,13,osaka,osaka,surname,,,possessive,poss,OTHER,3,,23.28,24.08,21.28,True,OTHER,21.28
tv_pool_20190126-W-Australian_Open-F-Naomi_Osaka-Petra_Kvitova,tv_pool_20190126-W-Australian_Open-F-Naomi_Osaka-Petra_Kvitova:0201,201,60,57,osaka,osaka,surname,,,subject,nsubj,JUDGE,3,,51.44,24.92,47.16,True,JUDGE,47.16
tv_pool_20190126-W-Australian_Open-F-Naomi_Osaka-Petra_Kvitova,tv_pool_20190126-W-Australian_Open-F-Naomi_Osaka-Petra_Kvitova:0202,202,48,45,kvitova,petra,first_name,,,after_preposition,pobj,SHOT,2,,106.6,51.44,104.56,True,SHOT,104.56
tv_pool_20190126-W-Australian_Open-F-Naomi_Osaka-Petra_Kvitova,tv_pool_20190126-W-Australian_Open-F-Naomi_Osaka-Petra_Kvitova:0202,202,50,46,osaka,naomi,first_name,,,vocative_exclamation,ROOT,SHOT,3,,106.6,51.44,104.56,True,SHOT,104.56
tv_pool_20190126-W-Australian_Open-F-Naomi_Osaka-Petra_Kvitova,tv_pool_20190126-W-Australian_Open-F-Naomi_Osaka-Petra_Kvitova:0202,202,69,60,kvitova,petra,first_name,,,subject,nsubj,JUDGE,2,,106.6,51.44,104.56,True,JUDGE,104.56
tv_pool_20190126-W-Australian_Open-F-Naomi_Osaka-Petra_Kvitova,tv_pool_20190126-W-Australian_Open-F-Naomi_Osaka-Petra_Kvitova:0202,202,90,79,osaka,osaka,surname,,,possessive,poss,JUDGE,3,,106.6,51.44,104.56,True,JUDGE,104.56
tv_pool_20190126-W-Australian_Open-F-Naomi_Osaka-Petra_Kvitova,tv_pool_20190126-W-Australian_Open-F-Naomi_Osaka-Petra_Kvitova:0202,202,101,88,osaka,osaka,surname,,,possessive,poss,OTHER,3,,106.6,51.44,104.56,True,OTHER,104.56
tv_pool_20190126-W-Australian_Open-F-Naomi_Osaka-Petra_Kvitova,tv_pool_20190126-W-Australian_Open-F-Naomi_Osaka-Petra_Kvitova:0204,204,15,12,osaka,naomi osaka,full_name,,,other,ROOT,SHOT,6,,17.72,16.64,15.72,True,SHOT,15.72
tv_pool_20190126-W-Australian_Open-F-Naomi_Osaka-Petra_Kvitova,tv_pool_20190126-W-Australian_Open-F-Naomi_Osaka-Petra_Kvitova:0208,208,37,34,osaka,osaka,surname,,,other,nmod,SCORE,3,,37.6,18.88,35.64,True,SCORE,35.64
tv_pool_20190126-W-Australian_Open-F-Naomi_Osaka-Petra_Kvitova,tv_pool_20190126-W-Australian_Open-F-Naomi_Osaka-Petra_Kvitova:0208,208,85,76,kvitova,kvitova,surname,,,object,dative,OTHER,3,,37.6,18.88,35.64,True,OTHER,35.64
tv_pool_20190126-W-Australian_Open-F-Naomi_Osaka-Petra_Kvitova,tv_pool_20190126-W-Australian_Open-F-Naomi_Osaka-Petra_Kvitova:0208,208,99,88,osaka,osaka,surname,,,subject,nsubj,JUDGE,3,,37.6,18.88,35.64,True,JUDGE,35.64
tv_pool_20190126-W-Australian_Open-F-Naomi_Osaka-Petra_Kvitova,tv_pool_20190126-W-Australian_Open-F-Naomi_Osaka-Petra_Kvitova:0208,208,153,137,kvitova,petra kvitova,full_name,,,subject,nsubj,OTHER,5,,37.6,18.88,35.64,True,OTHER,35.64
tv_pool_20190126-W-Australian_Open-F-Naomi_Osaka-Petra_Kvitova,tv_pool_20190126-W-Australian_Open-F-Naomi_Osaka-Petra_Kvitova:0213,213,2,2,osaka,osaka,surname,,,subject,nsubj,OTHER,3,,25.24,25.24,22.68,True,OTHER,22.68
tv_pool_20190126-W-Australian_Open-F-Naomi_Osaka-Petra_Kvitova,tv_pool_20190126-W-Australian_Open-F-Naomi_Osaka-Petra_Kvitova:0213,213,59,56,osaka,osaka,surname,,,after_preposition,pobj,OTHER,3,,25.24,25.24,22.68,True,OTHER,22.68
tv_pool_20190126-W-Australian_Open-F-Naomi_Osaka-Petra_Kvitova,tv_pool_20190126-W-Australian_Open-F-Naomi_Osaka-Petra_Kvitova:0217,217,22,19,kvitova,kvitova,surname,,,vocative_exclamation,npadvmod,OTHER,3,,104.2,26.16,102.16,True,OTHER,102.16
tv_pool_20190126-W-Australian_Open-F-Naomi_Osaka-Petra_Kvitova,tv_pool_20190126-W-Australian_Open-F-Naomi_Osaka-Petra_Kvitova:0217,217,27,22,osaka,osaka,surname,,,vocative_exclamation,npadvmod,OTHER,3,,104.2,26.16,102.16,True,OTHER,102.16
tv_pool_20190126-W-Australian_Open-F-Naomi_Osaka-Petra_Kvitova,tv_pool_20190126-W-Australian_Open-F-Naomi_Osaka-Petra_Kvitova:0224,224,13,13,kvitova,kvitova,surname,,,after_preposition,pobj,OTHER,3,,8.6,16.52,6.56,True,OTHER,6.56
tv_pool_20190126-W-Australian_Open-F-Naomi_Osaka-Petra_Kvitova,tv_pool_20190126-W-Australian_Open-F-Naomi_Osaka-Petra_Kvitova:0231,231,3,3,kvitova,petra,first_name,,,subject,nsubj,OTHER,2,,32.52,26.36,30.52,True,OTHER,30.52
tv_pool_20190126-W-Australian_Open-F-Naomi_Osaka-Petra_Kvitova,tv_pool_20190126-W-Australian_Open-F-Naomi_Osaka-Petra_Kvitova:0231,231,21,19,osaka,naomi,first_name,,,after_preposition,pobj,OTHER,3,,32.52,26.36,30.52,True,OTHER,30.52
tv_pool_20190126-W-Australian_Open-F-Naomi_Osaka-Petra_Kvitova,tv_pool_20190126-W-Australian_Open-F-Naomi_Osaka-Petra_Kvitova:0233,233,7,7,kvitova,kvitova,surname,,,object,dobj,OTHER,3,,28.48,11.44,25.68,True,OTHER,25.68
tv_pool_20190126-W-Australian_Open-F-Naomi_Osaka-Petra_Kvitova,tv_pool_20190126-W-Australian_Open-F-Naomi_Osaka-Petra_Kvitova:0233,233,50,48,osaka,osaka,surname,,,after_preposition,pobj,OTHER,3,,28.48,11.44,25.68,True,OTHER,25.68
tv_pool_20190126-W-Australian_Open-F-Naomi_Osaka-Petra_Kvitova,tv_pool_20190126-W-Australian_Open-F-Naomi_Osaka-Petra_Kvitova:0236,236,15,12,kvitova,petra,first_name,,,subject,nsubj,JUDGE,2,,55.32,26,53.36,True,JUDGE,53.36
tv_pool_20190126-W-Australian_Open-F-Naomi_Osaka-Petra_Kvitova,tv_pool_20190126-W-Australian_Open-F-Naomi_Osaka-Petra_Kvitova:0236,236,25,21,osaka,osaka,surname,,,subject,nsubj,OTHER,3,,55.32,26,53.36,True,OTHER,53.36
tv_pool_20190126-W-Australian_Open-F-Naomi_Osaka-Petra_Kvitova,tv_pool_20190126-W-Australian_Open-F-Naomi_Osaka-Petra_Kvitova:0236,236,42,36,kvitova,petra,first_name,,,object,dative,SHOT,2,,55.32,26,53.36,True,SHOT,53.36
tv_pool_20190126-W-Australian_Open-F-Naomi_Osaka-Petra_Kvitova,tv_pool_20190126-W-Australian_Open-F-Naomi_Osaka-Petra_Kvitova:0238,238,28,23,kvitova,kvitova,surname,,,vocative_exclamation,npadvmod,SHOT,3,,101.2,25.92,99.16,True,SHOT,99.16
tv_pool_20190126-W-Australian_Open-F-Naomi_Osaka-Petra_Kvitova,tv_pool_20190126-W-Australian_Open-F-Naomi_Osaka-Petra_Kvitova:0238,238,44,37,osaka,osaka,surname,,,subject,nsubj,OTHER,3,,101.2,25.92,99.16,True,OTHER,99.16
tv_pool_20190126-W-Australian_Open-F-Naomi_Osaka-Petra_Kvitova,tv_pool_20190126-W-Australian_Open-F-Naomi_Osaka-Petra_Kvitova:0238,238,140,131,osaka,naomi,first_name,,,subject,nsubj,JUDGE,3,,101.2,25.92,99.16,True,JUDGE,99.16
tv_pool_20190126-W-Australian_Open-F-Naomi_Osaka-Petra_Kvitova,tv_pool_20190126-W-Australian_Open-F-Naomi_Osaka-Petra_Kvitova:0241,241,40,33,kvitova,kvitova,surname,,,subject,nsubj,OTHER,3,,40.68,11.08,38.68,True,OTHER,38.68
tv_pool_20190126-W-Australian_Open-F-Naomi_Osaka-Petra_Kvitova,tv_pool_20190126-W-Australian_Open-F-Naomi_Osaka-Petra_Kvitova:0243,243,12,11,osaka,osaka,surname,,,subject,nsubj,SHOT,3,,18.52,10.92,16.56,True,SHOT,16.56
tv_pool_20190126-W-Australian_Open-F-Naomi_Osaka-Petra_Kvitova,tv_pool_20190126-W-Australian_Open-F-Naomi_Osaka-Petra_Kvitova:0246,246,7,7,kvitova,the czech,epithet,epithet_nationality,nationality,other,det,JUDGE,2,,29.84,46.68,27.84,True,JUDGE,27.84
tv_pool_20190126-W-Australian_Open-F-Naomi_Osaka-Petra_Kvitova,tv_pool_20190126-W-Australian_Open-F-Naomi_Osaka-Petra_Kvitova:0256,256,0,0,osaka,naomi osaka,full_name,,,subject,nsubj,OTHER,6,,,20,,True,OTHER,
tv_pool_20200202-M-Australian_Open-F-Novak_Djokovic-Dominic_Thiem,tv_pool_20200202-M-Australian_Open-F-Novak_Djokovic-Dominic_Thiem:0001,1,56,51,djokovic,novak,first_name,,,after_preposition,pobj,JUDGE,2,,43.84,50.72,41.72,True,JUDGE,41.72
tv_pool_20200202-M-Australian_Open-F-Novak_Djokovic-Dominic_Thiem,tv_pool_20200202-M-Australian_Open-F-Novak_Djokovic-Dominic_Thiem:0002,2,32,29,djokovic,djokovic,surname,,,after_preposition,pobj,OTHER,3,,58.04,43.84,56,True,OTHER,56
tv_pool_20200202-M-Australian_Open-F-Novak_Djokovic-Dominic_Thiem,tv_pool_20200202-M-Australian_Open-F-Novak_Djokovic-Dominic_Thiem:0004,4,30,27,djokovic,djokovic,surname,,,other,compound,SHOT,3,,24.04,22.56,22.04,True,SHOT,22.04
tv_pool_20200202-M-Australian_Open-F-Novak_Djokovic-Dominic_Thiem,tv_pool_20200202-M-Australian_Open-F-Novak_Djokovic-Dominic_Thiem:0006,6,71,62,djokovic,novak,first_name,,,after_preposition,appos,OTHER,2,,29.28,31.84,27.2,True,OTHER,27.2
tv_pool_20200202-M-Australian_Open-F-Novak_Djokovic-Dominic_Thiem,tv_pool_20200202-M-Australian_Open-F-Novak_Djokovic-Dominic_Thiem:0011,11,10,8,djokovic,djokovic,surname,,,object,dobj,OTHER,3,,28.72,53.16,25.96,True,OTHER,25.96
tv_pool_20200202-M-Australian_Open-F-Novak_Djokovic-Dominic_Thiem,tv_pool_20200202-M-Australian_Open-F-Novak_Djokovic-Dominic_Thiem:0014,14,13,13,djokovic,novak,first_name,,,object,dobj,OTHER,2,,29.6,12.12,27.52,True,OTHER,27.52
tv_pool_20200202-M-Australian_Open-F-Novak_Djokovic-Dominic_Thiem,tv_pool_20200202-M-Australian_Open-F-Novak_Djokovic-Dominic_Thiem:0014,14,48,46,djokovic,novak,first_name,,,object,dobj,OTHER,2,,29.6,12.12,27.52,True,OTHER,27.52
tv_pool_20200202-M-Australian_Open-F-Novak_Djokovic-Dominic_Thiem,tv_pool_20200202-M-Australian_Open-F-Novak_Djokovic-Dominic_Thiem:0015,15,31,26,djokovic,novak,first_name,,,subject,nsubj,OTHER,2,,91.68,29.6,90.76,True,OTHER,90.76
tv_pool_20200202-M-Australian_Open-F-Novak_Djokovic-Dominic_Thiem,tv_pool_20200202-M-Australian_Open-F-Novak_Djokovic-Dominic_Thiem:0016,16,63,53,djokovic,djokovic,surname,,,vocative_exclamation,npadvmod,JUDGE,3,,29.4,91.68,27.32,True,JUDGE,27.32
tv_pool_20200202-M-Australian_Open-F-Novak_Djokovic-Dominic_Thiem,tv_pool_20200202-M-Australian_Open-F-Novak_Djokovic-Dominic_Thiem:0020,20,15,12,djokovic,novak djokovic,full_name,,,vocative_exclamation,npadvmod,OTHER,5,,107.12,18.24,105.2,True,OTHER,105.2
tv_pool_20200202-M-Australian_Open-F-Novak_Djokovic-Dominic_Thiem,tv_pool_20200202-M-Australian_Open-F-Novak_Djokovic-Dominic_Thiem:0020,20,105,88,djokovic,novak,first_name,,,subject,nsubj,JUDGE,2,,107.12,18.24,105.2,True,JUDGE,105.2
tv_pool_20200202-M-Australian_Open-F-Novak_Djokovic-Dominic_Thiem,tv_pool_20200202-M-Australian_Open-F-Novak_Djokovic-Dominic_Thiem:0020,20,133,114,djokovic,novak,first_name,,,after_preposition,pobj,SHOT,2,,107.12,18.24,105.2,True,SHOT,105.2
tv_pool_20200202-M-Australian_Open-F-Novak_Djokovic-Dominic_Thiem,tv_pool_20200202-M-Australian_Open-F-Novak_Djokovic-Dominic_Thiem:0020,20,150,128,thiem,dominic thiem,full_name,,,after_preposition,pobj,SHOT,4,,107.12,18.24,105.2,True,SHOT,105.2
tv_pool_20200202-M-Australian_Open-F-Novak_Djokovic-Dominic_Thiem,tv_pool_20200202-M-Australian_Open-F-Novak_Djokovic-Dominic_Thiem:0024,24,6,6,thiem,dominic,first_name,,,other,amod,OTHER,3,,29.16,36.84,27.08,True,OTHER,27.08
tv_pool_20200202-M-Australian_Open-F-Novak_Djokovic-Dominic_Thiem,tv_pool_20200202-M-Australian_Open-F-Novak_Djokovic-Dominic_Thiem:0027,27,37,33,djokovic,djokovic,surname,,,after_preposition,pobj,OTHER,3,,39.52,29.32,37.52,True,OTHER,37.52
tv_pool_20200202-M-Australian_Open-F-Novak_Djokovic-Dominic_Thiem,tv_pool_20200202-M-Australian_Open-F-Novak_Djokovic-Dominic_Thiem:0034,34,16,13,djokovic,djokovic,surname,,,subject,nsubj,OTHER,3,,103.68,103.24,101.6,True,OTHER,101.6
tv_pool_20200202-M-Australian_Open-F-Novak_Djokovic-Dominic_Thiem,tv_pool_20200202-M-Australian_Open-F-Novak_Djokovic-Dominic_Thiem:0036,36,65,55,thiem,dominic thiem,full_name,,,object,appos,OTHER,4,,11.44,25.36,8.72,True,OTHER,8.72
tv_pool_20200202-M-Australian_Open-F-Novak_Djokovic-Dominic_Thiem,tv_pool_20200202-M-Australian_Open-F-Novak_Djokovic-Dominic_Thiem:0038,38,41,34,djokovic,djokovic,surname,,,subject,nsubj,OTHER,3,,85.32,25.88,83.28,True,OTHER,83.28
tv_pool_20200202-M-Australian_Open-F-Novak_Djokovic-Dominic_Thiem,tv_pool_20200202-M-Australian_Open-F-Novak_Djokovic-Dominic_Thiem:0039,39,7,6,djokovic,novak,first_name,,,subject,nsubj,OTHER,2,,26.32,85.32,24.24,True,OTHER,24.24
tv_pool_20200202-M-Australian_Open-F-Novak_Djokovic-Dominic_Thiem,tv_pool_20200202-M-Australian_Open-F-Novak_Djokovic-Dominic_Thiem:0039,39,24,22,djokovic,novak,first_name,,,subject,nsubj,SHOT,2,,26.32,85.32,24.24,True,SHOT,24.24
tv_pool_20200202-M-Australian_Open-F-Novak_Djokovic-Dominic_Thiem,tv_pool_20200202-M-Australian_Open-F-Novak_Djokovic-Dominic_Thiem:0040,40,50,46,djokovic,djokovic,surname,,,possessive,poss,OTHER,3,,33.04,26.32,32.24,True,OTHER,32.24
tv_pool_20200202-M-Australian_Open-F-Novak_Djokovic-Dominic_Thiem,tv_pool_20200202-M-Australian_Open-F-Novak_Djokovic-Dominic_Thiem:0043,43,33,30,djokovic,novak,first_name,,,subject,nsubj,OTHER,2,,48.52,36.44,46.48,True,OTHER,46.48
tv_pool_20200202-M-Australian_Open-F-Novak_Djokovic-Dominic_Thiem,tv_pool_20200202-M-Australian_Open-F-Novak_Djokovic-Dominic_Thiem:0046,46,5,5,thiem,thiem,surname,,,after_preposition,pobj,SCORE,1,,103.12,44.36,101.04,True,SCORE,101.04
tv_pool_20200202-M-Australian_Open-F-Novak_Djokovic-Dominic_Thiem,tv_pool_20200202-M-Australian_Open-F-Novak_Djokovic-Dominic_Thiem:0046,46,21,18,thiem,the austrian,epithet,epithet_nationality,nationality,after_preposition,pobj,OTHER,4,,103.12,44.36,101.04,True,OTHER,101.04
tv_pool_20200202-M-Australian_Open-F-Novak_Djokovic-Dominic_Thiem,tv_pool_20200202-M-Australian_Open-F-Novak_Djokovic-Dominic_Thiem:0046,46,30,25,djokovic,djokovic,surname,,,subject,nsubj,SCORE,3,leads_games,103.12,44.36,101.04,True,SCORE,101.04
tv_pool_20200202-M-Australian_Open-F-Novak_Djokovic-Dominic_Thiem,tv_pool_20200202-M-Australian_Open-F-Novak_Djokovic-Dominic_Thiem:0047,47,103,94,djokovic,novak,first_name,,,subject,nsubj,JUDGE,2,,11.64,103.12,7.92,True,JUDGE,7.92
tv_pool_20200202-M-Australian_Open-F-Novak_Djokovic-Dominic_Thiem,tv_pool_20200202-M-Australian_Open-F-Novak_Djokovic-Dominic_Thiem:0048,48,3,3,djokovic,djokovic,surname,,,subject,nsubj,JUDGE,3,,24.12,11.64,22.04,True,JUDGE,22.04
tv_pool_20200202-M-Australian_Open-F-Novak_Djokovic-Dominic_Thiem,tv_pool_20200202-M-Australian_Open-F-Novak_Djokovic-Dominic_Thiem:0053,53,4,4,thiem,dominic thiem,full_name,,,subject,nsubj,SCORE,4,,66.56,26.44,64.52,True,SCORE,64.52
tv_pool_20200202-M-Australian_Open-F-Novak_Djokovic-Dominic_Thiem,tv_pool_20200202-M-Australian_Open-F-Novak_Djokovic-Dominic_Thiem:0054,54,54,46,djokovic,novak,first_name,,,subject,nsubj,JUDGE,2,,41.56,66.56,40.2,True,JUDGE,40.2
tv_pool_20200202-M-Australian_Open-F-Novak_Djokovic-Dominic_Thiem,tv_pool_20200202-M-Australian_Open-F-Novak_Djokovic-Dominic_Thiem:0057,57,69,57,djokovic,novak,first_name,,,other,ROOT,JUDGE,2,,36.76,41.8,34.68,True,JUDGE,34.68
tv_pool_20200202-M-Australian_Open-F-Novak_Djokovic-Dominic_Thiem,tv_pool_20200202-M-Australian_Open-F-Novak_Djokovic-Dominic_Thiem:0058,58,42,34,djokovic,novak,first_name,,,possessive,nsubj,OTHER,2,,29.72,36.76,27.68,True,OTHER,27.68
tv_pool_20200202-M-Australian_Open-F-Novak_Djokovic-Dominic_Thiem,tv_pool_20200202-M-Australian_Open-F-Novak_Djokovic-Dominic_Thiem:0059,59,14,11,thiem,dominic thiem,full_name,,,object,appos,STAT,4,,25.88,29.72,23.8,True,STAT,23.8
tv_pool_20200202-M-Australian_Open-F-Novak_Djokovic-Dominic_Thiem,tv_pool_20200202-M-Australian_Open-F-Novak_Djokovic-Dominic_Thiem:0059,59,25,19,djokovic,novak,first_name,,,subject,nsubj,OTHER,2,,25.88,29.72,23.8,True,OTHER,23.8
tv_pool_20200202-M-Australian_Open-F-Novak_Djokovic-Dominic_Thiem,tv_pool_20200202-M-Australian_Open-F-Novak_Djokovic-Dominic_Thiem:0063,63,0,0,djokovic,novak,first_name,,,possessive,nsubj,OTHER,2,,29.52,33.12,27.4,True,OTHER,27.4
tv_pool_20200202-M-Australian_Open-F-Novak_Djokovic-Dominic_Thiem,tv_pool_20200202-M-Australian_Open-F-Novak_Djokovic-Dominic_Thiem:0065,65,6,6,thiem,dominic thiem,full_name,,,after_preposition,pobj,OTHER,4,,28.24,10.48,26.2,True,OTHER,26.2
tv_pool_20200202-M-Australian_Open-F-Novak_Djokovic-Dominic_Thiem,tv_pool_20200202-M-Australian_Open-F-Novak_Djokovic-Dominic_Thiem:0068,68,9,7,thiem,dominic thiem,full_name,,,possessive,poss,SCORE,4,,35.44,31.28,33.4,True,SCORE,33.4
tv_pool_20200202-M-Australian_Open-F-Novak_Djokovic-Dominic_Thiem,tv_pool_20200202-M-Australian_Open-F-Novak_Djokovic-Dominic_Thiem:0068,68,44,37,djokovic,novak,first_name,,,subject,nsubj,JUDGE,2,,35.44,31.28,33.4,True,JUDGE,33.4
tv_pool_20200202-M-Australian_Open-F-Novak_Djokovic-Dominic_Thiem,tv_pool_20200202-M-Australian_Open-F-Novak_Djokovic-Dominic_Thiem:0068,68,69,60,djokovic,novak,first_name,,,subject,nsubj,OTHER,2,,35.44,31.28,33.4,True,OTHER,33.4
tv_pool_20200202-M-Australian_Open-F-Novak_Djokovic-Dominic_Thiem,tv_pool_20200202-M-Australian_Open-F-Novak_Djokovic-Dominic_Thiem:0069,69,10,9,djokovic,djokovic,surname,,,after_preposition,pobj,OTHER,3,,50.4,35.44,48.36,True,OTHER,48.36
tv_pool_20200202-M-Australian_Open-F-Novak_Djokovic-Dominic_Thiem,tv_pool_20200202-M-Australian_Open-F-Novak_Djokovic-Dominic_Thiem:0074,74,19,16,djokovic,novak djokovic,full_name,,,object,attr,SCORE,5,,157.08,11.84,154.96,True,SCORE,154.96
tv_pool_20200202-M-Australian_Open-F-Novak_Djokovic-Dominic_Thiem,tv_pool_20200202-M-Australian_Open-F-Novak_Djokovic-Dominic_Thiem:0075,75,8,6,djokovic,djokovic,surname,,,subject,nsubj,SHOT,3,,68.88,157.08,66.84,True,SHOT,66.84
tv_pool_20200202-M-Australian_Open-F-Novak_Djokovic-Dominic_Thiem,tv_pool_20200202-M-Australian_Open-F-Novak_Djokovic-Dominic_Thiem:0075,75,76,61,thiem,dominic thiem,full_name,,,object,attr,OTHER,4,,68.88,157.08,66.84,True,OTHER,66.84
tv_pool_20200202-M-Australian_Open-F-Novak_Djokovic-Dominic_Thiem,tv_pool_20200202-M-Australian_Open-F-Novak_Djokovic-Dominic_Thiem:0076,76,26,22,djokovic,djokovic,surname,,,subject,nsubj,SHOT,3,,22.36,68.88,20.32,True,SHOT,20.32
tv_pool_20200202-M-Australian_Open-F-Novak_Djokovic-Dominic_Thiem,tv_pool_20200202-M-Australian_Open-F-Novak_Djokovic-Dominic_Thiem:0077,77,8,8,djokovic,novak,first_name,,,after_preposition,pobj,OTHER,2,,54.68,22.36,52.56,True,OTHER,52.56
tv_pool_20200202-M-Australian_Open-F-Novak_Djokovic-Dominic_Thiem,tv_pool_20200202-M-Australian_Open-F-Novak_Djokovic-Dominic_Thiem:0080,80,12,9,thiem,dominic thiem,full_name,,,vocative_exclamation,ROOT,JUDGE,4,,24.44,12.08,22.32,True,JUDGE,22.32
tv_pool_20200202-M-Australian_Open-F-Novak_Djokovic-Dominic_Thiem,tv_pool_20200202-M-Australian_Open-F-Novak_Djokovic-Dominic_Thiem:0080,80,29,24,djokovic,novak,first_name,,,after_preposition,pobj,OTHER,2,,24.44,12.08,22.32,True,OTHER,22.32
tv_pool_20200202-M-Australian_Open-F-Novak_Djokovic-Dominic_Thiem,tv_pool_20200202-M-Australian_Open-F-Novak_Djokovic-Dominic_Thiem:0080,80,35,29,djokovic,djokovic,surname,,,subject,nsubj,SHOT,3,,24.44,12.08,22.32,True,SHOT,22.32
tv_pool_20200202-M-Australian_Open-F-Novak_Djokovic-Dominic_Thiem,tv_pool_20200202-M-Australian_Open-F-Novak_Djokovic-Dominic_Thiem:0083,83,13,11,djokovic,novak,first_name,,,possessive,poss,CROWD,2,,37.56,25.28,35.52,True,CROWD,35.52
tv_pool_20200202-M-Australian_Open-F-Novak_Djokovic-Dominic_Thiem,tv_pool_20200202-M-Australian_Open-F-Novak_Djokovic-Dominic_Thiem:0085,85,3,2,djokovic,novak,first_name,,,possessive,poss,OTHER,2,,25.4,28.8,23.36,True,OTHER,23.36
tv_pool_20200202-M-Australian_Open-F-Novak_Djokovic-Dominic_Thiem,tv_pool_20200202-M-Australian_Open-F-Novak_Djokovic-Dominic_Thiem:0086,86,13,12,djokovic,novak,first_name,,,possessive,poss,OTHER,2,,28.76,25.4,25.88,True,OTHER,25.88
tv_pool_20200202-M-Australian_Open-F-Novak_Djokovic-Dominic_Thiem,tv_pool_20200202-M-Australian_Open-F-Novak_Djokovic-Dominic_Thiem:0092,92,13,13,thiem,dominic thiem,full_name,,,after_preposition,pobj,SHOT,4,,33.84,15.24,31.08,True,SHOT,31.08
tv_pool_20200202-M-Australian_Open-F-Novak_Djokovic-Dominic_Thiem,tv_pool_20200202-M-Australian_Open-F-Novak_Djokovic-Dominic_Thiem:0092,92,33,30,djokovic,djokovic,surname,,,object,dobj,OTHER,3,,33.84,15.24,31.08,True,OTHER,31.08
tv_pool_20200202-M-Australian_Open-F-Novak_Djokovic-Dominic_Thiem,tv_pool_20200202-M-Australian_Open-F-Novak_Djokovic-Dominic_Thiem:0092,92,52,47,thiem,thiem,surname,,,subject,nsubj,JUDGE,1,,33.84,15.24,31.08,True,JUDGE,31.08
tv_pool_20200202-M-Australian_Open-F-Novak_Djokovic-Dominic_Thiem,tv_pool_20200202-M-Australian_Open-F-Novak_Djokovic-Dominic_Thiem:0093,93,33,28,thiem,thiem,surname,,,subject,nsubj,JUDGE,1,,27.88,33.84,25.12,True,JUDGE,25.12
tv_pool_20200202-M-Australian_Open-F-Novak_Djokovic-Dominic_Thiem,tv_pool_20200202-M-Australian_Open-F-Novak_Djokovic-Dominic_Thiem:0093,93,64,56,djokovic,novak,first_name,,,subject,nsubj,OTHER,2,,27.88,33.84,25.12,True,OTHER,25.12
tv_pool_20200202-M-Australian_Open-F-Novak_Djokovic-Dominic_Thiem,tv_pool_20200202-M-Australian_Open-F-Novak_Djokovic-Dominic_Thiem:0094,94,13,13,djokovic,novak,first_name,,,vocative_exclamation,npadvmod,OTHER,2,,27.44,27.88,24.68,True,OTHER,24.68
tv_pool_20200202-M-Australian_Open-F-Novak_Djokovic-Dominic_Thiem,tv_pool_20200202-M-Australian_Open-F-Novak_Djokovic-Dominic_Thiem:0096,96,11,11,thiem,dominic thiem,full_name,,,subject,nsubj,OTHER,4,,36.8,118.2,34.76,True,OTHER,34.76
tv_pool_20200202-M-Australian_Open-F-Novak_Djokovic-Dominic_Thiem,tv_pool_20200202-M-Australian_Open-F-Novak_Djokovic-Dominic_Thiem:0097,97,21,19,thiem,dominic thiem,full_name,,,subject,nsubj,JUDGE,4,,22,36.8,19,True,JUDGE,19
tv_pool_20200202-M-Australian_Open-F-Novak_Djokovic-Dominic_Thiem,tv_pool_20200202-M-Australian_Open-F-Novak_Djokovic-Dominic_Thiem:0101,101,0,0,thiem,mr thiem,title_surname,,,subject,nsubj,OTHER,3,title_surname,18.68,100.52,16.64,True,OFFICIAL,16.64
tv_pool_20200202-M-Australian_Open-F-Novak_Djokovic-Dominic_Thiem,tv_pool_20200202-M-Australian_Open-F-Novak_Djokovic-Dominic_Thiem:0106,106,34,30,djokovic,djokovic,surname,,,other,compound,OTHER,3,,30,102.08,25.04,True,OTHER,25.04
tv_pool_20200202-M-Australian_Open-F-Novak_Djokovic-Dominic_Thiem,tv_pool_20200202-M-Australian_Open-F-Novak_Djokovic-Dominic_Thiem:0113,113,14,14,djokovic,novak,first_name,,,after_preposition,pobj,SHOT,2,,55.84,39.24,53.12,True,SHOT,53.12
tv_pool_20200202-M-Australian_Open-F-Novak_Djokovic-Dominic_Thiem,tv_pool_20200202-M-Australian_Open-F-Novak_Djokovic-Dominic_Thiem:0113,113,25,25,djokovic,novak,first_name,,,after_preposition,pobj,SHOT,2,,55.84,39.24,53.12,True,SHOT,53.12
tv_pool_20200202-M-Australian_Open-F-Novak_Djokovic-Dominic_Thiem,tv_pool_20200202-M-Australian_Open-F-Novak_Djokovic-Dominic_Thiem:0113,113,84,80,djokovic,novak,first_name,,,subject,nsubj,SHOT,2,,55.84,39.24,53.12,True,SHOT,53.12
tv_pool_20200202-M-Australian_Open-F-Novak_Djokovic-Dominic_Thiem,tv_pool_20200202-M-Australian_Open-F-Novak_Djokovic-Dominic_Thiem:0114,114,1,1,djokovic,novak,first_name,,,subject,nsubj,OTHER,2,,54.96,55.84,54.52,True,OTHER,54.52
tv_pool_20200202-M-Australian_Open-F-Novak_Djokovic-Dominic_Thiem,tv_pool_20200202-M-Australian_Open-F-Novak_Djokovic-Dominic_Thiem:0121,121,22,20,thiem,thiem,surname,,,after_preposition,pobj,OTHER,1,,109.36,9.92,107.24,True,OTHER,107.24
tv_pool_20200202-M-Australian_Open-F-Novak_Djokovic-Dominic_Thiem,tv_pool_20200202-M-Australian_Open-F-Novak_Djokovic-Dominic_Thiem:0123,123,17,16,djokovic,novak,first_name,,,after_preposition,pobj,OTHER,2,,23.36,10.72,21.28,True,OTHER,21.28
tv_pool_20200202-M-Australian_Open-F-Novak_Djokovic-Dominic_Thiem,tv_pool_20200202-M-Australian_Open-F-Novak_Djokovic-Dominic_Thiem:0126,126,18,18,thiem,dominic thiem,full_name,,,after_preposition,pobj,SHOT,4,,31.96,24.4,31.08,True,SHOT,31.08
tv_pool_20200202-M-Australian_Open-F-Novak_Djokovic-Dominic_Thiem,tv_pool_20200202-M-Australian_Open-F-Novak_Djokovic-Dominic_Thiem:0126,126,23,22,djokovic,novak djokovic,full_name,,,other,conj,OTHER,5,,31.96,24.4,31.08,True,OTHER,31.08
tv_pool_20200202-M-Australian_Open-F-Novak_Djokovic-Dominic_Thiem,tv_pool_20200202-M-Australian_Open-F-Novak_Djokovic-Dominic_Thiem:0126,126,49,45,djokovic,novak,first_name,,,other,amod,SHOT,2,,31.96,24.4,31.08,True,SHOT,31.08
tv_pool_20200202-M-Australian_Open-F-Novak_Djokovic-Dominic_Thiem,tv_pool_20200202-M-Australian_Open-F-Novak_Djokovic-Dominic_Thiem:0126,126,58,52,djokovic,novak,first_name,,,subject,nsubj,SHOT,2,,31.96,24.4,31.08,True,SHOT,31.08
tv_pool_20200202-M-Australian_Open-F-Novak_Djokovic-Dominic_Thiem,tv_pool_20200202-M-Australian_Open-F-Novak_Djokovic-Dominic_Thiem:0133,133,18,14,djokovic,djokovic,surname,,,subject,nsubj,OTHER,3,,39.32,25.52,37.28,True,OTHER,37.28
tv_pool_20200202-M-Australian_Open-F-Novak_Djokovic-Dominic_Thiem,tv_pool_20200202-M-Australian_Open-F-Novak_Djokovic-Dominic_Thiem:0133,133,44,36,djokovic,djokovic,surname,,,other,compound,OTHER,3,,39.32,25.52,37.28,True,OTHER,37.28
tv_pool_20200202-M-Australian_Open-F-Novak_Djokovic-Dominic_Thiem,tv_pool_20200202-M-Australian_Open-F-Novak_Djokovic-Dominic_Thiem:0133,133,81,70,djokovic,djokovic,surname,,,subject,nsubj,JUDGE,3,,39.32,25.52,37.28,True,JUDGE,37.28
tv_pool_20200202-M-Australian_Open-F-Novak_Djokovic-Dominic_Thiem,tv_pool_20200202-M-Australian_Open-F-Novak_Djokovic-Dominic_Thiem:0136,136,26,25,djokovic,novak,first_name,,,after_preposition,pobj,STAT,2,,29.88,16.88,27.84,True,STAT,27.84
tv_pool_20200202-M-Australian_Open-F-Novak_Djokovic-Dominic_Thiem,tv_pool_20200202-M-Australian_Open-F-Novak_Djokovic-Dominic_Thiem:0136,136,55,52,djokovic,novak,first_name,,,subject,nsubj,OTHER,2,,29.88,16.88,27.84,True,OTHER,27.84
tv_pool_20200202-M-Australian_Open-F-Novak_Djokovic-Dominic_Thiem,tv_pool_20200202-M-Australian_Open-F-Novak_Djokovic-Dominic_Thiem:0141,141,7,7,djokovic,novak,first_name,,,subject,conj,JUDGE,2,,11.12,100.28,9.08,True,JUDGE,9.08
tv_pool_20200202-M-Australian_Open-F-Novak_Djokovic-Dominic_Thiem,tv_pool_20200202-M-Australian_Open-F-Novak_Djokovic-Dominic_Thiem:0142,142,5,5,thiem,thiem,surname,,,after_preposition,pobj,JUDGE,1,,31.76,11.12,29.8,True,JUDGE,29.8
tv_pool_20200202-M-Australian_Open-F-Novak_Djokovic-Dominic_Thiem,tv_pool_20200202-M-Australian_Open-F-Novak_Djokovic-Dominic_Thiem:0142,142,12,12,djokovic,novak,first_name,,,after_preposition,pobj,JUDGE,2,,31.76,11.12,29.8,True,JUDGE,29.8
tv_pool_20200202-M-Australian_Open-F-Novak_Djokovic-Dominic_Thiem,tv_pool_20200202-M-Australian_Open-F-Novak_Djokovic-Dominic_Thiem:0142,142,36,34,djokovic,novak,first_name,,,possessive,poss,SHOT,2,,31.76,11.12,29.8,True,SHOT,29.8
tv_pool_20200202-M-Australian_Open-F-Novak_Djokovic-Dominic_Thiem,tv_pool_20200202-M-Australian_Open-F-Novak_Djokovic-Dominic_Thiem:0143,143,0,0,djokovic,mr djokovic,title_surname,,,subject,nsubj,OTHER,5,title_surname,37.04,31.76,30.44,True,OFFICIAL,30.44
tv_pool_20200202-M-Australian_Open-F-Novak_Djokovic-Dominic_Thiem,tv_pool_20200202-M-Australian_Open-F-Novak_Djokovic-Dominic_Thiem:0144,144,6,6,djokovic,djokovic,surname,,,subject,nsubj,OTHER,3,,29.24,37.04,27.2,True,OTHER,27.2
tv_pool_20200202-M-Australian_Open-F-Novak_Djokovic-Dominic_Thiem,tv_pool_20200202-M-Australian_Open-F-Novak_Djokovic-Dominic_Thiem:0144,144,61,56,thiem,thiem,surname,,,after_preposition,pobj,OTHER,1,,29.24,37.04,27.2,True,OTHER,27.2
tv_pool_20200202-M-Australian_Open-F-Novak_Djokovic-Dominic_Thiem,tv_pool_20200202-M-Australian_Open-F-Novak_Djokovic-Dominic_Thiem:0144,144,66,60,djokovic,novak,first_name,,,after_preposition,pobj,OTHER,2,,29.24,37.04,27.2,True,OTHER,27.2
tv_pool_20200202-M-Australian_Open-F-Novak_Djokovic-Dominic_Thiem,tv_pool_20200202-M-Australian_Open-F-Novak_Djokovic-Dominic_Thiem:0144,144,70,63,thiem,thiem,surname,,,after_preposition,pobj,OTHER,1,,29.24,37.04,27.2,True,OTHER,27.2
tv_pool_20200202-M-Australian_Open-F-Novak_Djokovic-Dominic_Thiem,tv_pool_20200202-M-Australian_Open-F-Novak_Djokovic-Dominic_Thiem:0148,148,3,3,thiem,dominic thiem,full_name,,,after_preposition,pobj,JUDGE,4,,288.68,11.64,286.64,True,JUDGE,286.64
tv_pool_20200202-M-Australian_Open-F-Novak_Djokovic-Dominic_Thiem,tv_pool_20200202-M-Australian_Open-F-Novak_Djokovic-Dominic_Thiem:0151,151,33,30,thiem,dominic thiem,full_name,,,after_preposition,pobj,OTHER,4,,12.52,22.32,10.48,True,OTHER,10.48
tv_pool_20200202-M-Australian_Open-F-Novak_Djokovic-Dominic_Thiem,tv_pool_20200202-M-Australian_Open-F-Novak_Djokovic-Dominic_Thiem:0152,152,43,36,djokovic,novak,first_name,,,vocative_exclamation,ROOT,OTHER,2,,26.36,12.52,24.24,True,OTHER,24.24
tv_pool_20200202-M-Australian_Open-F-Novak_Djokovic-Dominic_Thiem,tv_pool_20200202-M-Australian_Open-F-Novak_Djokovic-Dominic_Thiem:0156,156,19,16,djokovic,djokovic,surname,,,subject,nsubj,OTHER,3,,32.04,30.04,30,True,OTHER,30
tv_pool_20200202-M-Australian_Open-F-Novak_Djokovic-Dominic_Thiem,tv_pool_20200202-M-Australian_Open-F-Novak_Djokovic-Dominic_Thiem:0158,158,6,6,thiem,dominic,first_name,,,other,ccomp,OTHER,3,,31.12,15.24,29.04,True,OTHER,29.04
tv_pool_20200202-M-Australian_Open-F-Novak_Djokovic-Dominic_Thiem,tv_pool_20200202-M-Australian_Open-F-Novak_Djokovic-Dominic_Thiem:0158,158,27,27,djokovic,djokovic,surname,,,after_preposition,pobj,OTHER,3,,31.12,15.24,29.04,True,OTHER,29.04
tv_pool_20200202-M-Australian_Open-F-Novak_Djokovic-Dominic_Thiem,tv_pool_20200202-M-Australian_Open-F-Novak_Djokovic-Dominic_Thiem:0160,160,20,19,djokovic,novak,first_name,,,after_preposition,pobj,OTHER,2,,26.32,14.28,24.32,True,OTHER,24.32
tv_pool_20200202-M-Australian_Open-F-Novak_Djokovic-Dominic_Thiem,tv_pool_20200202-M-Australian_Open-F-Novak_Djokovic-Dominic_Thiem:0160,160,39,36,djokovic,djokovic,surname,,,after_preposition,pobj,OTHER,3,,26.32,14.28,24.32,True,OTHER,24.32
tv_pool_20200202-M-Australian_Open-F-Novak_Djokovic-Dominic_Thiem,tv_pool_20200202-M-Australian_Open-F-Novak_Djokovic-Dominic_Thiem:0161,161,4,4,thiem,thiem,surname,,,after_preposition,pobj,SCORE,1,,62.84,26.32,60.04,True,SCORE,60.04
tv_pool_20200202-M-Australian_Open-F-Novak_Djokovic-Dominic_Thiem,tv_pool_20200202-M-Australian_Open-F-Novak_Djokovic-Dominic_Thiem:0161,161,35,34,thiem,the austrian,epithet,epithet_nationality,nationality,possessive,poss,OTHER,4,,62.84,26.32,60.04,True,OTHER,60.04
tv_pool_20200202-M-Australian_Open-F-Novak_Djokovic-Dominic_Thiem,tv_pool_20200202-M-Australian_Open-F-Novak_Djokovic-Dominic_Thiem:0163,163,38,34,djokovic,djokovic,surname,,,other,ROOT,SHOT,3,,27.16,24.4,25.08,True,SHOT,25.08
tv_pool_20200202-M-Australian_Open-F-Novak_Djokovic-Dominic_Thiem,tv_pool_20200202-M-Australian_Open-F-Novak_Djokovic-Dominic_Thiem:0164,164,18,16,djokovic,djokovic,surname,,,subject,nsubj,JUDGE,3,,22.96,27.16,20.92,True,JUDGE,20.92
tv_pool_20200202-M-Australian_Open-F-Novak_Djokovic-Dominic_Thiem,tv_pool_20200202-M-Australian_Open-F-Novak_Djokovic-Dominic_Thiem:0165,165,65,56,djokovic,djokovic,surname,,,subject,nsubj,OTHER,3,,29.32,22.96,27.28,True,OTHER,27.28
tv_pool_20200202-M-Australian_Open-F-Novak_Djokovic-Dominic_Thiem,tv_pool_20200202-M-Australian_Open-F-Novak_Djokovic-Dominic_Thiem:0166,166,5,5,djokovic,djokovic,surname,,,possessive,poss,OTHER,3,,22.32,29.32,20.24,True,OTHER,20.24
tv_pool_20200202-M-Australian_Open-F-Novak_Djokovic-Dominic_Thiem,tv_pool_20200202-M-Australian_Open-F-Novak_Djokovic-Dominic_Thiem:0167,167,28,24,djokovic,djokovic,surname,,,after_preposition,pobj,JUDGE,3,,39.36,22.32,37.24,True,JUDGE,37.24
tv_pool_20200202-M-Australian_Open-F-Novak_Djokovic-Dominic_Thiem,tv_pool_20200202-M-Australian_Open-F-Novak_Djokovic-Dominic_Thiem:0168,168,11,9,djokovic,djokovic,surname,,,subject,nsubj,JUDGE,3,,28.08,39.36,26.08,True,JUDGE,26.08
tv_pool_20200202-M-Australian_Open-F-Novak_Djokovic-Dominic_Thiem,tv_pool_20200202-M-Australian_Open-F-Novak_Djokovic-Dominic_Thiem:0176,176,11,9,djokovic,djokovic,surname,,,object,dative,SHOT,3,,27.8,53.96,25.68,True,SHOT,25.68
tv_pool_20200202-M-Australian_Open-F-Novak_Djokovic-Dominic_Thiem,tv_pool_20200202-M-Australian_Open-F-Novak_Djokovic-Dominic_Thiem:0178,178,19,16,thiem,dominic thiem,full_name,,,possessive,poss,OTHER,4,,158.32,13.6,156.2,True,OTHER,156.2
tv_pool_20200202-M-Australian_Open-F-Novak_Djokovic-Dominic_Thiem,tv_pool_20200202-M-Australian_Open-F-Novak_Djokovic-Dominic_Thiem:0179,179,10,10,djokovic,djokovic,surname,,,after_preposition,pobj,OTHER,3,,22.28,158.32,20.16,True,OTHER,20.16
tv_pool_20200202-M-Australian_Open-F-Novak_Djokovic-Dominic_Thiem,tv_pool_20200202-M-Australian_Open-F-Novak_Djokovic-Dominic_Thiem:0183,183,15,14,djokovic,novak,first_name,,,subject,nsubj,JUDGE,2,,32.8,11.28,30.16,True,JUDGE,30.16
tv_pool_20200202-M-Australian_Open-F-Novak_Djokovic-Dominic_Thiem,tv_pool_20200202-M-Australian_Open-F-Novak_Djokovic-Dominic_Thiem:0185,185,5,3,djokovic,djokovic,surname,,,subject,nsubj,JUDGE,3,,32.08,11.76,30.04,True,JUDGE,30.04
tv_pool_20200202-M-Australian_Open-F-Novak_Djokovic-Dominic_Thiem,tv_pool_20200202-M-Australian_Open-F-Novak_Djokovic-Dominic_Thiem:0186,186,28,24,djokovic,novak,first_name,,,subject,nsubj,OTHER,2,,31.84,32.08,29.72,True,OTHER,29.72
tv_pool_20200202-M-Australian_Open-F-Novak_Djokovic-Dominic_Thiem,tv_pool_20200202-M-Australian_Open-F-Novak_Djokovic-Dominic_Thiem:0186,186,64,58,thiem,dominic,first_name,,,other,amod,SCORE,3,game_name,31.84,32.08,29.72,True,SCORE,29.72
tv_pool_20200202-M-Australian_Open-F-Novak_Djokovic-Dominic_Thiem,tv_pool_20200202-M-Australian_Open-F-Novak_Djokovic-Dominic_Thiem:0186,186,97,91,thiem,the young austrian,epithet,epithet_nationality,nationality,after_preposition,pobj,OTHER,5,,31.84,32.08,29.72,True,OTHER,29.72
tv_pool_20200202-M-Australian_Open-F-Novak_Djokovic-Dominic_Thiem,tv_pool_20200202-M-Australian_Open-F-Novak_Djokovic-Dominic_Thiem:0190,190,12,12,djokovic,novak,first_name,,,after_preposition,pobj,OTHER,2,,19.04,9.96,16.96,True,OTHER,16.96
tv_pool_20200202-M-Australian_Open-F-Novak_Djokovic-Dominic_Thiem,tv_pool_20200202-M-Australian_Open-F-Novak_Djokovic-Dominic_Thiem:0192,192,38,36,djokovic,novak,first_name,,,subject,nsubj,OTHER,2,,147.92,33.2,145.88,True,OTHER,145.88
tv_pool_20200202-M-Australian_Open-F-Novak_Djokovic-Dominic_Thiem,tv_pool_20200202-M-Australian_Open-F-Novak_Djokovic-Dominic_Thiem:0195,195,22,20,djokovic,novak,first_name,,,object,dobj,JUDGE,2,,24.12,11.92,21.92,True,JUDGE,21.92
tv_pool_20200202-M-Australian_Open-F-Novak_Djokovic-Dominic_Thiem,tv_pool_20200202-M-Australian_Open-F-Novak_Djokovic-Dominic_Thiem:0196,196,0,0,djokovic,djokovic,surname,,,other,ROOT,OTHER,3,,35.8,24.12,33.68,True,OTHER,33.68
tv_pool_20200202-M-Australian_Open-F-Novak_Djokovic-Dominic_Thiem,tv_pool_20200202-M-Australian_Open-F-Novak_Djokovic-Dominic_Thiem:0209,209,42,42,djokovic,novak,first_name,,,object,dative,SHOT,2,,24.44,15.24,22.44,True,SHOT,22.44
tv_pool_20200202-M-Australian_Open-F-Novak_Djokovic-Dominic_Thiem,tv_pool_20200202-M-Australian_Open-F-Novak_Djokovic-Dominic_Thiem:0209,209,67,66,thiem,dominic thiem,full_name,,,after_preposition,pobj,OTHER,4,,24.44,15.24,22.44,True,OTHER,22.44
tv_pool_20200202-M-Australian_Open-F-Novak_Djokovic-Dominic_Thiem,tv_pool_20200202-M-Australian_Open-F-Novak_Djokovic-Dominic_Thiem:0212,212,4,3,djokovic,novak,first_name,,,object,dative,OTHER,2,,30.76,24.96,28.64,True,OTHER,28.64
tv_pool_20200202-M-Australian_Open-F-Novak_Djokovic-Dominic_Thiem,tv_pool_20200202-M-Australian_Open-F-Novak_Djokovic-Dominic_Thiem:0238,238,13,12,thiem,thiem,surname,,,after_preposition,pobj,SHOT,1,,26.2,10.24,23.36,True,SHOT,23.36
tv_pool_20200202-M-Australian_Open-F-Novak_Djokovic-Dominic_Thiem,tv_pool_20200202-M-Australian_Open-F-Novak_Djokovic-Dominic_Thiem:0238,238,21,20,djokovic,djokovic,surname,,,subject,nsubj,OTHER,3,,26.2,10.24,23.36,True,OTHER,23.36
tv_pool_20200202-M-Australian_Open-F-Novak_Djokovic-Dominic_Thiem,tv_pool_20200202-M-Australian_Open-F-Novak_Djokovic-Dominic_Thiem:0239,239,31,29,djokovic,novak,first_name,,,after_preposition,pobj,JUDGE,2,,10.4,26.2,6.88,True,JUDGE,6.88
tv_pool_20200202-M-Australian_Open-F-Novak_Djokovic-Dominic_Thiem,tv_pool_20200202-M-Australian_Open-F-Novak_Djokovic-Dominic_Thiem:0242,242,20,18,djokovic,novak,first_name,,,subject,nsubj,SHOT,2,,28.44,27.2,26.16,True,SHOT,26.16
tv_pool_20200202-M-Australian_Open-F-Novak_Djokovic-Dominic_Thiem,tv_pool_20200202-M-Australian_Open-F-Novak_Djokovic-Dominic_Thiem:0245,245,29,25,djokovic,novak,first_name,,,object,dobj,SHOT,2,,61,128.08,59.64,True,SHOT,59.64
tv_pool_20200202-M-Australian_Open-F-Novak_Djokovic-Dominic_Thiem,tv_pool_20200202-M-Australian_Open-F-Novak_Djokovic-Dominic_Thiem:0246,246,2,2,djokovic,djokovic,surname,,,subject,nsubj,SHOT,3,,11.16,61,9.12,True,SHOT,9.12
tv_pool_20200202-M-Australian_Open-F-Novak_Djokovic-Dominic_Thiem,tv_pool_20200202-M-Australian_Open-F-Novak_Djokovic-Dominic_Thiem:0249,249,8,8,thiem,dominic thiem,full_name,,,after_preposition,pobj,JUDGE,4,,36.2,28.84,34.16,True,JUDGE,34.16
tv_pool_20200202-M-Australian_Open-F-Novak_Djokovic-Dominic_Thiem,tv_pool_20200202-M-Australian_Open-F-Novak_Djokovic-Dominic_Thiem:0250,250,56,50,djokovic,novak,first_name,,,after_preposition,pobj,JUDGE,2,,21.64,36.2,19.64,True,JUDGE,19.64
tv_pool_20200202-M-Australian_Open-F-Novak_Djokovic-Dominic_Thiem,tv_pool_20200202-M-Australian_Open-F-Novak_Djokovic-Dominic_Thiem:0251,251,8,8,djokovic,the serbian,epithet,epithet_nationality,nationality,after_preposition,pobj,OTHER,4,,24.56,21.64,21.72,True,OTHER,21.72
tv_pool_20200202-M-Australian_Open-F-Novak_Djokovic-Dominic_Thiem,tv_pool_20200202-M-Australian_Open-F-Novak_Djokovic-Dominic_Thiem:0253,253,10,10,thiem,dominic thiem,full_name,,,after_preposition,pobj,JUDGE,4,,20.04,13.04,17.92,True,JUDGE,17.92
tv_pool_20200202-M-Australian_Open-F-Novak_Djokovic-Dominic_Thiem,tv_pool_20200202-M-Australian_Open-F-Novak_Djokovic-Dominic_Thiem:0254,254,0,0,djokovic,djokovic,surname,,,subject,nsubj,JUDGE,3,,112.4,20.04,110.36,True,JUDGE,110.36
tv_pool_20200202-M-Australian_Open-F-Novak_Djokovic-Dominic_Thiem,tv_pool_20200202-M-Australian_Open-F-Novak_Djokovic-Dominic_Thiem:0254,254,27,24,djokovic,djokovic,surname,,,subject,nsubj,JUDGE,3,,112.4,20.04,110.36,True,JUDGE,110.36
tv_pool_20200202-M-Australian_Open-F-Novak_Djokovic-Dominic_Thiem,tv_pool_20200202-M-Australian_Open-F-Novak_Djokovic-Dominic_Thiem:0259,259,10,9,thiem,dominic,first_name,,,possessive,poss,OTHER,3,,24.76,28.56,22.6,True,OTHER,22.6
tv_pool_20200202-M-Australian_Open-F-Novak_Djokovic-Dominic_Thiem,tv_pool_20200202-M-Australian_Open-F-Novak_Djokovic-Dominic_Thiem:0264,264,3,3,thiem,dominic thiem,full_name,,,after_preposition,pobj,JUDGE,4,,42.48,30.44,40.44,True,JUDGE,40.44
tv_pool_20200202-M-Australian_Open-F-Novak_Djokovic-Dominic_Thiem,tv_pool_20200202-M-Australian_Open-F-Novak_Djokovic-Dominic_Thiem:0264,264,27,22,djokovic,djokovic,surname,,,subject,nsubj,JUDGE,3,,42.48,30.44,40.44,True,JUDGE,40.44
tv_pool_20200202-M-Australian_Open-F-Novak_Djokovic-Dominic_Thiem,tv_pool_20200202-M-Australian_Open-F-Novak_Djokovic-Dominic_Thiem:0266,266,11,10,djokovic,novak,first_name,,,possessive,poss,OTHER,2,,21.12,87.48,19.16,True,OTHER,19.16
tv_pool_20200202-M-Australian_Open-F-Novak_Djokovic-Dominic_Thiem,tv_pool_20200202-M-Australian_Open-F-Novak_Djokovic-Dominic_Thiem:0269,269,49,41,thiem,thiem,surname,,,after_preposition,pobj,SHOT,1,,51.64,96.12,51.04,True,SHOT,51.04
tv_pool_20200202-M-Australian_Open-F-Novak_Djokovic-Dominic_Thiem,tv_pool_20200202-M-Australian_Open-F-Novak_Djokovic-Dominic_Thiem:0272,272,5,4,djokovic,novak,first_name,,,vocative_exclamation,npadvmod,OTHER,2,,24.44,12.84,22.48,True,OTHER,22.48
tv_pool_20200202-M-Australian_Open-F-Novak_Djokovic-Dominic_Thiem,tv_pool_20200202-M-Australian_Open-F-Novak_Djokovic-Dominic_Thiem:0274,274,12,9,djokovic,djokovic,surname,,,subject,nsubj,OTHER,3,,26.88,34.68,24.4,True,OTHER,24.4
tv_pool_20200202-M-Australian_Open-F-Novak_Djokovic-Dominic_Thiem,tv_pool_20200202-M-Australian_Open-F-Novak_Djokovic-Dominic_Thiem:0276,276,10,10,thiem,dominic,first_name,,,after_preposition,pobj,OTHER,3,,39.2,10.72,38.16,True,OTHER,38.16
tv_pool_20200202-M-Australian_Open-F-Novak_Djokovic-Dominic_Thiem,tv_pool_20200202-M-Australian_Open-F-Novak_Djokovic-Dominic_Thiem:0276,276,23,22,djokovic,novak,first_name,,,object,dative,SHOT,2,,39.2,10.72,38.16,True,SHOT,38.16
tv_pool_20200202-M-Australian_Open-F-Novak_Djokovic-Dominic_Thiem,tv_pool_20200202-M-Australian_Open-F-Novak_Djokovic-Dominic_Thiem:0280,280,7,5,djokovic,djokovic,surname,,,subject,nsubj,OTHER,3,,189.76,21.72,187.72,True,OTHER,187.72
tv_pool_20200202-M-Australian_Open-F-Novak_Djokovic-Dominic_Thiem,tv_pool_20200202-M-Australian_Open-F-Novak_Djokovic-Dominic_Thiem:0280,280,28,23,djokovic,novak,first_name,,,subject,nsubj,JUDGE,2,,189.76,21.72,187.72,True,JUDGE,187.72
tv_pool_20200202-M-Australian_Open-F-Novak_Djokovic-Dominic_Thiem,tv_pool_20200202-M-Australian_Open-F-Novak_Djokovic-Dominic_Thiem:0280,280,50,42,thiem,dominic,first_name,,,after_preposition,pobj,JUDGE,3,,189.76,21.72,187.72,True,JUDGE,187.72
tv_pool_20200202-M-Australian_Open-F-Novak_Djokovic-Dominic_Thiem,tv_pool_20200202-M-Australian_Open-F-Novak_Djokovic-Dominic_Thiem:0280,280,155,137,djokovic,novak,first_name,,,after_preposition,pobj,JUDGE,2,,189.76,21.72,187.72,True,JUDGE,187.72
tv_pool_20200202-M-Australian_Open-F-Novak_Djokovic-Dominic_Thiem,tv_pool_20200202-M-Australian_Open-F-Novak_Djokovic-Dominic_Thiem:0285,285,7,7,thiem,dominic,first_name,,,other,amod,OTHER,3,,59.32,48.32,57.28,True,OTHER,57.28
tv_pool_20200202-M-Australian_Open-F-Novak_Djokovic-Dominic_Thiem,tv_pool_20200202-M-Australian_Open-F-Novak_Djokovic-Dominic_Thiem:0285,285,31,29,djokovic,novak,first_name,,,possessive,poss,OTHER,2,,59.32,48.32,57.28,True,OTHER,57.28
tv_pool_20200202-M-Australian_Open-F-Novak_Djokovic-Dominic_Thiem,tv_pool_20200202-M-Australian_Open-F-Novak_Djokovic-Dominic_Thiem:0289,289,3,3,djokovic,novak,first_name,,,after_preposition,pobj,OTHER,2,,56.28,10.84,54.2,True,OTHER,54.2
tv_pool_20200202-M-Australian_Open-F-Novak_Djokovic-Dominic_Thiem,tv_pool_20200202-M-Australian_Open-F-Novak_Djokovic-Dominic_Thiem:0290,290,6,6,djokovic,djokovic,surname,,,subject,nsubj,OTHER,3,,11.24,56.28,9.12,True,OTHER,9.12
tv_pool_20200202-M-Australian_Open-F-Novak_Djokovic-Dominic_Thiem,tv_pool_20200202-M-Australian_Open-F-Novak_Djokovic-Dominic_Thiem:0292,292,59,51,thiem,mr thiem,title_surname,,,subject,nsubj,OFFICIAL,3,title_surname,36.08,77.76,34.04,True,OFFICIAL,34.04
tv_pool_20200202-M-Australian_Open-F-Novak_Djokovic-Dominic_Thiem,tv_pool_20200202-M-Australian_Open-F-Novak_Djokovic-Dominic_Thiem:0295,295,5,5,thiem,dominic thiem,full_name,,,after_preposition,pobj,SHOT,4,,111.68,31.8,110.8,True,SHOT,110.8
tv_pool_20200202-M-Australian_Open-F-Novak_Djokovic-Dominic_Thiem,tv_pool_20200202-M-Australian_Open-F-Novak_Djokovic-Dominic_Thiem:0295,295,8,8,djokovic,novak djokovic,full_name,,,after_preposition,conj,SCORE,5,,111.68,31.8,110.8,True,SCORE,110.8
tv_pool_20200202-M-Australian_Open-F-Novak_Djokovic-Dominic_Thiem,tv_pool_20200202-M-Australian_Open-F-Novak_Djokovic-Dominic_Thiem:0296,296,51,43,djokovic,djokovic,surname,,,subject,nsubj,OTHER,3,,74.6,111.68,72.48,True,OTHER,72.48
tv_pool_20200202-M-Australian_Open-F-Novak_Djokovic-Dominic_Thiem,tv_pool_20200202-M-Australian_Open-F-Novak_Djokovic-Dominic_Thiem:0298,298,14,12,thiem,dominic thiem,full_name,,,object,appos,JUDGE,4,,34.72,26.12,33.76,True,JUDGE,33.76
tv_pool_20200202-M-Australian_Open-F-Novak_Djokovic-Dominic_Thiem,tv_pool_20200202-M-Australian_Open-F-Novak_Djokovic-Dominic_Thiem:0299,299,29,27,djokovic,djokovic,surname,,,after_preposition,pobj,OTHER,3,,32.4,34.72,30.28,True,OTHER,30.28
tv_pool_20200202-M-Australian_Open-F-Novak_Djokovic-Dominic_Thiem,tv_pool_20200202-M-Australian_Open-F-Novak_Djokovic-Dominic_Thiem:0300,300,12,12,thiem,dominic thiem,full_name,,,after_preposition,pobj,OTHER,4,,59.2,32.4,57.08,True,OTHER,57.08
tv_pool_20200202-M-Australian_Open-F-Novak_Djokovic-Dominic_Thiem,tv_pool_20200202-M-Australian_Open-F-Novak_Djokovic-Dominic_Thiem:0302,302,5,3,djokovic,djokovic,surname,,,vocative_exclamation,npadvmod,OTHER,3,,32.92,15.36,30.88,True,OTHER,30.88
tv_pool_20200202-M-Australian_Open-F-Novak_Djokovic-Dominic_Thiem,tv_pool_20200202-M-Australian_Open-F-Novak_Djokovic-Dominic_Thiem:0302,302,35,29,thiem,thiem,surname,,,possessive,poss,SHOT,1,,32.92,15.36,30.88,True,SHOT,30.88
tv_pool_20200202-M-Australian_Open-F-Novak_Djokovic-Dominic_Thiem,tv_pool_20200202-M-Australian_Open-F-Novak_Djokovic-Dominic_Thiem:0302,302,79,67,djokovic,djokovic,surname,,,subject,nsubj,OTHER,3,,32.92,15.36,30.88,True,OTHER,30.88
tv_pool_20200202-M-Australian_Open-F-Novak_Djokovic-Dominic_Thiem,tv_pool_20200202-M-Australian_Open-F-Novak_Djokovic-Dominic_Thiem:0303,303,2,2,djokovic,novak,first_name,,,object,dobj,JUDGE,2,,63.48,32.92,61.4,True,JUDGE,61.4
tv_pool_20200202-M-Australian_Open-F-Novak_Djokovic-Dominic_Thiem,tv_pool_20200202-M-Australian_Open-F-Novak_Djokovic-Dominic_Thiem:0304,304,3,3,djokovic,novak djokovic,full_name,,,after_preposition,pobj,JUDGE,5,,35.68,63.48,34.28,True,JUDGE,34.28
tv_pool_20200202-M-Australian_Open-F-Novak_Djokovic-Dominic_Thiem,tv_pool_20200202-M-Australian_Open-F-Novak_Djokovic-Dominic_Thiem:0304,304,6,5,djokovic,djokovic,surname,,,subject,nsubj,OTHER,3,,35.68,63.48,34.28,True,OTHER,34.28
tv_pool_20200202-M-Australian_Open-F-Novak_Djokovic-Dominic_Thiem,tv_pool_20200202-M-Australian_Open-F-Novak_Djokovic-Dominic_Thiem:0310,310,8,8,djokovic,djokovic,surname,,,after_preposition,pobj,CROWD,3,,27.24,10.72,25.2,True,CROWD,25.2
tv_pool_20200202-M-Australian_Open-F-Novak_Djokovic-Dominic_Thiem,tv_pool_20200202-M-Australian_Open-F-Novak_Djokovic-Dominic_Thiem:0311,311,32,30,thiem,the austrian,epithet,epithet_nationality,nationality,after_preposition,pobj,OTHER,4,,10.96,27.24,8.92,True,OTHER,8.92
tv_pool_20200202-M-Australian_Open-F-Novak_Djokovic-Dominic_Thiem,tv_pool_20200202-M-Australian_Open-F-Novak_Djokovic-Dominic_Thiem:0316,316,19,18,djokovic,djokovic,surname,,,object,dobj,OTHER,3,,55.84,82.96,53.8,True,OTHER,53.8
tv_pool_20200202-M-Australian_Open-F-Novak_Djokovic-Dominic_Thiem,tv_pool_20200202-M-Australian_Open-F-Novak_Djokovic-Dominic_Thiem:0317,317,37,30,djokovic,djokovic,surname,,,subject,nsubj,OTHER,3,,25.12,55.84,22.04,True,OTHER,22.04
tv_pool_20200202-M-Australian_Open-F-Novak_Djokovic-Dominic_Thiem,tv_pool_20200202-M-Australian_Open-F-Novak_Djokovic-Dominic_Thiem:0318,318,1,1,thiem,dominic,first_name,,,subject,nsubj,JUDGE,3,,25.68,25.12,23.64,True,JUDGE,23.64
tv_pool_20200202-M-Australian_Open-F-Novak_Djokovic-Dominic_Thiem,tv_pool_20200202-M-Australian_Open-F-Novak_Djokovic-Dominic_Thiem:0320,320,35,28,thiem,dominic,first_name,,,after_preposition,appos,OTHER,3,,34.4,78.56,32.36,True,OTHER,32.36
tv_pool_20200202-M-Australian_Open-F-Novak_Djokovic-Dominic_Thiem,tv_pool_20200202-M-Australian_Open-F-Novak_Djokovic-Dominic_Thiem:0321,321,8,7,thiem,dominic,first_name,,,subject,nsubj,OTHER,3,,40.68,34.4,37.52,True,OTHER,37.52
tv_pool_20200202-M-Australian_Open-F-Novak_Djokovic-Dominic_Thiem,tv_pool_20200202-M-Australian_Open-F-Novak_Djokovic-Dominic_Thiem:0323,323,23,19,djokovic,djokovic,surname,,,after_preposition,pobj,SHOT,3,,10.76,64.44,8.72,True,SHOT,8.72
tv_pool_20200202-M-Australian_Open-F-Novak_Djokovic-Dominic_Thiem,tv_pool_20200202-M-Australian_Open-F-Novak_Djokovic-Dominic_Thiem:0326,326,0,0,djokovic,djokovic,surname,,,subject,nsubj,SCORE,3,leads_games,105.24,35.88,103.2,True,SCORE,103.2
tv_pool_20200202-M-Australian_Open-F-Novak_Djokovic-Dominic_Thiem,tv_pool_20200202-M-Australian_Open-F-Novak_Djokovic-Dominic_Thiem:0337,337,11,9,djokovic,djokovic,surname,,,subject,appos,OTHER,3,,10.88,26.32,4.56,True,OTHER,4.56
tv_pool_20200202-M-Australian_Open-F-Novak_Djokovic-Dominic_Thiem,tv_pool_20200202-M-Australian_Open-F-Novak_Djokovic-Dominic_Thiem:0340,340,3,3,djokovic,djokovic,surname,,,subject,nsubj,OTHER,3,,100.8,23.16,98.72,True,OTHER,98.72
tv_pool_20200202-M-Australian_Open-F-Novak_Djokovic-Dominic_Thiem,tv_pool_20200202-M-Australian_Open-F-Novak_Djokovic-Dominic_Thiem:0341,341,24,19,djokovic,djokovic,surname,,,subject,nsubj,JUDGE,3,,53.12,100.8,51.08,True,JUDGE,51.08
tv_pool_20200202-M-Australian_Open-F-Novak_Djokovic-Dominic_Thiem,tv_pool_20200202-M-Australian_Open-F-Novak_Djokovic-Dominic_Thiem:0343,343,7,7,djokovic,djokovic,surname,,,other,compound,OTHER,3,,,115,,True,OTHER,
tv_pool_20201010-W-Roland_Garros-F-Iga_Swiatek-Sofia_Kenin,tv_pool_20201010-W-Roland_Garros-F-Iga_Swiatek-Sofia_Kenin:0003,3,78,71,kenin,kenin,surname,,,after_preposition,pobj,JUDGE,2,,53.92,67.44,52,True,JUDGE,52
tv_pool_20201010-W-Roland_Garros-F-Iga_Swiatek-Sofia_Kenin,tv_pool_20201010-W-Roland_Garros-F-Iga_Swiatek-Sofia_Kenin:0006,6,9,8,kenin,kenin,surname,,,subject,nsubj,OTHER,2,,24.76,19.84,18.88,True,OTHER,18.88
tv_pool_20201010-W-Roland_Garros-F-Iga_Swiatek-Sofia_Kenin,tv_pool_20201010-W-Roland_Garros-F-Iga_Swiatek-Sofia_Kenin:0006,6,31,27,swiatek,swiatek,surname,,,subject,nsubj,OTHER,3,,24.76,19.84,18.88,True,OTHER,18.88
tv_pool_20201010-W-Roland_Garros-F-Iga_Swiatek-Sofia_Kenin,tv_pool_20201010-W-Roland_Garros-F-Iga_Swiatek-Sofia_Kenin:0006,6,40,35,swiatek,swiatek,surname,,,after_preposition,pobj,JUDGE,3,,24.76,19.84,18.88,True,JUDGE,18.88
tv_pool_20201010-W-Roland_Garros-F-Iga_Swiatek-Sofia_Kenin,tv_pool_20201010-W-Roland_Garros-F-Iga_Swiatek-Sofia_Kenin:0007,7,7,6,swiatek,swiatek,surname,,,after_preposition,pobj,SHOT,3,,145.44,24.76,142.08,True,SHOT,142.08
tv_pool_20201010-W-Roland_Garros-F-Iga_Swiatek-Sofia_Kenin,tv_pool_20201010-W-Roland_Garros-F-Iga_Swiatek-Sofia_Kenin:0007,7,13,10,kenin,kenin,surname,,,subject,nsubj,JUDGE,2,,145.44,24.76,142.08,True,JUDGE,142.08
tv_pool_20201010-W-Roland_Garros-F-Iga_Swiatek-Sofia_Kenin,tv_pool_20201010-W-Roland_Garros-F-Iga_Swiatek-Sofia_Kenin:0007,7,24,19,swiatek,swiatek,surname,,,subject,nsubj,OTHER,3,,145.44,24.76,142.08,True,OTHER,142.08
tv_pool_20201010-W-Roland_Garros-F-Iga_Swiatek-Sofia_Kenin,tv_pool_20201010-W-Roland_Garros-F-Iga_Swiatek-Sofia_Kenin:0007,7,41,33,swiatek,swiatek,surname,,,after_preposition,pobj,OTHER,3,,145.44,24.76,142.08,True,OTHER,142.08
tv_pool_20201010-W-Roland_Garros-F-Iga_Swiatek-Sofia_Kenin,tv_pool_20201010-W-Roland_Garros-F-Iga_Swiatek-Sofia_Kenin:0009,9,3,2,kenin,kenin,surname,,,vocative_exclamation,ROOT,OTHER,2,,27.2,29.28,25.2,True,OTHER,25.2
tv_pool_20201010-W-Roland_Garros-F-Iga_Swiatek-Sofia_Kenin,tv_pool_20201010-W-Roland_Garros-F-Iga_Swiatek-Sofia_Kenin:0009,9,59,51,swiatek,swiatek,surname,,,object,attr,SCORE,3,,27.2,29.28,25.2,True,SCORE,25.2
tv_pool_20201010-W-Roland_Garros-F-Iga_Swiatek-Sofia_Kenin,tv_pool_20201010-W-Roland_Garros-F-Iga_Swiatek-Sofia_Kenin:0011,11,32,29,kenin,kenin,surname,,,subject,nsubj,OTHER,2,,40.6,97.64,38.96,True,OTHER,38.96
tv_pool_20201010-W-Roland_Garros-F-Iga_Swiatek-Sofia_Kenin,tv_pool_20201010-W-Roland_Garros-F-Iga_Swiatek-Sofia_Kenin:0014,14,23,21,kenin,kenin,surname,,,after_preposition,pobj,OTHER,2,,28.32,34.84,26.32,True,OTHER,26.32
tv_pool_20201010-W-Roland_Garros-F-Iga_Swiatek-Sofia_Kenin,tv_pool_20201010-W-Roland_Garros-F-Iga_Swiatek-Sofia_Kenin:0014,14,44,39,swiatek,swiatek,surname,,,after_preposition,pobj,JUDGE,3,,28.32,34.84,26.32,True,JUDGE,26.32
tv_pool_20201010-W-Roland_Garros-F-Iga_Swiatek-Sofia_Kenin,tv_pool_20201010-W-Roland_Garros-F-Iga_Swiatek-Sofia_Kenin:0022,22,6,6,swiatek,swiatek,surname,,,after_preposition,conj,STAT,3,,52.56,33.32,46.8,True,STAT,46.8
tv_pool_20201010-W-Roland_Garros-F-Iga_Swiatek-Sofia_Kenin,tv_pool_20201010-W-Roland_Garros-F-Iga_Swiatek-Sofia_Kenin:0022,22,32,29,kenin,kenin,surname,,,possessive,poss,SHOT,2,,52.56,33.32,46.8,True,SHOT,46.8
tv_pool_20201010-W-Roland_Garros-F-Iga_Swiatek-Sofia_Kenin,tv_pool_20201010-W-Roland_Garros-F-Iga_Swiatek-Sofia_Kenin:0023,23,9,8,kenin,kenin,surname,,,after_preposition,pobj,OTHER,2,,134,52.56,132.92,True,OTHER,132.92
tv_pool_20201010-W-Roland_Garros-F-Iga_Swiatek-Sofia_Kenin,tv_pool_20201010-W-Roland_Garros-F-Iga_Swiatek-Sofia_Kenin:0025,25,4,4,swiatek,swiatek,surname,,,after_preposition,pobj,SHOT,3,,38.88,129.64,33.92,True,SHOT,33.92
tv_pool_20201010-W-Roland_Garros-F-Iga_Swiatek-Sofia_Kenin,tv_pool_20201010-W-Roland_Garros-F-Iga_Swiatek-Sofia_Kenin:0026,26,7,7,kenin,kenin,surname,,,possessive,poss,SCORE,2,,24.56,38.88,23.48,True,SCORE,23.48
tv_pool_20201010-W-Roland_Garros-F-Iga_Swiatek-Sofia_Kenin,tv_pool_20201010-W-Roland_Garros-F-Iga_Swiatek-Sofia_Kenin:0026,26,33,27,kenin,kenin,surname,,,subject,nsubj,OTHER,2,,24.56,38.88,23.48,True,OTHER,23.48
tv_pool_20201010-W-Roland_Garros-F-Iga_Swiatek-Sofia_Kenin,tv_pool_20201010-W-Roland_Garros-F-Iga_Swiatek-Sofia_Kenin:0026,26,56,47,kenin,kenin,surname,,,other,conj,SHOT,2,,24.56,38.88,23.48,True,SHOT,23.48
tv_pool_20201010-W-Roland_Garros-F-Iga_Swiatek-Sofia_Kenin,tv_pool_20201010-W-Roland_Garros-F-Iga_Swiatek-Sofia_Kenin:0030,30,7,7,swiatek,iga swiatek,full_name,,,after_preposition,pobj,JUDGE,5,,105.4,10.92,103.44,True,JUDGE,103.44
tv_pool_20201010-W-Roland_Garros-F-Iga_Swiatek-Sofia_Kenin,tv_pool_20201010-W-Roland_Garros-F-Iga_Swiatek-Sofia_Kenin:0031,31,0,0,kenin,kenin,surname,,,vocative_exclamation,ROOT,OFFICIAL,2,,62.76,105.4,61.96,True,OFFICIAL,61.96
tv_pool_20201010-W-Roland_Garros-F-Iga_Swiatek-Sofia_Kenin,tv_pool_20201010-W-Roland_Garros-F-Iga_Swiatek-Sofia_Kenin:0032,32,8,8,kenin,kenin,surname,,,after_preposition,pobj,OTHER,2,,43.08,62.76,41.12,True,OTHER,41.12
tv_pool_20201010-W-Roland_Garros-F-Iga_Swiatek-Sofia_Kenin,tv_pool_20201010-W-Roland_Garros-F-Iga_Swiatek-Sofia_Kenin:0034,34,3,3,kenin,kenin,surname,,,subject,nsubj,OTHER,2,,77.08,80.6,76.16,True,OTHER,76.16
tv_pool_20201010-W-Roland_Garros-F-Iga_Swiatek-Sofia_Kenin,tv_pool_20201010-W-Roland_Garros-F-Iga_Swiatek-Sofia_Kenin:0034,34,29,26,swiatek,swiatek,surname,,,after_preposition,pobj,OTHER,3,,77.08,80.6,76.16,True,OTHER,76.16
tv_pool_20201010-W-Roland_Garros-F-Iga_Swiatek-Sofia_Kenin,tv_pool_20201010-W-Roland_Garros-F-Iga_Swiatek-Sofia_Kenin:0035,35,3,3,kenin,kenin,surname,,,after_preposition,pobj,SCORE,2,,12.52,77.08,6.32,True,SCORE,6.32
tv_pool_20201010-W-Roland_Garros-F-Iga_Swiatek-Sofia_Kenin,tv_pool_20201010-W-Roland_Garros-F-Iga_Swiatek-Sofia_Kenin:0035,35,11,10,swiatek,swiatek,surname,,,after_preposition,pobj,SCORE,3,,12.52,77.08,6.32,True,SCORE,6.32
tv_pool_20201010-W-Roland_Garros-F-Iga_Swiatek-Sofia_Kenin,tv_pool_20201010-W-Roland_Garros-F-Iga_Swiatek-Sofia_Kenin:0038,38,7,6,swiatek,swiatek,surname,,,subject,nsubj,SHOT,3,,75.36,156.92,73.4,True,SHOT,73.4
tv_pool_20201010-W-Roland_Garros-F-Iga_Swiatek-Sofia_Kenin,tv_pool_20201010-W-Roland_Garros-F-Iga_Swiatek-Sofia_Kenin:0038,38,34,30,kenin,kenin,surname,,,object,dobj,SHOT,2,,75.36,156.92,73.4,True,SHOT,73.4
tv_pool_20201010-W-Roland_Garros-F-Iga_Swiatek-Sofia_Kenin,tv_pool_20201010-W-Roland_Garros-F-Iga_Swiatek-Sofia_Kenin:0039,39,28,23,kenin,kenin,surname,,,object,dative,OTHER,2,,23.56,75.36,22.48,True,OTHER,22.48
tv_pool_20201010-W-Roland_Garros-F-Iga_Swiatek-Sofia_Kenin,tv_pool_20201010-W-Roland_Garros-F-Iga_Swiatek-Sofia_Kenin:0040,40,29,28,kenin,kenin,surname,,,subject,nsubj,OTHER,2,,44.08,23.56,43.56,True,OTHER,43.56
tv_pool_20201010-W-Roland_Garros-F-Iga_Swiatek-Sofia_Kenin,tv_pool_20201010-W-Roland_Garros-F-Iga_Swiatek-Sofia_Kenin:0042,42,9,8,kenin,kenin,surname,,,other,compound,SHOT,2,,82.16,58.44,81.48,True,SHOT,81.48
tv_pool_20201010-W-Roland_Garros-F-Iga_Swiatek-Sofia_Kenin,tv_pool_20201010-W-Roland_Garros-F-Iga_Swiatek-Sofia_Kenin:0042,42,47,41,kenin,kenin,surname,,,subject,nsubj,JUDGE,2,,82.16,58.44,81.48,True,JUDGE,81.48
tv_pool_20201010-W-Roland_Garros-F-Iga_Swiatek-Sofia_Kenin,tv_pool_20201010-W-Roland_Garros-F-Iga_Swiatek-Sofia_Kenin:0044,44,15,15,kenin,kenin,surname,,,after_preposition,pobj,SHOT,2,,24.6,265.84,24.12,True,SHOT,24.12
tv_pool_20201010-W-Roland_Garros-F-Iga_Swiatek-Sofia_Kenin,tv_pool_20201010-W-Roland_Garros-F-Iga_Swiatek-Sofia_Kenin:0049,49,0,0,kenin,kenin,surname,,,vocative_exclamation,ROOT,SCORE,2,,22.8,65.16,20.84,True,SCORE,20.84
tv_pool_20201010-W-Roland_Garros-F-Iga_Swiatek-Sofia_Kenin,tv_pool_20201010-W-Roland_Garros-F-Iga_Swiatek-Sofia_Kenin:0052,52,99,91,swiatek,swiatek,surname,,,vocative_exclamation,ROOT,OTHER,3,,51.36,28.72,50.64,True,OTHER,50.64
tv_pool_20201010-W-Roland_Garros-F-Iga_Swiatek-Sofia_Kenin,tv_pool_20201010-W-Roland_Garros-F-Iga_Swiatek-Sofia_Kenin:0058,58,7,5,swiatek,swiatek,surname,,,subject,nsubj,SHOT,3,,477.32,13.28,475.28,True,SHOT,475.28
tv_pool_20201010-W-Roland_Garros-F-Iga_Swiatek-Sofia_Kenin,tv_pool_20201010-W-Roland_Garros-F-Iga_Swiatek-Sofia_Kenin:0061,61,9,7,swiatek,swiatek,surname,,,subject,nsubj,JUDGE,3,,255.88,106.6,254.96,True,JUDGE,254.96
tv_pool_20201010-W-Roland_Garros-F-Iga_Swiatek-Sofia_Kenin,tv_pool_20201010-W-Roland_Garros-F-Iga_Swiatek-Sofia_Kenin:0061,61,70,56,swiatek,swiatek,surname,,,vocative_exclamation,ROOT,OTHER,3,,255.88,106.6,254.96,True,OTHER,254.96
tv_pool_20201010-W-Roland_Garros-F-Iga_Swiatek-Sofia_Kenin,tv_pool_20201010-W-Roland_Garros-F-Iga_Swiatek-Sofia_Kenin:0062,62,8,8,kenin,kenin,surname,,,after_preposition,pobj,SCORE,2,,26.08,255.88,24.12,True,SCORE,24.12
tv_pool_20201010-W-Roland_Garros-F-Iga_Swiatek-Sofia_Kenin,tv_pool_20201010-W-Roland_Garros-F-Iga_Swiatek-Sofia_Kenin:0063,63,8,7,swiatek,swiatek,surname,,,subject,nsubj,SHOT,3,,18.28,26.08,17.88,True,SHOT,17.88
tv_pool_20210220-W-Australian_Open-F-Naomi_Osaka-Jennifer_Brady,tv_pool_20210220-W-Australian_Open-F-Naomi_Osaka-Jennifer_Brady:0000,0,12,10,osaka,osaka,surname,,,after_preposition,pobj,JUDGE,3,,22.24,,20.28,True,JUDGE,20.28
tv_pool_20210220-W-Australian_Open-F-Naomi_Osaka-Jennifer_Brady,tv_pool_20210220-W-Australian_Open-F-Naomi_Osaka-Jennifer_Brady:0001,1,81,69,osaka,naomi osaka,full_name,,,subject,nsubj,OTHER,6,,15.52,22.24,12.32,True,OTHER,12.32
tv_pool_20210220-W-Australian_Open-F-Naomi_Osaka-Jennifer_Brady,tv_pool_20210220-W-Australian_Open-F-Naomi_Osaka-Jennifer_Brady:0001,1,125,107,brady,brady,surname,,,subject,nsubj,OTHER,2,,15.52,22.24,12.32,True,OTHER,12.32
tv_pool_20210220-W-Australian_Open-F-Naomi_Osaka-Jennifer_Brady,tv_pool_20210220-W-Australian_Open-F-Naomi_Osaka-Jennifer_Brady:0004,4,13,13,brady,brady,surname,,,after_preposition,pobj,OTHER,2,,21.04,9.2,19.08,True,OTHER,19.08
tv_pool_20210220-W-Australian_Open-F-Naomi_Osaka-Jennifer_Brady,tv_pool_20210220-W-Australian_Open-F-Naomi_Osaka-Jennifer_Brady:0007,7,7,6,brady,brady,surname,,,after_preposition,pobj,JUDGE,2,,20.4,36.56,18.44,True,JUDGE,18.44
tv_pool_20210220-W-Australian_Open-F-Naomi_Osaka-Jennifer_Brady,tv_pool_20210220-W-Australian_Open-F-Naomi_Osaka-Jennifer_Brady:0007,7,16,14,osaka,osaka,surname,,,after_preposition,pobj,SHOT,3,,20.4,36.56,18.44,True,SHOT,18.44
tv_pool_20210220-W-Australian_Open-F-Naomi_Osaka-Jennifer_Brady,tv_pool_20210220-W-Australian_Open-F-Naomi_Osaka-Jennifer_Brady:0010,10,0,0,brady,brady,surname,,,subject,nsubj,JUDGE,2,,24,11.84,22.04,True,JUDGE,22.04
tv_pool_20210220-W-Australian_Open-F-Naomi_Osaka-Jennifer_Brady,tv_pool_20210220-W-Australian_Open-F-Naomi_Osaka-Jennifer_Brady:0010,10,10,9,osaka,osaka,surname,,,subject,nsubj,SHOT,3,,24,11.84,22.04,True,SHOT,22.04
tv_pool_20210220-W-Australian_Open-F-Naomi_Osaka-Jennifer_Brady,tv_pool_20210220-W-Australian_Open-F-Naomi_Osaka-Jennifer_Brady:0010,10,41,39,osaka,osaka,surname,,,after_preposition,pobj,SHOT,3,,24,11.84,22.04,True,SHOT,22.04
tv_pool_20210220-W-Australian_Open-F-Naomi_Osaka-Jennifer_Brady,tv_pool_20210220-W-Australian_Open-F-Naomi_Osaka-Jennifer_Brady:0011,11,9,8,osaka,osaka,surname,,,after_preposition,pobj,SHOT,3,,20.52,24,18.6,True,SHOT,18.6
tv_pool_20210220-W-Australian_Open-F-Naomi_Osaka-Jennifer_Brady,tv_pool_20210220-W-Australian_Open-F-Naomi_Osaka-Jennifer_Brady:0011,11,36,31,osaka,osaka,surname,,,after_preposition,pobj,OTHER,3,,20.52,24,18.6,True,OTHER,18.6
tv_pool_20210220-W-Australian_Open-F-Naomi_Osaka-Jennifer_Brady,tv_pool_20210220-W-Australian_Open-F-Naomi_Osaka-Jennifer_Brady:0014,14,7,5,osaka,osaka,surname,,,vocative_exclamation,ROOT,OTHER,3,,24,77.28,22,True,OTHER,22
tv_pool_20210220-W-Australian_Open-F-Naomi_Osaka-Jennifer_Brady,tv_pool_20210220-W-Australian_Open-F-Naomi_Osaka-Jennifer_Brady:0016,16,11,10,brady,brady,surname,,,after_preposition,pobj,JUDGE,2,,28.2,10.24,26.24,True,JUDGE,26.24
tv_pool_20210220-W-Australian_Open-F-Naomi_Osaka-Jennifer_Brady,tv_pool_20210220-W-Australian_Open-F-Naomi_Osaka-Jennifer_Brady:0018,18,7,7,brady,brady,surname,,,after_preposition,pobj,OTHER,2,,17.24,13.36,15.28,True,OTHER,15.28
tv_pool_20210220-W-Australian_Open-F-Naomi_Osaka-Jennifer_Brady,tv_pool_20210220-W-Australian_Open-F-Naomi_Osaka-Jennifer_Brady:0018,18,25,23,osaka,osaka,surname,,,other,compound,SHOT,3,,17.24,13.36,15.28,True,SHOT,15.28
tv_pool_20210220-W-Australian_Open-F-Naomi_Osaka-Jennifer_Brady,tv_pool_20210220-W-Australian_Open-F-Naomi_Osaka-Jennifer_Brady:0020,20,27,25,brady,brady,surname,,,subject,nsubj,OTHER,2,,30.68,12.64,28.72,True,OTHER,28.72
tv_pool_20210220-W-Australian_Open-F-Naomi_Osaka-Jennifer_Brady,tv_pool_20210220-W-Australian_Open-F-Naomi_Osaka-Jennifer_Brady:0021,21,5,4,osaka,osaka,surname,,,subject,nsubj,CROWD,3,,19.16,30.68,17.2,True,CROWD,17.2
tv_pool_20210220-W-Australian_Open-F-Naomi_Osaka-Jennifer_Brady,tv_pool_20210220-W-Australian_Open-F-Naomi_Osaka-Jennifer_Brady:0021,21,26,22,brady,brady,surname,,,subject,nsubj,JUDGE,2,,19.16,30.68,17.2,True,JUDGE,17.2
tv_pool_20210220-W-Australian_Open-F-Naomi_Osaka-Jennifer_Brady,tv_pool_20210220-W-Australian_Open-F-Naomi_Osaka-Jennifer_Brady:0023,23,17,14,osaka,osaka,surname,,,vocative_exclamation,appos,SHOT,3,,94.04,15.24,92.04,True,SHOT,92.04
tv_pool_20210220-W-Australian_Open-F-Naomi_Osaka-Jennifer_Brady,tv_pool_20210220-W-Australian_Open-F-Naomi_Osaka-Jennifer_Brady:0024,24,0,0,osaka,osaka,surname,,,other,ROOT,OTHER,3,,18.52,94.04,16.52,True,OTHER,16.52
tv_pool_20210220-W-Australian_Open-F-Naomi_Osaka-Jennifer_Brady,tv_pool_20210220-W-Australian_Open-F-Naomi_Osaka-Jennifer_Brady:0028,28,9,9,osaka,osaka,surname,,,subject,nsubj,OTHER,3,,41.16,22.32,38.56,True,OTHER,38.56
tv_pool_20210220-W-Australian_Open-F-Naomi_Osaka-Jennifer_Brady,tv_pool_20210220-W-Australian_Open-F-Naomi_Osaka-Jennifer_Brady:0028,28,16,15,osaka,osaka,surname,,,vocative_exclamation,ROOT,OTHER,3,,41.16,22.32,38.56,True,OTHER,38.56
tv_pool_20210220-W-Australian_Open-F-Naomi_Osaka-Jennifer_Brady,tv_pool_20210220-W-Australian_Open-F-Naomi_Osaka-Jennifer_Brady:0030,30,18,17,brady,brady,surname,,,after_preposition,pobj,SHOT,2,,19.24,9.96,17.28,True,SHOT,17.28
tv_pool_20210220-W-Australian_Open-F-Naomi_Osaka-Jennifer_Brady,tv_pool_20210220-W-Australian_Open-F-Naomi_Osaka-Jennifer_Brady:0030,30,21,19,osaka,osaka,surname,,,subject,nsubj,SHOT,3,,19.24,9.96,17.28,True,SHOT,17.28
tv_pool_20210220-W-Australian_Open-F-Naomi_Osaka-Jennifer_Brady,tv_pool_20210220-W-Australian_Open-F-Naomi_Osaka-Jennifer_Brady:0032,32,9,8,brady,brady,surname,,,after_preposition,pobj,SHOT,2,,36,11.16,20.08,True,SHOT,20.08
tv_pool_20210220-W-Australian_Open-F-Naomi_Osaka-Jennifer_Brady,tv_pool_20210220-W-Australian_Open-F-Naomi_Osaka-Jennifer_Brady:0033,33,20,17,osaka,naomi osaka,full_name,,,subject,nsubj,OTHER,6,,22.64,36,20.08,True,OTHER,20.08
tv_pool_20210220-W-Australian_Open-F-Naomi_Osaka-Jennifer_Brady,tv_pool_20210220-W-Australian_Open-F-Naomi_Osaka-Jennifer_Brady:0036,36,0,0,osaka,osaka,surname,,,subject,nsubj,OTHER,3,,24.6,29.12,22.6,True,OTHER,22.6
tv_pool_20210220-W-Australian_Open-F-Naomi_Osaka-Jennifer_Brady,tv_pool_20210220-W-Australian_Open-F-Naomi_Osaka-Jennifer_Brady:0038,38,29,26,osaka,osaka,surname,,,subject,nsubj,SCORE,3,,25.08,11.6,22.4,True,SCORE,22.4
tv_pool_20210220-W-Australian_Open-F-Naomi_Osaka-Jennifer_Brady,tv_pool_20210220-W-Australian_Open-F-Naomi_Osaka-Jennifer_Brady:0040,40,3,2,brady,brady,surname,,,vocative_exclamation,npadvmod,SCORE,2,advantage_name,29.36,10.24,27.4,True,SCORE,27.4
tv_pool_20210220-W-Australian_Open-F-Naomi_Osaka-Jennifer_Brady,tv_pool_20210220-W-Australian_Open-F-Naomi_Osaka-Jennifer_Brady:0040,40,8,6,osaka,osaka,surname,,,after_preposition,pobj,SCORE,3,,29.36,10.24,27.4,True,SCORE,27.4
tv_pool_20210220-W-Australian_Open-F-Naomi_Osaka-Jennifer_Brady,tv_pool_20210220-W-Australian_Open-F-Naomi_Osaka-Jennifer_Brady:0040,40,21,17,brady,brady,surname,,,subject,nsubj,OTHER,2,,29.36,10.24,27.4,True,OTHER,27.4
tv_pool_20210220-W-Australian_Open-F-Naomi_Osaka-Jennifer_Brady,tv_pool_20210220-W-Australian_Open-F-Naomi_Osaka-Jennifer_Brady:0042,42,3,3,brady,brady,surname,,,after_preposition,pobj,JUDGE,2,,93.76,10.64,91.84,True,JUDGE,91.84
tv_pool_20210220-W-Australian_Open-F-Naomi_Osaka-Jennifer_Brady,tv_pool_20210220-W-Australian_Open-F-Naomi_Osaka-Jennifer_Brady:0042,42,21,18,osaka,osaka,surname,,,after_preposition,pobj,SHOT,3,,93.76,10.64,91.84,True,SHOT,91.84
tv_pool_20210220-W-Australian_Open-F-Naomi_Osaka-Jennifer_Brady,tv_pool_20210220-W-Australian_Open-F-Naomi_Osaka-Jennifer_Brady:0042,42,27,21,brady,brady,surname,,,subject,nsubj,OTHER,2,,93.76,10.64,91.84,True,OTHER,91.84
tv_pool_20210220-W-Australian_Open-F-Naomi_Osaka-Jennifer_Brady,tv_pool_20210220-W-Australian_Open-F-Naomi_Osaka-Jennifer_Brady:0042,42,84,77,brady,brady,surname,,,other,conj,OTHER,2,,93.76,10.64,91.84,True,OTHER,91.84
tv_pool_20210220-W-Australian_Open-F-Naomi_Osaka-Jennifer_Brady,tv_pool_20210220-W-Australian_Open-F-Naomi_Osaka-Jennifer_Brady:0042,42,93,86,osaka,naomi osaka,full_name,,,object,dobj,JUDGE,6,,93.76,10.64,91.84,True,JUDGE,91.84
tv_pool_20210220-W-Australian_Open-F-Naomi_Osaka-Jennifer_Brady,tv_pool_20210220-W-Australian_Open-F-Naomi_Osaka-Jennifer_Brady:0042,42,125,118,brady,brady,surname,,,after_preposition,pobj,SHOT,2,,93.76,10.64,91.84,True,SHOT,91.84
tv_pool_20210220-W-Australian_Open-F-Naomi_Osaka-Jennifer_Brady,tv_pool_20210220-W-Australian_Open-F-Naomi_Osaka-Jennifer_Brady:0042,42,142,135,osaka,osaka,surname,,,after_preposition,pobj,SHOT,3,,93.76,10.64,91.84,True,SHOT,91.84
tv_pool_20210220-W-Australian_Open-F-Naomi_Osaka-Jennifer_Brady,tv_pool_20210220-W-Australian_Open-F-Naomi_Osaka-Jennifer_Brady:0045,45,11,10,osaka,osaka,surname,,,possessive,poss,JUDGE,3,,29.6,24.52,27.68,True,JUDGE,27.68
tv_pool_20210220-W-Australian_Open-F-Naomi_Osaka-Jennifer_Brady,tv_pool_20210220-W-Australian_Open-F-Naomi_Osaka-Jennifer_Brady:0046,46,2,2,brady,brady,surname,,,subject,nsubj,OFFICIAL,2,,21.92,29.6,19.04,True,OFFICIAL,19.04
tv_pool_20210220-W-Australian_Open-F-Naomi_Osaka-Jennifer_Brady,tv_pool_20210220-W-Australian_Open-F-Naomi_Osaka-Jennifer_Brady:0047,47,7,7,brady,brady,surname,,,after_preposition,pobj,JUDGE,2,,25.08,21.92,23.12,True,JUDGE,23.12
tv_pool_20210220-W-Australian_Open-F-Naomi_Osaka-Jennifer_Brady,tv_pool_20210220-W-Australian_Open-F-Naomi_Osaka-Jennifer_Brady:0049,49,3,2,osaka,osaka,surname,,,subject,nsubj,OTHER,3,,17.68,13.88,14.8,True,OTHER,14.8
tv_pool_20210220-W-Australian_Open-F-Naomi_Osaka-Jennifer_Brady,tv_pool_20210220-W-Australian_Open-F-Naomi_Osaka-Jennifer_Brady:0049,49,11,9,brady,brady,surname,,,subject,nsubj,SHOT,2,,17.68,13.88,14.8,True,SHOT,14.8
tv_pool_20210220-W-Australian_Open-F-Naomi_Osaka-Jennifer_Brady,tv_pool_20210220-W-Australian_Open-F-Naomi_Osaka-Jennifer_Brady:0050,50,9,8,osaka,osaka,surname,,,after_preposition,pobj,JUDGE,3,,25.6,17.68,22.88,True,JUDGE,22.88
tv_pool_20210220-W-Australian_Open-F-Naomi_Osaka-Jennifer_Brady,tv_pool_20210220-W-Australian_Open-F-Naomi_Osaka-Jennifer_Brady:0050,50,25,22,osaka,osaka,surname,,,subject,nsubj,OTHER,3,,25.6,17.68,22.88,True,OTHER,22.88
tv_pool_20210220-W-Australian_Open-F-Naomi_Osaka-Jennifer_Brady,tv_pool_20210220-W-Australian_Open-F-Naomi_Osaka-Jennifer_Brady:0050,50,44,39,brady,brady,surname,,,subject,nsubj,JUDGE,2,,25.6,17.68,22.88,True,JUDGE,22.88
tv_pool_20210220-W-Australian_Open-F-Naomi_Osaka-Jennifer_Brady,tv_pool_20210220-W-Australian_Open-F-Naomi_Osaka-Jennifer_Brady:0050,50,49,44,osaka,osaka,surname,,,subject,nsubj,JUDGE,3,,25.6,17.68,22.88,True,JUDGE,22.88
tv_pool_20210220-W-Australian_Open-F-Naomi_Osaka-Jennifer_Brady,tv_pool_20210220-W-Australian_Open-F-Naomi_Osaka-Jennifer_Brady:0054,54,5,5,osaka,osaka,surname,,,object,appos,OTHER,3,,93.36,10.6,91.44,True,OTHER,91.44
tv_pool_20210220-W-Australian_Open-F-Naomi_Osaka-Jennifer_Brady,tv_pool_20210220-W-Australian_Open-F-Naomi_Osaka-Jennifer_Brady:0054,54,21,21,brady,brady,surname,,,after_preposition,pobj,OTHER,2,,93.36,10.6,91.44,True,OTHER,91.44
tv_pool_20210220-W-Australian_Open-F-Naomi_Osaka-Jennifer_Brady,tv_pool_20210220-W-Australian_Open-F-Naomi_Osaka-Jennifer_Brady:0054,54,49,48,osaka,osaka,surname,,,object,dobj,SHOT,3,,93.36,10.6,91.44,True,SHOT,91.44
tv_pool_20210220-W-Australian_Open-F-Naomi_Osaka-Jennifer_Brady,tv_pool_20210220-W-Australian_Open-F-Naomi_Osaka-Jennifer_Brady:0054,54,61,59,osaka,osaka,surname,,,after_preposition,pobj,OTHER,3,,93.36,10.6,91.44,True,OTHER,91.44
tv_pool_20210220-W-Australian_Open-F-Naomi_Osaka-Jennifer_Brady,tv_pool_20210220-W-Australian_Open-F-Naomi_Osaka-Jennifer_Brady:0054,54,98,90,osaka,osaka,surname,,,other,compound,JUDGE,3,,93.36,10.6,91.44,True,JUDGE,91.44
tv_pool_20210220-W-Australian_Open-F-Naomi_Osaka-Jennifer_Brady,tv_pool_20210220-W-Australian_Open-F-Naomi_Osaka-Jennifer_Brady:0054,54,107,99,osaka,osaka,surname,,,after_preposition,pobj,JUDGE,3,,93.36,10.6,91.44,True,JUDGE,91.44
tv_pool_20210220-W-Australian_Open-F-Naomi_Osaka-Jennifer_Brady,tv_pool_20210220-W-Australian_Open-F-Naomi_Osaka-Jennifer_Brady:0054,54,123,112,osaka,osaka,surname,,,vocative_exclamation,ROOT,JUDGE,3,,93.36,10.6,91.44,True,JUDGE,91.44
tv_pool_20210220-W-Australian_Open-F-Naomi_Osaka-Jennifer_Brady,tv_pool_20210220-W-Australian_Open-F-Naomi_Osaka-Jennifer_Brady:0054,54,171,156,brady,brady,surname,,,vocative_exclamation,ROOT,OTHER,2,,93.36,10.6,91.44,True,OTHER,91.44
tv_pool_20210220-W-Australian_Open-F-Naomi_Osaka-Jennifer_Brady,tv_pool_20210220-W-Australian_Open-F-Naomi_Osaka-Jennifer_Brady:0055,55,0,0,brady,brady,surname,,,subject,nsubj,OTHER,2,,20.6,93.36,18.64,True,OTHER,18.64
tv_pool_20210220-W-Australian_Open-F-Naomi_Osaka-Jennifer_Brady,tv_pool_20210220-W-Australian_Open-F-Naomi_Osaka-Jennifer_Brady:0056,56,8,8,osaka,naomi osaka,full_name,,,after_preposition,appos,OTHER,6,,22.08,20.6,20.08,True,OTHER,20.08
tv_pool_20210220-W-Australian_Open-F-Naomi_Osaka-Jennifer_Brady,tv_pool_20210220-W-Australian_Open-F-Naomi_Osaka-Jennifer_Brady:0061,61,8,6,osaka,osaka,surname,,,subject,nsubj,SHOT,3,,28.16,10.08,26.2,True,SHOT,26.2
tv_pool_20210220-W-Australian_Open-F-Naomi_Osaka-Jennifer_Brady,tv_pool_20210220-W-Australian_Open-F-Naomi_Osaka-Jennifer_Brady:0061,61,20,17,osaka,osaka,surname,,,after_preposition,pobj,OTHER,3,,28.16,10.08,26.2,True,OTHER,26.2
tv_pool_20210220-W-Australian_Open-F-Naomi_Osaka-Jennifer_Brady,tv_pool_20210220-W-Australian_Open-F-Naomi_Osaka-Jennifer_Brady:0062,62,4,4,osaka,naomi osaka,full_name,,,after_preposition,pobj,SHOT,6,,19.24,28.16,17.32,True,SHOT,17.32
tv_pool_20210220-W-Australian_Open-F-Naomi_Osaka-Jennifer_Brady,tv_pool_20210220-W-Australian_Open-F-Naomi_Osaka-Jennifer_Brady:0064,64,3,3,brady,brady,surname,,,after_preposition,pobj,SCORE,2,,84.92,13.08,81.96,True,SCORE,81.96
tv_pool_20210220-W-Australian_Open-F-Naomi_Osaka-Jennifer_Brady,tv_pool_20210220-W-Australian_Open-F-Naomi_Osaka-Jennifer_Brady:0064,64,12,10,brady,brady,surname,,,subject,nsubj,OTHER,2,,84.92,13.08,81.96,True,OTHER,81.96
tv_pool_20210220-W-Australian_Open-F-Naomi_Osaka-Jennifer_Brady,tv_pool_20210220-W-Australian_Open-F-Naomi_Osaka-Jennifer_Brady:0065,65,9,9,osaka,osaka,surname,,,after_preposition,pobj,SHOT,3,,11.2,84.92,7.12,True,SHOT,7.12
tv_pool_20210220-W-Australian_Open-F-Naomi_Osaka-Jennifer_Brady,tv_pool_20210220-W-Australian_Open-F-Naomi_Osaka-Jennifer_Brady:0067,67,26,23,brady,brady,surname,,,after_preposition,pobj,JUDGE,2,,52.72,18.48,50.72,True,JUDGE,50.72
tv_pool_20210220-W-Australian_Open-F-Naomi_Osaka-Jennifer_Brady,tv_pool_20210220-W-Australian_Open-F-Naomi_Osaka-Jennifer_Brady:0069,69,0,0,brady,brady,surname,,,subject,nsubj,JUDGE,2,,18.56,10.52,15.52,True,JUDGE,15.52
tv_pool_20210220-W-Australian_Open-F-Naomi_Osaka-Jennifer_Brady,tv_pool_20210220-W-Australian_Open-F-Naomi_Osaka-Jennifer_Brady:0069,69,6,6,osaka,osaka,surname,,,after_preposition,pobj,JUDGE,3,,18.56,10.52,15.52,True,JUDGE,15.52
tv_pool_20210220-W-Australian_Open-F-Naomi_Osaka-Jennifer_Brady,tv_pool_20210220-W-Australian_Open-F-Naomi_Osaka-Jennifer_Brady:0071,71,11,10,osaka,osaka,surname,,,subject,nsubj,OTHER,3,,21.04,11.44,19.12,True,OTHER,19.12
tv_pool_20210220-W-Australian_Open-F-Naomi_Osaka-Jennifer_Brady,tv_pool_20210220-W-Australian_Open-F-Naomi_Osaka-Jennifer_Brady:0071,71,23,21,brady,brady,surname,,,after_preposition,pobj,JUDGE,2,,21.04,11.44,19.12,True,JUDGE,19.12
tv_pool_20210220-W-Australian_Open-F-Naomi_Osaka-Jennifer_Brady,tv_pool_20210220-W-Australian_Open-F-Naomi_Osaka-Jennifer_Brady:0074,74,60,53,osaka,osaka,surname,,,object,dobj,SCORE,3,,43.88,20.48,41.84,True,SCORE,41.84
tv_pool_20210220-W-Australian_Open-F-Naomi_Osaka-Jennifer_Brady,tv_pool_20210220-W-Australian_Open-F-Naomi_Osaka-Jennifer_Brady:0080,80,27,22,osaka,osaka,surname,,,vocative_exclamation,ROOT,OTHER,3,,106.08,13.52,104.08,True,OTHER,104.08
tv_pool_20210220-W-Australian_Open-F-Naomi_Osaka-Jennifer_Brady,tv_pool_20210220-W-Australian_Open-F-Naomi_Osaka-Jennifer_Brady:0082,82,18,16,brady,brady,surname,,,object,attr,OTHER,2,,15.64,15.8,13.68,True,OTHER,13.68
tv_pool_20210220-W-Australian_Open-F-Naomi_Osaka-Jennifer_Brady,tv_pool_20210220-W-Australian_Open-F-Naomi_Osaka-Jennifer_Brady:0082,82,69,57,brady,brady,surname,,,vocative_exclamation,npadvmod,OTHER,2,,15.64,15.8,13.68,True,OTHER,13.68
tv_pool_20210220-W-Australian_Open-F-Naomi_Osaka-Jennifer_Brady,tv_pool_20210220-W-Australian_Open-F-Naomi_Osaka-Jennifer_Brady:0087,87,2,1,brady,brady,surname,,,subject,nsubj,OTHER,2,,21.56,10,19.64,True,OTHER,19.64
tv_pool_20210220-W-Australian_Open-F-Naomi_Osaka-Jennifer_Brady,tv_pool_20210220-W-Australian_Open-F-Naomi_Osaka-Jennifer_Brady:0087,87,18,17,osaka,osaka,surname,,,after_preposition,pobj,SHOT,3,,21.56,10,19.64,True,SHOT,19.64
tv_pool_20210220-W-Australian_Open-F-Naomi_Osaka-Jennifer_Brady,tv_pool_20210220-W-Australian_Open-F-Naomi_Osaka-Jennifer_Brady:0089,89,6,5,osaka,osaka,surname,,,after_preposition,pobj,JUDGE,3,,26.96,44.68,25,True,JUDGE,25
tv_pool_20210220-W-Australian_Open-F-Naomi_Osaka-Jennifer_Brady,tv_pool_20210220-W-Australian_Open-F-Naomi_Osaka-Jennifer_Brady:0089,89,48,41,brady,brady,surname,,,subject,nsubj,SHOT,2,,26.96,44.68,25,True,SHOT,25
tv_pool_20210220-W-Australian_Open-F-Naomi_Osaka-Jennifer_Brady,tv_pool_20210220-W-Australian_Open-F-Naomi_Osaka-Jennifer_Brady:0089,89,60,51,osaka,osaka,surname,,,vocative_exclamation,npadvmod,SCORE,3,,26.96,44.68,25,True,SCORE,25
tv_pool_20210220-W-Australian_Open-F-Naomi_Osaka-Jennifer_Brady,tv_pool_20210220-W-Australian_Open-F-Naomi_Osaka-Jennifer_Brady:0090,90,13,11,brady,brady,surname,,,after_preposition,pobj,OTHER,2,,38.36,26.96,36.4,True,OTHER,36.4
tv_pool_20210220-W-Australian_Open-F-Naomi_Osaka-Jennifer_Brady,tv_pool_20210220-W-Australian_Open-F-Naomi_Osaka-Jennifer_Brady:0090,90,21,17,osaka,osaka,surname,,,vocative_exclamation,ROOT,OTHER,3,,38.36,26.96,36.4,True,OTHER,36.4
tv_pool_20210220-W-Australian_Open-F-Naomi_Osaka-Jennifer_Brady,tv_pool_20210220-W-Australian_Open-F-Naomi_Osaka-Jennifer_Brady:0090,90,30,22,osaka,osaka,surname,,,vocative_exclamation,npadvmod,OTHER,3,,38.36,26.96,36.4,True,OTHER,36.4
tv_pool_20210220-W-Australian_Open-F-Naomi_Osaka-Jennifer_Brady,tv_pool_20210220-W-Australian_Open-F-Naomi_Osaka-Jennifer_Brady:0090,90,55,43,brady,brady,surname,,,subject,nsubj,JUDGE,2,,38.36,26.96,36.4,True,JUDGE,36.4
tv_pool_20210220-W-Australian_Open-F-Naomi_Osaka-Jennifer_Brady,tv_pool_20210220-W-Australian_Open-F-Naomi_Osaka-Jennifer_Brady:0094,94,6,5,brady,brady,surname,,,subject,nsubj,OTHER,2,,25.16,12.92,22.16,True,OTHER,22.16
tv_pool_20210220-W-Australian_Open-F-Naomi_Osaka-Jennifer_Brady,tv_pool_20210220-W-Australian_Open-F-Naomi_Osaka-Jennifer_Brady:0096,96,4,4,osaka,osaka,surname,,,subject,conj,JUDGE,3,,26.32,10.6,24.4,True,JUDGE,24.4
tv_pool_20210220-W-Australian_Open-F-Naomi_Osaka-Jennifer_Brady,tv_pool_20210220-W-Australian_Open-F-Naomi_Osaka-Jennifer_Brady:0101,101,7,7,brady,brady,surname,,,after_preposition,pobj,JUDGE,2,,20.64,21.68,18.72,True,JUDGE,18.72
tv_pool_20210220-W-Australian_Open-F-Naomi_Osaka-Jennifer_Brady,tv_pool_20210220-W-Australian_Open-F-Naomi_Osaka-Jennifer_Brady:0104,104,10,9,osaka,osaka,surname,,,subject,nsubj,OTHER,3,,33.64,16.44,31.68,True,OTHER,31.68
tv_pool_20210220-W-Australian_Open-F-Naomi_Osaka-Jennifer_Brady,tv_pool_20210220-W-Australian_Open-F-Naomi_Osaka-Jennifer_Brady:0104,104,44,37,osaka,osaka,surname,,,after_preposition,appos,OTHER,3,,33.64,16.44,31.68,True,OTHER,31.68
tv_pool_20210220-W-Australian_Open-F-Naomi_Osaka-Jennifer_Brady,tv_pool_20210220-W-Australian_Open-F-Naomi_Osaka-Jennifer_Brady:0107,107,0,0,osaka,osaka,surname,,,possessive,poss,OTHER,3,,19.76,10.24,17.84,True,OTHER,17.84
tv_pool_20210220-W-Australian_Open-F-Naomi_Osaka-Jennifer_Brady,tv_pool_20210220-W-Australian_Open-F-Naomi_Osaka-Jennifer_Brady:0108,108,0,0,osaka,osaka,surname,,,vocative_exclamation,ROOT,OTHER,3,,22.76,19.76,16.08,True,OTHER,16.08
tv_pool_20210220-W-Australian_Open-F-Naomi_Osaka-Jennifer_Brady,tv_pool_20210220-W-Australian_Open-F-Naomi_Osaka-Jennifer_Brady:0108,108,15,13,osaka,osaka,surname,,,after_preposition,pobj,OTHER,3,,22.76,19.76,16.08,True,OTHER,16.08
tv_pool_20210220-W-Australian_Open-F-Naomi_Osaka-Jennifer_Brady,tv_pool_20210220-W-Australian_Open-F-Naomi_Osaka-Jennifer_Brady:0112,112,6,5,brady,brady,surname,,,after_preposition,pobj,SHOT,2,,24.68,11.64,21.32,True,SHOT,21.32
tv_pool_20210220-W-Australian_Open-F-Naomi_Osaka-Jennifer_Brady,tv_pool_20210220-W-Australian_Open-F-Naomi_Osaka-Jennifer_Brady:0112,112,15,12,osaka,osaka,surname,,,object,attr,SCORE,3,,24.68,11.64,21.32,True,SCORE,21.32
tv_pool_20210220-W-Australian_Open-F-Naomi_Osaka-Jennifer_Brady,tv_pool_20210220-W-Australian_Open-F-Naomi_Osaka-Jennifer_Brady:0112,112,22,18,brady,brady,surname,,,subject,nsubj,SCORE,2,,24.68,11.64,21.32,True,SCORE,21.32
tv_pool_20210220-W-Australian_Open-F-Naomi_Osaka-Jennifer_Brady,tv_pool_20210220-W-Australian_Open-F-Naomi_Osaka-Jennifer_Brady:0112,112,29,25,osaka,osaka,surname,,,after_preposition,pobj,OTHER,3,,24.68,11.64,21.32,True,OTHER,21.32
tv_pool_20210220-W-Australian_Open-F-Naomi_Osaka-Jennifer_Brady,tv_pool_20210220-W-Australian_Open-F-Naomi_Osaka-Jennifer_Brady:0113,113,9,9,osaka,osaka,surname,,,after_preposition,pobj,JUDGE,3,,94.36,24.68,91.6,True,JUDGE,91.6
tv_pool_20210220-W-Australian_Open-F-Naomi_Osaka-Jennifer_Brady,tv_pool_20210220-W-Australian_Open-F-Naomi_Osaka-Jennifer_Brady:0114,114,0,0,osaka,naomi osaka,full_name,,,other,ROOT,OTHER,6,,21.04,94.36,19.12,True,OTHER,19.12
tv_pool_20210220-W-Australian_Open-F-Naomi_Osaka-Jennifer_Brady,tv_pool_20210220-W-Australian_Open-F-Naomi_Osaka-Jennifer_Brady:0114,114,57,49,brady,brady,surname,,,vocative_exclamation,ROOT,SCORE,2,,21.04,94.36,19.12,True,SCORE,19.12
tv_pool_20210220-W-Australian_Open-F-Naomi_Osaka-Jennifer_Brady,tv_pool_20210220-W-Australian_Open-F-Naomi_Osaka-Jennifer_Brady:0115,115,6,6,osaka,osaka,surname,,,after_preposition,pobj,JUDGE,3,,21.96,21.04,20,True,JUDGE,20
tv_pool_20210220-W-Australian_Open-F-Naomi_Osaka-Jennifer_Brady,tv_pool_20210220-W-Australian_Open-F-Naomi_Osaka-Jennifer_Brady:0116,116,10,9,brady,brady,surname,,,subject,nsubj,OTHER,2,,24.56,21.96,22.68,True,OTHER,22.68
tv_pool_20210220-W-Australian_Open-F-Naomi_Osaka-Jennifer_Brady,tv_pool_20210220-W-Australian_Open-F-Naomi_Osaka-Jennifer_Brady:0116,116,26,23,osaka,osaka,surname,,,vocative_exclamation,ROOT,SHOT,3,,24.56,21.96,22.68,True,SHOT,22.68
tv_pool_20210220-W-Australian_Open-F-Naomi_Osaka-Jennifer_Brady,tv_pool_20210220-W-Australian_Open-F-Naomi_Osaka-Jennifer_Brady:0116,116,39,32,brady,brady,surname,,,vocative_exclamation,ROOT,SHOT,2,,24.56,21.96,22.68,True,SHOT,22.68
tv_pool_20210220-W-Australian_Open-F-Naomi_Osaka-Jennifer_Brady,tv_pool_20210220-W-Australian_Open-F-Naomi_Osaka-Jennifer_Brady:0117,117,13,11,brady,brady,surname,,,after_preposition,pobj,SHOT,2,,22.84,24.56,20.92,True,SHOT,20.92
tv_pool_20210220-W-Australian_Open-F-Naomi_Osaka-Jennifer_Brady,tv_pool_20210220-W-Australian_Open-F-Naomi_Osaka-Jennifer_Brady:0119,119,5,5,brady,brady,surname,,,subject,nsubj,SCORE,2,,17,66.44,15,True,SCORE,15
tv_pool_20210220-W-Australian_Open-F-Naomi_Osaka-Jennifer_Brady,tv_pool_20210220-W-Australian_Open-F-Naomi_Osaka-Jennifer_Brady:0119,119,17,16,osaka,osaka,surname,,,after_preposition,pobj,SHOT,3,,17,66.44,15,True,SHOT,15
tv_pool_20210220-W-Australian_Open-F-Naomi_Osaka-Jennifer_Brady,tv_pool_20210220-W-Australian_Open-F-Naomi_Osaka-Jennifer_Brady:0123,123,11,9,brady,brady,surname,,,after_preposition,pobj,OTHER,2,,23.36,19.16,21.52,True,OTHER,21.52
tv_pool_20210220-W-Australian_Open-F-Naomi_Osaka-Jennifer_Brady,tv_pool_20210220-W-Australian_Open-F-Naomi_Osaka-Jennifer_Brady:0123,123,16,13,osaka,naomi osaka,full_name,,,object,dobj,OTHER,6,,23.36,19.16,21.52,True,OTHER,21.52
tv_pool_20210220-W-Australian_Open-F-Naomi_Osaka-Jennifer_Brady,tv_pool_20210220-W-Australian_Open-F-Naomi_Osaka-Jennifer_Brady:0128,128,27,23,osaka,osaka,surname,,,after_preposition,pobj,SCORE,3,,19.52,12.64,17.52,True,SCORE,17.52
tv_pool_20210220-W-Australian_Open-F-Naomi_Osaka-Jennifer_Brady,tv_pool_20210220-W-Australian_Open-F-Naomi_Osaka-Jennifer_Brady:0128,128,34,29,brady,brady,surname,,,subject,nsubj,SCORE,2,,19.52,12.64,17.52,True,SCORE,17.52
tv_pool_20210220-W-Australian_Open-F-Naomi_Osaka-Jennifer_Brady,tv_pool_20210220-W-Australian_Open-F-Naomi_Osaka-Jennifer_Brady:0131,131,10,8,brady,brady,surname,,,after_preposition,pobj,SHOT,2,,22.56,27.24,20.56,True,SHOT,20.56
tv_pool_20210220-W-Australian_Open-F-Naomi_Osaka-Jennifer_Brady,tv_pool_20210220-W-Australian_Open-F-Naomi_Osaka-Jennifer_Brady:0131,131,30,25,brady,brady,surname,,,vocative_exclamation,npadvmod,SHOT,2,,22.56,27.24,20.56,True,SHOT,20.56
tv_pool_20210220-W-Australian_Open-F-Naomi_Osaka-Jennifer_Brady,tv_pool_20210220-W-Australian_Open-F-Naomi_Osaka-Jennifer_Brady:0132,132,8,8,brady,brady,surname,,,after_preposition,pobj,CROWD,2,,97.8,22.56,95.8,True,CROWD,95.8
tv_pool_20210220-W-Australian_Open-F-Naomi_Osaka-Jennifer_Brady,tv_pool_20210220-W-Australian_Open-F-Naomi_Osaka-Jennifer_Brady:0132,132,43,36,brady,brady,surname,,,after_preposition,pobj,JUDGE,2,,97.8,22.56,95.8,True,JUDGE,95.8
tv_pool_20210220-W-Australian_Open-F-Naomi_Osaka-Jennifer_Brady,tv_pool_20210220-W-Australian_Open-F-Naomi_Osaka-Jennifer_Brady:0132,132,124,114,osaka,osaka,surname,,,subject,nsubj,JUDGE,3,,97.8,22.56,95.8,True,JUDGE,95.8
tv_pool_20210220-W-Australian_Open-F-Naomi_Osaka-Jennifer_Brady,tv_pool_20210220-W-Australian_Open-F-Naomi_Osaka-Jennifer_Brady:0133,133,45,39,brady,brady,surname,,,vocative_exclamation,npadvmod,OFFICIAL,2,,14,97.8,12.08,True,OFFICIAL,12.08
tv_pool_20210220-W-Australian_Open-F-Naomi_Osaka-Jennifer_Brady,tv_pool_20210220-W-Australian_Open-F-Naomi_Osaka-Jennifer_Brady:0134,134,6,5,brady,brady,surname,,,after_preposition,pobj,SHOT,2,,18.28,14,16.28,True,SHOT,16.28
tv_pool_20210220-W-Australian_Open-F-Naomi_Osaka-Jennifer_Brady,tv_pool_20210220-W-Australian_Open-F-Naomi_Osaka-Jennifer_Brady:0136,136,45,37,brady,brady,surname,,,after_preposition,pobj,JUDGE,2,,22.8,10.2,20.84,True,JUDGE,20.84
tv_pool_20210220-W-Australian_Open-F-Naomi_Osaka-Jennifer_Brady,tv_pool_20210220-W-Australian_Open-F-Naomi_Osaka-Jennifer_Brady:0138,138,15,15,osaka,osaka,surname,,,after_preposition,appos,JUDGE,3,,13.2,40.84,11.24,True,JUDGE,11.24
tv_pool_20210220-W-Australian_Open-F-Naomi_Osaka-Jennifer_Brady,tv_pool_20210220-W-Australian_Open-F-Naomi_Osaka-Jennifer_Brady:0142,142,4,2,brady,brady,surname,,,subject,nsubj,SCORE,2,,18.96,13.12,16.92,True,SCORE,16.92
tv_pool_20210220-W-Australian_Open-F-Naomi_Osaka-Jennifer_Brady,tv_pool_20210220-W-Australian_Open-F-Naomi_Osaka-Jennifer_Brady:0142,142,18,15,osaka,naomi,first_name,,,other,ROOT,SHOT,3,,18.96,13.12,16.92,True,SHOT,16.92
tv_pool_20210220-W-Australian_Open-F-Naomi_Osaka-Jennifer_Brady,tv_pool_20210220-W-Australian_Open-F-Naomi_Osaka-Jennifer_Brady:0144,144,12,11,brady,brady,surname,,,after_preposition,pobj,JUDGE,2,,30.96,13.36,29,True,JUDGE,29
tv_pool_20210220-W-Australian_Open-F-Naomi_Osaka-Jennifer_Brady,tv_pool_20210220-W-Australian_Open-F-Naomi_Osaka-Jennifer_Brady:0144,144,35,32,brady,brady,surname,,,possessive,poss,OTHER,2,,30.96,13.36,29,True,OTHER,29
tv_pool_20210220-W-Australian_Open-F-Naomi_Osaka-Jennifer_Brady,tv_pool_20210220-W-Australian_Open-F-Naomi_Osaka-Jennifer_Brady:0144,144,44,40,osaka,osaka,surname,,,possessive,pobj,OTHER,3,,30.96,13.36,29,True,OTHER,29
tv_pool_20210220-W-Australian_Open-F-Naomi_Osaka-Jennifer_Brady,tv_pool_20210220-W-Australian_Open-F-Naomi_Osaka-Jennifer_Brady:0145,145,8,6,osaka,osaka,surname,,,subject,nsubj,STAT,3,,99.2,30.96,97.2,True,STAT,97.2
tv_pool_20210220-W-Australian_Open-F-Naomi_Osaka-Jennifer_Brady,tv_pool_20210220-W-Australian_Open-F-Naomi_Osaka-Jennifer_Brady:0148,148,3,3,brady,brady,surname,,,after_preposition,pobj,OTHER,2,,22.16,30.2,21.28,True,OTHER,21.28
tv_pool_20210220-W-Australian_Open-F-Naomi_Osaka-Jennifer_Brady,tv_pool_20210220-W-Australian_Open-F-Naomi_Osaka-Jennifer_Brady:0150,150,6,6,brady,brady,surname,,,subject,nsubj,OTHER,2,,26.04,10.08,22.92,True,OTHER,22.92
tv_pool_20210220-W-Australian_Open-F-Naomi_Osaka-Jennifer_Brady,tv_pool_20210220-W-Australian_Open-F-Naomi_Osaka-Jennifer_Brady:0152,152,79,70,brady,brady,surname,,,subject,nsubj,JUDGE,2,,24.96,9.68,23.04,True,JUDGE,23.04
tv_pool_20210220-W-Australian_Open-F-Naomi_Osaka-Jennifer_Brady,tv_pool_20210220-W-Australian_Open-F-Naomi_Osaka-Jennifer_Brady:0156,156,4,4,brady,brady,surname,,,subject,nsubj,OTHER,2,,22.56,45.16,20.6,True,OTHER,20.6
tv_pool_20210220-W-Australian_Open-F-Naomi_Osaka-Jennifer_Brady,tv_pool_20210220-W-Australian_Open-F-Naomi_Osaka-Jennifer_Brady:0157,157,9,8,osaka,osaka,surname,,,object,dobj,OTHER,3,,30.44,22.56,28.48,True,OTHER,28.48
tv_pool_20210220-W-Australian_Open-F-Naomi_Osaka-Jennifer_Brady,tv_pool_20210220-W-Australian_Open-F-Naomi_Osaka-Jennifer_Brady:0161,161,10,8,osaka,osaka,surname,,,vocative_exclamation,npadvmod,OTHER,3,,11.48,20.76,6,True,OTHER,6
tv_pool_20210220-W-Australian_Open-F-Naomi_Osaka-Jennifer_Brady,tv_pool_20210220-W-Australian_Open-F-Naomi_Osaka-Jennifer_Brady:0163,163,14,12,osaka,osaka,surname,,,subject,nsubj,SCORE,3,,,23.88,,True,SCORE,
tv_pool_20210220-W-Australian_Open-F-Naomi_Osaka-Jennifer_Brady,tv_pool_20210220-W-Australian_Open-F-Naomi_Osaka-Jennifer_Brady:0163,163,40,33,brady,brady,surname,,,vocative_exclamation,npadvmod,OTHER,2,,,23.88,,True,OTHER,
tv_pool_20210220-W-Australian_Open-F-Naomi_Osaka-Jennifer_Brady,tv_pool_20210220-W-Australian_Open-F-Naomi_Osaka-Jennifer_Brady:0163,163,63,53,osaka,naomi osaka,full_name,,,vocative_exclamation,npadvmod,STAT,6,,,23.88,,True,STAT,
tv_pool_20210220-W-Australian_Open-F-Naomi_Osaka-Jennifer_Brady,tv_pool_20210220-W-Australian_Open-F-Naomi_Osaka-Jennifer_Brady:0163,163,105,89,brady,brady,surname,,,after_preposition,pobj,OTHER,2,,,23.88,,True,OTHER,
tv_pool_20210220-W-Australian_Open-F-Naomi_Osaka-Jennifer_Brady,tv_pool_20210220-W-Australian_Open-F-Naomi_Osaka-Jennifer_Brady:0163,163,117,100,osaka,osaka,surname,,,after_preposition,pobj,JUDGE,3,,,23.88,,True,JUDGE,
tv_pool_20210613-M-Roland_Garros-F-Stefanos_Tsitsipas-Novak_Djokovic,tv_pool_20210613-M-Roland_Garros-F-Stefanos_Tsitsipas-Novak_Djokovic:0001,1,51,50,djokovic,djokovic,surname,,,object,dobj,SHOT,3,,36.72,23.96,34.04,True,SHOT,34.04
tv_pool_20210613-M-Roland_Garros-F-Stefanos_Tsitsipas-Novak_Djokovic,tv_pool_20210613-M-Roland_Garros-F-Stefanos_Tsitsipas-Novak_Djokovic:0001,1,63,61,tsitsipas,tsitsipas,surname,,,after_preposition,pobj,STAT,3,,36.72,23.96,34.04,True,STAT,34.04
tv_pool_20210613-M-Roland_Garros-F-Stefanos_Tsitsipas-Novak_Djokovic,tv_pool_20210613-M-Roland_Garros-F-Stefanos_Tsitsipas-Novak_Djokovic:0006,6,22,21,djokovic,djokovic,surname,,,after_preposition,pobj,OTHER,3,,56.12,26.16,54.72,True,OTHER,54.72
tv_pool_20210613-M-Roland_Garros-F-Stefanos_Tsitsipas-Novak_Djokovic,tv_pool_20210613-M-Roland_Garros-F-Stefanos_Tsitsipas-Novak_Djokovic:0006,6,24,22,tsitsipas,tsitsipas,surname,,,subject,nsubj,OTHER,3,,56.12,26.16,54.72,True,OTHER,54.72
tv_pool_20210613-M-Roland_Garros-F-Stefanos_Tsitsipas-Novak_Djokovic,tv_pool_20210613-M-Roland_Garros-F-Stefanos_Tsitsipas-Novak_Djokovic:0006,6,29,27,UNRESOLVED,the second seed,epithet,epithet_descriptive,unresolved,object,dobj,STAT,4,,56.12,26.16,54.72,True,STAT,54.72
tv_pool_20210613-M-Roland_Garros-F-Stefanos_Tsitsipas-Novak_Djokovic,tv_pool_20210613-M-Roland_Garros-F-Stefanos_Tsitsipas-Novak_Djokovic:0006,6,33,31,UNRESOLVED,the top seed,epithet,epithet_descriptive,unresolved,object,conj,STAT,3,,56.12,26.16,54.72,True,STAT,54.72
tv_pool_20210613-M-Roland_Garros-F-Stefanos_Tsitsipas-Novak_Djokovic,tv_pool_20210613-M-Roland_Garros-F-Stefanos_Tsitsipas-Novak_Djokovic:0007,7,73,63,djokovic,djokovic,surname,,,object,dobj,OTHER,3,,22.92,56.12,21,True,OTHER,21
tv_pool_20210613-M-Roland_Garros-F-Stefanos_Tsitsipas-Novak_Djokovic,tv_pool_20210613-M-Roland_Garros-F-Stefanos_Tsitsipas-Novak_Djokovic:0007,7,84,73,djokovic,djokovic,surname,,,subject,nsubj,STAT,3,,22.92,56.12,21,True,STAT,21
tv_pool_20210613-M-Roland_Garros-F-Stefanos_Tsitsipas-Novak_Djokovic,tv_pool_20210613-M-Roland_Garros-F-Stefanos_Tsitsipas-Novak_Djokovic:0007,7,106,92,djokovic,djokovic,surname,,,vocative_exclamation,ROOT,SCORE,3,advantage_name,22.92,56.12,21,True,SCORE,21
tv_pool_20210613-M-Roland_Garros-F-Stefanos_Tsitsipas-Novak_Djokovic,tv_pool_20210613-M-Roland_Garros-F-Stefanos_Tsitsipas-Novak_Djokovic:0007,7,116,100,djokovic,djokovic,surname,,,subject,nsubj,OTHER,3,,22.92,56.12,21,True,OTHER,21
tv_pool_20210613-M-Roland_Garros-F-Stefanos_Tsitsipas-Novak_Djokovic,tv_pool_20210613-M-Roland_Garros-F-Stefanos_Tsitsipas-Novak_Djokovic:0007,7,131,112,tsitsipas,tsitsipas,surname,,,subject,nsubj,OTHER,3,,22.92,56.12,21,True,OTHER,21
tv_pool_20210613-M-Roland_Garros-F-Stefanos_Tsitsipas-Novak_Djokovic,tv_pool_20210613-M-Roland_Garros-F-Stefanos_Tsitsipas-Novak_Djokovic:0009,9,29,23,djokovic,djokovic,surname,,,subject,nsubj,SHOT,3,,17.6,105.08,14.64,True,SHOT,14.64
tv_pool_20210613-M-Roland_Garros-F-Stefanos_Tsitsipas-Novak_Djokovic,tv_pool_20210613-M-Roland_Garros-F-Stefanos_Tsitsipas-Novak_Djokovic:0009,9,70,61,tsitsipas,tsitsipas,surname,,,after_preposition,pobj,OTHER,3,,17.6,105.08,14.64,True,OTHER,14.64
tv_pool_20210613-M-Roland_Garros-F-Stefanos_Tsitsipas-Novak_Djokovic,tv_pool_20210613-M-Roland_Garros-F-Stefanos_Tsitsipas-Novak_Djokovic:0010,10,17,15,tsitsipas,tsitsipas,surname,,,after_preposition,appos,STAT,3,,79.24,17.6,77.36,True,STAT,77.36
tv_pool_20210613-M-Roland_Garros-F-Stefanos_Tsitsipas-Novak_Djokovic,tv_pool_20210613-M-Roland_Garros-F-Stefanos_Tsitsipas-Novak_Djokovic:0010,10,59,52,djokovic,djokovic,surname,,,after_preposition,pobj,OTHER,3,,79.24,17.6,77.36,True,OTHER,77.36
tv_pool_20210613-M-Roland_Garros-F-Stefanos_Tsitsipas-Novak_Djokovic,tv_pool_20210613-M-Roland_Garros-F-Stefanos_Tsitsipas-Novak_Djokovic:0011,11,17,13,tsitsipas,tsitsipas,surname,,,subject,nsubj,JUDGE,3,,27.56,79.24,25.68,True,JUDGE,25.68
tv_pool_20210613-M-Roland_Garros-F-Stefanos_Tsitsipas-Novak_Djokovic,tv_pool_20210613-M-Roland_Garros-F-Stefanos_Tsitsipas-Novak_Djokovic:0011,11,42,35,djokovic,djokovic,surname,,,subject,nsubj,OTHER,3,,27.56,79.24,25.68,True,OTHER,25.68
tv_pool_20210613-M-Roland_Garros-F-Stefanos_Tsitsipas-Novak_Djokovic,tv_pool_20210613-M-Roland_Garros-F-Stefanos_Tsitsipas-Novak_Djokovic:0013,13,7,5,tsitsipas,tsitsipas,surname,,,after_preposition,pobj,SCORE,3,,25.76,29.48,23.84,True,SCORE,23.84
tv_pool_20210613-M-Roland_Garros-F-Stefanos_Tsitsipas-Novak_Djokovic,tv_pool_20210613-M-Roland_Garros-F-Stefanos_Tsitsipas-Novak_Djokovic:0013,13,26,22,djokovic,djokovic,surname,,,subject,nsubj,OTHER,3,,25.76,29.48,23.84,True,OTHER,23.84
tv_pool_20210613-M-Roland_Garros-F-Stefanos_Tsitsipas-Novak_Djokovic,tv_pool_20210613-M-Roland_Garros-F-Stefanos_Tsitsipas-Novak_Djokovic:0014,14,3,3,djokovic,the serb,epithet,epithet_nationality,nationality,after_preposition,pobj,OTHER,2,,31,25.76,29.08,True,OTHER,29.08
tv_pool_20210613-M-Roland_Garros-F-Stefanos_Tsitsipas-Novak_Djokovic,tv_pool_20210613-M-Roland_Garros-F-Stefanos_Tsitsipas-Novak_Djokovic:0014,14,9,8,UNRESOLVED,the world number one,epithet,epithet_descriptive,unresolved,after_preposition,pobj,OTHER,5,,31,25.76,29.08,True,STAT,29.08
tv_pool_20210613-M-Roland_Garros-F-Stefanos_Tsitsipas-Novak_Djokovic,tv_pool_20210613-M-Roland_Garros-F-Stefanos_Tsitsipas-Novak_Djokovic:0014,14,14,12,djokovic,djokovic,surname,,,subject,nsubj,STAT,3,,31,25.76,29.08,True,STAT,29.08
tv_pool_20210613-M-Roland_Garros-F-Stefanos_Tsitsipas-Novak_Djokovic,tv_pool_20210613-M-Roland_Garros-F-Stefanos_Tsitsipas-Novak_Djokovic:0014,14,26,21,tsitsipas,tsitsipas,surname,,,subject,nsubj,STAT,3,,31,25.76,29.08,True,STAT,29.08
tv_pool_20210613-M-Roland_Garros-F-Stefanos_Tsitsipas-Novak_Djokovic,tv_pool_20210613-M-Roland_Garros-F-Stefanos_Tsitsipas-Novak_Djokovic:0014,14,69,59,tsitsipas,tsitsipas,surname,,,after_preposition,pobj,OTHER,3,,31,25.76,29.08,True,OTHER,29.08
tv_pool_20210613-M-Roland_Garros-F-Stefanos_Tsitsipas-Novak_Djokovic,tv_pool_20210613-M-Roland_Garros-F-Stefanos_Tsitsipas-Novak_Djokovic:0015,15,8,5,tsitsipas,tsitsipas,surname,,,other,appos,SCORE,3,,28.92,31,27.2,True,SCORE,27.2
tv_pool_20210613-M-Roland_Garros-F-Stefanos_Tsitsipas-Novak_Djokovic,tv_pool_20210613-M-Roland_Garros-F-Stefanos_Tsitsipas-Novak_Djokovic:0015,15,13,9,djokovic,djokovic,surname,,,subject,nsubj,JUDGE,3,,28.92,31,27.2,True,JUDGE,27.2
tv_pool_20210613-M-Roland_Garros-F-Stefanos_Tsitsipas-Novak_Djokovic,tv_pool_20210613-M-Roland_Garros-F-Stefanos_Tsitsipas-Novak_Djokovic:0018,18,10,9,tsitsipas,tsitsipas,surname,,,object,dative,SCORE,3,,31.36,10.08,29.4,True,SCORE,29.4
tv_pool_20210613-M-Roland_Garros-F-Stefanos_Tsitsipas-Novak_Djokovic,tv_pool_20210613-M-Roland_Garros-F-Stefanos_Tsitsipas-Novak_Djokovic:0018,18,26,21,djokovic,djokovic,surname,,,after_preposition,pobj,SHOT,3,,31.36,10.08,29.4,True,SHOT,29.4
tv_pool_20210613-M-Roland_Garros-F-Stefanos_Tsitsipas-Novak_Djokovic,tv_pool_20210613-M-Roland_Garros-F-Stefanos_Tsitsipas-Novak_Djokovic:0018,18,30,25,tsitsipas,tsitsipas,surname,,,after_preposition,pobj,OTHER,3,,31.36,10.08,29.4,True,OTHER,29.4
tv_pool_20210613-M-Roland_Garros-F-Stefanos_Tsitsipas-Novak_Djokovic,tv_pool_20210613-M-Roland_Garros-F-Stefanos_Tsitsipas-Novak_Djokovic:0020,20,61,55,djokovic,novak djokovic,full_name,,,after_preposition,conj,OTHER,5,,23.72,9.12,21.8,True,OTHER,21.8
tv_pool_20210613-M-Roland_Garros-F-Stefanos_Tsitsipas-Novak_Djokovic,tv_pool_20210613-M-Roland_Garros-F-Stefanos_Tsitsipas-Novak_Djokovic:0022,22,15,15,djokovic,novak djokovic,full_name,,,after_preposition,pobj,STAT,5,,25.2,111.16,23.24,True,STAT,23.24
tv_pool_20210613-M-Roland_Garros-F-Stefanos_Tsitsipas-Novak_Djokovic,tv_pool_20210613-M-Roland_Garros-F-Stefanos_Tsitsipas-Novak_Djokovic:0023,23,2,2,djokovic,novak djokovic,full_name,,,subject,nsubj,OTHER,5,,24.6,25.2,22.68,True,OTHER,22.68
tv_pool_20210613-M-Roland_Garros-F-Stefanos_Tsitsipas-Novak_Djokovic,tv_pool_20210613-M-Roland_Garros-F-Stefanos_Tsitsipas-Novak_Djokovic:0026,26,31,27,tsitsipas,tsitsipas,surname,,,after_preposition,pobj,SHOT,3,,28.52,9.92,28.2,True,SHOT,28.2
tv_pool_20210613-M-Roland_Garros-F-Stefanos_Tsitsipas-Novak_Djokovic,tv_pool_20210613-M-Roland_Garros-F-Stefanos_Tsitsipas-Novak_Djokovic:0026,26,58,52,djokovic,djokovic,surname,,,possessive,poss,SHOT,3,,28.52,9.92,28.2,True,SHOT,28.2
tv_pool_20210613-M-Roland_Garros-F-Stefanos_Tsitsipas-Novak_Djokovic,tv_pool_20210613-M-Roland_Garros-F-Stefanos_Tsitsipas-Novak_Djokovic:0027,27,0,0,tsitsipas,tsitsipas,surname,,,subject,nsubj,OTHER,3,,20.2,28.52,15.68,True,OTHER,15.68
tv_pool_20210613-M-Roland_Garros-F-Stefanos_Tsitsipas-Novak_Djokovic,tv_pool_20210613-M-Roland_Garros-F-Stefanos_Tsitsipas-Novak_Djokovic:0027,27,33,30,tsitsipas,tsitsipas,surname,,,subject,nsubj,SHOT,3,,20.2,28.52,15.68,True,SHOT,15.68
tv_pool_20210613-M-Roland_Garros-F-Stefanos_Tsitsipas-Novak_Djokovic,tv_pool_20210613-M-Roland_Garros-F-Stefanos_Tsitsipas-Novak_Djokovic:0031,31,87,77,djokovic,djokovic,surname,,,subject,nsubj,OTHER,3,,27.6,29.64,26.4,True,OTHER,26.4
tv_pool_20210613-M-Roland_Garros-F-Stefanos_Tsitsipas-Novak_Djokovic,tv_pool_20210613-M-Roland_Garros-F-Stefanos_Tsitsipas-Novak_Djokovic:0031,31,98,86,tsitsipas,tsitsipas,surname,,,subject,nsubj,OTHER,3,,27.6,29.64,26.4,True,OTHER,26.4
tv_pool_20210613-M-Roland_Garros-F-Stefanos_Tsitsipas-Novak_Djokovic,tv_pool_20210613-M-Roland_Garros-F-Stefanos_Tsitsipas-Novak_Djokovic:0032,32,15,13,tsitsipas,tsitsipas,surname,,,other,ROOT,SCORE,3,,113.16,27.6,111.28,True,SCORE,111.28
tv_pool_20210613-M-Roland_Garros-F-Stefanos_Tsitsipas-Novak_Djokovic,tv_pool_20210613-M-Roland_Garros-F-Stefanos_Tsitsipas-Novak_Djokovic:0032,32,27,24,djokovic,djokovic,surname,,,after_preposition,pobj,STAT,3,,113.16,27.6,111.28,True,STAT,111.28
tv_pool_20210613-M-Roland_Garros-F-Stefanos_Tsitsipas-Novak_Djokovic,tv_pool_20210613-M-Roland_Garros-F-Stefanos_Tsitsipas-Novak_Djokovic:0033,33,28,25,djokovic,djokovic,surname,,,after_preposition,pobj,SHOT,3,,31.6,113.16,29.72,True,SHOT,29.72
tv_pool_20210613-M-Roland_Garros-F-Stefanos_Tsitsipas-Novak_Djokovic,tv_pool_20210613-M-Roland_Garros-F-Stefanos_Tsitsipas-Novak_Djokovic:0033,33,33,28,tsitsipas,tsitsipas,surname,,,subject,nsubj,OTHER,3,,31.6,113.16,29.72,True,OTHER,29.72
tv_pool_20210613-M-Roland_Garros-F-Stefanos_Tsitsipas-Novak_Djokovic,tv_pool_20210613-M-Roland_Garros-F-Stefanos_Tsitsipas-Novak_Djokovic:0033,33,67,58,tsitsipas,tsitsipas,surname,,,after_preposition,pobj,OTHER,3,,31.6,113.16,29.72,True,OTHER,29.72
tv_pool_20210613-M-Roland_Garros-F-Stefanos_Tsitsipas-Novak_Djokovic,tv_pool_20210613-M-Roland_Garros-F-Stefanos_Tsitsipas-Novak_Djokovic:0033,33,74,64,djokovic,djokovic,surname,,,after_preposition,pobj,OTHER,3,,31.6,113.16,29.72,True,OTHER,29.72
tv_pool_20210613-M-Roland_Garros-F-Stefanos_Tsitsipas-Novak_Djokovic,tv_pool_20210613-M-Roland_Garros-F-Stefanos_Tsitsipas-Novak_Djokovic:0034,34,15,12,djokovic,djokovic,surname,,,after_preposition,appos,SHOT,3,,24.72,31.6,22.8,True,SHOT,22.8
tv_pool_20210613-M-Roland_Garros-F-Stefanos_Tsitsipas-Novak_Djokovic,tv_pool_20210613-M-Roland_Garros-F-Stefanos_Tsitsipas-Novak_Djokovic:0036,36,8,8,UNRESOLVED,the world number one,epithet,epithet_descriptive,unresolved,after_preposition,pobj,STAT,5,,29.64,25.12,27.76,True,STAT,27.76
tv_pool_20210613-M-Roland_Garros-F-Stefanos_Tsitsipas-Novak_Djokovic,tv_pool_20210613-M-Roland_Garros-F-Stefanos_Tsitsipas-Novak_Djokovic:0037,37,30,28,tsitsipas,tsitsipas,surname,,,subject,nsubj,OTHER,3,,17.72,29.64,15.84,True,OTHER,15.84
tv_pool_20210613-M-Roland_Garros-F-Stefanos_Tsitsipas-Novak_Djokovic,tv_pool_20210613-M-Roland_Garros-F-Stefanos_Tsitsipas-Novak_Djokovic:0037,37,55,48,tsitsipas,the greek,epithet,epithet_nationality,nationality,other,det,SHOT,2,,17.72,29.64,15.84,True,SHOT,15.84
tv_pool_20210613-M-Roland_Garros-F-Stefanos_Tsitsipas-Novak_Djokovic,tv_pool_20210613-M-Roland_Garros-F-Stefanos_Tsitsipas-Novak_Djokovic:0039,39,4,4,tsitsipas,tsitsipas,surname,,,after_preposition,pobj,JUDGE,3,,37,8.64,35.04,True,JUDGE,35.04
tv_pool_20210613-M-Roland_Garros-F-Stefanos_Tsitsipas-Novak_Djokovic,tv_pool_20210613-M-Roland_Garros-F-Stefanos_Tsitsipas-Novak_Djokovic:0039,39,9,8,djokovic,djokovic,surname,,,subject,nsubj,OTHER,3,,37,8.64,35.04,True,OTHER,35.04
tv_pool_20210613-M-Roland_Garros-F-Stefanos_Tsitsipas-Novak_Djokovic,tv_pool_20210613-M-Roland_Garros-F-Stefanos_Tsitsipas-Novak_Djokovic:0042,42,19,16,djokovic,djokovic,surname,,,subject,nsubj,OTHER,3,,109.44,9.88,107.52,True,OTHER,107.52
tv_pool_20210613-M-Roland_Garros-F-Stefanos_Tsitsipas-Novak_Djokovic,tv_pool_20210613-M-Roland_Garros-F-Stefanos_Tsitsipas-Novak_Djokovic:0043,43,17,16,tsitsipas,tsitsipas,surname,,,subject,nsubj,OTHER,3,,128.68,109.44,126.8,True,OTHER,126.8
tv_pool_20210613-M-Roland_Garros-F-Stefanos_Tsitsipas-Novak_Djokovic,tv_pool_20210613-M-Roland_Garros-F-Stefanos_Tsitsipas-Novak_Djokovic:0044,44,3,3,djokovic,djokovic,surname,,,after_preposition,pobj,OFFICIAL,3,,24,128.68,22.12,True,OFFICIAL,22.12
tv_pool_20210613-M-Roland_Garros-F-Stefanos_Tsitsipas-Novak_Djokovic,tv_pool_20210613-M-Roland_Garros-F-Stefanos_Tsitsipas-Novak_Djokovic:0046,46,31,26,tsitsipas,tsitsipas,surname,,,object,attr,JUDGE,3,,46.76,13.68,41.72,True,JUDGE,41.72
tv_pool_20210613-M-Roland_Garros-F-Stefanos_Tsitsipas-Novak_Djokovic,tv_pool_20210613-M-Roland_Garros-F-Stefanos_Tsitsipas-Novak_Djokovic:0046,46,52,45,djokovic,djokovic,surname,,,subject,nsubj,OTHER,3,,46.76,13.68,41.72,True,OTHER,41.72
tv_pool_20210613-M-Roland_Garros-F-Stefanos_Tsitsipas-Novak_Djokovic,tv_pool_20210613-M-Roland_Garros-F-Stefanos_Tsitsipas-Novak_Djokovic:0047,47,7,6,djokovic,djokovic,surname,,,vocative_exclamation,npadvmod,SHOT,3,,28.52,46.76,26.68,True,SHOT,26.68
tv_pool_20210613-M-Roland_Garros-F-Stefanos_Tsitsipas-Novak_Djokovic,tv_pool_20210613-M-Roland_Garros-F-Stefanos_Tsitsipas-Novak_Djokovic:0050,50,16,13,djokovic,djokovic,surname,,,vocative_exclamation,ROOT,JUDGE,3,,31,28.32,29.08,True,JUDGE,29.08
tv_pool_20210613-M-Roland_Garros-F-Stefanos_Tsitsipas-Novak_Djokovic,tv_pool_20210613-M-Roland_Garros-F-Stefanos_Tsitsipas-Novak_Djokovic:0051,51,9,8,djokovic,djokovic,surname,,,vocative_exclamation,npadvmod,OTHER,3,,33.52,31,31.64,True,OTHER,31.64
tv_pool_20210613-M-Roland_Garros-F-Stefanos_Tsitsipas-Novak_Djokovic,tv_pool_20210613-M-Roland_Garros-F-Stefanos_Tsitsipas-Novak_Djokovic:0053,53,0,0,djokovic,djokovic,surname,,,subject,nsubj,OTHER,3,,19.92,16.88,19.4,True,OTHER,19.4
tv_pool_20210613-M-Roland_Garros-F-Stefanos_Tsitsipas-Novak_Djokovic,tv_pool_20210613-M-Roland_Garros-F-Stefanos_Tsitsipas-Novak_Djokovic:0054,54,7,5,tsitsipas,tsitsipas,surname,,,after_preposition,pobj,SCORE,3,,23.32,19.92,22.16,True,SCORE,22.16
tv_pool_20210613-M-Roland_Garros-F-Stefanos_Tsitsipas-Novak_Djokovic,tv_pool_20210613-M-Roland_Garros-F-Stefanos_Tsitsipas-Novak_Djokovic:0059,59,5,4,djokovic,djokovic,surname,,,possessive,poss,STAT,3,,18.64,38.28,16.76,True,STAT,16.76
tv_pool_20210613-M-Roland_Garros-F-Stefanos_Tsitsipas-Novak_Djokovic,tv_pool_20210613-M-Roland_Garros-F-Stefanos_Tsitsipas-Novak_Djokovic:0059,59,16,13,tsitsipas,tsitsipas,surname,,,other,ROOT,SCORE,3,,18.64,38.28,16.76,True,SCORE,16.76
tv_pool_20210613-M-Roland_Garros-F-Stefanos_Tsitsipas-Novak_Djokovic,tv_pool_20210613-M-Roland_Garros-F-Stefanos_Tsitsipas-Novak_Djokovic:0061,61,22,16,tsitsipas,tsitsipas,surname,,,subject,nsubj,SHOT,3,,28.44,38.64,26.56,True,SHOT,26.56
tv_pool_20210613-M-Roland_Garros-F-Stefanos_Tsitsipas-Novak_Djokovic,tv_pool_20210613-M-Roland_Garros-F-Stefanos_Tsitsipas-Novak_Djokovic:0064,64,21,17,djokovic,djokovic,surname,,,subject,nsubj,OTHER,3,,40.08,36.84,38.16,True,OTHER,38.16
tv_pool_20210613-M-Roland_Garros-F-Stefanos_Tsitsipas-Novak_Djokovic,tv_pool_20210613-M-Roland_Garros-F-Stefanos_Tsitsipas-Novak_Djokovic:0064,64,40,34,djokovic,djokovic,surname,,,after_preposition,pobj,SCORE,3,,40.08,36.84,38.16,True,SCORE,38.16
tv_pool_20210613-M-Roland_Garros-F-Stefanos_Tsitsipas-Novak_Djokovic,tv_pool_20210613-M-Roland_Garros-F-Stefanos_Tsitsipas-Novak_Djokovic:0065,65,5,4,tsitsipas,tsitsipas,surname,,,vocative_exclamation,dep,SHOT,3,,38.68,40.08,36.72,True,SHOT,36.72
tv_pool_20210613-M-Roland_Garros-F-Stefanos_Tsitsipas-Novak_Djokovic,tv_pool_20210613-M-Roland_Garros-F-Stefanos_Tsitsipas-Novak_Djokovic:0065,65,20,17,djokovic,djokovic,surname,,,subject,conj,OTHER,3,,38.68,40.08,36.72,True,OTHER,36.72
tv_pool_20210613-M-Roland_Garros-F-Stefanos_Tsitsipas-Novak_Djokovic,tv_pool_20210613-M-Roland_Garros-F-Stefanos_Tsitsipas-Novak_Djokovic:0065,65,32,28,djokovic,djokovic,surname,,,subject,nsubj,JUDGE,3,,38.68,40.08,36.72,True,JUDGE,36.72
tv_pool_20210613-M-Roland_Garros-F-Stefanos_Tsitsipas-Novak_Djokovic,tv_pool_20210613-M-Roland_Garros-F-Stefanos_Tsitsipas-Novak_Djokovic:0065,65,65,57,tsitsipas,tsitsipas,surname,,,other,ROOT,OFFICIAL,3,,38.68,40.08,36.72,True,OFFICIAL,36.72
tv_pool_20210613-M-Roland_Garros-F-Stefanos_Tsitsipas-Novak_Djokovic,tv_pool_20210613-M-Roland_Garros-F-Stefanos_Tsitsipas-Novak_Djokovic:0067,67,3,3,djokovic,djokovic,surname,,,subject,nsubj,OTHER,3,,56.96,38.32,54.24,True,OTHER,54.24
tv_pool_20210613-M-Roland_Garros-F-Stefanos_Tsitsipas-Novak_Djokovic,tv_pool_20210613-M-Roland_Garros-F-Stefanos_Tsitsipas-Novak_Djokovic:0068,68,24,19,djokovic,djokovic,surname,,,subject,nsubj,JUDGE,3,,21.8,56.96,19.92,True,JUDGE,19.92
tv_pool_20210613-M-Roland_Garros-F-Stefanos_Tsitsipas-Novak_Djokovic,tv_pool_20210613-M-Roland_Garros-F-Stefanos_Tsitsipas-Novak_Djokovic:0068,68,77,65,tsitsipas,tsitsipas,surname,,,after_preposition,pobj,OTHER,3,,21.8,56.96,19.92,True,OTHER,19.92
tv_pool_20210613-M-Roland_Garros-F-Stefanos_Tsitsipas-Novak_Djokovic,tv_pool_20210613-M-Roland_Garros-F-Stefanos_Tsitsipas-Novak_Djokovic:0070,70,4,4,djokovic,djokovic,surname,,,after_preposition,pobj,OTHER,3,,36.52,18.96,34.6,True,OTHER,34.6
tv_pool_20210613-M-Roland_Garros-F-Stefanos_Tsitsipas-Novak_Djokovic,tv_pool_20210613-M-Roland_Garros-F-Stefanos_Tsitsipas-Novak_Djokovic:0072,72,9,8,djokovic,novak djokovic,full_name,,,after_preposition,pobj,SCORE,5,,36,9.4,30.52,True,SCORE,30.52
tv_pool_20210613-M-Roland_Garros-F-Stefanos_Tsitsipas-Novak_Djokovic,tv_pool_20210613-M-Roland_Garros-F-Stefanos_Tsitsipas-Novak_Djokovic:0072,72,30,26,tsitsipas,tsitsipas,surname,,,subject,nsubj,OTHER,3,,36,9.4,30.52,True,OTHER,30.52
tv_pool_20210613-M-Roland_Garros-F-Stefanos_Tsitsipas-Novak_Djokovic,tv_pool_20210613-M-Roland_Garros-F-Stefanos_Tsitsipas-Novak_Djokovic:0073,73,30,28,djokovic,novak djokovic,full_name,,,object,attr,SCORE,5,,123.92,36,122.04,True,SCORE,122.04
tv_pool_20210613-M-Roland_Garros-F-Stefanos_Tsitsipas-Novak_Djokovic,tv_pool_20210613-M-Roland_Garros-F-Stefanos_Tsitsipas-Novak_Djokovic:0075,75,35,32,djokovic,djokovic,surname,,,subject,nsubj,SHOT,3,,29.16,15.08,27.28,True,SHOT,27.28
tv_pool_20210613-M-Roland_Garros-F-Stefanos_Tsitsipas-Novak_Djokovic,tv_pool_20210613-M-Roland_Garros-F-Stefanos_Tsitsipas-Novak_Djokovic:0079,79,6,4,tsitsipas,tsitsipas,surname,,,subject,nsubj,SCORE,3,,31.96,20.96,30.08,True,SCORE,30.08
tv_pool_20210613-M-Roland_Garros-F-Stefanos_Tsitsipas-Novak_Djokovic,tv_pool_20210613-M-Roland_Garros-F-Stefanos_Tsitsipas-Novak_Djokovic:0079,79,37,32,djokovic,djokovic,surname,,,after_preposition,pobj,SHOT,3,,31.96,20.96,30.08,True,SHOT,30.08
tv_pool_20210613-M-Roland_Garros-F-Stefanos_Tsitsipas-Novak_Djokovic,tv_pool_20210613-M-Roland_Garros-F-Stefanos_Tsitsipas-Novak_Djokovic:0079,79,39,33,tsitsipas,tsitsipas,surname,,,other,ROOT,SHOT,3,,31.96,20.96,30.08,True,SHOT,30.08
tv_pool_20210613-M-Roland_Garros-F-Stefanos_Tsitsipas-Novak_Djokovic,tv_pool_20210613-M-Roland_Garros-F-Stefanos_Tsitsipas-Novak_Djokovic:0080,80,2,2,UNRESOLVED,the world number one,epithet,epithet_descriptive,unresolved,after_preposition,pobj,OTHER,5,,28.76,31.96,26.24,True,STAT,26.24
tv_pool_20210613-M-Roland_Garros-F-Stefanos_Tsitsipas-Novak_Djokovic,tv_pool_20210613-M-Roland_Garros-F-Stefanos_Tsitsipas-Novak_Djokovic:0081,81,0,0,tsitsipas,tsitsipas,surname,,,subject,nsubj,OTHER,3,,35,28.76,33.12,True,OTHER,33.12
tv_pool_20210613-M-Roland_Garros-F-Stefanos_Tsitsipas-Novak_Djokovic,tv_pool_20210613-M-Roland_Garros-F-Stefanos_Tsitsipas-Novak_Djokovic:0082,82,2,1,djokovic,djokovic,surname,,,vocative_exclamation,npadvmod,JUDGE,3,,829.24,35,826.44,True,JUDGE,826.44
tv_pool_20210613-M-Roland_Garros-F-Stefanos_Tsitsipas-Novak_Djokovic,tv_pool_20210613-M-Roland_Garros-F-Stefanos_Tsitsipas-Novak_Djokovic:0084,84,10,9,djokovic,djokovic,surname,,,after_preposition,pobj,JUDGE,3,,23.16,13.28,21.28,True,JUDGE,21.28
tv_pool_20210613-M-Roland_Garros-F-Stefanos_Tsitsipas-Novak_Djokovic,tv_pool_20210613-M-Roland_Garros-F-Stefanos_Tsitsipas-Novak_Djokovic:0086,86,16,12,tsitsipas,tsitsipas,surname,,,subject,nsubj,SCORE,3,,33.8,39.8,31.92,True,SCORE,31.92
tv_pool_20210613-M-Roland_Garros-F-Stefanos_Tsitsipas-Novak_Djokovic,tv_pool_20210613-M-Roland_Garros-F-Stefanos_Tsitsipas-Novak_Djokovic:0086,86,29,24,djokovic,djokovic,surname,,,possessive,poss,OTHER,3,,33.8,39.8,31.92,True,OTHER,31.92
tv_pool_20210613-M-Roland_Garros-F-Stefanos_Tsitsipas-Novak_Djokovic,tv_pool_20210613-M-Roland_Garros-F-Stefanos_Tsitsipas-Novak_Djokovic:0088,88,18,17,tsitsipas,tsitsipas,surname,,,after_preposition,pobj,OTHER,3,,68,58.28,66.12,True,OTHER,66.12
tv_pool_20210613-M-Roland_Garros-F-Stefanos_Tsitsipas-Novak_Djokovic,tv_pool_20210613-M-Roland_Garros-F-Stefanos_Tsitsipas-Novak_Djokovic:0088,88,23,22,djokovic,djokovic,surname,,,after_preposition,pobj,OTHER,3,,68,58.28,66.12,True,OTHER,66.12
tv_pool_20210613-M-Roland_Garros-F-Stefanos_Tsitsipas-Novak_Djokovic,tv_pool_20210613-M-Roland_Garros-F-Stefanos_Tsitsipas-Novak_Djokovic:0088,88,37,33,UNRESOLVED,the world number one,epithet,epithet_descriptive,unresolved,object,dobj,SCORE,5,,68,58.28,66.12,True,STAT,66.12
tv_pool_20210613-M-Roland_Garros-F-Stefanos_Tsitsipas-Novak_Djokovic,tv_pool_20210613-M-Roland_Garros-F-Stefanos_Tsitsipas-Novak_Djokovic:0088,88,49,43,tsitsipas,tsitsipas,surname,,,other,ROOT,JUDGE,3,,68,58.28,66.12,True,JUDGE,66.12
tv_pool_20210613-M-Roland_Garros-F-Stefanos_Tsitsipas-Novak_Djokovic,tv_pool_20210613-M-Roland_Garros-F-Stefanos_Tsitsipas-Novak_Djokovic:0088,88,95,83,tsitsipas,tsitsipas,surname,,,after_preposition,pobj,SCORE,3,,68,58.28,66.12,True,SCORE,66.12
tv_pool_20210613-M-Roland_Garros-F-Stefanos_Tsitsipas-Novak_Djokovic,tv_pool_20210613-M-Roland_Garros-F-Stefanos_Tsitsipas-Novak_Djokovic:0088,88,118,105,djokovic,djokovic,surname,,,possessive,poss,SHOT,3,,68,58.28,66.12,True,SHOT,66.12
tv_pool_20210613-M-Roland_Garros-F-Stefanos_Tsitsipas-Novak_Djokovic,tv_pool_20210613-M-Roland_Garros-F-Stefanos_Tsitsipas-Novak_Djokovic:0089,89,32,28,djokovic,djokovic,surname,,,subject,nsubj,STAT,3,,23.68,68,21.76,True,STAT,21.76
tv_pool_20210613-M-Roland_Garros-F-Stefanos_Tsitsipas-Novak_Djokovic,tv_pool_20210613-M-Roland_Garros-F-Stefanos_Tsitsipas-Novak_Djokovic:0090,90,9,7,djokovic,djokovic,surname,,,other,ROOT,SHOT,3,,31.76,23.68,29.8,True,SHOT,29.8
tv_pool_20210613-M-Roland_Garros-F-Stefanos_Tsitsipas-Novak_Djokovic,tv_pool_20210613-M-Roland_Garros-F-Stefanos_Tsitsipas-Novak_Djokovic:0090,90,75,65,tsitsipas,tsitsipas,surname,,,subject,nsubj,SHOT,3,,31.76,23.68,29.8,True,SHOT,29.8
tv_pool_20210613-M-Roland_Garros-F-Stefanos_Tsitsipas-Novak_Djokovic,tv_pool_20210613-M-Roland_Garros-F-Stefanos_Tsitsipas-Novak_Djokovic:0091,91,9,7,UNRESOLVED,the world number one,epithet,epithet_descriptive,unresolved,after_preposition,pobj,JUDGE,5,,39.32,31.76,37.36,True,STAT,37.36
tv_pool_20210613-M-Roland_Garros-F-Stefanos_Tsitsipas-Novak_Djokovic,tv_pool_20210613-M-Roland_Garros-F-Stefanos_Tsitsipas-Novak_Djokovic:0091,91,18,15,tsitsipas,tsitsipas,surname,,,subject,nsubj,OTHER,3,,39.32,31.76,37.36,True,OTHER,37.36
tv_pool_20210613-M-Roland_Garros-F-Stefanos_Tsitsipas-Novak_Djokovic,tv_pool_20210613-M-Roland_Garros-F-Stefanos_Tsitsipas-Novak_Djokovic:0092,92,29,24,tsitsipas,tsitsipas,surname,,,vocative_exclamation,npadvmod,OTHER,3,,23.16,39.32,21.28,True,OTHER,21.28
tv_pool_20210613-M-Roland_Garros-F-Stefanos_Tsitsipas-Novak_Djokovic,tv_pool_20210613-M-Roland_Garros-F-Stefanos_Tsitsipas-Novak_Djokovic:0094,94,16,14,djokovic,djokovic,surname,,,subject,nsubj,JUDGE,3,,49.4,20.24,46.56,True,JUDGE,46.56
tv_pool_20210613-M-Roland_Garros-F-Stefanos_Tsitsipas-Novak_Djokovic,tv_pool_20210613-M-Roland_Garros-F-Stefanos_Tsitsipas-Novak_Djokovic:0094,94,38,34,tsitsipas,tsitsipas,surname,,,possessive,poss,JUDGE,4,,49.4,20.24,46.56,True,JUDGE,46.56
tv_pool_20210613-M-Roland_Garros-F-Stefanos_Tsitsipas-Novak_Djokovic,tv_pool_20210613-M-Roland_Garros-F-Stefanos_Tsitsipas-Novak_Djokovic:0095,95,1,1,tsitsipas,tsitsipas,surname,,,vocative_exclamation,ROOT,OTHER,3,,19.84,49.4,17.96,True,OTHER,17.96
tv_pool_20210613-M-Roland_Garros-F-Stefanos_Tsitsipas-Novak_Djokovic,tv_pool_20210613-M-Roland_Garros-F-Stefanos_Tsitsipas-Novak_Djokovic:0095,95,4,3,tsitsipas,tsitsipas,surname,,,vocative_exclamation,ROOT,OTHER,3,,19.84,49.4,17.96,True,OTHER,17.96
tv_pool_20210613-M-Roland_Garros-F-Stefanos_Tsitsipas-Novak_Djokovic,tv_pool_20210613-M-Roland_Garros-F-Stefanos_Tsitsipas-Novak_Djokovic:0095,95,7,5,tsitsipas,tsitsipas,surname,,,vocative_exclamation,ROOT,OTHER,3,,19.84,49.4,17.96,True,OTHER,17.96
tv_pool_20210613-M-Roland_Garros-F-Stefanos_Tsitsipas-Novak_Djokovic,tv_pool_20210613-M-Roland_Garros-F-Stefanos_Tsitsipas-Novak_Djokovic:0097,97,0,0,djokovic,djokovic,surname,,,subject,nsubj,OTHER,3,,26.52,33.08,24.6,True,OTHER,24.6
tv_pool_20210613-M-Roland_Garros-F-Stefanos_Tsitsipas-Novak_Djokovic,tv_pool_20210613-M-Roland_Garros-F-Stefanos_Tsitsipas-Novak_Djokovic:0097,97,51,46,tsitsipas,tsitsipas,surname,,,after_preposition,pobj,OTHER,3,,26.52,33.08,24.6,True,OTHER,24.6
tv_pool_20210613-M-Roland_Garros-F-Stefanos_Tsitsipas-Novak_Djokovic,tv_pool_20210613-M-Roland_Garros-F-Stefanos_Tsitsipas-Novak_Djokovic:0100,100,25,23,djokovic,djokovic,surname,,,vocative_exclamation,npadvmod,OTHER,3,,24.44,22.24,22.48,True,OTHER,22.48
tv_pool_20210613-M-Roland_Garros-F-Stefanos_Tsitsipas-Novak_Djokovic,tv_pool_20210613-M-Roland_Garros-F-Stefanos_Tsitsipas-Novak_Djokovic:0101,101,27,25,djokovic,djokovic,surname,,,subject,nsubj,SHOT,3,,17.48,24.44,15.6,True,SHOT,15.6
tv_pool_20210613-M-Roland_Garros-F-Stefanos_Tsitsipas-Novak_Djokovic,tv_pool_20210613-M-Roland_Garros-F-Stefanos_Tsitsipas-Novak_Djokovic:0101,101,45,38,tsitsipas,tsitsipas,surname,,,after_preposition,pobj,JUDGE,3,,17.48,24.44,15.6,True,JUDGE,15.6
tv_pool_20210613-M-Roland_Garros-F-Stefanos_Tsitsipas-Novak_Djokovic,tv_pool_20210613-M-Roland_Garros-F-Stefanos_Tsitsipas-Novak_Djokovic:0101,101,55,47,djokovic,djokovic,surname,,,subject,nsubj,OTHER,3,,17.48,24.44,15.6,True,OTHER,15.6
tv_pool_20210613-M-Roland_Garros-F-Stefanos_Tsitsipas-Novak_Djokovic,tv_pool_20210613-M-Roland_Garros-F-Stefanos_Tsitsipas-Novak_Djokovic:0102,102,7,7,UNRESOLVED,the world number one,epithet,epithet_descriptive,unresolved,after_preposition,pobj,JUDGE,5,,119.6,17.48,117.72,True,STAT,117.72
tv_pool_20210613-M-Roland_Garros-F-Stefanos_Tsitsipas-Novak_Djokovic,tv_pool_20210613-M-Roland_Garros-F-Stefanos_Tsitsipas-Novak_Djokovic:0102,102,113,98,djokovic,djokovic,surname,,,after_preposition,pobj,JUDGE,3,,119.6,17.48,117.72,True,JUDGE,117.72
tv_pool_20210613-M-Roland_Garros-F-Stefanos_Tsitsipas-Novak_Djokovic,tv_pool_20210613-M-Roland_Garros-F-Stefanos_Tsitsipas-Novak_Djokovic:0102,102,162,139,djokovic,novak,first_name,,,after_preposition,pobj,OTHER,2,,119.6,17.48,117.72,True,OTHER,117.72
tv_pool_20210613-M-Roland_Garros-F-Stefanos_Tsitsipas-Novak_Djokovic,tv_pool_20210613-M-Roland_Garros-F-Stefanos_Tsitsipas-Novak_Djokovic:0104,104,1,1,djokovic,djokovic,surname,,,subject,nsubj,OTHER,3,,73.4,20.16,70.52,True,OTHER,70.52
tv_pool_20210613-M-Roland_Garros-F-Stefanos_Tsitsipas-Novak_Djokovic,tv_pool_20210613-M-Roland_Garros-F-Stefanos_Tsitsipas-Novak_Djokovic:0104,104,28,24,djokovic,the serb,epithet,epithet_nationality,nationality,after_preposition,pobj,OTHER,2,,73.4,20.16,70.52,True,OTHER,70.52
tv_pool_20210613-M-Roland_Garros-F-Stefanos_Tsitsipas-Novak_Djokovic,tv_pool_20210613-M-Roland_Garros-F-Stefanos_Tsitsipas-Novak_Djokovic:0105,105,0,0,tsitsipas,tsitsipas,surname,,,vocative_exclamation,ROOT,OTHER,3,,99.28,73.4,97.36,True,OTHER,97.36
tv_pool_20210613-M-Roland_Garros-F-Stefanos_Tsitsipas-Novak_Djokovic,tv_pool_20210613-M-Roland_Garros-F-Stefanos_Tsitsipas-Novak_Djokovic:0105,105,2,1,tsitsipas,tsitsipas,surname,,,other,compound,OTHER,3,,99.28,73.4,97.36,True,OTHER,97.36
tv_pool_20210613-M-Roland_Garros-F-Stefanos_Tsitsipas-Novak_Djokovic,tv_pool_20210613-M-Roland_Garros-F-Stefanos_Tsitsipas-Novak_Djokovic:0105,105,20,14,djokovic,djokovic,surname,,,after_preposition,pobj,JUDGE,3,,99.28,73.4,97.36,True,JUDGE,97.36
tv_pool_20210613-M-Roland_Garros-F-Stefanos_Tsitsipas-Novak_Djokovic,tv_pool_20210613-M-Roland_Garros-F-Stefanos_Tsitsipas-Novak_Djokovic:0105,105,39,32,djokovic,djokovic,surname,,,after_preposition,pobj,OTHER,3,,99.28,73.4,97.36,True,OTHER,97.36
tv_pool_20210613-M-Roland_Garros-F-Stefanos_Tsitsipas-Novak_Djokovic,tv_pool_20210613-M-Roland_Garros-F-Stefanos_Tsitsipas-Novak_Djokovic:0105,105,60,51,djokovic,djokovic,surname,,,after_preposition,pobj,OTHER,3,,99.28,73.4,97.36,True,OTHER,97.36
tv_pool_20210613-M-Roland_Garros-F-Stefanos_Tsitsipas-Novak_Djokovic,tv_pool_20210613-M-Roland_Garros-F-Stefanos_Tsitsipas-Novak_Djokovic:0108,108,10,9,tsitsipas,tsitsipas,surname,,,subject,nsubj,SHOT,3,,21.28,9.96,19.4,True,SHOT,19.4
tv_pool_20210613-M-Roland_Garros-F-Stefanos_Tsitsipas-Novak_Djokovic,tv_pool_20210613-M-Roland_Garros-F-Stefanos_Tsitsipas-Novak_Djokovic:0108,108,15,13,djokovic,djokovic,surname,,,vocative_exclamation,ROOT,SCORE,3,,21.28,9.96,19.4,True,SCORE,19.4
tv_pool_20210613-M-Roland_Garros-F-Stefanos_Tsitsipas-Novak_Djokovic,tv_pool_20210613-M-Roland_Garros-F-Stefanos_Tsitsipas-Novak_Djokovic:0108,108,24,20,djokovic,djokovic,surname,,,after_preposition,pobj,SCORE,3,,21.28,9.96,19.4,True,SCORE,19.4
tv_pool_20210613-M-Roland_Garros-F-Stefanos_Tsitsipas-Novak_Djokovic,tv_pool_20210613-M-Roland_Garros-F-Stefanos_Tsitsipas-Novak_Djokovic:0111,111,5,4,djokovic,djokovic,surname,,,subject,nsubj,OTHER,3,,26.52,8.8,24.56,True,OTHER,24.56
tv_pool_20210613-M-Roland_Garros-F-Stefanos_Tsitsipas-Novak_Djokovic,tv_pool_20210613-M-Roland_Garros-F-Stefanos_Tsitsipas-Novak_Djokovic:0114,114,84,76,djokovic,djokovic,surname,,,subject,nsubj,JUDGE,3,,22.04,20.04,20.16,True,JUDGE,20.16
tv_pool_20210613-M-Roland_Garros-F-Stefanos_Tsitsipas-Novak_Djokovic,tv_pool_20210613-M-Roland_Garros-F-Stefanos_Tsitsipas-Novak_Djokovic:0114,114,104,93,djokovic,djokovic,surname,,,other,compound,CROWD,3,,22.04,20.04,20.16,True,CROWD,20.16
tv_pool_20210613-M-Roland_Garros-F-Stefanos_Tsitsipas-Novak_Djokovic,tv_pool_20210613-M-Roland_Garros-F-Stefanos_Tsitsipas-Novak_Djokovic:0114,114,137,122,tsitsipas,tsitsipas,surname,,,after_preposition,pobj,OTHER,3,,22.04,20.04,20.16,True,OTHER,20.16
tv_pool_20210613-M-Roland_Garros-F-Stefanos_Tsitsipas-Novak_Djokovic,tv_pool_20210613-M-Roland_Garros-F-Stefanos_Tsitsipas-Novak_Djokovic:0114,114,153,136,tsitsipas,tsitsipas,surname,,,after_preposition,pobj,OTHER,3,,22.04,20.04,20.16,True,OTHER,20.16
tv_pool_20210613-M-Roland_Garros-F-Stefanos_Tsitsipas-Novak_Djokovic,tv_pool_20210613-M-Roland_Garros-F-Stefanos_Tsitsipas-Novak_Djokovic:0116,116,34,28,djokovic,djokovic,surname,,,subject,nsubj,OTHER,3,,53.68,29.88,51.8,True,OTHER,51.8
tv_pool_20210613-M-Roland_Garros-F-Stefanos_Tsitsipas-Novak_Djokovic,tv_pool_20210613-M-Roland_Garros-F-Stefanos_Tsitsipas-Novak_Djokovic:0117,117,14,12,tsitsipas,tsitsipas,surname,,,after_preposition,pobj,OTHER,3,,28.4,53.68,26.52,True,OTHER,26.52
tv_pool_20210613-M-Roland_Garros-F-Stefanos_Tsitsipas-Novak_Djokovic,tv_pool_20210613-M-Roland_Garros-F-Stefanos_Tsitsipas-Novak_Djokovic:0118,118,24,22,djokovic,djokovic,surname,,,after_preposition,pobj,SCORE,3,,22.44,28.4,19.84,True,SCORE,19.84
tv_pool_20210613-M-Roland_Garros-F-Stefanos_Tsitsipas-Novak_Djokovic,tv_pool_20210613-M-Roland_Garros-F-Stefanos_Tsitsipas-Novak_Djokovic:0118,118,30,27,tsitsipas,tsitsipas,surname,,,after_preposition,pobj,SCORE,3,,22.44,28.4,19.84,True,SCORE,19.84
tv_pool_20210613-M-Roland_Garros-F-Stefanos_Tsitsipas-Novak_Djokovic,tv_pool_20210613-M-Roland_Garros-F-Stefanos_Tsitsipas-Novak_Djokovic:0120,120,31,29,tsitsipas,tsitsipas,surname,,,after_preposition,pobj,OTHER,3,,10.28,23.8,4.16,True,OTHER,4.16
tv_pool_20210613-M-Roland_Garros-F-Stefanos_Tsitsipas-Novak_Djokovic,tv_pool_20210613-M-Roland_Garros-F-Stefanos_Tsitsipas-Novak_Djokovic:0124,124,0,0,tsitsipas,tsitsipas,surname,,,subject,nsubj,OTHER,3,,110.28,29.72,108.36,True,OTHER,108.36
tv_pool_20210613-M-Roland_Garros-F-Stefanos_Tsitsipas-Novak_Djokovic,tv_pool_20210613-M-Roland_Garros-F-Stefanos_Tsitsipas-Novak_Djokovic:0124,124,43,36,tsitsipas,tsitsipas,surname,,,after_preposition,pobj,OTHER,3,,110.28,29.72,108.36,True,OTHER,108.36
tv_pool_20210613-M-Roland_Garros-F-Stefanos_Tsitsipas-Novak_Djokovic,tv_pool_20210613-M-Roland_Garros-F-Stefanos_Tsitsipas-Novak_Djokovic:0124,124,61,51,djokovic,djokovic,surname,,,subject,nsubj,SHOT,3,,110.28,29.72,108.36,True,SHOT,108.36
tv_pool_20210613-M-Roland_Garros-F-Stefanos_Tsitsipas-Novak_Djokovic,tv_pool_20210613-M-Roland_Garros-F-Stefanos_Tsitsipas-Novak_Djokovic:0127,127,30,25,tsitsipas,tsitsipas,surname,,,subject,nsubj,OTHER,3,,7.8,52.32,5.92,True,OTHER,5.92
tv_pool_20210613-M-Roland_Garros-F-Stefanos_Tsitsipas-Novak_Djokovic,tv_pool_20210613-M-Roland_Garros-F-Stefanos_Tsitsipas-Novak_Djokovic:0127,127,34,29,djokovic,djokovic,surname,,,possessive,poss,OTHER,3,,7.8,52.32,5.92,True,OTHER,5.92
tv_pool_20210613-M-Roland_Garros-F-Stefanos_Tsitsipas-Novak_Djokovic,tv_pool_20210613-M-Roland_Garros-F-Stefanos_Tsitsipas-Novak_Djokovic:0129,129,7,7,UNRESOLVED,the number one seed,epithet,epithet_descriptive,unresolved,after_preposition,pobj,JUDGE,5,,73.48,18.88,71.56,True,STAT,71.56
tv_pool_20210613-M-Roland_Garros-F-Stefanos_Tsitsipas-Novak_Djokovic,tv_pool_20210613-M-Roland_Garros-F-Stefanos_Tsitsipas-Novak_Djokovic:0129,129,27,25,tsitsipas,tsitsipas,surname,,,other,ROOT,SCORE,3,,73.48,18.88,71.56,True,SCORE,71.56
tv_pool_20210613-M-Roland_Garros-F-Stefanos_Tsitsipas-Novak_Djokovic,tv_pool_20210613-M-Roland_Garros-F-Stefanos_Tsitsipas-Novak_Djokovic:0129,129,44,40,tsitsipas,tsitsipas,surname,,,subject,nsubj,OTHER,3,,73.48,18.88,71.56,True,OTHER,71.56
tv_pool_20210613-M-Roland_Garros-F-Stefanos_Tsitsipas-Novak_Djokovic,tv_pool_20210613-M-Roland_Garros-F-Stefanos_Tsitsipas-Novak_Djokovic:0133,133,29,26,djokovic,djokovic,surname,,,after_preposition,pobj,JUDGE,3,,50.2,13.76,47.6,True,JUDGE,47.6
tv_pool_20210613-M-Roland_Garros-F-Stefanos_Tsitsipas-Novak_Djokovic,tv_pool_20210613-M-Roland_Garros-F-Stefanos_Tsitsipas-Novak_Djokovic:0133,133,43,39,djokovic,djokovic,surname,,,after_preposition,pobj,OTHER,3,,50.2,13.76,47.6,True,OTHER,47.6
tv_pool_20210613-M-Roland_Garros-F-Stefanos_Tsitsipas-Novak_Djokovic,tv_pool_20210613-M-Roland_Garros-F-Stefanos_Tsitsipas-Novak_Djokovic:0134,134,7,7,djokovic,the serb,epithet,epithet_nationality,nationality,after_preposition,pobj,JUDGE,2,,65,50.2,64.36,True,JUDGE,64.36
tv_pool_20210613-M-Roland_Garros-F-Stefanos_Tsitsipas-Novak_Djokovic,tv_pool_20210613-M-Roland_Garros-F-Stefanos_Tsitsipas-Novak_Djokovic:0134,134,15,14,djokovic,djokovic,surname,,,after_preposition,pobj,JUDGE,3,,65,50.2,64.36,True,JUDGE,64.36
tv_pool_20210613-M-Roland_Garros-F-Stefanos_Tsitsipas-Novak_Djokovic,tv_pool_20210613-M-Roland_Garros-F-Stefanos_Tsitsipas-Novak_Djokovic:0134,134,32,29,tsitsipas,tsitsipas,surname,,,subject,nsubj,OTHER,3,,65,50.2,64.36,True,OTHER,64.36
tv_pool_20210613-M-Roland_Garros-F-Stefanos_Tsitsipas-Novak_Djokovic,tv_pool_20210613-M-Roland_Garros-F-Stefanos_Tsitsipas-Novak_Djokovic:0134,134,101,91,tsitsipas,tsitsipas,surname,,,after_preposition,pobj,SHOT,3,,65,50.2,64.36,True,SHOT,64.36
tv_pool_20210613-M-Roland_Garros-F-Stefanos_Tsitsipas-Novak_Djokovic,tv_pool_20210613-M-Roland_Garros-F-Stefanos_Tsitsipas-Novak_Djokovic:0135,135,17,14,tsitsipas,tsitsipas,surname,,,after_preposition,pobj,SHOT,3,,39.68,65,37.76,True,SHOT,37.76
tv_pool_20210613-M-Roland_Garros-F-Stefanos_Tsitsipas-Novak_Djokovic,tv_pool_20210613-M-Roland_Garros-F-Stefanos_Tsitsipas-Novak_Djokovic:0135,135,34,29,djokovic,djokovic,surname,,,subject,nsubj,STAT,3,,39.68,65,37.76,True,STAT,37.76
tv_pool_20210613-M-Roland_Garros-F-Stefanos_Tsitsipas-Novak_Djokovic,tv_pool_20210613-M-Roland_Garros-F-Stefanos_Tsitsipas-Novak_Djokovic:0145,145,6,6,tsitsipas,tsitsipas,surname,,,object,attr,OTHER,3,,30.2,10.2,28.28,True,OTHER,28.28
tv_pool_20210613-M-Roland_Garros-F-Stefanos_Tsitsipas-Novak_Djokovic,tv_pool_20210613-M-Roland_Garros-F-Stefanos_Tsitsipas-Novak_Djokovic:0147,147,12,9,djokovic,djokovic,surname,,,after_preposition,pobj,JUDGE,3,,24.8,12.64,22.92,True,JUDGE,22.92
tv_pool_20210613-M-Roland_Garros-F-Stefanos_Tsitsipas-Novak_Djokovic,tv_pool_20210613-M-Roland_Garros-F-Stefanos_Tsitsipas-Novak_Djokovic:0149,149,40,36,tsitsipas,the greek,epithet,epithet_nationality,nationality,other,det,OTHER,2,,27.28,127.04,25.44,True,OTHER,25.44
tv_pool_20210613-M-Roland_Garros-F-Stefanos_Tsitsipas-Novak_Djokovic,tv_pool_20210613-M-Roland_Garros-F-Stefanos_Tsitsipas-Novak_Djokovic:0151,151,19,18,djokovic,djokovic,surname,,,object,dobj,OTHER,3,,22.76,9.08,19.8,True,OTHER,19.8
tv_pool_20210613-M-Roland_Garros-F-Stefanos_Tsitsipas-Novak_Djokovic,tv_pool_20210613-M-Roland_Garros-F-Stefanos_Tsitsipas-Novak_Djokovic:0153,153,3,3,djokovic,novak djokovic,full_name,,,other,compound,OTHER,5,,22.72,54.76,19.96,True,OTHER,19.96
tv_pool_20210613-M-Roland_Garros-F-Stefanos_Tsitsipas-Novak_Djokovic,tv_pool_20210613-M-Roland_Garros-F-Stefanos_Tsitsipas-Novak_Djokovic:0153,153,17,15,djokovic,novak,first_name,,,other,compound,JUDGE,2,,22.72,54.76,19.96,True,JUDGE,19.96
tv_pool_20210613-M-Roland_Garros-F-Stefanos_Tsitsipas-Novak_Djokovic,tv_pool_20210613-M-Roland_Garros-F-Stefanos_Tsitsipas-Novak_Djokovic:0153,153,36,32,tsitsipas,tsitsipas,surname,,,subject,nsubj,OTHER,3,,22.72,54.76,19.96,True,OTHER,19.96
tv_pool_20210613-M-Roland_Garros-F-Stefanos_Tsitsipas-Novak_Djokovic,tv_pool_20210613-M-Roland_Garros-F-Stefanos_Tsitsipas-Novak_Djokovic:0154,154,0,0,djokovic,djokovic,surname,,,subject,nsubj,OTHER,3,,33.52,22.72,31.64,True,OTHER,31.64
tv_pool_20210613-M-Roland_Garros-F-Stefanos_Tsitsipas-Novak_Djokovic,tv_pool_20210613-M-Roland_Garros-F-Stefanos_Tsitsipas-Novak_Djokovic:0158,158,0,0,djokovic,djokovic,surname,,,subject,nsubj,OTHER,3,,25.84,30.92,23.88,True,OTHER,23.88
tv_pool_20210613-M-Roland_Garros-F-Stefanos_Tsitsipas-Novak_Djokovic,tv_pool_20210613-M-Roland_Garros-F-Stefanos_Tsitsipas-Novak_Djokovic:0158,158,17,14,djokovic,djokovic,surname,,,subject,nsubj,OTHER,3,,25.84,30.92,23.88,True,OTHER,23.88
tv_pool_20210613-M-Roland_Garros-F-Stefanos_Tsitsipas-Novak_Djokovic,tv_pool_20210613-M-Roland_Garros-F-Stefanos_Tsitsipas-Novak_Djokovic:0161,161,9,8,djokovic,djokovic,surname,,,after_preposition,appos,SCORE,3,game_name,54.04,8.8,52.12,True,SCORE,52.12
tv_pool_20210613-M-Roland_Garros-F-Stefanos_Tsitsipas-Novak_Djokovic,tv_pool_20210613-M-Roland_Garros-F-Stefanos_Tsitsipas-Novak_Djokovic:0163,163,14,12,tsitsipas,the greek,epithet,epithet_nationality,nationality,other,det,SHOT,2,,33.56,114.48,27,True,SHOT,27
tv_pool_20210613-M-Roland_Garros-F-Stefanos_Tsitsipas-Novak_Djokovic,tv_pool_20210613-M-Roland_Garros-F-Stefanos_Tsitsipas-Novak_Djokovic:0167,167,12,11,djokovic,djokovic,surname,,,object,attr,OTHER,3,,60.8,9.32,58.96,True,OTHER,58.96
tv_pool_20210613-M-Roland_Garros-F-Stefanos_Tsitsipas-Novak_Djokovic,tv_pool_20210613-M-Roland_Garros-F-Stefanos_Tsitsipas-Novak_Djokovic:0167,167,45,41,UNRESOLVED,the world number one,epithet,epithet_descriptive,unresolved,after_preposition,pobj,OTHER,5,,60.8,9.32,58.96,True,STAT,58.96
tv_pool_20210613-M-Roland_Garros-F-Stefanos_Tsitsipas-Novak_Djokovic,tv_pool_20210613-M-Roland_Garros-F-Stefanos_Tsitsipas-Novak_Djokovic:0168,168,2,2,djokovic,djokovic,surname,,,after_preposition,pobj,OTHER,3,,21.84,60.8,19.92,True,OTHER,19.92
tv_pool_20210613-M-Roland_Garros-F-Stefanos_Tsitsipas-Novak_Djokovic,tv_pool_20210613-M-Roland_Garros-F-Stefanos_Tsitsipas-Novak_Djokovic:0168,168,17,13,tsitsipas,tsitsipas,surname,,,subject,nsubj,OTHER,3,,21.84,60.8,19.92,True,OTHER,19.92
tv_pool_20210613-M-Roland_Garros-F-Stefanos_Tsitsipas-Novak_Djokovic,tv_pool_20210613-M-Roland_Garros-F-Stefanos_Tsitsipas-Novak_Djokovic:0170,170,28,24,djokovic,djokovic,surname,,,subject,nsubj,OTHER,3,,52.08,12.28,50.2,True,OTHER,50.2
tv_pool_20210613-M-Roland_Garros-F-Stefanos_Tsitsipas-Novak_Djokovic,tv_pool_20210613-M-Roland_Garros-F-Stefanos_Tsitsipas-Novak_Djokovic:0172,172,9,8,djokovic,djokovic,surname,,,subject,nsubj,OTHER,3,,22.12,12.48,20.2,True,OTHER,20.2
tv_pool_20210613-M-Roland_Garros-F-Stefanos_Tsitsipas-Novak_Djokovic,tv_pool_20210613-M-Roland_Garros-F-Stefanos_Tsitsipas-Novak_Djokovic:0177,177,10,8,djokovic,djokovic,surname,,,subject,nsubj,SCORE,3,,41.4,38.96,39.48,True,SCORE,39.48
tv_pool_20210613-M-Roland_Garros-F-Stefanos_Tsitsipas-Novak_Djokovic,tv_pool_20210613-M-Roland_Garros-F-Stefanos_Tsitsipas-Novak_Djokovic:0177,177,22,19,tsitsipas,tsitsipas,surname,,,after_preposition,pobj,CROWD,3,,41.4,38.96,39.48,True,CROWD,39.48
tv_pool_20210613-M-Roland_Garros-F-Stefanos_Tsitsipas-Novak_Djokovic,tv_pool_20210613-M-Roland_Garros-F-Stefanos_Tsitsipas-Novak_Djokovic:0178,178,8,8,tsitsipas,tsitsipas,surname,,,object,dobj,STAT,3,,35.96,41.4,34.12,True,STAT,34.12
tv_pool_20210613-M-Roland_Garros-F-Stefanos_Tsitsipas-Novak_Djokovic,tv_pool_20210613-M-Roland_Garros-F-Stefanos_Tsitsipas-Novak_Djokovic:0184,184,14,12,djokovic,djokovic,surname,,,subject,conj,OTHER,3,,34.76,53.8,34.24,True,OTHER,34.24
tv_pool_20210613-M-Roland_Garros-F-Stefanos_Tsitsipas-Novak_Djokovic,tv_pool_20210613-M-Roland_Garros-F-Stefanos_Tsitsipas-Novak_Djokovic:0185,185,21,19,djokovic,djokovic,surname,,,after_preposition,pobj,OTHER,3,,114.48,34.76,112.6,True,OTHER,112.6
tv_pool_20210613-M-Roland_Garros-F-Stefanos_Tsitsipas-Novak_Djokovic,tv_pool_20210613-M-Roland_Garros-F-Stefanos_Tsitsipas-Novak_Djokovic:0188,188,20,18,djokovic,djokovic,surname,,,subject,nsubj,JUDGE,3,,32.4,9.76,32.08,True,JUDGE,32.08
tv_pool_20210613-M-Roland_Garros-F-Stefanos_Tsitsipas-Novak_Djokovic,tv_pool_20210613-M-Roland_Garros-F-Stefanos_Tsitsipas-Novak_Djokovic:0189,189,0,0,djokovic,djokovic,surname,,,possessive,poss,SHOT,3,,33.4,32.4,30.72,True,SHOT,30.72
tv_pool_20210613-M-Roland_Garros-F-Stefanos_Tsitsipas-Novak_Djokovic,tv_pool_20210613-M-Roland_Garros-F-Stefanos_Tsitsipas-Novak_Djokovic:0189,189,13,10,tsitsipas,tsitsipas,surname,,,subject,nsubj,OTHER,3,,33.4,32.4,30.72,True,OTHER,30.72
tv_pool_20210613-M-Roland_Garros-F-Stefanos_Tsitsipas-Novak_Djokovic,tv_pool_20210613-M-Roland_Garros-F-Stefanos_Tsitsipas-Novak_Djokovic:0191,191,8,7,djokovic,djokovic,surname,,,subject,nsubj,OTHER,3,,37.96,36.36,36.08,True,OTHER,36.08
tv_pool_20210613-M-Roland_Garros-F-Stefanos_Tsitsipas-Novak_Djokovic,tv_pool_20210613-M-Roland_Garros-F-Stefanos_Tsitsipas-Novak_Djokovic:0191,191,41,37,djokovic,djokovic,surname,,,possessive,poss,OTHER,3,,37.96,36.36,36.08,True,OTHER,36.08
tv_pool_20210613-M-Roland_Garros-F-Stefanos_Tsitsipas-Novak_Djokovic,tv_pool_20210613-M-Roland_Garros-F-Stefanos_Tsitsipas-Novak_Djokovic:0191,191,53,48,UNRESOLVED,the world number one,epithet,epithet_descriptive,unresolved,after_preposition,pobj,SHOT,5,,37.96,36.36,36.08,True,STAT,36.08
tv_pool_20210613-M-Roland_Garros-F-Stefanos_Tsitsipas-Novak_Djokovic,tv_pool_20210613-M-Roland_Garros-F-Stefanos_Tsitsipas-Novak_Djokovic:0193,193,8,7,djokovic,djokovic,surname,,,subject,nsubj,OTHER,3,,33.12,12.44,31.24,True,OTHER,31.24
tv_pool_20210613-M-Roland_Garros-F-Stefanos_Tsitsipas-Novak_Djokovic,tv_pool_20210613-M-Roland_Garros-F-Stefanos_Tsitsipas-Novak_Djokovic:0198,198,15,12,djokovic,djokovic,surname,,,after_preposition,pobj,OTHER,3,,44.8,17.44,39,True,OTHER,39
tv_pool_20210613-M-Roland_Garros-F-Stefanos_Tsitsipas-Novak_Djokovic,tv_pool_20210613-M-Roland_Garros-F-Stefanos_Tsitsipas-Novak_Djokovic:0200,200,5,5,djokovic,djokovic,surname,,,after_preposition,pobj,SHOT,3,,32.28,16.44,29.36,True,SHOT,29.36
tv_pool_20210613-M-Roland_Garros-F-Stefanos_Tsitsipas-Novak_Djokovic,tv_pool_20210613-M-Roland_Garros-F-Stefanos_Tsitsipas-Novak_Djokovic:0200,200,23,21,tsitsipas,tsitsipas,surname,,,after_preposition,pobj,CROWD,3,,32.28,16.44,29.36,True,CROWD,29.36
tv_pool_20210613-M-Roland_Garros-F-Stefanos_Tsitsipas-Novak_Djokovic,tv_pool_20210613-M-Roland_Garros-F-Stefanos_Tsitsipas-Novak_Djokovic:0200,200,33,29,tsitsipas,tsitsipas,surname,,,after_preposition,pobj,SHOT,3,,32.28,16.44,29.36,True,SHOT,29.36
tv_pool_20210613-M-Roland_Garros-F-Stefanos_Tsitsipas-Novak_Djokovic,tv_pool_20210613-M-Roland_Garros-F-Stefanos_Tsitsipas-Novak_Djokovic:0201,201,8,7,djokovic,novak djokovic,full_name,,,subject,nsubj,JUDGE,5,,81,32.28,78.04,True,JUDGE,78.04
tv_pool_20210613-M-Roland_Garros-F-Stefanos_Tsitsipas-Novak_Djokovic,tv_pool_20210613-M-Roland_Garros-F-Stefanos_Tsitsipas-Novak_Djokovic:0203,203,0,0,djokovic,djokovic,surname,,,subject,nsubj,OTHER,3,,8.08,28.8,6.2,True,OTHER,6.2
tv_pool_20210613-M-Roland_Garros-F-Stefanos_Tsitsipas-Novak_Djokovic,tv_pool_20210613-M-Roland_Garros-F-Stefanos_Tsitsipas-Novak_Djokovic:0203,203,17,16,tsitsipas,tsitsipas,surname,,,after_preposition,pobj,SHOT,3,,8.08,28.8,6.2,True,SHOT,6.2
tv_pool_20210613-M-Roland_Garros-F-Stefanos_Tsitsipas-Novak_Djokovic,tv_pool_20210613-M-Roland_Garros-F-Stefanos_Tsitsipas-Novak_Djokovic:0203,203,33,30,djokovic,djokovic,surname,,,subject,nsubj,SHOT,3,,8.08,28.8,6.2,True,SHOT,6.2
tv_pool_20210613-M-Roland_Garros-F-Stefanos_Tsitsipas-Novak_Djokovic,tv_pool_20210613-M-Roland_Garros-F-Stefanos_Tsitsipas-Novak_Djokovic:0203,203,66,58,djokovic,djokovic,surname,,,subject,nsubj,OTHER,3,,8.08,28.8,6.2,True,OTHER,6.2
tv_pool_20210613-M-Roland_Garros-F-Stefanos_Tsitsipas-Novak_Djokovic,tv_pool_20210613-M-Roland_Garros-F-Stefanos_Tsitsipas-Novak_Djokovic:0208,208,21,18,djokovic,djokovic,surname,,,subject,nsubj,OTHER,3,,28.8,12.96,26.92,True,OTHER,26.92
tv_pool_20210613-M-Roland_Garros-F-Stefanos_Tsitsipas-Novak_Djokovic,tv_pool_20210613-M-Roland_Garros-F-Stefanos_Tsitsipas-Novak_Djokovic:0209,209,16,13,djokovic,djokovic,surname,,,other,ROOT,OTHER,3,,22.64,28.8,20.72,True,OTHER,20.72
tv_pool_20210613-M-Roland_Garros-F-Stefanos_Tsitsipas-Novak_Djokovic,tv_pool_20210613-M-Roland_Garros-F-Stefanos_Tsitsipas-Novak_Djokovic:0209,209,24,20,tsitsipas,tsitsipas,surname,,,subject,nsubj,JUDGE,3,,22.64,28.8,20.72,True,JUDGE,20.72
tv_pool_20210613-M-Roland_Garros-F-Stefanos_Tsitsipas-Novak_Djokovic,tv_pool_20210613-M-Roland_Garros-F-Stefanos_Tsitsipas-Novak_Djokovic:0210,210,20,16,tsitsipas,tsitsipas,surname,,,vocative_exclamation,npadvmod,SHOT,3,,24.52,22.64,19.88,True,SHOT,19.88
tv_pool_20210613-M-Roland_Garros-F-Stefanos_Tsitsipas-Novak_Djokovic,tv_pool_20210613-M-Roland_Garros-F-Stefanos_Tsitsipas-Novak_Djokovic:0212,212,3,2,djokovic,djokovic,surname,,,vocative_exclamation,ROOT,OTHER,3,,29.24,25.16,27.32,True,OTHER,27.32
tv_pool_20210613-M-Roland_Garros-F-Stefanos_Tsitsipas-Novak_Djokovic,tv_pool_20210613-M-Roland_Garros-F-Stefanos_Tsitsipas-Novak_Djokovic:0212,212,13,10,djokovic,djokovic,surname,,,vocative_exclamation,ROOT,OTHER,3,,29.24,25.16,27.32,True,OTHER,27.32
tv_pool_20210613-M-Roland_Garros-F-Stefanos_Tsitsipas-Novak_Djokovic,tv_pool_20210613-M-Roland_Garros-F-Stefanos_Tsitsipas-Novak_Djokovic:0212,212,39,29,djokovic,djokovic,surname,,,subject,nsubj,SCORE,3,,29.24,25.16,27.32,True,SCORE,27.32
tv_pool_20210613-M-Roland_Garros-F-Stefanos_Tsitsipas-Novak_Djokovic,tv_pool_20210613-M-Roland_Garros-F-Stefanos_Tsitsipas-Novak_Djokovic:0216,216,26,24,tsitsipas,tsitsipas,surname,,,after_preposition,pobj,OTHER,3,,20.6,18.56,18.76,True,OTHER,18.76
tv_pool_20210613-M-Roland_Garros-F-Stefanos_Tsitsipas-Novak_Djokovic,tv_pool_20210613-M-Roland_Garros-F-Stefanos_Tsitsipas-Novak_Djokovic:0216,216,45,41,djokovic,djokovic,surname,,,after_preposition,pobj,OTHER,3,,20.6,18.56,18.76,True,OTHER,18.76
tv_pool_20210613-M-Roland_Garros-F-Stefanos_Tsitsipas-Novak_Djokovic,tv_pool_20210613-M-Roland_Garros-F-Stefanos_Tsitsipas-Novak_Djokovic:0218,218,2,2,djokovic,djokovic,surname,,,vocative_exclamation,ROOT,JUDGE,3,,62.68,8.4,60.76,True,JUDGE,60.76
tv_pool_20210613-M-Roland_Garros-F-Stefanos_Tsitsipas-Novak_Djokovic,tv_pool_20210613-M-Roland_Garros-F-Stefanos_Tsitsipas-Novak_Djokovic:0219,219,8,6,tsitsipas,tsitsipas,surname,,,possessive,poss,JUDGE,4,,56.68,62.68,54.8,True,JUDGE,54.8
tv_pool_20210613-M-Roland_Garros-F-Stefanos_Tsitsipas-Novak_Djokovic,tv_pool_20210613-M-Roland_Garros-F-Stefanos_Tsitsipas-Novak_Djokovic:0219,219,13,10,djokovic,djokovic,surname,,,subject,nsubj,SHOT,3,,56.68,62.68,54.8,True,SHOT,54.8
tv_pool_20210613-M-Roland_Garros-F-Stefanos_Tsitsipas-Novak_Djokovic,tv_pool_20210613-M-Roland_Garros-F-Stefanos_Tsitsipas-Novak_Djokovic:0219,219,37,31,tsitsipas,tsitsipas,surname,,,vocative_exclamation,ROOT,OTHER,3,,56.68,62.68,54.8,True,OTHER,54.8
tv_pool_20210613-M-Roland_Garros-F-Stefanos_Tsitsipas-Novak_Djokovic,tv_pool_20210613-M-Roland_Garros-F-Stefanos_Tsitsipas-Novak_Djokovic:0219,219,39,32,tsitsipas,tsitsipas,surname,,,other,ROOT,OTHER,3,,56.68,62.68,54.8,True,OTHER,54.8
tv_pool_20210613-M-Roland_Garros-F-Stefanos_Tsitsipas-Novak_Djokovic,tv_pool_20210613-M-Roland_Garros-F-Stefanos_Tsitsipas-Novak_Djokovic:0220,220,10,9,tsitsipas,tsitsipas,surname,,,object,attr,OTHER,3,,69.44,56.68,67.48,True,OTHER,67.48
tv_pool_20210613-M-Roland_Garros-F-Stefanos_Tsitsipas-Novak_Djokovic,tv_pool_20210613-M-Roland_Garros-F-Stefanos_Tsitsipas-Novak_Djokovic:0220,220,23,20,tsitsipas,tsitsipas,surname,,,vocative_exclamation,npadvmod,OFFICIAL,3,,69.44,56.68,67.48,True,OFFICIAL,67.48
tv_pool_20210613-M-Roland_Garros-F-Stefanos_Tsitsipas-Novak_Djokovic,tv_pool_20210613-M-Roland_Garros-F-Stefanos_Tsitsipas-Novak_Djokovic:0220,220,25,21,tsitsipas,tsitsipas,surname,,,vocative_exclamation,ROOT,OFFICIAL,3,,69.44,56.68,67.48,True,OFFICIAL,67.48
tv_pool_20210613-M-Roland_Garros-F-Stefanos_Tsitsipas-Novak_Djokovic,tv_pool_20210613-M-Roland_Garros-F-Stefanos_Tsitsipas-Novak_Djokovic:0220,220,27,22,tsitsipas,tsitsipas,surname,,,vocative_exclamation,ROOT,OFFICIAL,3,,69.44,56.68,67.48,True,OFFICIAL,67.48
tv_pool_20210613-M-Roland_Garros-F-Stefanos_Tsitsipas-Novak_Djokovic,tv_pool_20210613-M-Roland_Garros-F-Stefanos_Tsitsipas-Novak_Djokovic:0220,220,29,23,tsitsipas,tsitsipas,surname,,,vocative_exclamation,ROOT,OFFICIAL,3,,69.44,56.68,67.48,True,OFFICIAL,67.48
tv_pool_20210613-M-Roland_Garros-F-Stefanos_Tsitsipas-Novak_Djokovic,tv_pool_20210613-M-Roland_Garros-F-Stefanos_Tsitsipas-Novak_Djokovic:0222,222,27,23,tsitsipas,tsitsipas,surname,,,subject,nsubj,SHOT,3,,33.76,9.16,31.84,True,SHOT,31.84
tv_pool_20210613-M-Roland_Garros-F-Stefanos_Tsitsipas-Novak_Djokovic,tv_pool_20210613-M-Roland_Garros-F-Stefanos_Tsitsipas-Novak_Djokovic:0223,223,13,12,djokovic,djokovic,surname,,,subject,nsubj,OTHER,3,,27.68,33.76,25.76,True,OTHER,25.76
tv_pool_20210613-M-Roland_Garros-F-Stefanos_Tsitsipas-Novak_Djokovic,tv_pool_20210613-M-Roland_Garros-F-Stefanos_Tsitsipas-Novak_Djokovic:0224,224,1,1,tsitsipas,tsitsipas,surname,,,vocative_exclamation,ROOT,OTHER,3,,53.44,27.68,51.52,True,OTHER,51.52
tv_pool_20210613-M-Roland_Garros-F-Stefanos_Tsitsipas-Novak_Djokovic,tv_pool_20210613-M-Roland_Garros-F-Stefanos_Tsitsipas-Novak_Djokovic:0224,224,6,5,tsitsipas,tsitsipas,surname,,,subject,nsubj,OTHER,3,,53.44,27.68,51.52,True,OTHER,51.52
tv_pool_20210613-M-Roland_Garros-F-Stefanos_Tsitsipas-Novak_Djokovic,tv_pool_20210613-M-Roland_Garros-F-Stefanos_Tsitsipas-Novak_Djokovic:0224,224,37,34,tsitsipas,the greek,epithet,epithet_nationality,nationality,after_preposition,pobj,SHOT,2,,53.44,27.68,51.52,True,SHOT,51.52
tv_pool_20210613-M-Roland_Garros-F-Stefanos_Tsitsipas-Novak_Djokovic,tv_pool_20210613-M-Roland_Garros-F-Stefanos_Tsitsipas-Novak_Djokovic:0225,225,7,5,djokovic,novak djokovic,full_name,,,vocative_exclamation,ROOT,STAT,5,,32.72,53.44,30.8,True,STAT,30.8
tv_pool_20210613-M-Roland_Garros-F-Stefanos_Tsitsipas-Novak_Djokovic,tv_pool_20210613-M-Roland_Garros-F-Stefanos_Tsitsipas-Novak_Djokovic:0225,225,22,18,djokovic,djokovic,surname,,,vocative_exclamation,ROOT,SCORE,3,advantage_name,32.72,53.44,30.8,True,SCORE,30.8
tv_pool_20210613-M-Roland_Garros-F-Stefanos_Tsitsipas-Novak_Djokovic,tv_pool_20210613-M-Roland_Garros-F-Stefanos_Tsitsipas-Novak_Djokovic:0226,226,3,2,djokovic,djokovic,surname,,,subject,nsubj,JUDGE,3,,152.24,32.72,150.32,True,JUDGE,150.32
tv_pool_20210613-M-Roland_Garros-F-Stefanos_Tsitsipas-Novak_Djokovic,tv_pool_20210613-M-Roland_Garros-F-Stefanos_Tsitsipas-Novak_Djokovic:0226,226,10,8,UNRESOLVED,the world number one,epithet,epithet_descriptive,unresolved,after_preposition,pobj,OTHER,5,,152.24,32.72,150.32,True,STAT,150.32
tv_pool_20210613-M-Roland_Garros-F-Stefanos_Tsitsipas-Novak_Djokovic,tv_pool_20210613-M-Roland_Garros-F-Stefanos_Tsitsipas-Novak_Djokovic:0231,231,54,48,djokovic,djokovic,surname,,,subject,nsubj,STAT,3,,80.04,9.68,78.2,True,STAT,78.2
tv_pool_20210613-M-Roland_Garros-F-Stefanos_Tsitsipas-Novak_Djokovic,tv_pool_20210613-M-Roland_Garros-F-Stefanos_Tsitsipas-Novak_Djokovic:0231,231,65,58,tsitsipas,tsitsipas,surname,,,vocative_exclamation,ROOT,STAT,3,,80.04,9.68,78.2,True,STAT,78.2
tv_pool_20210613-M-Roland_Garros-F-Stefanos_Tsitsipas-Novak_Djokovic,tv_pool_20210613-M-Roland_Garros-F-Stefanos_Tsitsipas-Novak_Djokovic:0232,232,44,37,djokovic,djokovic,surname,,,possessive,poss,OTHER,3,,19.12,80.04,17.16,True,OTHER,17.16
tv_pool_20210613-M-Roland_Garros-F-Stefanos_Tsitsipas-Novak_Djokovic,tv_pool_20210613-M-Roland_Garros-F-Stefanos_Tsitsipas-Novak_Djokovic:0232,232,56,47,tsitsipas,tsitsipas,surname,,,subject,nsubj,OTHER,3,,19.12,80.04,17.16,True,OTHER,17.16
tv_pool_20210613-M-Roland_Garros-F-Stefanos_Tsitsipas-Novak_Djokovic,tv_pool_20210613-M-Roland_Garros-F-Stefanos_Tsitsipas-Novak_Djokovic:0232,232,84,67,djokovic,djokovic,surname,,,subject,nsubj,OTHER,3,,19.12,80.04,17.16,True,OTHER,17.16
tv_pool_20210613-M-Roland_Garros-F-Stefanos_Tsitsipas-Novak_Djokovic,tv_pool_20210613-M-Roland_Garros-F-Stefanos_Tsitsipas-Novak_Djokovic:0234,234,6,5,tsitsipas,tsitsipas,surname,,,after_preposition,appos,OTHER,3,,108.76,26.76,106.88,True,OTHER,106.88
tv_pool_20210613-M-Roland_Garros-F-Stefanos_Tsitsipas-Novak_Djokovic,tv_pool_20210613-M-Roland_Garros-F-Stefanos_Tsitsipas-Novak_Djokovic:0234,234,19,15,djokovic,djokovic,surname,,,subject,nsubj,OTHER,3,,108.76,26.76,106.88,True,OTHER,106.88
tv_pool_20210613-M-Roland_Garros-F-Stefanos_Tsitsipas-Novak_Djokovic,tv_pool_20210613-M-Roland_Garros-F-Stefanos_Tsitsipas-Novak_Djokovic:0235,235,7,5,djokovic,djokovic,surname,,,after_preposition,pobj,SCORE,3,,19.04,108.76,16.2,True,SCORE,16.2
tv_pool_20210613-M-Roland_Garros-F-Stefanos_Tsitsipas-Novak_Djokovic,tv_pool_20210613-M-Roland_Garros-F-Stefanos_Tsitsipas-Novak_Djokovic:0238,238,7,7,tsitsipas,tsitsipas,surname,,,object,dobj,SHOT,3,,24.44,9.36,22.52,True,SHOT,22.52
tv_pool_20210613-M-Roland_Garros-F-Stefanos_Tsitsipas-Novak_Djokovic,tv_pool_20210613-M-Roland_Garros-F-Stefanos_Tsitsipas-Novak_Djokovic:0243,243,49,41,tsitsipas,tsitsipas,surname,,,after_preposition,pobj,SHOT,3,,73.12,26.44,71.28,True,SHOT,71.28
tv_pool_20210613-M-Roland_Garros-F-Stefanos_Tsitsipas-Novak_Djokovic,tv_pool_20210613-M-Roland_Garros-F-Stefanos_Tsitsipas-Novak_Djokovic:0251,251,6,6,djokovic,djokovic,surname,,,object,attr,OTHER,3,,214.32,224.52,212.44,True,OTHER,212.44
tv_pool_20210613-M-Roland_Garros-F-Stefanos_Tsitsipas-Novak_Djokovic,tv_pool_20210613-M-Roland_Garros-F-Stefanos_Tsitsipas-Novak_Djokovic:0256,256,35,31,djokovic,djokovic,surname,,,subject,nsubj,OTHER,3,,25.28,97.08,24.84,True,OTHER,24.84
tv_pool_20210613-M-Roland_Garros-F-Stefanos_Tsitsipas-Novak_Djokovic,tv_pool_20210613-M-Roland_Garros-F-Stefanos_Tsitsipas-Novak_Djokovic:0257,257,3,3,djokovic,djokovic,surname,,,after_preposition,pobj,JUDGE,3,,352.52,25.28,349.52,True,JUDGE,349.52
tv_pool_20210613-M-Roland_Garros-F-Stefanos_Tsitsipas-Novak_Djokovic,tv_pool_20210613-M-Roland_Garros-F-Stefanos_Tsitsipas-Novak_Djokovic:0257,257,55,49,djokovic,novak djokovic,full_name,,,possessive,poss,STAT,5,,352.52,25.28,349.52,True,STAT,349.52
tv_pool_20210613-M-Roland_Garros-F-Stefanos_Tsitsipas-Novak_Djokovic,tv_pool_20210613-M-Roland_Garros-F-Stefanos_Tsitsipas-Novak_Djokovic:0259,259,9,8,tsitsipas,tsitsipas,surname,,,subject,nsubj,SHOT,3,,27.96,15.4,25.28,True,SHOT,25.28
tv_pool_20210613-M-Roland_Garros-F-Stefanos_Tsitsipas-Novak_Djokovic,tv_pool_20210613-M-Roland_Garros-F-Stefanos_Tsitsipas-Novak_Djokovic:0259,259,25,22,djokovic,djokovic,surname,,,vocative_exclamation,ROOT,CROWD,3,,27.96,15.4,25.28,True,CROWD,25.28
tv_pool_20210613-M-Roland_Garros-F-Stefanos_Tsitsipas-Novak_Djokovic,tv_pool_20210613-M-Roland_Garros-F-Stefanos_Tsitsipas-Novak_Djokovic:0268,268,0,0,djokovic,djokovic,surname,,,subject,nsubj,SHOT,3,,22.04,32.32,19.24,True,SHOT,19.24
tv_pool_20210613-M-Roland_Garros-F-Stefanos_Tsitsipas-Novak_Djokovic,tv_pool_20210613-M-Roland_Garros-F-Stefanos_Tsitsipas-Novak_Djokovic:0274,274,3,3,djokovic,djokovic,surname,,,subject,nsubj,JUDGE,3,,29.28,15.36,27.36,True,JUDGE,27.36
tv_pool_20210613-M-Roland_Garros-F-Stefanos_Tsitsipas-Novak_Djokovic,tv_pool_20210613-M-Roland_Garros-F-Stefanos_Tsitsipas-Novak_Djokovic:0274,274,27,25,djokovic,djokovic,surname,,,other,compound,SHOT,3,,29.28,15.36,27.36,True,SHOT,27.36
tv_pool_20210613-M-Roland_Garros-F-Stefanos_Tsitsipas-Novak_Djokovic,tv_pool_20210613-M-Roland_Garros-F-Stefanos_Tsitsipas-Novak_Djokovic:0274,274,39,35,djokovic,djokovic,surname,,,subject,nsubj,JUDGE,3,,29.28,15.36,27.36,True,JUDGE,27.36
tv_pool_20210613-M-Roland_Garros-F-Stefanos_Tsitsipas-Novak_Djokovic,tv_pool_20210613-M-Roland_Garros-F-Stefanos_Tsitsipas-Novak_Djokovic:0274,274,61,56,tsitsipas,tsitsipas,surname,,,object,conj,SHOT,3,,29.28,15.36,27.36,True,SHOT,27.36
tv_pool_20210613-M-Roland_Garros-F-Stefanos_Tsitsipas-Novak_Djokovic,tv_pool_20210613-M-Roland_Garros-F-Stefanos_Tsitsipas-Novak_Djokovic:0275,275,9,9,tsitsipas,tsitsipas,surname,,,subject,nsubj,OTHER,3,,44.28,29.28,42.4,True,OTHER,42.4
tv_pool_20210613-M-Roland_Garros-F-Stefanos_Tsitsipas-Novak_Djokovic,tv_pool_20210613-M-Roland_Garros-F-Stefanos_Tsitsipas-Novak_Djokovic:0276,276,2,2,djokovic,djokovic,surname,,,after_preposition,pobj,JUDGE,3,,28.44,44.28,26.52,True,JUDGE,26.52
tv_pool_20210613-M-Roland_Garros-F-Stefanos_Tsitsipas-Novak_Djokovic,tv_pool_20210613-M-Roland_Garros-F-Stefanos_Tsitsipas-Novak_Djokovic:0277,277,19,17,djokovic,novak djokovic,full_name,,,after_preposition,pobj,JUDGE,5,,43.16,28.44,41.24,True,JUDGE,41.24
tv_pool_20210613-M-Roland_Garros-F-Stefanos_Tsitsipas-Novak_Djokovic,tv_pool_20210613-M-Roland_Garros-F-Stefanos_Tsitsipas-Novak_Djokovic:0278,278,7,6,tsitsipas,tsitsipas,surname,,,after_preposition,appos,SCORE,3,,8.56,43.16,6.68,True,SCORE,6.68
tv_pool_20210613-M-Roland_Garros-F-Stefanos_Tsitsipas-Novak_Djokovic,tv_pool_20210613-M-Roland_Garros-F-Stefanos_Tsitsipas-Novak_Djokovic:0280,280,4,4,tsitsipas,tsitsipas,surname,,,after_preposition,pobj,SHOT,3,,24.4,21.92,21.36,True,SHOT,21.36
tv_pool_20210613-M-Roland_Garros-F-Stefanos_Tsitsipas-Novak_Djokovic,tv_pool_20210613-M-Roland_Garros-F-Stefanos_Tsitsipas-Novak_Djokovic:0288,288,16,15,tsitsipas,tsitsipas,surname,,,subject,nsubj,OTHER,3,,34.32,117.12,32.44,True,OTHER,32.44
tv_pool_20210613-M-Roland_Garros-F-Stefanos_Tsitsipas-Novak_Djokovic,tv_pool_20210613-M-Roland_Garros-F-Stefanos_Tsitsipas-Novak_Djokovic:0289,289,6,5,djokovic,djokovic,surname,,,object,attr,SHOT,3,,38.48,34.32,36.52,True,SHOT,36.52
tv_pool_20210613-M-Roland_Garros-F-Stefanos_Tsitsipas-Novak_Djokovic,tv_pool_20210613-M-Roland_Garros-F-Stefanos_Tsitsipas-Novak_Djokovic:0291,291,46,46,djokovic,djokovic,surname,,,after_preposition,pobj,OTHER,3,,36.8,18.16,34.84,True,OTHER,34.84
tv_pool_20210613-M-Roland_Garros-F-Stefanos_Tsitsipas-Novak_Djokovic,tv_pool_20210613-M-Roland_Garros-F-Stefanos_Tsitsipas-Novak_Djokovic:0293,293,49,42,tsitsipas,tsitsipas,surname,,,after_preposition,pobj,SHOT,3,,36.56,13.72,34.68,True,SHOT,34.68
tv_pool_20210613-M-Roland_Garros-F-Stefanos_Tsitsipas-Novak_Djokovic,tv_pool_20210613-M-Roland_Garros-F-Stefanos_Tsitsipas-Novak_Djokovic:0295,295,11,9,djokovic,djokovic,surname,,,subject,nsubj,STAT,3,,37.68,36.72,35.76,True,STAT,35.76
tv_pool_20210613-M-Roland_Garros-F-Stefanos_Tsitsipas-Novak_Djokovic,tv_pool_20210613-M-Roland_Garros-F-Stefanos_Tsitsipas-Novak_Djokovic:0296,296,17,17,djokovic,djokovic,surname,,,subject,nsubj,OTHER,3,,42.48,37.68,40.68,True,OTHER,40.68
tv_pool_20210613-M-Roland_Garros-F-Stefanos_Tsitsipas-Novak_Djokovic,tv_pool_20210613-M-Roland_Garros-F-Stefanos_Tsitsipas-Novak_Djokovic:0297,297,25,22,djokovic,novak djokovic,full_name,,,possessive,poss,STAT,5,,,42.48,,True,STAT,
tv_pool_20210911-W-US_Open-F-Emma_Raducanu-Leylah_Fernandez,tv_pool_20210911-W-US_Open-F-Emma_Raducanu-Leylah_Fernandez:0000,0,31,29,raducanu,raducanu,surname,,,after_preposition,pobj,STAT,4,,36.87,,,False,STAT,34.902
tv_pool_20210911-W-US_Open-F-Emma_Raducanu-Leylah_Fernandez,tv_pool_20210911-W-US_Open-F-Emma_Raducanu-Leylah_Fernandez:0001,1,43,37,fernandez,fernandez,surname,,,possessive,poss,SHOT,4,,32.33,36.87,,False,SHOT,30.36
tv_pool_20210911-W-US_Open-F-Emma_Raducanu-Leylah_Fernandez,tv_pool_20210911-W-US_Open-F-Emma_Raducanu-Leylah_Fernandez:0003,3,29,25,fernandez,fernandez,surname,,,possessive,pobj,SHOT,4,,21.89,21.66,,False,SHOT,19.116
tv_pool_20210911-W-US_Open-F-Emma_Raducanu-Leylah_Fernandez,tv_pool_20210911-W-US_Open-F-Emma_Raducanu-Leylah_Fernandez:0004,4,62,52,fernandez,leylah,first_name,,,other,compound,CROWD,2,,62.4,21.89,,False,CROWD,60.396
tv_pool_20210911-W-US_Open-F-Emma_Raducanu-Leylah_Fernandez,tv_pool_20210911-W-US_Open-F-Emma_Raducanu-Leylah_Fernandez:0006,6,49,45,raducanu,raducanu,surname,,,possessive,pobj,SHOT,4,,32.9,11.84,,False,SHOT,30.927
tv_pool_20210911-W-US_Open-F-Emma_Raducanu-Leylah_Fernandez,tv_pool_20210911-W-US_Open-F-Emma_Raducanu-Leylah_Fernandez:0006,6,55,50,fernandez,fernandez,surname,,,other,compound,SHOT,3,,32.9,11.84,,False,SHOT,30.927
tv_pool_20210911-W-US_Open-F-Emma_Raducanu-Leylah_Fernandez,tv_pool_20210911-W-US_Open-F-Emma_Raducanu-Leylah_Fernandez:0008,8,27,26,fernandez,leylah fernandez,full_name,,,object,dobj,OTHER,5,,22.93,20.39,,False,OTHER,20.925
tv_pool_20210911-W-US_Open-F-Emma_Raducanu-Leylah_Fernandez,tv_pool_20210911-W-US_Open-F-Emma_Raducanu-Leylah_Fernandez:0011,11,9,8,fernandez,fernandez,surname,,,subject,nsubj,OTHER,3,,34.8,37.93,,False,OTHER,32.867
tv_pool_20210911-W-US_Open-F-Emma_Raducanu-Leylah_Fernandez,tv_pool_20210911-W-US_Open-F-Emma_Raducanu-Leylah_Fernandez:0013,13,12,12,fernandez,fernandez,surname,,,other,compound,SHOT,3,,66.74,12.98,,False,SHOT,63.801
tv_pool_20210911-W-US_Open-F-Emma_Raducanu-Leylah_Fernandez,tv_pool_20210911-W-US_Open-F-Emma_Raducanu-Leylah_Fernandez:0015,15,9,7,fernandez,leylah,first_name,,,subject,nsubj,STAT,2,,96.53,24.29,,False,STAT,92.992
tv_pool_20210911-W-US_Open-F-Emma_Raducanu-Leylah_Fernandez,tv_pool_20210911-W-US_Open-F-Emma_Raducanu-Leylah_Fernandez:0016,16,6,6,fernandez,fernandez,surname,,,after_preposition,pobj,SHOT,3,,11.91,96.53,,False,SHOT,9.973
tv_pool_20210911-W-US_Open-F-Emma_Raducanu-Leylah_Fernandez,tv_pool_20210911-W-US_Open-F-Emma_Raducanu-Leylah_Fernandez:0018,18,6,6,fernandez,fernandez,surname,,,subject,nsubj,OTHER,3,,48.85,32.06,,False,OTHER,46.883
tv_pool_20210911-W-US_Open-F-Emma_Raducanu-Leylah_Fernandez,tv_pool_20210911-W-US_Open-F-Emma_Raducanu-Leylah_Fernandez:0022,22,6,6,raducanu,raducanu,surname,,,after_preposition,pobj,JUDGE,4,,35.64,27.56,,False,JUDGE,33.604
tv_pool_20210911-W-US_Open-F-Emma_Raducanu-Leylah_Fernandez,tv_pool_20210911-W-US_Open-F-Emma_Raducanu-Leylah_Fernandez:0025,25,0,0,fernandez,fernandez,surname,,,vocative_exclamation,ROOT,OTHER,3,,12.38,26.43,,False,OTHER,4.641
tv_pool_20210911-W-US_Open-F-Emma_Raducanu-Leylah_Fernandez,tv_pool_20210911-W-US_Open-F-Emma_Raducanu-Leylah_Fernandez:0031,31,9,9,raducanu,raducanu,surname,,,after_preposition,pobj,OTHER,4,,63.4,24.42,,False,OTHER,61.394
tv_pool_20210911-W-US_Open-F-Emma_Raducanu-Leylah_Fernandez,tv_pool_20210911-W-US_Open-F-Emma_Raducanu-Leylah_Fernandez:0033,33,8,7,fernandez,fernandez,surname,,,vocative_exclamation,ROOT,SCORE,3,advantage_name,45.78,18.22,,False,SCORE,43.775
tv_pool_20210911-W-US_Open-F-Emma_Raducanu-Leylah_Fernandez,tv_pool_20210911-W-US_Open-F-Emma_Raducanu-Leylah_Fernandez:0033,33,27,23,fernandez,fernandez,surname,,,other,ROOT,SHOT,3,,45.78,18.22,,False,SHOT,43.775
tv_pool_20210911-W-US_Open-F-Emma_Raducanu-Leylah_Fernandez,tv_pool_20210911-W-US_Open-F-Emma_Raducanu-Leylah_Fernandez:0038,38,19,17,raducanu,raducanu,surname,,,after_preposition,pobj,SHOT,4,,26.92,10.91,,False,SHOT,26.39
tv_pool_20210911-W-US_Open-F-Emma_Raducanu-Leylah_Fernandez,tv_pool_20210911-W-US_Open-F-Emma_Raducanu-Leylah_Fernandez:0040,40,21,18,fernandez,fernandez,surname,,,vocative_exclamation,npadvmod,SCORE,3,,27.49,12.52,,False,SCORE,25.521
tv_pool_20210911-W-US_Open-F-Emma_Raducanu-Leylah_Fernandez,tv_pool_20210911-W-US_Open-F-Emma_Raducanu-Leylah_Fernandez:0043,43,5,4,fernandez,fernandez,surname,,,after_preposition,pobj,OTHER,3,,24.96,31.29,,False,OTHER,22.922
tv_pool_20210911-W-US_Open-F-Emma_Raducanu-Leylah_Fernandez,tv_pool_20210911-W-US_Open-F-Emma_Raducanu-Leylah_Fernandez:0064,64,58,49,fernandez,leylah fernandez,full_name,,,subject,nsubj,OTHER,5,,67.17,33.1,,False,OTHER,66.838
tv_pool_20210911-W-US_Open-F-Emma_Raducanu-Leylah_Fernandez,tv_pool_20210911-W-US_Open-F-Emma_Raducanu-Leylah_Fernandez:0072,72,7,7,fernandez,fernandez,surname,,,after_preposition,pobj,OTHER,3,,24.99,11.88,,False,OTHER,23.09
tv_pool_20210911-W-US_Open-F-Emma_Raducanu-Leylah_Fernandez,tv_pool_20210911-W-US_Open-F-Emma_Raducanu-Leylah_Fernandez:0073,73,1,1,fernandez,fernandez,surname,,,vocative_exclamation,ROOT,OTHER,3,,25.29,24.99,,False,OTHER,23.36
tv_pool_20210911-W-US_Open-F-Emma_Raducanu-Leylah_Fernandez,tv_pool_20210911-W-US_Open-F-Emma_Raducanu-Leylah_Fernandez:0078,78,6,5,raducanu,emma,first_name,,,object,dobj,OTHER,2,,37.67,35.97,,False,OTHER,35.702
tv_pool_20210911-W-US_Open-F-Emma_Raducanu-Leylah_Fernandez,tv_pool_20210911-W-US_Open-F-Emma_Raducanu-Leylah_Fernandez:0080,80,20,17,raducanu,emma,first_name,,,other,compound,OTHER,2,,34.37,16.08,,False,OTHER,31.268
tv_pool_20210911-W-US_Open-F-Emma_Raducanu-Leylah_Fernandez,tv_pool_20210911-W-US_Open-F-Emma_Raducanu-Leylah_Fernandez:0080,80,40,34,fernandez,fernandez,surname,,,vocative_exclamation,appos,OTHER,3,,34.37,16.08,,False,OTHER,31.268
tv_pool_20210911-W-US_Open-F-Emma_Raducanu-Leylah_Fernandez,tv_pool_20210911-W-US_Open-F-Emma_Raducanu-Leylah_Fernandez:0082,82,1,1,fernandez,fernandez,surname,,,subject,nsubj,OTHER,3,,27.06,12.58,,False,OTHER,24.995
tv_pool_20210911-W-US_Open-F-Emma_Raducanu-Leylah_Fernandez,tv_pool_20210911-W-US_Open-F-Emma_Raducanu-Leylah_Fernandez:0084,84,35,32,raducanu,emma raducanu,full_name,,,possessive,poss,OTHER,6,,36.67,37.07,,False,OTHER,34.772
tv_pool_20210911-W-US_Open-F-Emma_Raducanu-Leylah_Fernandez,tv_pool_20210911-W-US_Open-F-Emma_Raducanu-Leylah_Fernandez:0085,85,31,26,UNRESOLVED,the 18 year old,epithet,epithet_descriptive,unresolved,after_preposition,pobj,OFFICIAL,5,,24.83,36.67,,False,STAT,22.891
tv_pool_20210911-W-US_Open-F-Emma_Raducanu-Leylah_Fernandez,tv_pool_20210911-W-US_Open-F-Emma_Raducanu-Leylah_Fernandez:0087,87,0,0,fernandez,fernandez,surname,,,vocative_exclamation,ROOT,SHOT,3,,59.46,24.19,,False,SHOT,56.956
tv_pool_20210911-W-US_Open-F-Emma_Raducanu-Leylah_Fernandez,tv_pool_20210911-W-US_Open-F-Emma_Raducanu-Leylah_Fernandez:0089,89,5,5,raducanu,raducanu,surname,,,object,dobj,OTHER,4,,24.82,12.18,,False,OTHER,22.854
tv_pool_20210911-W-US_Open-F-Emma_Raducanu-Leylah_Fernandez,tv_pool_20210911-W-US_Open-F-Emma_Raducanu-Leylah_Fernandez:0091,91,3,2,raducanu,raducanu,surname,,,other,ROOT,SHOT,4,,16.05,65.73,,False,SHOT,14.05
tv_pool_20210911-W-US_Open-F-Emma_Raducanu-Leylah_Fernandez,tv_pool_20210911-W-US_Open-F-Emma_Raducanu-Leylah_Fernandez:0093,93,5,4,raducanu,raducanu,surname,,,subject,nsubj,OTHER,4,,25.12,19.29,,False,OTHER,22.084
tv_pool_20210911-W-US_Open-F-Emma_Raducanu-Leylah_Fernandez,tv_pool_20210911-W-US_Open-F-Emma_Raducanu-Leylah_Fernandez:0095,95,116,98,fernandez,fernandez,surname,,,possessive,poss,OTHER,4,,21.05,11.92,,False,OTHER,19.051
tv_pool_20210911-W-US_Open-F-Emma_Raducanu-Leylah_Fernandez,tv_pool_20210911-W-US_Open-F-Emma_Raducanu-Leylah_Fernandez:0100,100,14,12,raducanu,raducanu,surname,,,after_preposition,pobj,STAT,4,,21.78,34.16,,False,STAT,18.947
tv_pool_20210911-W-US_Open-F-Emma_Raducanu-Leylah_Fernandez,tv_pool_20210911-W-US_Open-F-Emma_Raducanu-Leylah_Fernandez:0102,102,18,14,fernandez,fernandez,surname,,,subject,nsubj,SHOT,3,,49.85,24.53,,False,SHOT,47.844
tv_pool_20210911-W-US_Open-F-Emma_Raducanu-Leylah_Fernandez,tv_pool_20210911-W-US_Open-F-Emma_Raducanu-Leylah_Fernandez:0103,103,1,1,fernandez,fernandez,surname,,,vocative_exclamation,ROOT,SCORE,3,advantage_name,59.7,49.85,,False,SCORE,57.726
tv_pool_20210911-W-US_Open-F-Emma_Raducanu-Leylah_Fernandez,tv_pool_20210911-W-US_Open-F-Emma_Raducanu-Leylah_Fernandez:0104,104,13,12,fernandez,fernandez,surname,,,subject,nsubj,OTHER,3,,23.12,59.7,,False,OTHER,21.153
tv_pool_20210911-W-US_Open-F-Emma_Raducanu-Leylah_Fernandez,tv_pool_20210911-W-US_Open-F-Emma_Raducanu-Leylah_Fernandez:0104,104,31,28,raducanu,raducanu,surname,,,subject,nsubj,OTHER,4,,23.12,59.7,,False,OTHER,21.153
tv_pool_20210911-W-US_Open-F-Emma_Raducanu-Leylah_Fernandez,tv_pool_20210911-W-US_Open-F-Emma_Raducanu-Leylah_Fernandez:0106,106,38,36,fernandez,fernandez,surname,,,subject,nsubj,OTHER,3,,27.1,24.03,,False,OTHER,25.127
tv_pool_20210911-W-US_Open-F-Emma_Raducanu-Leylah_Fernandez,tv_pool_20210911-W-US_Open-F-Emma_Raducanu-Leylah_Fernandez:0107,107,4,4,fernandez,fernandez,surname,,,after_preposition,pobj,SHOT,3,,42.51,27.1,,False,SHOT,39.77
tv_pool_20210911-W-US_Open-F-Emma_Raducanu-Leylah_Fernandez,tv_pool_20210911-W-US_Open-F-Emma_Raducanu-Leylah_Fernandez:0114,114,1,1,fernandez,fernandez,surname,,,vocative_exclamation,ROOT,SCORE,3,advantage_name,46.95,11.31,,False,SCORE,44.981
tv_pool_20210911-W-US_Open-F-Emma_Raducanu-Leylah_Fernandez,tv_pool_20210911-W-US_Open-F-Emma_Raducanu-Leylah_Fernandez:0114,114,3,2,fernandez,fernandez,surname,,,subject,nsubj,SCORE,3,,46.95,11.31,,False,SCORE,44.981
tv_pool_20210911-W-US_Open-F-Emma_Raducanu-Leylah_Fernandez,tv_pool_20210911-W-US_Open-F-Emma_Raducanu-Leylah_Fernandez:0115,115,12,10,fernandez,fernandez,surname,,,subject,nsubj,OTHER,3,,22.49,46.95,,False,OTHER,20.553
tv_pool_20210911-W-US_Open-F-Emma_Raducanu-Leylah_Fernandez,tv_pool_20210911-W-US_Open-F-Emma_Raducanu-Leylah_Fernandez:0119,119,3,3,fernandez,fernandez,surname,,,after_preposition,pobj,SHOT,3,,26.1,11.61,,False,SHOT,24.16
tv_pool_20210911-W-US_Open-F-Emma_Raducanu-Leylah_Fernandez,tv_pool_20210911-W-US_Open-F-Emma_Raducanu-Leylah_Fernandez:0120,120,33,30,fernandez,fernandez,surname,,,after_preposition,pobj,SCORE,3,,36.87,26.1,,False,SCORE,34.832
tv_pool_20210911-W-US_Open-F-Emma_Raducanu-Leylah_Fernandez,tv_pool_20210911-W-US_Open-F-Emma_Raducanu-Leylah_Fernandez:0123,123,6,5,raducanu,raducanu,surname,,,possessive,poss,STAT,4,,23.76,11.88,,False,STAT,21.793
tv_pool_20210911-W-US_Open-F-Emma_Raducanu-Leylah_Fernandez,tv_pool_20210911-W-US_Open-F-Emma_Raducanu-Leylah_Fernandez:0126,126,19,15,fernandez,fernandez,surname,,,subject,nsubj,JUDGE,3,,26.26,25.62,,False,JUDGE,24.358
tv_pool_20210911-W-US_Open-F-Emma_Raducanu-Leylah_Fernandez,tv_pool_20210911-W-US_Open-F-Emma_Raducanu-Leylah_Fernandez:0135,135,3,2,fernandez,leylah fernandez,full_name,,,subject,nsubj,OTHER,5,,24.3,73,,False,OTHER,21.125
tv_pool_20210911-W-US_Open-F-Emma_Raducanu-Leylah_Fernandez,tv_pool_20210911-W-US_Open-F-Emma_Raducanu-Leylah_Fernandez:0135,135,29,24,UNRESOLVED,the qualifier,epithet,epithet_descriptive,unresolved,subject,nsubj,STAT,5,,24.3,73,,False,STAT,21.125
tv_pool_20210911-W-US_Open-F-Emma_Raducanu-Leylah_Fernandez,tv_pool_20210911-W-US_Open-F-Emma_Raducanu-Leylah_Fernandez:0142,142,9,5,fernandez,fernandez,surname,,,subject,nsubj,SCORE,3,,26.42,12.22,,False,SCORE,24.455
tv_pool_20210911-W-US_Open-F-Emma_Raducanu-Leylah_Fernandez,tv_pool_20210911-W-US_Open-F-Emma_Raducanu-Leylah_Fernandez:0144,144,33,28,raducanu,raducanu,surname,,,vocative_exclamation,npadvmod,OTHER,4,,30.09,22.02,,False,OTHER,28.159
tv_pool_20210911-W-US_Open-F-Emma_Raducanu-Leylah_Fernandez,tv_pool_20210911-W-US_Open-F-Emma_Raducanu-Leylah_Fernandez:0150,150,10,9,raducanu,raducanu,surname,,,vocative_exclamation,ROOT,OTHER,4,,25.3,22.99,,False,OTHER,23.36
tv_pool_20210911-W-US_Open-F-Emma_Raducanu-Leylah_Fernandez,tv_pool_20210911-W-US_Open-F-Emma_Raducanu-Leylah_Fernandez:0153,153,1,1,fernandez,fernandez,surname,,,vocative_exclamation,ROOT,SCORE,3,advantage_name,28.16,11.92,,False,SCORE,26.229
tv_pool_20210911-W-US_Open-F-Emma_Raducanu-Leylah_Fernandez,tv_pool_20210911-W-US_Open-F-Emma_Raducanu-Leylah_Fernandez:0153,153,4,3,fernandez,fernandez,surname,,,subject,nsubj,SCORE,3,,28.16,11.92,,False,SCORE,26.229
tv_pool_20210911-W-US_Open-F-Emma_Raducanu-Leylah_Fernandez,tv_pool_20210911-W-US_Open-F-Emma_Raducanu-Leylah_Fernandez:0154,154,42,37,raducanu,emma raducanu,full_name,,,subject,nsubj,OTHER,6,,79.55,28.16,,False,OTHER,77.11
tv_pool_20210911-W-US_Open-F-Emma_Raducanu-Leylah_Fernandez,tv_pool_20210911-W-US_Open-F-Emma_Raducanu-Leylah_Fernandez:0155,155,11,10,raducanu,raducanu,surname,,,subject,nsubj,STAT,4,,27.7,79.55,,False,STAT,24.962
tv_pool_20210911-W-US_Open-F-Emma_Raducanu-Leylah_Fernandez,tv_pool_20210911-W-US_Open-F-Emma_Raducanu-Leylah_Fernandez:0155,155,33,29,fernandez,fernandez,surname,,,subject,nsubj,OTHER,3,,27.7,79.55,,False,OTHER,24.962
tv_pool_20210911-W-US_Open-F-Emma_Raducanu-Leylah_Fernandez,tv_pool_20210911-W-US_Open-F-Emma_Raducanu-Leylah_Fernandez:0158,158,33,30,fernandez,fernandez,surname,,,other,ROOT,SCORE,3,,27.8,24.93,,False,SCORE,27.563
tv_pool_20210911-W-US_Open-F-Emma_Raducanu-Leylah_Fernandez,tv_pool_20210911-W-US_Open-F-Emma_Raducanu-Leylah_Fernandez:0162,162,1,1,fernandez,fernandez,surname,,,vocative_exclamation,ROOT,OTHER,3,,29.26,12.24,,False,OTHER,26.492
tv_pool_20210911-W-US_Open-F-Emma_Raducanu-Leylah_Fernandez,tv_pool_20210911-W-US_Open-F-Emma_Raducanu-Leylah_Fernandez:0164,164,8,8,raducanu,raducanu,surname,,,after_preposition,pobj,SCORE,4,,,27.59,,False,SCORE,
tv_pool_20210911-W-US_Open-F-Emma_Raducanu-Leylah_Fernandez,tv_pool_20210911-W-US_Open-F-Emma_Raducanu-Leylah_Fernandez:0164,164,11,10,raducanu,raducanu,surname,,,vocative_exclamation,ROOT,SCORE,4,advantage_name,,27.59,,False,SCORE,
tv_pool_20220130-M-Australian_Open-F-Rafael_Nadal-Daniil_Medvedev,tv_pool_20220130-M-Australian_Open-F-Rafael_Nadal-Daniil_Medvedev:0003,3,110,99,medvedev,medvedev,surname,,,object,dobj,OTHER,3,,30.08,13.76,28.08,True,OTHER,28.08
tv_pool_20220130-M-Australian_Open-F-Rafael_Nadal-Daniil_Medvedev,tv_pool_20220130-M-Australian_Open-F-Rafael_Nadal-Daniil_Medvedev:0005,5,8,8,medvedev,daniil medvedev,full_name,,,subject,nsubj,OTHER,5,,52.48,15.08,50.48,True,OTHER,50.48
tv_pool_20220130-M-Australian_Open-F-Rafael_Nadal-Daniil_Medvedev,tv_pool_20220130-M-Australian_Open-F-Rafael_Nadal-Daniil_Medvedev:0007,7,22,18,medvedev,medvedev,surname,,,subject,nsubj,SHOT,3,,58.28,33.6,56.32,True,SHOT,56.32
tv_pool_20220130-M-Australian_Open-F-Rafael_Nadal-Daniil_Medvedev,tv_pool_20220130-M-Australian_Open-F-Rafael_Nadal-Daniil_Medvedev:0008,8,49,45,nadal,nadal,surname,,,vocative_exclamation,ROOT,SHOT,2,,83.08,58.28,81.04,True,SHOT,81.04
tv_pool_20220130-M-Australian_Open-F-Rafael_Nadal-Daniil_Medvedev,tv_pool_20220130-M-Australian_Open-F-Rafael_Nadal-Daniil_Medvedev:0008,8,108,99,medvedev,medvedev,surname,,,after_preposition,pobj,JUDGE,3,,83.08,58.28,81.04,True,JUDGE,81.04
tv_pool_20220130-M-Australian_Open-F-Rafael_Nadal-Daniil_Medvedev,tv_pool_20220130-M-Australian_Open-F-Rafael_Nadal-Daniil_Medvedev:0008,8,190,169,nadal,rafa,hypocoristic,,,after_preposition,pobj,OTHER,2,,83.08,58.28,81.04,True,OTHER,81.04
tv_pool_20220130-M-Australian_Open-F-Rafael_Nadal-Daniil_Medvedev,tv_pool_20220130-M-Australian_Open-F-Rafael_Nadal-Daniil_Medvedev:0009,9,15,15,nadal,rafa,hypocoristic,,,object,dobj,STAT,2,,41.04,83.08,39.04,True,STAT,39.04
tv_pool_20220130-M-Australian_Open-F-Rafael_Nadal-Daniil_Medvedev,tv_pool_20220130-M-Australian_Open-F-Rafael_Nadal-Daniil_Medvedev:0010,10,33,27,medvedev,medvedev,surname,,,after_preposition,pobj,JUDGE,3,,18.36,41.04,16.4,True,JUDGE,16.4
tv_pool_20220130-M-Australian_Open-F-Rafael_Nadal-Daniil_Medvedev,tv_pool_20220130-M-Australian_Open-F-Rafael_Nadal-Daniil_Medvedev:0011,11,3,3,nadal,rafa,hypocoristic,,,other,advcl,JUDGE,2,,17.44,18.36,15.44,True,JUDGE,15.44
tv_pool_20220130-M-Australian_Open-F-Rafael_Nadal-Daniil_Medvedev,tv_pool_20220130-M-Australian_Open-F-Rafael_Nadal-Daniil_Medvedev:0011,11,99,96,nadal,nadal,surname,,,after_preposition,pobj,STAT,2,,17.44,18.36,15.44,True,STAT,15.44
tv_pool_20220130-M-Australian_Open-F-Rafael_Nadal-Daniil_Medvedev,tv_pool_20220130-M-Australian_Open-F-Rafael_Nadal-Daniil_Medvedev:0015,15,8,8,medvedev,medvedev,surname,,,after_preposition,pobj,OTHER,3,,15.72,30.2,13.68,True,OTHER,13.68
tv_pool_20220130-M-Australian_Open-F-Rafael_Nadal-Daniil_Medvedev,tv_pool_20220130-M-Australian_Open-F-Rafael_Nadal-Daniil_Medvedev:0017,17,34,30,nadal,rafa,hypocoristic,,,subject,nsubj,OTHER,2,,42.52,57.6,40.56,True,OTHER,40.56
tv_pool_20220130-M-Australian_Open-F-Rafael_Nadal-Daniil_Medvedev,tv_pool_20220130-M-Australian_Open-F-Rafael_Nadal-Daniil_Medvedev:0017,17,81,70,medvedev,medvedev,surname,,,subject,nsubj,OTHER,3,,42.52,57.6,40.56,True,OTHER,40.56
tv_pool_20220130-M-Australian_Open-F-Rafael_Nadal-Daniil_Medvedev,tv_pool_20220130-M-Australian_Open-F-Rafael_Nadal-Daniil_Medvedev:0019,19,27,24,medvedev,daniil,first_name,,,after_preposition,pobj,JUDGE,2,,38.36,45.24,36.32,True,JUDGE,36.32
tv_pool_20220130-M-Australian_Open-F-Rafael_Nadal-Daniil_Medvedev,tv_pool_20220130-M-Australian_Open-F-Rafael_Nadal-Daniil_Medvedev:0020,20,58,49,medvedev,medvedev,surname,,,subject,nsubj,OTHER,3,,59.04,38.36,57.04,True,OTHER,57.04
tv_pool_20220130-M-Australian_Open-F-Rafael_Nadal-Daniil_Medvedev,tv_pool_20220130-M-Australian_Open-F-Rafael_Nadal-Daniil_Medvedev:0020,20,82,69,nadal,rafa,hypocoristic,,,subject,nsubj,JUDGE,2,,59.04,38.36,57.04,True,JUDGE,57.04
tv_pool_20220130-M-Australian_Open-F-Rafael_Nadal-Daniil_Medvedev,tv_pool_20220130-M-Australian_Open-F-Rafael_Nadal-Daniil_Medvedev:0020,20,136,116,medvedev,medvedev,surname,,,other,ROOT,JUDGE,3,,59.04,38.36,57.04,True,JUDGE,57.04
tv_pool_20220130-M-Australian_Open-F-Rafael_Nadal-Daniil_Medvedev,tv_pool_20220130-M-Australian_Open-F-Rafael_Nadal-Daniil_Medvedev:0025,25,8,6,nadal,nadal,surname,,,vocative_exclamation,ROOT,JUDGE,2,,128.2,55.76,126.2,True,JUDGE,126.2
tv_pool_20220130-M-Australian_Open-F-Rafael_Nadal-Daniil_Medvedev,tv_pool_20220130-M-Australian_Open-F-Rafael_Nadal-Daniil_Medvedev:0029,29,16,13,nadal,rafa,hypocoristic,,,subject,nsubj,JUDGE,2,game_name,16.2,21.76,11.92,True,JUDGE,11.92
tv_pool_20220130-M-Australian_Open-F-Rafael_Nadal-Daniil_Medvedev,tv_pool_20220130-M-Australian_Open-F-Rafael_Nadal-Daniil_Medvedev:0029,29,29,25,medvedev,daniil medvedev,full_name,,,subject,nsubj,SCORE,5,game_name,16.2,21.76,11.92,True,SCORE,11.92
tv_pool_20220130-M-Australian_Open-F-Rafael_Nadal-Daniil_Medvedev,tv_pool_20220130-M-Australian_Open-F-Rafael_Nadal-Daniil_Medvedev:0031,31,2,2,nadal,rafa,hypocoristic,,,subject,nsubj,JUDGE,2,,21.48,7.64,19.48,True,JUDGE,19.48
tv_pool_20220130-M-Australian_Open-F-Rafael_Nadal-Daniil_Medvedev,tv_pool_20220130-M-Australian_Open-F-Rafael_Nadal-Daniil_Medvedev:0031,31,11,11,medvedev,medvedev,surname,,,possessive,poss,SHOT,3,,21.48,7.64,19.48,True,SHOT,19.48
tv_pool_20220130-M-Australian_Open-F-Rafael_Nadal-Daniil_Medvedev,tv_pool_20220130-M-Australian_Open-F-Rafael_Nadal-Daniil_Medvedev:0031,31,48,42,nadal,rafa,hypocoristic,,,object,dobj,SHOT,2,,21.48,7.64,19.48,True,SHOT,19.48
tv_pool_20220130-M-Australian_Open-F-Rafael_Nadal-Daniil_Medvedev,tv_pool_20220130-M-Australian_Open-F-Rafael_Nadal-Daniil_Medvedev:0032,32,67,61,medvedev,medvedev,surname,,,after_preposition,pobj,JUDGE,3,,24.48,21.48,22.44,True,JUDGE,22.44
tv_pool_20220130-M-Australian_Open-F-Rafael_Nadal-Daniil_Medvedev,tv_pool_20220130-M-Australian_Open-F-Rafael_Nadal-Daniil_Medvedev:0032,32,102,91,nadal,rafa,hypocoristic,,,object,dobj,SHOT,2,,24.48,21.48,22.44,True,SHOT,22.44
tv_pool_20220130-M-Australian_Open-F-Rafael_Nadal-Daniil_Medvedev,tv_pool_20220130-M-Australian_Open-F-Rafael_Nadal-Daniil_Medvedev:0036,36,7,6,nadal,rafa,hypocoristic,,,subject,nsubj,JUDGE,2,,51.32,36.64,49.32,True,JUDGE,49.32
tv_pool_20220130-M-Australian_Open-F-Rafael_Nadal-Daniil_Medvedev,tv_pool_20220130-M-Australian_Open-F-Rafael_Nadal-Daniil_Medvedev:0037,37,5,4,nadal,rafa,hypocoristic,,,subject,nsubj,SHOT,2,game_name,39.28,51.32,37.32,True,SHOT,37.32
tv_pool_20220130-M-Australian_Open-F-Rafael_Nadal-Daniil_Medvedev,tv_pool_20220130-M-Australian_Open-F-Rafael_Nadal-Daniil_Medvedev:0037,37,101,89,medvedev,medvedev,surname,,,possessive,poss,SHOT,3,,39.28,51.32,37.32,True,SHOT,37.32
tv_pool_20220130-M-Australian_Open-F-Rafael_Nadal-Daniil_Medvedev,tv_pool_20220130-M-Australian_Open-F-Rafael_Nadal-Daniil_Medvedev:0039,39,15,14,medvedev,daniil,first_name,,,after_preposition,pobj,OTHER,2,,155.56,15.84,152.36,True,OTHER,152.36
tv_pool_20220130-M-Australian_Open-F-Rafael_Nadal-Daniil_Medvedev,tv_pool_20220130-M-Australian_Open-F-Rafael_Nadal-Daniil_Medvedev:0040,40,22,22,medvedev,medvedev,surname,,,possessive,poss,SHOT,3,,25.56,155.56,23.56,True,SHOT,23.56
tv_pool_20220130-M-Australian_Open-F-Rafael_Nadal-Daniil_Medvedev,tv_pool_20220130-M-Australian_Open-F-Rafael_Nadal-Daniil_Medvedev:0040,40,33,32,medvedev,medvedev,surname,,,object,dobj,OTHER,3,,25.56,155.56,23.56,True,OTHER,23.56
tv_pool_20220130-M-Australian_Open-F-Rafael_Nadal-Daniil_Medvedev,tv_pool_20220130-M-Australian_Open-F-Rafael_Nadal-Daniil_Medvedev:0040,40,61,60,medvedev,medvedev,surname,,,subject,nsubj,OTHER,3,,25.56,155.56,23.56,True,OTHER,23.56
tv_pool_20220130-M-Australian_Open-F-Rafael_Nadal-Daniil_Medvedev,tv_pool_20220130-M-Australian_Open-F-Rafael_Nadal-Daniil_Medvedev:0041,41,54,49,nadal,rafa,hypocoristic,,,vocative_exclamation,npadvmod,OTHER,2,,24.04,25.56,22.08,True,OTHER,22.08
tv_pool_20220130-M-Australian_Open-F-Rafael_Nadal-Daniil_Medvedev,tv_pool_20220130-M-Australian_Open-F-Rafael_Nadal-Daniil_Medvedev:0042,42,19,18,medvedev,daniil medvedev,full_name,,,after_preposition,pobj,SCORE,5,,19.36,24.04,16.2,True,SCORE,16.2
tv_pool_20220130-M-Australian_Open-F-Rafael_Nadal-Daniil_Medvedev,tv_pool_20220130-M-Australian_Open-F-Rafael_Nadal-Daniil_Medvedev:0046,46,13,11,medvedev,daniil medvedev,full_name,,,subject,appos,STAT,5,,47.8,23.08,45.84,True,STAT,45.84
tv_pool_20220130-M-Australian_Open-F-Rafael_Nadal-Daniil_Medvedev,tv_pool_20220130-M-Australian_Open-F-Rafael_Nadal-Daniil_Medvedev:0048,48,24,22,medvedev,medvedev,surname,,,subject,nsubj,OTHER,3,,44.16,16.8,42.2,True,OTHER,42.2
tv_pool_20220130-M-Australian_Open-F-Rafael_Nadal-Daniil_Medvedev,tv_pool_20220130-M-Australian_Open-F-Rafael_Nadal-Daniil_Medvedev:0048,48,66,61,medvedev,the russian,epithet,epithet_nationality,nationality,after_preposition,pobj,OTHER,3,,44.16,16.8,42.2,True,OTHER,42.2
tv_pool_20220130-M-Australian_Open-F-Rafael_Nadal-Daniil_Medvedev,tv_pool_20220130-M-Australian_Open-F-Rafael_Nadal-Daniil_Medvedev:0049,49,8,8,nadal,rafa,hypocoristic,,,subject,nsubj,JUDGE,2,,30.6,44.16,28.64,True,JUDGE,28.64
tv_pool_20220130-M-Australian_Open-F-Rafael_Nadal-Daniil_Medvedev,tv_pool_20220130-M-Australian_Open-F-Rafael_Nadal-Daniil_Medvedev:0049,49,56,50,nadal,rafa,hypocoristic,,,subject,nsubj,JUDGE,2,,30.6,44.16,28.64,True,JUDGE,28.64
tv_pool_20220130-M-Australian_Open-F-Rafael_Nadal-Daniil_Medvedev,tv_pool_20220130-M-Australian_Open-F-Rafael_Nadal-Daniil_Medvedev:0050,50,3,3,medvedev,the russian,epithet,epithet_nationality,nationality,object,attr,OTHER,3,,40.4,30.6,38.44,True,OTHER,38.44
tv_pool_20220130-M-Australian_Open-F-Rafael_Nadal-Daniil_Medvedev,tv_pool_20220130-M-Australian_Open-F-Rafael_Nadal-Daniil_Medvedev:0050,50,23,23,medvedev,medvedev,surname,,,after_preposition,pobj,OTHER,3,,40.4,30.6,38.44,True,OTHER,38.44
tv_pool_20220130-M-Australian_Open-F-Rafael_Nadal-Daniil_Medvedev,tv_pool_20220130-M-Australian_Open-F-Rafael_Nadal-Daniil_Medvedev:0050,50,37,37,nadal,rafa,hypocoristic,,,after_preposition,pobj,OTHER,2,,40.4,30.6,38.44,True,OTHER,38.44
tv_pool_20220130-M-Australian_Open-F-Rafael_Nadal-Daniil_Medvedev,tv_pool_20220130-M-Australian_Open-F-Rafael_Nadal-Daniil_Medvedev:0053,53,24,21,medvedev,medvedev,surname,,,subject,nsubj,OFFICIAL,3,,17.44,8.52,15.4,True,OFFICIAL,15.4
tv_pool_20220130-M-Australian_Open-F-Rafael_Nadal-Daniil_Medvedev,tv_pool_20220130-M-Australian_Open-F-Rafael_Nadal-Daniil_Medvedev:0053,53,35,32,nadal,rafa,hypocoristic,,,other,compound,SHOT,2,,17.44,8.52,15.4,True,SHOT,15.4
tv_pool_20220130-M-Australian_Open-F-Rafael_Nadal-Daniil_Medvedev,tv_pool_20220130-M-Australian_Open-F-Rafael_Nadal-Daniil_Medvedev:0053,53,54,49,nadal,rafa,hypocoristic,,,after_preposition,pobj,OTHER,2,,17.44,8.52,15.4,True,OTHER,15.4
tv_pool_20220130-M-Australian_Open-F-Rafael_Nadal-Daniil_Medvedev,tv_pool_20220130-M-Australian_Open-F-Rafael_Nadal-Daniil_Medvedev:0053,53,76,69,medvedev,medvedev,surname,,,object,dobj,OFFICIAL,3,,17.44,8.52,15.4,True,OFFICIAL,15.4
tv_pool_20220130-M-Australian_Open-F-Rafael_Nadal-Daniil_Medvedev,tv_pool_20220130-M-Australian_Open-F-Rafael_Nadal-Daniil_Medvedev:0056,56,2,2,medvedev,the russian,epithet,epithet_nationality,nationality,after_preposition,pobj,OTHER,3,,50.24,51.32,48.28,True,OTHER,48.28
tv_pool_20220130-M-Australian_Open-F-Rafael_Nadal-Daniil_Medvedev,tv_pool_20220130-M-Australian_Open-F-Rafael_Nadal-Daniil_Medvedev:0058,58,59,56,medvedev,medvedev,surname,,,subject,nsubj,OTHER,3,,39.16,12.48,37.16,True,OTHER,37.16
tv_pool_20220130-M-Australian_Open-F-Rafael_Nadal-Daniil_Medvedev,tv_pool_20220130-M-Australian_Open-F-Rafael_Nadal-Daniil_Medvedev:0058,58,73,69,nadal,the spaniard,epithet,epithet_nationality,nationality,object,dobj,OTHER,3,,39.16,12.48,37.16,True,OTHER,37.16
tv_pool_20220130-M-Australian_Open-F-Rafael_Nadal-Daniil_Medvedev,tv_pool_20220130-M-Australian_Open-F-Rafael_Nadal-Daniil_Medvedev:0063,63,24,22,nadal,nadal,surname,,,subject,nsubj,SHOT,2,,87.6,14.84,85.64,True,SHOT,85.64
tv_pool_20220130-M-Australian_Open-F-Rafael_Nadal-Daniil_Medvedev,tv_pool_20220130-M-Australian_Open-F-Rafael_Nadal-Daniil_Medvedev:0064,64,28,28,nadal,the spaniard,epithet,epithet_nationality,nationality,after_preposition,pobj,OTHER,3,,69.16,87.6,67.2,True,OTHER,67.2
tv_pool_20220130-M-Australian_Open-F-Rafael_Nadal-Daniil_Medvedev,tv_pool_20220130-M-Australian_Open-F-Rafael_Nadal-Daniil_Medvedev:0066,66,38,35,medvedev,medvedev,surname,,,subject,nsubj,OTHER,3,,19.68,8.72,15.52,True,OTHER,15.52
tv_pool_20220130-M-Australian_Open-F-Rafael_Nadal-Daniil_Medvedev,tv_pool_20220130-M-Australian_Open-F-Rafael_Nadal-Daniil_Medvedev:0068,68,84,81,nadal,rafa,hypocoristic,,,after_preposition,pobj,SHOT,2,,24.28,33.12,22.36,True,SHOT,22.36
tv_pool_20220130-M-Australian_Open-F-Rafael_Nadal-Daniil_Medvedev,tv_pool_20220130-M-Australian_Open-F-Rafael_Nadal-Daniil_Medvedev:0068,68,136,129,nadal,rafa nadal,full_name,,,object,dobj,OTHER,4,,24.28,33.12,22.36,True,OTHER,22.36
tv_pool_20220130-M-Australian_Open-F-Rafael_Nadal-Daniil_Medvedev,tv_pool_20220130-M-Australian_Open-F-Rafael_Nadal-Daniil_Medvedev:0068,68,195,184,medvedev,medvedev,surname,,,other,compound,SHOT,3,,24.28,33.12,22.36,True,SHOT,22.36
tv_pool_20220130-M-Australian_Open-F-Rafael_Nadal-Daniil_Medvedev,tv_pool_20220130-M-Australian_Open-F-Rafael_Nadal-Daniil_Medvedev:0068,68,233,214,nadal,rafa,hypocoristic,,,subject,nsubj,JUDGE,2,,24.28,33.12,22.36,True,JUDGE,22.36
tv_pool_20220130-M-Australian_Open-F-Rafael_Nadal-Daniil_Medvedev,tv_pool_20220130-M-Australian_Open-F-Rafael_Nadal-Daniil_Medvedev:0068,68,243,224,medvedev,medvedev,surname,,,other,compound,SHOT,3,,24.28,33.12,22.36,True,SHOT,22.36
tv_pool_20220130-M-Australian_Open-F-Rafael_Nadal-Daniil_Medvedev,tv_pool_20220130-M-Australian_Open-F-Rafael_Nadal-Daniil_Medvedev:0072,72,0,0,nadal,rafa,hypocoristic,,,subject,nsubj,OTHER,2,,36.24,15.76,34.24,True,OTHER,34.24
tv_pool_20220130-M-Australian_Open-F-Rafael_Nadal-Daniil_Medvedev,tv_pool_20220130-M-Australian_Open-F-Rafael_Nadal-Daniil_Medvedev:0075,75,42,38,nadal,the spaniard,epithet,epithet_nationality,nationality,after_preposition,pobj,SHOT,3,,35.36,14.8,33.4,True,SHOT,33.4
tv_pool_20220130-M-Australian_Open-F-Rafael_Nadal-Daniil_Medvedev,tv_pool_20220130-M-Australian_Open-F-Rafael_Nadal-Daniil_Medvedev:0075,75,86,77,nadal,rafa,hypocoristic,,,after_preposition,pobj,OTHER,2,,35.36,14.8,33.4,True,OTHER,33.4
tv_pool_20220130-M-Australian_Open-F-Rafael_Nadal-Daniil_Medvedev,tv_pool_20220130-M-Australian_Open-F-Rafael_Nadal-Daniil_Medvedev:0075,75,95,85,nadal,rafa,hypocoristic,,,after_preposition,pobj,OTHER,2,,35.36,14.8,33.4,True,OTHER,33.4
tv_pool_20220130-M-Australian_Open-F-Rafael_Nadal-Daniil_Medvedev,tv_pool_20220130-M-Australian_Open-F-Rafael_Nadal-Daniil_Medvedev:0077,77,11,10,nadal,nadal,surname,,,after_preposition,pobj,SHOT,2,,141.32,28.76,139.36,True,SHOT,139.36
tv_pool_20220130-M-Australian_Open-F-Rafael_Nadal-Daniil_Medvedev,tv_pool_20220130-M-Australian_Open-F-Rafael_Nadal-Daniil_Medvedev:0080,80,29,27,medvedev,medvedev,surname,,,object,dobj,OTHER,3,,21.24,7,19.24,True,OTHER,19.24
tv_pool_20220130-M-Australian_Open-F-Rafael_Nadal-Daniil_Medvedev,tv_pool_20220130-M-Australian_Open-F-Rafael_Nadal-Daniil_Medvedev:0083,83,55,43,nadal,nadal,surname,,,after_preposition,pobj,OTHER,2,,20.92,110.64,18.96,True,OTHER,18.96
tv_pool_20220130-M-Australian_Open-F-Rafael_Nadal-Daniil_Medvedev,tv_pool_20220130-M-Australian_Open-F-Rafael_Nadal-Daniil_Medvedev:0091,91,58,47,medvedev,medvedev,surname,,,subject,nsubj,JUDGE,3,,15.8,37.44,13.76,True,JUDGE,13.76
tv_pool_20220130-M-Australian_Open-F-Rafael_Nadal-Daniil_Medvedev,tv_pool_20220130-M-Australian_Open-F-Rafael_Nadal-Daniil_Medvedev:0092,92,1,1,nadal,rafa,hypocoristic,,,subject,nsubj,OTHER,2,,7.64,15.8,5.68,True,OTHER,5.68
tv_pool_20220130-M-Australian_Open-F-Rafael_Nadal-Daniil_Medvedev,tv_pool_20220130-M-Australian_Open-F-Rafael_Nadal-Daniil_Medvedev:0093,93,13,10,nadal,rafa,hypocoristic,,,object,dobj,OTHER,2,,16.52,7.64,14.6,True,OTHER,14.6
tv_pool_20220130-M-Australian_Open-F-Rafael_Nadal-Daniil_Medvedev,tv_pool_20220130-M-Australian_Open-F-Rafael_Nadal-Daniil_Medvedev:0093,93,52,46,medvedev,medvedev,surname,,,vocative_exclamation,ROOT,JUDGE,3,,16.52,7.64,14.6,True,JUDGE,14.6
tv_pool_20220130-M-Australian_Open-F-Rafael_Nadal-Daniil_Medvedev,tv_pool_20220130-M-Australian_Open-F-Rafael_Nadal-Daniil_Medvedev:0094,94,14,14,medvedev,medvedev,surname,,,subject,nsubj,JUDGE,3,,45.64,16.52,43.6,True,JUDGE,43.6
tv_pool_20220130-M-Australian_Open-F-Rafael_Nadal-Daniil_Medvedev,tv_pool_20220130-M-Australian_Open-F-Rafael_Nadal-Daniil_Medvedev:0094,94,27,27,nadal,rafa,hypocoristic,,,after_preposition,pobj,JUDGE,2,,45.64,16.52,43.6,True,JUDGE,43.6
tv_pool_20220130-M-Australian_Open-F-Rafael_Nadal-Daniil_Medvedev,tv_pool_20220130-M-Australian_Open-F-Rafael_Nadal-Daniil_Medvedev:0094,94,57,54,medvedev,medvedev,surname,,,other,compound,SHOT,3,,45.64,16.52,43.6,True,SHOT,43.6
tv_pool_20220130-M-Australian_Open-F-Rafael_Nadal-Daniil_Medvedev,tv_pool_20220130-M-Australian_Open-F-Rafael_Nadal-Daniil_Medvedev:0094,94,83,79,medvedev,medvedev,surname,,,subject,nsubj,OTHER,3,,45.64,16.52,43.6,True,OTHER,43.6
tv_pool_20220130-M-Australian_Open-F-Rafael_Nadal-Daniil_Medvedev,tv_pool_20220130-M-Australian_Open-F-Rafael_Nadal-Daniil_Medvedev:0095,95,20,18,medvedev,medvedev,surname,,,other,compound,SHOT,3,,90.8,45.64,90.6,True,SHOT,90.6
tv_pool_20220130-M-Australian_Open-F-Rafael_Nadal-Daniil_Medvedev,tv_pool_20220130-M-Australian_Open-F-Rafael_Nadal-Daniil_Medvedev:0095,95,109,99,medvedev,medvedev,surname,,,possessive,poss,SHOT,3,,90.8,45.64,90.6,True,SHOT,90.6
tv_pool_20220130-M-Australian_Open-F-Rafael_Nadal-Daniil_Medvedev,tv_pool_20220130-M-Australian_Open-F-Rafael_Nadal-Daniil_Medvedev:0096,96,47,42,medvedev,medvedev,surname,,,after_preposition,pobj,OTHER,3,,48.88,90.8,46.96,True,OTHER,46.96
tv_pool_20220130-M-Australian_Open-F-Rafael_Nadal-Daniil_Medvedev,tv_pool_20220130-M-Australian_Open-F-Rafael_Nadal-Daniil_Medvedev:0096,96,62,53,medvedev,medvedev,surname,,,vocative_exclamation,npadvmod,JUDGE,3,,48.88,90.8,46.96,True,JUDGE,46.96
tv_pool_20220130-M-Australian_Open-F-Rafael_Nadal-Daniil_Medvedev,tv_pool_20220130-M-Australian_Open-F-Rafael_Nadal-Daniil_Medvedev:0096,96,74,63,medvedev,medvedev,surname,,,subject,nsubj,SHOT,3,,48.88,90.8,46.96,True,SHOT,46.96
tv_pool_20220130-M-Australian_Open-F-Rafael_Nadal-Daniil_Medvedev,tv_pool_20220130-M-Australian_Open-F-Rafael_Nadal-Daniil_Medvedev:0098,98,59,49,nadal,rafa,hypocoristic,,,subject,nsubj,SHOT,2,,40.28,16.2,37.64,True,SHOT,37.64
tv_pool_20220130-M-Australian_Open-F-Rafael_Nadal-Daniil_Medvedev,tv_pool_20220130-M-Australian_Open-F-Rafael_Nadal-Daniil_Medvedev:0098,98,65,55,medvedev,medvedev,surname,,,other,compound,SHOT,3,,40.28,16.2,37.64,True,SHOT,37.64
tv_pool_20220130-M-Australian_Open-F-Rafael_Nadal-Daniil_Medvedev,tv_pool_20220130-M-Australian_Open-F-Rafael_Nadal-Daniil_Medvedev:0098,98,91,78,medvedev,medvedev,surname,,,after_preposition,pobj,JUDGE,3,,40.28,16.2,37.64,True,JUDGE,37.64
tv_pool_20220130-M-Australian_Open-F-Rafael_Nadal-Daniil_Medvedev,tv_pool_20220130-M-Australian_Open-F-Rafael_Nadal-Daniil_Medvedev:0098,98,111,94,nadal,rafa,hypocoristic,,,subject,nsubj,SHOT,2,,40.28,16.2,37.64,True,SHOT,37.64
tv_pool_20220130-M-Australian_Open-F-Rafael_Nadal-Daniil_Medvedev,tv_pool_20220130-M-Australian_Open-F-Rafael_Nadal-Daniil_Medvedev:0099,99,10,9,medvedev,medvedev,surname,,,after_preposition,pobj,OTHER,3,,123.28,40.28,121.36,True,OTHER,121.36
tv_pool_20220130-M-Australian_Open-F-Rafael_Nadal-Daniil_Medvedev,tv_pool_20220130-M-Australian_Open-F-Rafael_Nadal-Daniil_Medvedev:0099,99,21,19,nadal,nadal,surname,,,after_preposition,pobj,OTHER,2,,123.28,40.28,121.36,True,OTHER,121.36
tv_pool_20220130-M-Australian_Open-F-Rafael_Nadal-Daniil_Medvedev,tv_pool_20220130-M-Australian_Open-F-Rafael_Nadal-Daniil_Medvedev:0099,99,33,29,medvedev,the russian,epithet,epithet_nationality,nationality,after_preposition,appos,SHOT,3,,123.28,40.28,121.36,True,SHOT,121.36
tv_pool_20220130-M-Australian_Open-F-Rafael_Nadal-Daniil_Medvedev,tv_pool_20220130-M-Australian_Open-F-Rafael_Nadal-Daniil_Medvedev:0105,105,23,21,nadal,rafa,hypocoristic,,,subject,nsubj,OTHER,2,,25.04,19.12,23.08,True,OTHER,23.08
tv_pool_20220130-M-Australian_Open-F-Rafael_Nadal-Daniil_Medvedev,tv_pool_20220130-M-Australian_Open-F-Rafael_Nadal-Daniil_Medvedev:0110,110,46,40,nadal,rafa,hypocoristic,,,after_preposition,pobj,OTHER,2,,36.52,57.96,34.56,True,OTHER,34.56
tv_pool_20220130-M-Australian_Open-F-Rafael_Nadal-Daniil_Medvedev,tv_pool_20220130-M-Australian_Open-F-Rafael_Nadal-Daniil_Medvedev:0110,110,83,70,nadal,rafa,hypocoristic,,,after_preposition,pobj,OTHER,2,,36.52,57.96,34.56,True,OTHER,34.56
tv_pool_20220130-M-Australian_Open-F-Rafael_Nadal-Daniil_Medvedev,tv_pool_20220130-M-Australian_Open-F-Rafael_Nadal-Daniil_Medvedev:0111,111,32,30,medvedev,medvedev,surname,,,subject,nsubj,OTHER,3,,51.52,36.52,46.12,True,OTHER,46.12
tv_pool_20220130-M-Australian_Open-F-Rafael_Nadal-Daniil_Medvedev,tv_pool_20220130-M-Australian_Open-F-Rafael_Nadal-Daniil_Medvedev:0113,113,7,5,medvedev,medvedev,surname,,,after_preposition,pobj,SCORE,3,,35.84,18.36,33.88,True,SCORE,33.88
tv_pool_20220130-M-Australian_Open-F-Rafael_Nadal-Daniil_Medvedev,tv_pool_20220130-M-Australian_Open-F-Rafael_Nadal-Daniil_Medvedev:0113,113,16,14,nadal,nadal,surname,,,subject,nsubj,OTHER,2,,35.84,18.36,33.88,True,OTHER,33.88
tv_pool_20220130-M-Australian_Open-F-Rafael_Nadal-Daniil_Medvedev,tv_pool_20220130-M-Australian_Open-F-Rafael_Nadal-Daniil_Medvedev:0114,114,1,1,medvedev,the russian,epithet,epithet_nationality,nationality,other,ROOT,OTHER,3,,39.48,35.84,37.48,True,OTHER,37.48
tv_pool_20220130-M-Australian_Open-F-Rafael_Nadal-Daniil_Medvedev,tv_pool_20220130-M-Australian_Open-F-Rafael_Nadal-Daniil_Medvedev:0114,114,47,46,medvedev,daniil medvedev,full_name,,,subject,nsubj,SHOT,5,,39.48,35.84,37.48,True,SHOT,37.48
tv_pool_20220130-M-Australian_Open-F-Rafael_Nadal-Daniil_Medvedev,tv_pool_20220130-M-Australian_Open-F-Rafael_Nadal-Daniil_Medvedev:0115,115,6,6,nadal,rafa,hypocoristic,,,after_preposition,pobj,SHOT,2,,31.84,39.48,29.88,True,SHOT,29.88
tv_pool_20220130-M-Australian_Open-F-Rafael_Nadal-Daniil_Medvedev,tv_pool_20220130-M-Australian_Open-F-Rafael_Nadal-Daniil_Medvedev:0118,118,24,24,nadal,nadal,surname,,,subject,nsubj,OTHER,2,,111.56,60.56,109.6,True,OTHER,109.6
tv_pool_20220130-M-Australian_Open-F-Rafael_Nadal-Daniil_Medvedev,tv_pool_20220130-M-Australian_Open-F-Rafael_Nadal-Daniil_Medvedev:0124,124,10,10,medvedev,medvedev,surname,,,after_preposition,pobj,SCORE,3,,38.16,19.12,36.16,True,SCORE,36.16
tv_pool_20220130-M-Australian_Open-F-Rafael_Nadal-Daniil_Medvedev,tv_pool_20220130-M-Australian_Open-F-Rafael_Nadal-Daniil_Medvedev:0126,126,4,4,medvedev,the russian,epithet,epithet_nationality,nationality,after_preposition,pobj,SCORE,3,,127.04,34.84,125.04,True,SCORE,125.04
tv_pool_20220130-M-Australian_Open-F-Rafael_Nadal-Daniil_Medvedev,tv_pool_20220130-M-Australian_Open-F-Rafael_Nadal-Daniil_Medvedev:0126,126,12,11,nadal,nadal,surname,,,object,dobj,SCORE,2,,127.04,34.84,125.04,True,SCORE,125.04
tv_pool_20220130-M-Australian_Open-F-Rafael_Nadal-Daniil_Medvedev,tv_pool_20220130-M-Australian_Open-F-Rafael_Nadal-Daniil_Medvedev:0126,126,44,43,nadal,rafa,hypocoristic,,,after_preposition,pobj,SHOT,2,,127.04,34.84,125.04,True,SHOT,125.04
tv_pool_20220130-M-Australian_Open-F-Rafael_Nadal-Daniil_Medvedev,tv_pool_20220130-M-Australian_Open-F-Rafael_Nadal-Daniil_Medvedev:0130,130,12,12,medvedev,medvedev,surname,,,subject,nsubj,OTHER,3,,43.96,38.32,41.88,True,OTHER,41.88
tv_pool_20220130-M-Australian_Open-F-Rafael_Nadal-Daniil_Medvedev,tv_pool_20220130-M-Australian_Open-F-Rafael_Nadal-Daniil_Medvedev:0131,131,4,4,nadal,rafa,hypocoristic,,,after_preposition,pobj,JUDGE,2,,29.92,43.96,29,True,JUDGE,29
tv_pool_20220130-M-Australian_Open-F-Rafael_Nadal-Daniil_Medvedev,tv_pool_20220130-M-Australian_Open-F-Rafael_Nadal-Daniil_Medvedev:0133,133,8,8,medvedev,medvedev,surname,,,after_preposition,pobj,SHOT,3,,35.36,18.4,33.32,True,SHOT,33.32
tv_pool_20220130-M-Australian_Open-F-Rafael_Nadal-Daniil_Medvedev,tv_pool_20220130-M-Australian_Open-F-Rafael_Nadal-Daniil_Medvedev:0133,133,10,9,nadal,rafa,hypocoristic,,,subject,nsubj,SHOT,2,,35.36,18.4,33.32,True,SHOT,33.32
tv_pool_20220130-M-Australian_Open-F-Rafael_Nadal-Daniil_Medvedev,tv_pool_20220130-M-Australian_Open-F-Rafael_Nadal-Daniil_Medvedev:0143,143,27,27,medvedev,medvedev,surname,,,subject,nsubj,OTHER,3,,35.44,17.36,32.32,True,OTHER,32.32
tv_pool_20220130-M-Australian_Open-F-Rafael_Nadal-Daniil_Medvedev,tv_pool_20220130-M-Australian_Open-F-Rafael_Nadal-Daniil_Medvedev:0145,145,86,81,nadal,rafa,hypocoristic,,,subject,nsubj,OTHER,2,,126.6,37.68,124.56,True,OTHER,124.56
tv_pool_20220130-M-Australian_Open-F-Rafael_Nadal-Daniil_Medvedev,tv_pool_20220130-M-Australian_Open-F-Rafael_Nadal-Daniil_Medvedev:0145,145,146,141,nadal,rafa,hypocoristic,,,after_preposition,pobj,CROWD,2,,126.6,37.68,124.56,True,CROWD,124.56
tv_pool_20220130-M-Australian_Open-F-Rafael_Nadal-Daniil_Medvedev,tv_pool_20220130-M-Australian_Open-F-Rafael_Nadal-Daniil_Medvedev:0145,145,224,215,nadal,nadal,surname,,,subject,nsubj,OTHER,2,,126.6,37.68,124.56,True,OTHER,124.56
tv_pool_20220130-M-Australian_Open-F-Rafael_Nadal-Daniil_Medvedev,tv_pool_20220130-M-Australian_Open-F-Rafael_Nadal-Daniil_Medvedev:0145,145,267,253,medvedev,medvedev,surname,,,subject,nsubj,STAT,3,,126.6,37.68,124.56,True,STAT,124.56
tv_pool_20220130-M-Australian_Open-F-Rafael_Nadal-Daniil_Medvedev,tv_pool_20220130-M-Australian_Open-F-Rafael_Nadal-Daniil_Medvedev:0151,151,18,16,nadal,rafa,hypocoristic,,,subject,nsubj,OTHER,2,,22.76,8.24,16.44,True,OTHER,16.44
tv_pool_20220130-M-Australian_Open-F-Rafael_Nadal-Daniil_Medvedev,tv_pool_20220130-M-Australian_Open-F-Rafael_Nadal-Daniil_Medvedev:0151,151,26,23,nadal,rafa,hypocoristic,,,subject,nsubj,OTHER,2,,22.76,8.24,16.44,True,OTHER,16.44
tv_pool_20220130-M-Australian_Open-F-Rafael_Nadal-Daniil_Medvedev,tv_pool_20220130-M-Australian_Open-F-Rafael_Nadal-Daniil_Medvedev:0151,151,50,44,medvedev,medvedev,surname,,,subject,nsubj,OTHER,3,,22.76,8.24,16.44,True,OTHER,16.44
tv_pool_20220130-M-Australian_Open-F-Rafael_Nadal-Daniil_Medvedev,tv_pool_20220130-M-Australian_Open-F-Rafael_Nadal-Daniil_Medvedev:0160,160,19,19,nadal,rafa,hypocoristic,,,possessive,poss,OTHER,2,,35.6,8.32,32.96,True,OTHER,32.96
tv_pool_20220130-M-Australian_Open-F-Rafael_Nadal-Daniil_Medvedev,tv_pool_20220130-M-Australian_Open-F-Rafael_Nadal-Daniil_Medvedev:0162,162,28,24,nadal,rafa,hypocoristic,,,subject,nsubj,OTHER,2,,21.88,18.44,18.52,True,OTHER,18.52
tv_pool_20220130-M-Australian_Open-F-Rafael_Nadal-Daniil_Medvedev,tv_pool_20220130-M-Australian_Open-F-Rafael_Nadal-Daniil_Medvedev:0162,162,34,29,medvedev,medvedev,surname,,,subject,nsubj,OTHER,3,,21.88,18.44,18.52,True,OTHER,18.52
tv_pool_20220130-M-Australian_Open-F-Rafael_Nadal-Daniil_Medvedev,tv_pool_20220130-M-Australian_Open-F-Rafael_Nadal-Daniil_Medvedev:0163,163,1,1,medvedev,medvedev,surname,,,vocative_exclamation,ROOT,SCORE,3,advantage_name,25.16,21.88,23.16,True,SCORE,23.16
tv_pool_20220130-M-Australian_Open-F-Rafael_Nadal-Daniil_Medvedev,tv_pool_20220130-M-Australian_Open-F-Rafael_Nadal-Daniil_Medvedev:0163,163,11,8,nadal,rafa,hypocoristic,,,subject,nsubj,OTHER,2,,25.16,21.88,23.16,True,OTHER,23.16
tv_pool_20220130-M-Australian_Open-F-Rafael_Nadal-Daniil_Medvedev,tv_pool_20220130-M-Australian_Open-F-Rafael_Nadal-Daniil_Medvedev:0163,163,18,15,medvedev,medvedev,surname,,,after_preposition,pobj,OTHER,3,,25.16,21.88,23.16,True,OTHER,23.16
tv_pool_20220130-M-Australian_Open-F-Rafael_Nadal-Daniil_Medvedev,tv_pool_20220130-M-Australian_Open-F-Rafael_Nadal-Daniil_Medvedev:0165,165,39,32,nadal,rafa,hypocoristic,,,subject,nsubj,JUDGE,2,,13.52,376.84,5.92,True,JUDGE,5.92
tv_pool_20220130-M-Australian_Open-F-Rafael_Nadal-Daniil_Medvedev,tv_pool_20220130-M-Australian_Open-F-Rafael_Nadal-Daniil_Medvedev:0165,165,66,55,medvedev,medvedev,surname,,,subject,nsubj,OTHER,3,,13.52,376.84,5.92,True,OTHER,5.92
tv_pool_20220130-M-Australian_Open-F-Rafael_Nadal-Daniil_Medvedev,tv_pool_20220130-M-Australian_Open-F-Rafael_Nadal-Daniil_Medvedev:0172,172,10,9,nadal,rafa,hypocoristic,,,possessive,poss,OTHER,2,,37,30.04,35.08,True,OTHER,35.08
tv_pool_20220130-M-Australian_Open-F-Rafael_Nadal-Daniil_Medvedev,tv_pool_20220130-M-Australian_Open-F-Rafael_Nadal-Daniil_Medvedev:0176,176,14,10,medvedev,the russian,epithet,epithet_nationality,nationality,subject,nsubj,OTHER,3,,18.48,77.28,15.52,True,OTHER,15.52
tv_pool_20220130-M-Australian_Open-F-Rafael_Nadal-Daniil_Medvedev,tv_pool_20220130-M-Australian_Open-F-Rafael_Nadal-Daniil_Medvedev:0179,179,4,3,nadal,rafa,hypocoristic,,,vocative_exclamation,npadvmod,JUDGE,2,,38.52,27.88,36.56,True,JUDGE,36.56
tv_pool_20220130-M-Australian_Open-F-Rafael_Nadal-Daniil_Medvedev,tv_pool_20220130-M-Australian_Open-F-Rafael_Nadal-Daniil_Medvedev:0179,179,13,10,medvedev,medvedev,surname,,,after_preposition,pobj,SHOT,3,,38.52,27.88,36.56,True,SHOT,36.56
tv_pool_20220130-M-Australian_Open-F-Rafael_Nadal-Daniil_Medvedev,tv_pool_20220130-M-Australian_Open-F-Rafael_Nadal-Daniil_Medvedev:0180,180,25,22,medvedev,medvedev,surname,,,after_preposition,pobj,SHOT,3,,17.8,38.52,15.92,True,SHOT,15.92
tv_pool_20220130-M-Australian_Open-F-Rafael_Nadal-Daniil_Medvedev,tv_pool_20220130-M-Australian_Open-F-Rafael_Nadal-Daniil_Medvedev:0181,181,47,45,medvedev,medvedev,surname,,,object,attr,SHOT,3,,26.88,17.8,25,True,SHOT,25
tv_pool_20220130-M-Australian_Open-F-Rafael_Nadal-Daniil_Medvedev,tv_pool_20220130-M-Australian_Open-F-Rafael_Nadal-Daniil_Medvedev:0182,182,10,10,nadal,rafa,hypocoristic,,,subject,nsubj,OTHER,2,,27.64,26.88,25.84,True,OTHER,25.84
tv_pool_20220130-M-Australian_Open-F-Rafael_Nadal-Daniil_Medvedev,tv_pool_20220130-M-Australian_Open-F-Rafael_Nadal-Daniil_Medvedev:0186,186,9,9,nadal,nadal,surname,,,subject,nsubj,OTHER,2,,20.88,7.8,18.92,True,OTHER,18.92
tv_pool_20220130-M-Australian_Open-F-Rafael_Nadal-Daniil_Medvedev,tv_pool_20220130-M-Australian_Open-F-Rafael_Nadal-Daniil_Medvedev:0186,186,19,17,medvedev,medvedev,surname,,,possessive,ROOT,OTHER,3,,20.88,7.8,18.92,True,OTHER,18.92
tv_pool_20220130-M-Australian_Open-F-Rafael_Nadal-Daniil_Medvedev,tv_pool_20220130-M-Australian_Open-F-Rafael_Nadal-Daniil_Medvedev:0186,186,45,40,nadal,nadal,surname,,,other,amod,SHOT,2,,20.88,7.8,18.92,True,SHOT,18.92
tv_pool_20220130-M-Australian_Open-F-Rafael_Nadal-Daniil_Medvedev,tv_pool_20220130-M-Australian_Open-F-Rafael_Nadal-Daniil_Medvedev:0187,187,93,85,medvedev,medvedev,surname,,,object,attr,OTHER,3,,15.92,20.88,13.96,True,OTHER,13.96
tv_pool_20220130-M-Australian_Open-F-Rafael_Nadal-Daniil_Medvedev,tv_pool_20220130-M-Australian_Open-F-Rafael_Nadal-Daniil_Medvedev:0192,192,7,7,medvedev,medvedev,surname,,,subject,nsubj,OTHER,3,,32.08,31.68,30.2,True,OTHER,30.2
tv_pool_20220130-M-Australian_Open-F-Rafael_Nadal-Daniil_Medvedev,tv_pool_20220130-M-Australian_Open-F-Rafael_Nadal-Daniil_Medvedev:0196,196,13,13,medvedev,medvedev,surname,,,after_preposition,pobj,JUDGE,3,,36.76,31.96,34.88,True,JUDGE,34.88
tv_pool_20220130-M-Australian_Open-F-Rafael_Nadal-Daniil_Medvedev,tv_pool_20220130-M-Australian_Open-F-Rafael_Nadal-Daniil_Medvedev:0200,200,22,20,nadal,rafa nadal,full_name,,,after_preposition,pobj,STAT,4,,8.48,63.36,6.6,True,STAT,6.6
tv_pool_20220130-M-Australian_Open-F-Rafael_Nadal-Daniil_Medvedev,tv_pool_20220130-M-Australian_Open-F-Rafael_Nadal-Daniil_Medvedev:0200,200,93,85,medvedev,medvedev,surname,,,after_preposition,pobj,OTHER,3,,8.48,63.36,6.6,True,OTHER,6.6
tv_pool_20220130-M-Australian_Open-F-Rafael_Nadal-Daniil_Medvedev,tv_pool_20220130-M-Australian_Open-F-Rafael_Nadal-Daniil_Medvedev:0201,201,28,24,medvedev,medvedev,surname,,,after_preposition,pobj,OTHER,3,,36.88,8.48,34.92,True,OTHER,34.92
tv_pool_20220130-M-Australian_Open-F-Rafael_Nadal-Daniil_Medvedev,tv_pool_20220130-M-Australian_Open-F-Rafael_Nadal-Daniil_Medvedev:0215,215,15,12,nadal,rafa,hypocoristic,,,subject,nsubj,SHOT,2,,25.8,29,23.56,True,SHOT,23.56
tv_pool_20220130-M-Australian_Open-F-Rafael_Nadal-Daniil_Medvedev,tv_pool_20220130-M-Australian_Open-F-Rafael_Nadal-Daniil_Medvedev:0215,215,29,25,medvedev,medvedev,surname,,,subject,nsubj,SHOT,3,,25.8,29,23.56,True,SHOT,23.56
tv_pool_20220130-M-Australian_Open-F-Rafael_Nadal-Daniil_Medvedev,tv_pool_20220130-M-Australian_Open-F-Rafael_Nadal-Daniil_Medvedev:0217,217,15,14,nadal,rafa,hypocoristic,,,subject,nsubj,SHOT,2,,86,34.32,84.04,True,SHOT,84.04
tv_pool_20220130-M-Australian_Open-F-Rafael_Nadal-Daniil_Medvedev,tv_pool_20220130-M-Australian_Open-F-Rafael_Nadal-Daniil_Medvedev:0217,217,27,24,medvedev,medvedev,surname,,,subject,nsubj,OTHER,3,,86,34.32,84.04,True,OTHER,84.04
tv_pool_20220130-M-Australian_Open-F-Rafael_Nadal-Daniil_Medvedev,tv_pool_20220130-M-Australian_Open-F-Rafael_Nadal-Daniil_Medvedev:0218,218,3,3,nadal,the spaniard,epithet,epithet_nationality,nationality,after_preposition,pobj,SHOT,3,,146.8,86,144.88,True,SHOT,144.88
tv_pool_20220130-M-Australian_Open-F-Rafael_Nadal-Daniil_Medvedev,tv_pool_20220130-M-Australian_Open-F-Rafael_Nadal-Daniil_Medvedev:0218,218,75,75,medvedev,medvedev,surname,,,subject,nsubj,JUDGE,3,,146.8,86,144.88,True,JUDGE,144.88
tv_pool_20220130-M-Australian_Open-F-Rafael_Nadal-Daniil_Medvedev,tv_pool_20220130-M-Australian_Open-F-Rafael_Nadal-Daniil_Medvedev:0218,218,155,153,medvedev,medvedev,surname,,,object,dobj,SHOT,3,,146.8,86,144.88,True,SHOT,144.88
tv_pool_20220130-M-Australian_Open-F-Rafael_Nadal-Daniil_Medvedev,tv_pool_20220130-M-Australian_Open-F-Rafael_Nadal-Daniil_Medvedev:0218,218,176,173,medvedev,the russian,epithet,epithet_nationality,nationality,after_preposition,pobj,OTHER,3,,146.8,86,144.88,True,OTHER,144.88
tv_pool_20220130-M-Australian_Open-F-Rafael_Nadal-Daniil_Medvedev,tv_pool_20220130-M-Australian_Open-F-Rafael_Nadal-Daniil_Medvedev:0218,218,208,204,medvedev,the russian,epithet,epithet_nationality,nationality,after_preposition,pobj,SHOT,3,,146.8,86,144.88,True,SHOT,144.88
tv_pool_20220130-M-Australian_Open-F-Rafael_Nadal-Daniil_Medvedev,tv_pool_20220130-M-Australian_Open-F-Rafael_Nadal-Daniil_Medvedev:0218,218,223,217,medvedev,medvedev,surname,,,after_preposition,pobj,OTHER,3,,146.8,86,144.88,True,OTHER,144.88
tv_pool_20220130-M-Australian_Open-F-Rafael_Nadal-Daniil_Medvedev,tv_pool_20220130-M-Australian_Open-F-Rafael_Nadal-Daniil_Medvedev:0219,219,9,7,nadal,rafa,hypocoristic,,,subject,nsubj,OTHER,2,,33.68,146.8,31.76,True,OTHER,31.76
tv_pool_20220130-M-Australian_Open-F-Rafael_Nadal-Daniil_Medvedev,tv_pool_20220130-M-Australian_Open-F-Rafael_Nadal-Daniil_Medvedev:0222,222,2,2,nadal,rafa,hypocoristic,,,after_preposition,pobj,SCORE,2,,56.12,53.44,54.2,True,SCORE,54.2
tv_pool_20220130-M-Australian_Open-F-Rafael_Nadal-Daniil_Medvedev,tv_pool_20220130-M-Australian_Open-F-Rafael_Nadal-Daniil_Medvedev:0222,222,4,3,medvedev,medvedev,surname,,,subject,nsubj,SCORE,3,,56.12,53.44,54.2,True,SCORE,54.2
tv_pool_20220130-M-Australian_Open-F-Rafael_Nadal-Daniil_Medvedev,tv_pool_20220130-M-Australian_Open-F-Rafael_Nadal-Daniil_Medvedev:0224,224,28,25,nadal,rafa,hypocoristic,,,other,compound,CROWD,2,,17.16,20.28,13.04,True,CROWD,13.04
tv_pool_20220130-M-Australian_Open-F-Rafael_Nadal-Daniil_Medvedev,tv_pool_20220130-M-Australian_Open-F-Rafael_Nadal-Daniil_Medvedev:0225,225,46,42,medvedev,medvedev,surname,,,subject,nsubj,OTHER,3,,18.6,17.16,16.6,True,OTHER,16.6
tv_pool_20220130-M-Australian_Open-F-Rafael_Nadal-Daniil_Medvedev,tv_pool_20220130-M-Australian_Open-F-Rafael_Nadal-Daniil_Medvedev:0228,228,4,2,medvedev,medvedev,surname,,,vocative_exclamation,ROOT,OTHER,3,,82.76,21.8,78.52,True,OTHER,78.52
tv_pool_20220130-M-Australian_Open-F-Rafael_Nadal-Daniil_Medvedev,tv_pool_20220130-M-Australian_Open-F-Rafael_Nadal-Daniil_Medvedev:0228,228,22,16,medvedev,medvedev,surname,,,after_preposition,pobj,JUDGE,3,,82.76,21.8,78.52,True,JUDGE,78.52
tv_pool_20220130-M-Australian_Open-F-Rafael_Nadal-Daniil_Medvedev,tv_pool_20220130-M-Australian_Open-F-Rafael_Nadal-Daniil_Medvedev:0230,230,104,92,nadal,rafa,hypocoristic,,,subject,nsubj,JUDGE,2,,35.64,14.28,33.68,True,JUDGE,33.68
tv_pool_20220130-M-Australian_Open-F-Rafael_Nadal-Daniil_Medvedev,tv_pool_20220130-M-Australian_Open-F-Rafael_Nadal-Daniil_Medvedev:0231,231,27,23,medvedev,medvedev,surname,,,subject,nsubj,SCORE,3,,54.64,35.64,52.68,True,SCORE,52.68
tv_pool_20220130-M-Australian_Open-F-Rafael_Nadal-Daniil_Medvedev,tv_pool_20220130-M-Australian_Open-F-Rafael_Nadal-Daniil_Medvedev:0231,231,40,36,nadal,rafa,hypocoristic,,,after_preposition,pobj,STAT,2,,54.64,35.64,52.68,True,STAT,52.68
tv_pool_20220130-M-Australian_Open-F-Rafael_Nadal-Daniil_Medvedev,tv_pool_20220130-M-Australian_Open-F-Rafael_Nadal-Daniil_Medvedev:0231,231,68,61,nadal,rafa,hypocoristic,,,subject,nsubj,OTHER,2,,54.64,35.64,52.68,True,OTHER,52.68
tv_pool_20220130-M-Australian_Open-F-Rafael_Nadal-Daniil_Medvedev,tv_pool_20220130-M-Australian_Open-F-Rafael_Nadal-Daniil_Medvedev:0231,231,114,102,medvedev,medvedev,surname,,,after_preposition,pobj,OTHER,3,,54.64,35.64,52.68,True,OTHER,52.68
tv_pool_20220130-M-Australian_Open-F-Rafael_Nadal-Daniil_Medvedev,tv_pool_20220130-M-Australian_Open-F-Rafael_Nadal-Daniil_Medvedev:0234,234,102,87,nadal,nadal,surname,,,subject,nsubj,JUDGE,2,,40.28,46.48,38.24,True,JUDGE,38.24
tv_pool_20220130-M-Australian_Open-F-Rafael_Nadal-Daniil_Medvedev,tv_pool_20220130-M-Australian_Open-F-Rafael_Nadal-Daniil_Medvedev:0235,235,10,10,medvedev,medvedev,surname,,,subject,nsubj,OTHER,3,,34.48,40.28,32.52,True,OTHER,32.52
tv_pool_20220130-M-Australian_Open-F-Rafael_Nadal-Daniil_Medvedev,tv_pool_20220130-M-Australian_Open-F-Rafael_Nadal-Daniil_Medvedev:0235,235,27,26,nadal,nadal,surname,,,after_preposition,pobj,SHOT,2,,34.48,40.28,32.52,True,SHOT,32.52
tv_pool_20220130-M-Australian_Open-F-Rafael_Nadal-Daniil_Medvedev,tv_pool_20220130-M-Australian_Open-F-Rafael_Nadal-Daniil_Medvedev:0236,236,28,21,medvedev,medvedev,surname,,,possessive,poss,JUDGE,3,,48.04,34.48,46.04,True,JUDGE,46.04
tv_pool_20220130-M-Australian_Open-F-Rafael_Nadal-Daniil_Medvedev,tv_pool_20220130-M-Australian_Open-F-Rafael_Nadal-Daniil_Medvedev:0237,237,52,51,nadal,rafa,hypocoristic,,,other,compound,STAT,2,,49.2,48.04,47.24,True,STAT,47.24
tv_pool_20220130-M-Australian_Open-F-Rafael_Nadal-Daniil_Medvedev,tv_pool_20220130-M-Australian_Open-F-Rafael_Nadal-Daniil_Medvedev:0244,244,35,30,medvedev,daniil,first_name,,,subject,nsubj,OTHER,2,,21.36,8.16,19.68,True,OTHER,19.68
tv_pool_20220130-M-Australian_Open-F-Rafael_Nadal-Daniil_Medvedev,tv_pool_20220130-M-Australian_Open-F-Rafael_Nadal-Daniil_Medvedev:0248,248,7,6,medvedev,medvedev,surname,,,after_preposition,pobj,OTHER,3,,72.4,15.12,69.2,True,OTHER,69.2
tv_pool_20220130-M-Australian_Open-F-Rafael_Nadal-Daniil_Medvedev,tv_pool_20220130-M-Australian_Open-F-Rafael_Nadal-Daniil_Medvedev:0248,248,24,22,nadal,rafa,hypocoristic,,,object,dobj,SHOT,2,,72.4,15.12,69.2,True,SHOT,69.2
tv_pool_20220130-M-Australian_Open-F-Rafael_Nadal-Daniil_Medvedev,tv_pool_20220130-M-Australian_Open-F-Rafael_Nadal-Daniil_Medvedev:0248,248,81,70,nadal,rafa,hypocoristic,,,after_preposition,pobj,JUDGE,2,,72.4,15.12,69.2,True,JUDGE,69.2
tv_pool_20220130-M-Australian_Open-F-Rafael_Nadal-Daniil_Medvedev,tv_pool_20220130-M-Australian_Open-F-Rafael_Nadal-Daniil_Medvedev:0250,250,11,9,medvedev,medvedev,surname,,,subject,nsubj,JUDGE,3,,32.92,15.64,30.88,True,JUDGE,30.88
tv_pool_20220130-M-Australian_Open-F-Rafael_Nadal-Daniil_Medvedev,tv_pool_20220130-M-Australian_Open-F-Rafael_Nadal-Daniil_Medvedev:0250,250,52,43,medvedev,medvedev,surname,,,subject,nsubj,JUDGE,3,,32.92,15.64,30.88,True,JUDGE,30.88
tv_pool_20220130-M-Australian_Open-F-Rafael_Nadal-Daniil_Medvedev,tv_pool_20220130-M-Australian_Open-F-Rafael_Nadal-Daniil_Medvedev:0250,250,86,72,nadal,rafa,hypocoristic,,,subject,nsubj,JUDGE,2,,32.92,15.64,30.88,True,JUDGE,30.88
tv_pool_20220130-M-Australian_Open-F-Rafael_Nadal-Daniil_Medvedev,tv_pool_20220130-M-Australian_Open-F-Rafael_Nadal-Daniil_Medvedev:0251,251,5,4,medvedev,daniil medvedev,full_name,,,object,dobj,JUDGE,5,,47.36,32.92,46.12,True,JUDGE,46.12
tv_pool_20220130-M-Australian_Open-F-Rafael_Nadal-Daniil_Medvedev,tv_pool_20220130-M-Australian_Open-F-Rafael_Nadal-Daniil_Medvedev:0251,251,22,19,nadal,rafa,hypocoristic,,,subject,nsubj,SHOT,2,,47.36,32.92,46.12,True,SHOT,46.12
tv_pool_20220130-M-Australian_Open-F-Rafael_Nadal-Daniil_Medvedev,tv_pool_20220130-M-Australian_Open-F-Rafael_Nadal-Daniil_Medvedev:0251,251,41,35,nadal,rafa,hypocoristic,,,vocative_exclamation,ROOT,OTHER,2,,47.36,32.92,46.12,True,OTHER,46.12
tv_pool_20220130-M-Australian_Open-F-Rafael_Nadal-Daniil_Medvedev,tv_pool_20220130-M-Australian_Open-F-Rafael_Nadal-Daniil_Medvedev:0253,253,7,7,medvedev,medvedev,surname,,,after_preposition,pobj,OTHER,3,,33.04,18.28,31.08,True,OTHER,31.08
tv_pool_20220130-M-Australian_Open-F-Rafael_Nadal-Daniil_Medvedev,tv_pool_20220130-M-Australian_Open-F-Rafael_Nadal-Daniil_Medvedev:0254,254,20,18,medvedev,medvedev,surname,,,after_preposition,pobj,JUDGE,3,,15.96,33.04,13.32,True,JUDGE,13.32
tv_pool_20220130-M-Australian_Open-F-Rafael_Nadal-Daniil_Medvedev,tv_pool_20220130-M-Australian_Open-F-Rafael_Nadal-Daniil_Medvedev:0260,260,58,47,nadal,rafa,hypocoristic,,,subject,nsubj,SHOT,2,,45.64,24.36,44.84,True,SHOT,44.84
tv_pool_20220130-M-Australian_Open-F-Rafael_Nadal-Daniil_Medvedev,tv_pool_20220130-M-Australian_Open-F-Rafael_Nadal-Daniil_Medvedev:0261,261,5,5,nadal,rafa,hypocoristic,,,possessive,poss,JUDGE,2,,39,45.64,37,True,JUDGE,37
tv_pool_20220130-M-Australian_Open-F-Rafael_Nadal-Daniil_Medvedev,tv_pool_20220130-M-Australian_Open-F-Rafael_Nadal-Daniil_Medvedev:0262,262,18,17,nadal,nadal,surname,,,subject,nsubj,JUDGE,2,,29.6,39,26.84,True,JUDGE,26.84
tv_pool_20220130-M-Australian_Open-F-Rafael_Nadal-Daniil_Medvedev,tv_pool_20220130-M-Australian_Open-F-Rafael_Nadal-Daniil_Medvedev:0264,264,30,26,nadal,nadal,surname,,,subject,nsubj,OTHER,2,,27.12,34,25.16,True,OTHER,25.16
tv_pool_20220130-M-Australian_Open-F-Rafael_Nadal-Daniil_Medvedev,tv_pool_20220130-M-Australian_Open-F-Rafael_Nadal-Daniil_Medvedev:0265,265,2,2,medvedev,medvedev,surname,,,after_preposition,pobj,OTHER,3,,36.56,27.12,34.6,True,OTHER,34.6
tv_pool_20220130-M-Australian_Open-F-Rafael_Nadal-Daniil_Medvedev,tv_pool_20220130-M-Australian_Open-F-Rafael_Nadal-Daniil_Medvedev:0265,265,4,3,nadal,nadal,surname,,,subject,nsubj,OTHER,2,,36.56,27.12,34.6,True,OTHER,34.6
tv_pool_20220130-M-Australian_Open-F-Rafael_Nadal-Daniil_Medvedev,tv_pool_20220130-M-Australian_Open-F-Rafael_Nadal-Daniil_Medvedev:0268,268,19,16,nadal,the spaniard,epithet,epithet_nationality,nationality,after_preposition,appos,OTHER,3,,16.36,136.68,14.4,True,OTHER,14.4
tv_pool_20220130-M-Australian_Open-F-Rafael_Nadal-Daniil_Medvedev,tv_pool_20220130-M-Australian_Open-F-Rafael_Nadal-Daniil_Medvedev:0272,272,0,0,nadal,rafa,hypocoristic,,,subject,nsubj,OTHER,2,,35.64,32.88,33.72,True,OTHER,33.72
tv_pool_20220130-M-Australian_Open-F-Rafael_Nadal-Daniil_Medvedev,tv_pool_20220130-M-Australian_Open-F-Rafael_Nadal-Daniil_Medvedev:0272,272,10,9,medvedev,daniil,first_name,,,subject,nsubj,JUDGE,2,,35.64,32.88,33.72,True,JUDGE,33.72
tv_pool_20220130-M-Australian_Open-F-Rafael_Nadal-Daniil_Medvedev,tv_pool_20220130-M-Australian_Open-F-Rafael_Nadal-Daniil_Medvedev:0272,272,55,52,medvedev,medvedev,surname,,,after_preposition,pobj,JUDGE,3,,35.64,32.88,33.72,True,JUDGE,33.72
tv_pool_20220130-M-Australian_Open-F-Rafael_Nadal-Daniil_Medvedev,tv_pool_20220130-M-Australian_Open-F-Rafael_Nadal-Daniil_Medvedev:0276,276,26,21,nadal,rafa,hypocoristic,,,after_preposition,pobj,OTHER,2,,25.2,58.52,22.08,True,OTHER,22.08
tv_pool_20220130-M-Australian_Open-F-Rafael_Nadal-Daniil_Medvedev,tv_pool_20220130-M-Australian_Open-F-Rafael_Nadal-Daniil_Medvedev:0277,277,39,33,medvedev,mr medvedev,title_surname,,,after_preposition,pobj,OFFICIAL,5,title_surname,20.8,25.2,18.8,True,OFFICIAL,18.8
tv_pool_20220130-M-Australian_Open-F-Rafael_Nadal-Daniil_Medvedev,tv_pool_20220130-M-Australian_Open-F-Rafael_Nadal-Daniil_Medvedev:0279,279,5,4,nadal,nadal,surname,,,subject,nsubj,SHOT,2,,140.8,7.4,138.72,True,SHOT,138.72
tv_pool_20220130-M-Australian_Open-F-Rafael_Nadal-Daniil_Medvedev,tv_pool_20220130-M-Australian_Open-F-Rafael_Nadal-Daniil_Medvedev:0280,280,48,40,nadal,rafa,hypocoristic,,,subject,nsubj,OTHER,2,,27.76,140.8,24.6,True,OTHER,24.6
tv_pool_20220130-M-Australian_Open-F-Rafael_Nadal-Daniil_Medvedev,tv_pool_20220130-M-Australian_Open-F-Rafael_Nadal-Daniil_Medvedev:0280,280,53,44,medvedev,medvedev,surname,,,other,conj,OTHER,3,,27.76,140.8,24.6,True,OTHER,24.6
tv_pool_20220130-M-Australian_Open-F-Rafael_Nadal-Daniil_Medvedev,tv_pool_20220130-M-Australian_Open-F-Rafael_Nadal-Daniil_Medvedev:0280,280,103,88,nadal,rafa,hypocoristic,,,after_preposition,pobj,OTHER,2,,27.76,140.8,24.6,True,OTHER,24.6
tv_pool_20220130-M-Australian_Open-F-Rafael_Nadal-Daniil_Medvedev,tv_pool_20220130-M-Australian_Open-F-Rafael_Nadal-Daniil_Medvedev:0280,280,195,170,nadal,rafa,hypocoristic,,,object,dobj,OTHER,2,,27.76,140.8,24.6,True,OTHER,24.6
tv_pool_20220130-M-Australian_Open-F-Rafael_Nadal-Daniil_Medvedev,tv_pool_20220130-M-Australian_Open-F-Rafael_Nadal-Daniil_Medvedev:0280,280,214,186,nadal,rafa,hypocoristic,,,subject,nsubj,OTHER,2,,27.76,140.8,24.6,True,OTHER,24.6
tv_pool_20220130-M-Australian_Open-F-Rafael_Nadal-Daniil_Medvedev,tv_pool_20220130-M-Australian_Open-F-Rafael_Nadal-Daniil_Medvedev:0282,282,67,56,nadal,rafa,hypocoristic,,,subject,nsubj,JUDGE,2,,38.08,25.88,36.12,True,JUDGE,36.12
tv_pool_20220130-M-Australian_Open-F-Rafael_Nadal-Daniil_Medvedev,tv_pool_20220130-M-Australian_Open-F-Rafael_Nadal-Daniil_Medvedev:0285,285,10,9,medvedev,medvedev,surname,,,vocative_exclamation,ROOT,SHOT,3,,35.28,14.44,33.32,True,SHOT,33.32
tv_pool_20220130-M-Australian_Open-F-Rafael_Nadal-Daniil_Medvedev,tv_pool_20220130-M-Australian_Open-F-Rafael_Nadal-Daniil_Medvedev:0285,285,18,16,nadal,nadal,surname,,,after_preposition,pobj,SHOT,2,,35.28,14.44,33.32,True,SHOT,33.32
tv_pool_20220130-M-Australian_Open-F-Rafael_Nadal-Daniil_Medvedev,tv_pool_20220130-M-Australian_Open-F-Rafael_Nadal-Daniil_Medvedev:0287,287,7,7,nadal,rafa,hypocoristic,,,subject,nsubj,JUDGE,2,,75.24,30.88,73.28,True,JUDGE,73.28
tv_pool_20220130-M-Australian_Open-F-Rafael_Nadal-Daniil_Medvedev,tv_pool_20220130-M-Australian_Open-F-Rafael_Nadal-Daniil_Medvedev:0288,288,9,7,medvedev,medvedev,surname,,,after_preposition,pobj,SHOT,3,,17.6,75.24,15.6,True,SHOT,15.6
tv_pool_20220130-M-Australian_Open-F-Rafael_Nadal-Daniil_Medvedev,tv_pool_20220130-M-Australian_Open-F-Rafael_Nadal-Daniil_Medvedev:0292,292,40,33,medvedev,medvedev,surname,,,subject,nsubj,JUDGE,3,,25.84,23.16,23.84,True,JUDGE,23.84
tv_pool_20220130-M-Australian_Open-F-Rafael_Nadal-Daniil_Medvedev,tv_pool_20220130-M-Australian_Open-F-Rafael_Nadal-Daniil_Medvedev:0293,293,24,21,nadal,rafa,hypocoristic,,,object,dobj,OTHER,2,,20.6,25.84,18.68,True,OTHER,18.68
tv_pool_20220130-M-Australian_Open-F-Rafael_Nadal-Daniil_Medvedev,tv_pool_20220130-M-Australian_Open-F-Rafael_Nadal-Daniil_Medvedev:0293,293,28,24,nadal,rafa,hypocoristic,,,object,dobj,OTHER,2,,20.6,25.84,18.68,True,OTHER,18.68
tv_pool_20220130-M-Australian_Open-F-Rafael_Nadal-Daniil_Medvedev,tv_pool_20220130-M-Australian_Open-F-Rafael_Nadal-Daniil_Medvedev:0296,296,23,20,medvedev,medvedev,surname,,,after_preposition,pobj,JUDGE,3,,34.08,7.04,31.16,True,JUDGE,31.16
tv_pool_20220130-M-Australian_Open-F-Rafael_Nadal-Daniil_Medvedev,tv_pool_20220130-M-Australian_Open-F-Rafael_Nadal-Daniil_Medvedev:0298,298,21,21,nadal,nadal,surname,,,object,dobj,SHOT,2,,8.08,22.56,6.12,True,SHOT,6.12
tv_pool_20220130-M-Australian_Open-F-Rafael_Nadal-Daniil_Medvedev,tv_pool_20220130-M-Australian_Open-F-Rafael_Nadal-Daniil_Medvedev:0308,308,11,9,medvedev,medvedev,surname,,,subject,nsubj,JUDGE,3,,23.24,19.08,21.2,True,JUDGE,21.2
tv_pool_20220130-M-Australian_Open-F-Rafael_Nadal-Daniil_Medvedev,tv_pool_20220130-M-Australian_Open-F-Rafael_Nadal-Daniil_Medvedev:0308,308,35,31,nadal,rafa,hypocoristic,,,subject,nsubj,JUDGE,2,,23.24,19.08,21.2,True,JUDGE,21.2
tv_pool_20220130-M-Australian_Open-F-Rafael_Nadal-Daniil_Medvedev,tv_pool_20220130-M-Australian_Open-F-Rafael_Nadal-Daniil_Medvedev:0309,309,16,13,nadal,rafa,hypocoristic,,,subject,nsubj,JUDGE,2,,37.4,23.24,35.4,True,JUDGE,35.4
tv_pool_20220130-M-Australian_Open-F-Rafael_Nadal-Daniil_Medvedev,tv_pool_20220130-M-Australian_Open-F-Rafael_Nadal-Daniil_Medvedev:0309,309,45,38,medvedev,medvedev,surname,,,subject,nsubj,SCORE,3,,37.4,23.24,35.4,True,SCORE,35.4
tv_pool_20220130-M-Australian_Open-F-Rafael_Nadal-Daniil_Medvedev,tv_pool_20220130-M-Australian_Open-F-Rafael_Nadal-Daniil_Medvedev:0312,312,20,18,nadal,rafa,hypocoristic,,,after_preposition,pobj,OTHER,2,,43.6,81.76,41.64,True,OTHER,41.64
tv_pool_20220130-M-Australian_Open-F-Rafael_Nadal-Daniil_Medvedev,tv_pool_20220130-M-Australian_Open-F-Rafael_Nadal-Daniil_Medvedev:0313,313,7,7,medvedev,medvedev,surname,,,after_preposition,pobj,OTHER,3,,30.56,43.6,27.32,True,OTHER,27.32
tv_pool_20220130-M-Australian_Open-F-Rafael_Nadal-Daniil_Medvedev,tv_pool_20220130-M-Australian_Open-F-Rafael_Nadal-Daniil_Medvedev:0318,318,29,25,medvedev,medvedev,surname,,,after_preposition,pobj,OTHER,3,,21,55.16,19,True,OTHER,19
tv_pool_20220130-M-Australian_Open-F-Rafael_Nadal-Daniil_Medvedev,tv_pool_20220130-M-Australian_Open-F-Rafael_Nadal-Daniil_Medvedev:0319,319,11,10,medvedev,medvedev,surname,,,vocative_exclamation,npadvmod,JUDGE,3,,19,21,17,True,JUDGE,17
tv_pool_20220130-M-Australian_Open-F-Rafael_Nadal-Daniil_Medvedev,tv_pool_20220130-M-Australian_Open-F-Rafael_Nadal-Daniil_Medvedev:0322,322,15,14,medvedev,medvedev,surname,,,after_preposition,pobj,OTHER,3,,71.96,166.76,70,True,OTHER,70
tv_pool_20220130-M-Australian_Open-F-Rafael_Nadal-Daniil_Medvedev,tv_pool_20220130-M-Australian_Open-F-Rafael_Nadal-Daniil_Medvedev:0325,325,0,0,nadal,rafa,hypocoristic,,,subject,nsubj,OTHER,2,,20.16,47.92,18.16,True,OTHER,18.16
tv_pool_20220130-M-Australian_Open-F-Rafael_Nadal-Daniil_Medvedev,tv_pool_20220130-M-Australian_Open-F-Rafael_Nadal-Daniil_Medvedev:0325,325,24,21,medvedev,medvedev,surname,,,subject,nsubj,JUDGE,3,,20.16,47.92,18.16,True,JUDGE,18.16
tv_pool_20220130-M-Australian_Open-F-Rafael_Nadal-Daniil_Medvedev,tv_pool_20220130-M-Australian_Open-F-Rafael_Nadal-Daniil_Medvedev:0328,328,17,17,nadal,the spaniard,epithet,epithet_nationality,nationality,after_preposition,pobj,SHOT,3,,8.96,18.08,3,True,SHOT,3
tv_pool_20220130-M-Australian_Open-F-Rafael_Nadal-Daniil_Medvedev,tv_pool_20220130-M-Australian_Open-F-Rafael_Nadal-Daniil_Medvedev:0328,328,50,46,medvedev,medvedev,surname,,,subject,nsubjpass,STAT,3,,8.96,18.08,3,True,STAT,3
tv_pool_20220130-M-Australian_Open-F-Rafael_Nadal-Daniil_Medvedev,tv_pool_20220130-M-Australian_Open-F-Rafael_Nadal-Daniil_Medvedev:0332,332,12,10,nadal,rafa,hypocoristic,,,after_preposition,pobj,JUDGE,2,,32,21.92,30.04,True,JUDGE,30.04
tv_pool_20220130-M-Australian_Open-F-Rafael_Nadal-Daniil_Medvedev,tv_pool_20220130-M-Australian_Open-F-Rafael_Nadal-Daniil_Medvedev:0333,333,15,13,nadal,nadal,surname,,,object,attr,OTHER,2,,144.44,32,142.4,True,OTHER,142.4
tv_pool_20220130-M-Australian_Open-F-Rafael_Nadal-Daniil_Medvedev,tv_pool_20220130-M-Australian_Open-F-Rafael_Nadal-Daniil_Medvedev:0340,340,8,5,medvedev,medvedev,surname,,,subject,nsubj,OTHER,3,,52.44,87.4,50.48,True,OTHER,50.48
tv_pool_20220130-M-Australian_Open-F-Rafael_Nadal-Daniil_Medvedev,tv_pool_20220130-M-Australian_Open-F-Rafael_Nadal-Daniil_Medvedev:0342,342,13,11,medvedev,medvedev,surname,,,other,compound,OTHER,3,,30.32,70.4,26.52,True,OTHER,26.52
tv_pool_20220130-M-Australian_Open-F-Rafael_Nadal-Daniil_Medvedev,tv_pool_20220130-M-Australian_Open-F-Rafael_Nadal-Daniil_Medvedev:0342,342,14,12,nadal,nadal,surname,,,subject,nsubj,OTHER,2,,30.32,70.4,26.52,True,OTHER,26.52
tv_pool_20220130-M-Australian_Open-F-Rafael_Nadal-Daniil_Medvedev,tv_pool_20220130-M-Australian_Open-F-Rafael_Nadal-Daniil_Medvedev:0344,344,24,23,medvedev,medvedev,surname,,,subject,nsubj,SHOT,3,,70.28,57.6,68.24,True,SHOT,68.24
tv_pool_20220130-M-Australian_Open-F-Rafael_Nadal-Daniil_Medvedev,tv_pool_20220130-M-Australian_Open-F-Rafael_Nadal-Daniil_Medvedev:0348,348,12,12,medvedev,medvedev,surname,,,after_preposition,pobj,JUDGE,3,,46.24,123.56,45.12,True,JUDGE,45.12
tv_pool_20220130-M-Australian_Open-F-Rafael_Nadal-Daniil_Medvedev,tv_pool_20220130-M-Australian_Open-F-Rafael_Nadal-Daniil_Medvedev:0349,349,9,8,nadal,nadal,surname,,,other,compound,OTHER,2,,21.04,46.24,17.88,True,OTHER,17.88
tv_pool_20220130-M-Australian_Open-F-Rafael_Nadal-Daniil_Medvedev,tv_pool_20220130-M-Australian_Open-F-Rafael_Nadal-Daniil_Medvedev:0349,349,22,19,nadal,rafa,hypocoristic,,,subject,nsubj,STAT,2,,21.04,46.24,17.88,True,STAT,17.88
tv_pool_20220130-M-Australian_Open-F-Rafael_Nadal-Daniil_Medvedev,tv_pool_20220130-M-Australian_Open-F-Rafael_Nadal-Daniil_Medvedev:0351,351,35,29,nadal,nadal,surname,,,other,amod,OTHER,2,,19.84,19.8,17.8,True,OTHER,17.8
tv_pool_20220130-M-Australian_Open-F-Rafael_Nadal-Daniil_Medvedev,tv_pool_20220130-M-Australian_Open-F-Rafael_Nadal-Daniil_Medvedev:0353,353,25,23,nadal,rafa,hypocoristic,,,after_preposition,pobj,OTHER,2,,36.48,127.56,35.72,True,OTHER,35.72
tv_pool_20220130-M-Australian_Open-F-Rafael_Nadal-Daniil_Medvedev,tv_pool_20220130-M-Australian_Open-F-Rafael_Nadal-Daniil_Medvedev:0353,353,27,24,medvedev,medvedev,surname,,,subject,nsubj,OTHER,3,,36.48,127.56,35.72,True,OTHER,35.72
tv_pool_20220130-M-Australian_Open-F-Rafael_Nadal-Daniil_Medvedev,tv_pool_20220130-M-Australian_Open-F-Rafael_Nadal-Daniil_Medvedev:0357,357,22,22,medvedev,the big russian,epithet,epithet_nationality,nationality,after_preposition,pobj,STAT,4,,66.2,34.08,65.36,True,JUDGE,65.36
tv_pool_20220130-M-Australian_Open-F-Rafael_Nadal-Daniil_Medvedev,tv_pool_20220130-M-Australian_Open-F-Rafael_Nadal-Daniil_Medvedev:0360,360,7,7,nadal,nadal,surname,,,after_preposition,pobj,OTHER,2,,24.08,47.28,22.08,True,OTHER,22.08
tv_pool_20220130-M-Australian_Open-F-Rafael_Nadal-Daniil_Medvedev,tv_pool_20220130-M-Australian_Open-F-Rafael_Nadal-Daniil_Medvedev:0367,367,15,14,nadal,nadal,surname,,,object,dobj,OTHER,2,,7.92,20.68,5.16,True,OTHER,5.16
tv_pool_20220130-M-Australian_Open-F-Rafael_Nadal-Daniil_Medvedev,tv_pool_20220130-M-Australian_Open-F-Rafael_Nadal-Daniil_Medvedev:0373,373,13,12,medvedev,medvedev,surname,,,after_preposition,pobj,SCORE,3,,56.68,17.24,54.68,True,SCORE,54.68
tv_pool_20220130-M-Australian_Open-F-Rafael_Nadal-Daniil_Medvedev,tv_pool_20220130-M-Australian_Open-F-Rafael_Nadal-Daniil_Medvedev:0373,373,23,17,medvedev,medvedev,surname,,,subject,nsubjpass,SCORE,3,,56.68,17.24,54.68,True,SCORE,54.68
tv_pool_20220130-M-Australian_Open-F-Rafael_Nadal-Daniil_Medvedev,tv_pool_20220130-M-Australian_Open-F-Rafael_Nadal-Daniil_Medvedev:0374,374,12,12,medvedev,medvedev,surname,,,possessive,poss,JUDGE,3,,44.12,56.68,42.08,True,JUDGE,42.08
tv_pool_20220130-M-Australian_Open-F-Rafael_Nadal-Daniil_Medvedev,tv_pool_20220130-M-Australian_Open-F-Rafael_Nadal-Daniil_Medvedev:0376,376,2,2,medvedev,medvedev,surname,,,after_preposition,pobj,JUDGE,3,,24.2,20.6,22.52,True,JUDGE,22.52
tv_pool_20220130-M-Australian_Open-F-Rafael_Nadal-Daniil_Medvedev,tv_pool_20220130-M-Australian_Open-F-Rafael_Nadal-Daniil_Medvedev:0376,376,24,20,nadal,rafa,hypocoristic,,,possessive,poss,SCORE,2,,24.2,20.6,22.52,True,SCORE,22.52
tv_pool_20220130-M-Australian_Open-F-Rafael_Nadal-Daniil_Medvedev,tv_pool_20220130-M-Australian_Open-F-Rafael_Nadal-Daniil_Medvedev:0384,384,25,19,nadal,rafa,hypocoristic,,,possessive,poss,SCORE,2,,22.44,20.92,19.2,True,SCORE,19.2
tv_pool_20220130-M-Australian_Open-F-Rafael_Nadal-Daniil_Medvedev,tv_pool_20220130-M-Australian_Open-F-Rafael_Nadal-Daniil_Medvedev:0384,384,33,24,nadal,rafa,hypocoristic,,,possessive,poss,SHOT,2,,22.44,20.92,19.2,True,SHOT,19.2
tv_pool_20220130-M-Australian_Open-F-Rafael_Nadal-Daniil_Medvedev,tv_pool_20220130-M-Australian_Open-F-Rafael_Nadal-Daniil_Medvedev:0385,385,23,17,nadal,nadal,surname,,,subject,nsubj,SHOT,2,,182.04,22.44,178.92,True,SHOT,178.92
tv_pool_20220531-M-Roland_Garros-QF-Novak_Djokovic-Rafael_Nadal,tv_pool_20220531-M-Roland_Garros-QF-Novak_Djokovic-Rafael_Nadal:0000,0,39,33,nadal,nadal,surname,,,subject,nsubj,SHOT,2,,41.12,,39.32,True,SHOT,39.32
tv_pool_20220531-M-Roland_Garros-QF-Novak_Djokovic-Rafael_Nadal,tv_pool_20220531-M-Roland_Garros-QF-Novak_Djokovic-Rafael_Nadal:0000,0,76,65,nadal,nadal,surname,,,after_preposition,pobj,OTHER,2,,41.12,,39.32,True,OTHER,39.32
tv_pool_20220531-M-Roland_Garros-QF-Novak_Djokovic-Rafael_Nadal,tv_pool_20220531-M-Roland_Garros-QF-Novak_Djokovic-Rafael_Nadal:0001,1,19,17,djokovic,djokovic,surname,,,after_preposition,appos,OTHER,3,,45.96,41.12,44.08,True,OTHER,44.08
tv_pool_20220531-M-Roland_Garros-QF-Novak_Djokovic-Rafael_Nadal,tv_pool_20220531-M-Roland_Garros-QF-Novak_Djokovic-Rafael_Nadal:0002,2,23,21,nadal,rafa,hypocoristic,,,subject,nsubj,STAT,2,,73.52,45.96,71.6,True,STAT,71.6
tv_pool_20220531-M-Roland_Garros-QF-Novak_Djokovic-Rafael_Nadal,tv_pool_20220531-M-Roland_Garros-QF-Novak_Djokovic-Rafael_Nadal:0004,4,3,3,nadal,nadal,surname,,,after_preposition,pobj,JUDGE,2,,38.24,53.48,36.44,True,JUDGE,36.44
tv_pool_20220531-M-Roland_Garros-QF-Novak_Djokovic-Rafael_Nadal,tv_pool_20220531-M-Roland_Garros-QF-Novak_Djokovic-Rafael_Nadal:0004,4,33,27,djokovic,djokovic,surname,,,possessive,poss,SHOT,3,,38.24,53.48,36.44,True,SHOT,36.44
tv_pool_20220531-M-Roland_Garros-QF-Novak_Djokovic-Rafael_Nadal,tv_pool_20220531-M-Roland_Garros-QF-Novak_Djokovic-Rafael_Nadal:0008,8,8,7,nadal,nadal,surname,,,after_preposition,pobj,OTHER,2,,32.32,16.28,30.48,True,OTHER,30.48
tv_pool_20220531-M-Roland_Garros-QF-Novak_Djokovic-Rafael_Nadal,tv_pool_20220531-M-Roland_Garros-QF-Novak_Djokovic-Rafael_Nadal:0008,8,10,9,nadal,rafa,hypocoristic,,,possessive,poss,SCORE,2,,32.32,16.28,30.48,True,SCORE,30.48
tv_pool_20220531-M-Roland_Garros-QF-Novak_Djokovic-Rafael_Nadal,tv_pool_20220531-M-Roland_Garros-QF-Novak_Djokovic-Rafael_Nadal:0013,13,4,4,djokovic,djokovic,surname,,,after_preposition,pobj,OTHER,3,,34.88,106.76,32.96,True,OTHER,32.96
tv_pool_20220531-M-Roland_Garros-QF-Novak_Djokovic-Rafael_Nadal,tv_pool_20220531-M-Roland_Garros-QF-Novak_Djokovic-Rafael_Nadal:0014,14,23,20,nadal,nadal,surname,,,object,dobj,OTHER,2,,34.04,34.88,32.12,True,OTHER,32.12
tv_pool_20220531-M-Roland_Garros-QF-Novak_Djokovic-Rafael_Nadal,tv_pool_20220531-M-Roland_Garros-QF-Novak_Djokovic-Rafael_Nadal:0014,14,33,29,djokovic,djokovic,surname,,,subject,nsubj,JUDGE,3,,34.04,34.88,32.12,True,JUDGE,32.12
tv_pool_20220531-M-Roland_Garros-QF-Novak_Djokovic-Rafael_Nadal,tv_pool_20220531-M-Roland_Garros-QF-Novak_Djokovic-Rafael_Nadal:0016,16,18,16,nadal,rafa,hypocoristic,,,subject,nsubj,OTHER,2,,18.52,33.6,16.64,True,OTHER,16.64
tv_pool_20220531-M-Roland_Garros-QF-Novak_Djokovic-Rafael_Nadal,tv_pool_20220531-M-Roland_Garros-QF-Novak_Djokovic-Rafael_Nadal:0016,16,27,23,djokovic,djokovic,surname,,,subject,nsubj,SHOT,3,,18.52,33.6,16.64,True,SHOT,16.64
tv_pool_20220531-M-Roland_Garros-QF-Novak_Djokovic-Rafael_Nadal,tv_pool_20220531-M-Roland_Garros-QF-Novak_Djokovic-Rafael_Nadal:0016,16,39,35,nadal,nadal,surname,,,after_preposition,pobj,SHOT,2,,18.52,33.6,16.64,True,SHOT,16.64
tv_pool_20220531-M-Roland_Garros-QF-Novak_Djokovic-Rafael_Nadal,tv_pool_20220531-M-Roland_Garros-QF-Novak_Djokovic-Rafael_Nadal:0016,16,77,67,nadal,rafa,hypocoristic,,,after_preposition,appos,SHOT,2,,18.52,33.6,16.64,True,SHOT,16.64
tv_pool_20220531-M-Roland_Garros-QF-Novak_Djokovic-Rafael_Nadal,tv_pool_20220531-M-Roland_Garros-QF-Novak_Djokovic-Rafael_Nadal:0020,20,1,1,nadal,rafa,hypocoristic,,,possessive,poss,SHOT,2,,58.08,34.24,56.16,True,SHOT,56.16
tv_pool_20220531-M-Roland_Garros-QF-Novak_Djokovic-Rafael_Nadal,tv_pool_20220531-M-Roland_Garros-QF-Novak_Djokovic-Rafael_Nadal:0020,20,20,18,djokovic,novak,first_name,,,other,compound,SCORE,2,,58.08,34.24,56.16,True,SCORE,56.16
tv_pool_20220531-M-Roland_Garros-QF-Novak_Djokovic-Rafael_Nadal,tv_pool_20220531-M-Roland_Garros-QF-Novak_Djokovic-Rafael_Nadal:0020,20,21,19,djokovic,novak djokovic,full_name,,,after_preposition,pobj,SCORE,5,,58.08,34.24,56.16,True,SCORE,56.16
tv_pool_20220531-M-Roland_Garros-QF-Novak_Djokovic-Rafael_Nadal,tv_pool_20220531-M-Roland_Garros-QF-Novak_Djokovic-Rafael_Nadal:0023,23,25,24,nadal,nadal,surname,,,other,acomp,OTHER,2,,23.48,25.16,21.56,True,OTHER,21.56
tv_pool_20220531-M-Roland_Garros-QF-Novak_Djokovic-Rafael_Nadal,tv_pool_20220531-M-Roland_Garros-QF-Novak_Djokovic-Rafael_Nadal:0025,25,0,0,djokovic,djokovic,surname,,,subject,nsubj,OTHER,3,,94.44,145.44,91.44,True,OTHER,91.44
tv_pool_20220531-M-Roland_Garros-QF-Novak_Djokovic-Rafael_Nadal,tv_pool_20220531-M-Roland_Garros-QF-Novak_Djokovic-Rafael_Nadal:0025,25,8,7,nadal,nadal,surname,,,other,amod,SHOT,2,,94.44,145.44,91.44,True,SHOT,91.44
tv_pool_20220531-M-Roland_Garros-QF-Novak_Djokovic-Rafael_Nadal,tv_pool_20220531-M-Roland_Garros-QF-Novak_Djokovic-Rafael_Nadal:0025,25,51,46,nadal,nadal,surname,,,subject,nsubj,JUDGE,2,,94.44,145.44,91.44,True,JUDGE,91.44
tv_pool_20220531-M-Roland_Garros-QF-Novak_Djokovic-Rafael_Nadal,tv_pool_20220531-M-Roland_Garros-QF-Novak_Djokovic-Rafael_Nadal:0025,25,59,54,djokovic,djokovic,surname,,,subject,nsubj,JUDGE,3,,94.44,145.44,91.44,True,JUDGE,91.44
tv_pool_20220531-M-Roland_Garros-QF-Novak_Djokovic-Rafael_Nadal,tv_pool_20220531-M-Roland_Garros-QF-Novak_Djokovic-Rafael_Nadal:0025,25,136,120,djokovic,djokovic,surname,,,other,ROOT,OTHER,3,,94.44,145.44,91.44,True,OTHER,91.44
tv_pool_20220531-M-Roland_Garros-QF-Novak_Djokovic-Rafael_Nadal,tv_pool_20220531-M-Roland_Garros-QF-Novak_Djokovic-Rafael_Nadal:0029,29,35,30,nadal,rafa,hypocoristic,,,possessive,poss,OTHER,2,,40.84,35.24,40.36,True,OTHER,40.36
tv_pool_20220531-M-Roland_Garros-QF-Novak_Djokovic-Rafael_Nadal,tv_pool_20220531-M-Roland_Garros-QF-Novak_Djokovic-Rafael_Nadal:0030,30,0,0,djokovic,djokovic,surname,,,subject,nsubj,OTHER,3,,36.52,40.84,33.68,True,OTHER,33.68
tv_pool_20220531-M-Roland_Garros-QF-Novak_Djokovic-Rafael_Nadal,tv_pool_20220531-M-Roland_Garros-QF-Novak_Djokovic-Rafael_Nadal:0032,32,11,10,nadal,rafa,hypocoristic,,,after_preposition,pobj,OTHER,2,,21.04,40.6,16.64,True,OTHER,16.64
tv_pool_20220531-M-Roland_Garros-QF-Novak_Djokovic-Rafael_Nadal,tv_pool_20220531-M-Roland_Garros-QF-Novak_Djokovic-Rafael_Nadal:0032,32,54,50,djokovic,djokovic,surname,,,after_preposition,pobj,SCORE,3,,21.04,40.6,16.64,True,SCORE,16.64
tv_pool_20220531-M-Roland_Garros-QF-Novak_Djokovic-Rafael_Nadal,tv_pool_20220531-M-Roland_Garros-QF-Novak_Djokovic-Rafael_Nadal:0032,32,68,62,nadal,nadal,surname,,,subject,nsubj,OTHER,2,,21.04,40.6,16.64,True,OTHER,16.64
tv_pool_20220531-M-Roland_Garros-QF-Novak_Djokovic-Rafael_Nadal,tv_pool_20220531-M-Roland_Garros-QF-Novak_Djokovic-Rafael_Nadal:0032,32,71,65,djokovic,djokovic,surname,,,object,dobj,OTHER,3,,21.04,40.6,16.64,True,OTHER,16.64
tv_pool_20220531-M-Roland_Garros-QF-Novak_Djokovic-Rafael_Nadal,tv_pool_20220531-M-Roland_Garros-QF-Novak_Djokovic-Rafael_Nadal:0032,32,73,66,djokovic,djokovic,surname,,,subject,nsubj,OTHER,3,,21.04,40.6,16.64,True,OTHER,16.64
tv_pool_20220531-M-Roland_Garros-QF-Novak_Djokovic-Rafael_Nadal,tv_pool_20220531-M-Roland_Garros-QF-Novak_Djokovic-Rafael_Nadal:0033,33,50,42,nadal,rafa,hypocoristic,,,vocative_exclamation,npadvmod,SHOT,2,,38.96,21.04,37.08,True,SHOT,37.08
tv_pool_20220531-M-Roland_Garros-QF-Novak_Djokovic-Rafael_Nadal,tv_pool_20220531-M-Roland_Garros-QF-Novak_Djokovic-Rafael_Nadal:0033,33,54,45,djokovic,novak,first_name,,,possessive,poss,OTHER,2,,38.96,21.04,37.08,True,OTHER,37.08
tv_pool_20220531-M-Roland_Garros-QF-Novak_Djokovic-Rafael_Nadal,tv_pool_20220531-M-Roland_Garros-QF-Novak_Djokovic-Rafael_Nadal:0033,33,69,58,djokovic,djokovic,surname,,,after_preposition,pobj,JUDGE,3,,38.96,21.04,37.08,True,JUDGE,37.08
tv_pool_20220531-M-Roland_Garros-QF-Novak_Djokovic-Rafael_Nadal,tv_pool_20220531-M-Roland_Garros-QF-Novak_Djokovic-Rafael_Nadal:0033,33,85,70,djokovic,djokovic,surname,,,subject,nsubj,SHOT,3,,38.96,21.04,37.08,True,SHOT,37.08
tv_pool_20220531-M-Roland_Garros-QF-Novak_Djokovic-Rafael_Nadal,tv_pool_20220531-M-Roland_Garros-QF-Novak_Djokovic-Rafael_Nadal:0033,33,91,76,nadal,rafa,hypocoristic,,,possessive,poss,OTHER,2,,38.96,21.04,37.08,True,OTHER,37.08
tv_pool_20220531-M-Roland_Garros-QF-Novak_Djokovic-Rafael_Nadal,tv_pool_20220531-M-Roland_Garros-QF-Novak_Djokovic-Rafael_Nadal:0033,33,107,88,nadal,rafa,hypocoristic,,,subject,appos,OTHER,2,,38.96,21.04,37.08,True,OTHER,37.08
tv_pool_20220531-M-Roland_Garros-QF-Novak_Djokovic-Rafael_Nadal,tv_pool_20220531-M-Roland_Garros-QF-Novak_Djokovic-Rafael_Nadal:0035,35,2,1,djokovic,djokovic,surname,,,subject,nsubj,JUDGE,3,,66.4,19.36,64.48,True,JUDGE,64.48
tv_pool_20220531-M-Roland_Garros-QF-Novak_Djokovic-Rafael_Nadal,tv_pool_20220531-M-Roland_Garros-QF-Novak_Djokovic-Rafael_Nadal:0035,35,18,16,nadal,nadal,surname,,,subject,nsubj,JUDGE,2,,66.4,19.36,64.48,True,JUDGE,64.48
tv_pool_20220531-M-Roland_Garros-QF-Novak_Djokovic-Rafael_Nadal,tv_pool_20220531-M-Roland_Garros-QF-Novak_Djokovic-Rafael_Nadal:0035,35,26,24,djokovic,djokovic,surname,,,after_preposition,pobj,JUDGE,3,,66.4,19.36,64.48,True,JUDGE,64.48
tv_pool_20220531-M-Roland_Garros-QF-Novak_Djokovic-Rafael_Nadal,tv_pool_20220531-M-Roland_Garros-QF-Novak_Djokovic-Rafael_Nadal:0035,35,37,35,djokovic,djokovic,surname,,,after_preposition,pobj,JUDGE,3,,66.4,19.36,64.48,True,JUDGE,64.48
tv_pool_20220531-M-Roland_Garros-QF-Novak_Djokovic-Rafael_Nadal,tv_pool_20220531-M-Roland_Garros-QF-Novak_Djokovic-Rafael_Nadal:0039,39,24,21,djokovic,djokovic,surname,,,vocative_exclamation,npadvmod,OTHER,3,,32.8,12.24,29.92,True,OTHER,29.92
tv_pool_20220531-M-Roland_Garros-QF-Novak_Djokovic-Rafael_Nadal,tv_pool_20220531-M-Roland_Garros-QF-Novak_Djokovic-Rafael_Nadal:0039,39,46,40,nadal,rafa,hypocoristic,,,subject,nsubj,SHOT,2,game_name,32.8,12.24,29.92,True,SHOT,29.92
tv_pool_20220531-M-Roland_Garros-QF-Novak_Djokovic-Rafael_Nadal,tv_pool_20220531-M-Roland_Garros-QF-Novak_Djokovic-Rafael_Nadal:0040,40,6,4,djokovic,djokovic,surname,,,possessive,poss,JUDGE,3,,42.76,32.8,40.84,True,JUDGE,40.84
tv_pool_20220531-M-Roland_Garros-QF-Novak_Djokovic-Rafael_Nadal,tv_pool_20220531-M-Roland_Garros-QF-Novak_Djokovic-Rafael_Nadal:0042,42,31,28,djokovic,djokovic,surname,,,after_preposition,conj,OTHER,3,,34.32,17.28,32.4,True,OTHER,32.4
tv_pool_20220531-M-Roland_Garros-QF-Novak_Djokovic-Rafael_Nadal,tv_pool_20220531-M-Roland_Garros-QF-Novak_Djokovic-Rafael_Nadal:0047,47,70,63,nadal,nadal,surname,,,after_preposition,pobj,OTHER,2,,18.56,31.36,16.68,True,OTHER,16.68
tv_pool_20220531-M-Roland_Garros-QF-Novak_Djokovic-Rafael_Nadal,tv_pool_20220531-M-Roland_Garros-QF-Novak_Djokovic-Rafael_Nadal:0052,52,3,3,nadal,rafa,hypocoristic,,,possessive,poss,SHOT,2,,27.8,33.68,25.88,True,SHOT,25.88
tv_pool_20220531-M-Roland_Garros-QF-Novak_Djokovic-Rafael_Nadal,tv_pool_20220531-M-Roland_Garros-QF-Novak_Djokovic-Rafael_Nadal:0052,52,18,15,djokovic,djokovic,surname,,,after_preposition,pobj,SHOT,3,,27.8,33.68,25.88,True,SHOT,25.88
tv_pool_20220531-M-Roland_Garros-QF-Novak_Djokovic-Rafael_Nadal,tv_pool_20220531-M-Roland_Garros-QF-Novak_Djokovic-Rafael_Nadal:0052,52,31,26,nadal,nadal,surname,,,subject,nsubj,OTHER,2,,27.8,33.68,25.88,True,OTHER,25.88
tv_pool_20220531-M-Roland_Garros-QF-Novak_Djokovic-Rafael_Nadal,tv_pool_20220531-M-Roland_Garros-QF-Novak_Djokovic-Rafael_Nadal:0052,52,39,34,djokovic,djokovic,surname,,,subject,nsubj,OTHER,3,,27.8,33.68,25.88,True,OTHER,25.88
tv_pool_20220531-M-Roland_Garros-QF-Novak_Djokovic-Rafael_Nadal,tv_pool_20220531-M-Roland_Garros-QF-Novak_Djokovic-Rafael_Nadal:0056,56,16,15,nadal,nadal,surname,,,vocative_exclamation,ROOT,OTHER,2,,137.04,26.2,134.32,True,OTHER,134.32
tv_pool_20220531-M-Roland_Garros-QF-Novak_Djokovic-Rafael_Nadal,tv_pool_20220531-M-Roland_Garros-QF-Novak_Djokovic-Rafael_Nadal:0057,57,9,8,djokovic,djokovic,surname,,,subject,nsubj,OTHER,3,,36,137.04,34.16,True,OTHER,34.16
tv_pool_20220531-M-Roland_Garros-QF-Novak_Djokovic-Rafael_Nadal,tv_pool_20220531-M-Roland_Garros-QF-Novak_Djokovic-Rafael_Nadal:0057,57,32,29,djokovic,djokovic,surname,,,after_preposition,appos,SHOT,3,,36,137.04,34.16,True,SHOT,34.16
tv_pool_20220531-M-Roland_Garros-QF-Novak_Djokovic-Rafael_Nadal,tv_pool_20220531-M-Roland_Garros-QF-Novak_Djokovic-Rafael_Nadal:0059,59,0,0,djokovic,djokovic,surname,,,other,ROOT,OTHER,3,,35.12,34.52,33.2,True,OTHER,33.2
tv_pool_20220531-M-Roland_Garros-QF-Novak_Djokovic-Rafael_Nadal,tv_pool_20220531-M-Roland_Garros-QF-Novak_Djokovic-Rafael_Nadal:0060,60,13,12,djokovic,djokovic,surname,,,subject,nsubj,SCORE,3,game_name,35.8,35.12,33.96,True,SCORE,33.96
tv_pool_20220531-M-Roland_Garros-QF-Novak_Djokovic-Rafael_Nadal,tv_pool_20220531-M-Roland_Garros-QF-Novak_Djokovic-Rafael_Nadal:0060,60,44,42,nadal,rafa,hypocoristic,,,other,ROOT,OTHER,2,,35.8,35.12,33.96,True,OTHER,33.96
tv_pool_20220531-M-Roland_Garros-QF-Novak_Djokovic-Rafael_Nadal,tv_pool_20220531-M-Roland_Garros-QF-Novak_Djokovic-Rafael_Nadal:0062,62,3,3,nadal,nadal,surname,,,subject,nsubj,SHOT,2,,83.52,21.8,81.68,True,SHOT,81.68
tv_pool_20220531-M-Roland_Garros-QF-Novak_Djokovic-Rafael_Nadal,tv_pool_20220531-M-Roland_Garros-QF-Novak_Djokovic-Rafael_Nadal:0062,62,11,10,djokovic,djokovic,surname,,,subject,nsubj,SHOT,3,,83.52,21.8,81.68,True,SHOT,81.68
tv_pool_20220531-M-Roland_Garros-QF-Novak_Djokovic-Rafael_Nadal,tv_pool_20220531-M-Roland_Garros-QF-Novak_Djokovic-Rafael_Nadal:0064,64,0,0,djokovic,djokovic,surname,,,other,ROOT,SHOT,3,,30.2,17.16,28.32,True,SHOT,28.32
tv_pool_20220531-M-Roland_Garros-QF-Novak_Djokovic-Rafael_Nadal,tv_pool_20220531-M-Roland_Garros-QF-Novak_Djokovic-Rafael_Nadal:0064,64,3,3,nadal,nadal,surname,,,other,amod,SHOT,2,,30.2,17.16,28.32,True,SHOT,28.32
tv_pool_20220531-M-Roland_Garros-QF-Novak_Djokovic-Rafael_Nadal,tv_pool_20220531-M-Roland_Garros-QF-Novak_Djokovic-Rafael_Nadal:0069,69,6,5,nadal,nadal,surname,,,possessive,poss,SHOT,2,,40.84,35.84,38.92,True,SHOT,38.92
tv_pool_20220531-M-Roland_Garros-QF-Novak_Djokovic-Rafael_Nadal,tv_pool_20220531-M-Roland_Garros-QF-Novak_Djokovic-Rafael_Nadal:0069,69,12,9,djokovic,djokovic,surname,,,subject,nsubj,SHOT,3,,40.84,35.84,38.92,True,SHOT,38.92
tv_pool_20220531-M-Roland_Garros-QF-Novak_Djokovic-Rafael_Nadal,tv_pool_20220531-M-Roland_Garros-QF-Novak_Djokovic-Rafael_Nadal:0069,69,24,18,nadal,nadal,surname,,,subject,nsubj,SHOT,2,,40.84,35.84,38.92,True,SHOT,38.92
tv_pool_20220531-M-Roland_Garros-QF-Novak_Djokovic-Rafael_Nadal,tv_pool_20220531-M-Roland_Garros-QF-Novak_Djokovic-Rafael_Nadal:0069,69,33,26,djokovic,djokovic,surname,,,subject,nsubjpass,JUDGE,3,,40.84,35.84,38.92,True,JUDGE,38.92
tv_pool_20220531-M-Roland_Garros-QF-Novak_Djokovic-Rafael_Nadal,tv_pool_20220531-M-Roland_Garros-QF-Novak_Djokovic-Rafael_Nadal:0069,69,54,44,nadal,nadal,surname,,,subject,nsubj,SCORE,2,,40.84,35.84,38.92,True,SCORE,38.92
tv_pool_20220531-M-Roland_Garros-QF-Novak_Djokovic-Rafael_Nadal,tv_pool_20220531-M-Roland_Garros-QF-Novak_Djokovic-Rafael_Nadal:0071,71,41,37,nadal,rafa,hypocoristic,,,after_preposition,pobj,OTHER,2,,32.84,28.64,31,True,OTHER,31
tv_pool_20220531-M-Roland_Garros-QF-Novak_Djokovic-Rafael_Nadal,tv_pool_20220531-M-Roland_Garros-QF-Novak_Djokovic-Rafael_Nadal:0072,72,9,8,djokovic,djokovic,surname,,,after_preposition,appos,OTHER,3,,33,32.84,31.08,True,OTHER,31.08
tv_pool_20220531-M-Roland_Garros-QF-Novak_Djokovic-Rafael_Nadal,tv_pool_20220531-M-Roland_Garros-QF-Novak_Djokovic-Rafael_Nadal:0074,74,5,5,nadal,nadal,surname,,,after_preposition,pobj,SHOT,2,,14.12,40.64,12.24,True,SHOT,12.24
tv_pool_20220531-M-Roland_Garros-QF-Novak_Djokovic-Rafael_Nadal,tv_pool_20220531-M-Roland_Garros-QF-Novak_Djokovic-Rafael_Nadal:0077,77,8,6,nadal,nadal,surname,,,after_preposition,pobj,SHOT,2,,34.92,17.44,32,True,SHOT,32
tv_pool_20220531-M-Roland_Garros-QF-Novak_Djokovic-Rafael_Nadal,tv_pool_20220531-M-Roland_Garros-QF-Novak_Djokovic-Rafael_Nadal:0077,77,22,17,djokovic,djokovic,surname,,,subject,conj,JUDGE,3,,34.92,17.44,32,True,JUDGE,32
tv_pool_20220531-M-Roland_Garros-QF-Novak_Djokovic-Rafael_Nadal,tv_pool_20220531-M-Roland_Garros-QF-Novak_Djokovic-Rafael_Nadal:0077,77,40,32,nadal,nadal,surname,,,subject,nsubj,OTHER,2,,34.92,17.44,32,True,OTHER,32
tv_pool_20220531-M-Roland_Garros-QF-Novak_Djokovic-Rafael_Nadal,tv_pool_20220531-M-Roland_Garros-QF-Novak_Djokovic-Rafael_Nadal:0077,77,70,58,djokovic,novak,first_name,,,subject,nsubj,OTHER,2,,34.92,17.44,32,True,OTHER,32
tv_pool_20220531-M-Roland_Garros-QF-Novak_Djokovic-Rafael_Nadal,tv_pool_20220531-M-Roland_Garros-QF-Novak_Djokovic-Rafael_Nadal:0077,77,102,87,nadal,nadal,surname,,,after_preposition,pobj,SHOT,2,,34.92,17.44,32,True,SHOT,32
tv_pool_20220531-M-Roland_Garros-QF-Novak_Djokovic-Rafael_Nadal,tv_pool_20220531-M-Roland_Garros-QF-Novak_Djokovic-Rafael_Nadal:0077,77,107,91,nadal,rafa,hypocoristic,,,object,attr,OTHER,2,,34.92,17.44,32,True,OTHER,32
tv_pool_20220531-M-Roland_Garros-QF-Novak_Djokovic-Rafael_Nadal,tv_pool_20220531-M-Roland_Garros-QF-Novak_Djokovic-Rafael_Nadal:0081,81,13,11,nadal,rafa,hypocoristic,,,subject,nsubj,OTHER,2,,72.44,32.56,69.76,True,OTHER,69.76
tv_pool_20220531-M-Roland_Garros-QF-Novak_Djokovic-Rafael_Nadal,tv_pool_20220531-M-Roland_Garros-QF-Novak_Djokovic-Rafael_Nadal:0082,82,4,4,nadal,rafa,hypocoristic,,,after_preposition,pobj,SHOT,2,,35.16,72.44,33.24,True,SHOT,33.24
tv_pool_20220531-M-Roland_Garros-QF-Novak_Djokovic-Rafael_Nadal,tv_pool_20220531-M-Roland_Garros-QF-Novak_Djokovic-Rafael_Nadal:0085,85,3,3,djokovic,djokovic,surname,,,object,attr,OTHER,3,,39.6,92.44,37.76,True,OTHER,37.76
tv_pool_20220531-M-Roland_Garros-QF-Novak_Djokovic-Rafael_Nadal,tv_pool_20220531-M-Roland_Garros-QF-Novak_Djokovic-Rafael_Nadal:0085,85,12,11,nadal,rafa,hypocoristic,,,subject,nsubj,OTHER,2,,39.6,92.44,37.76,True,OTHER,37.76
tv_pool_20220531-M-Roland_Garros-QF-Novak_Djokovic-Rafael_Nadal,tv_pool_20220531-M-Roland_Garros-QF-Novak_Djokovic-Rafael_Nadal:0089,89,19,14,djokovic,djokovic,surname,,,subject,nsubj,STAT,3,,22.28,63.08,21.36,True,STAT,21.36
tv_pool_20220531-M-Roland_Garros-QF-Novak_Djokovic-Rafael_Nadal,tv_pool_20220531-M-Roland_Garros-QF-Novak_Djokovic-Rafael_Nadal:0090,90,18,17,nadal,nadal,surname,,,subject,nsubj,OTHER,2,,25.56,22.28,23,True,OTHER,23
tv_pool_20220531-M-Roland_Garros-QF-Novak_Djokovic-Rafael_Nadal,tv_pool_20220531-M-Roland_Garros-QF-Novak_Djokovic-Rafael_Nadal:0090,90,32,29,djokovic,djokovic,surname,,,vocative_exclamation,npadvmod,JUDGE,3,,25.56,22.28,23,True,JUDGE,23
tv_pool_20220531-M-Roland_Garros-QF-Novak_Djokovic-Rafael_Nadal,tv_pool_20220531-M-Roland_Garros-QF-Novak_Djokovic-Rafael_Nadal:0096,96,16,13,djokovic,djokovic,surname,,,after_preposition,pobj,SHOT,3,,12.44,30.84,5.6,True,SHOT,5.6
tv_pool_20220531-M-Roland_Garros-QF-Novak_Djokovic-Rafael_Nadal,tv_pool_20220531-M-Roland_Garros-QF-Novak_Djokovic-Rafael_Nadal:0096,96,30,26,nadal,nadal,surname,,,possessive,poss,SHOT,2,,12.44,30.84,5.6,True,SHOT,5.6
tv_pool_20220531-M-Roland_Garros-QF-Novak_Djokovic-Rafael_Nadal,tv_pool_20220531-M-Roland_Garros-QF-Novak_Djokovic-Rafael_Nadal:0096,96,79,66,nadal,nadal,surname,,,after_preposition,pobj,SCORE,2,,12.44,30.84,5.6,True,SCORE,5.6
tv_pool_20220531-M-Roland_Garros-QF-Novak_Djokovic-Rafael_Nadal,tv_pool_20220531-M-Roland_Garros-QF-Novak_Djokovic-Rafael_Nadal:0098,98,11,10,djokovic,djokovic,surname,,,after_preposition,pobj,OTHER,3,,136.08,35.32,134.2,True,OTHER,134.2
tv_pool_20220531-M-Roland_Garros-QF-Novak_Djokovic-Rafael_Nadal,tv_pool_20220531-M-Roland_Garros-QF-Novak_Djokovic-Rafael_Nadal:0098,98,13,11,nadal,nadal,surname,,,subject,nsubj,OTHER,2,,136.08,35.32,134.2,True,OTHER,134.2
tv_pool_20220531-M-Roland_Garros-QF-Novak_Djokovic-Rafael_Nadal,tv_pool_20220531-M-Roland_Garros-QF-Novak_Djokovic-Rafael_Nadal:0098,98,36,30,djokovic,djokovic,surname,,,subject,nsubj,SCORE,3,,136.08,35.32,134.2,True,SCORE,134.2
tv_pool_20220531-M-Roland_Garros-QF-Novak_Djokovic-Rafael_Nadal,tv_pool_20220531-M-Roland_Garros-QF-Novak_Djokovic-Rafael_Nadal:0098,98,53,43,nadal,nadal,surname,,,object,dobj,STAT,2,,136.08,35.32,134.2,True,STAT,134.2
tv_pool_20220531-M-Roland_Garros-QF-Novak_Djokovic-Rafael_Nadal,tv_pool_20220531-M-Roland_Garros-QF-Novak_Djokovic-Rafael_Nadal:0098,98,77,65,nadal,nadal,surname,,,subject,nsubj,OTHER,2,,136.08,35.32,134.2,True,OTHER,134.2
tv_pool_20220531-M-Roland_Garros-QF-Novak_Djokovic-Rafael_Nadal,tv_pool_20220531-M-Roland_Garros-QF-Novak_Djokovic-Rafael_Nadal:0098,98,84,72,djokovic,djokovic,surname,,,subject,nsubj,JUDGE,3,,136.08,35.32,134.2,True,JUDGE,134.2
tv_pool_20220531-M-Roland_Garros-QF-Novak_Djokovic-Rafael_Nadal,tv_pool_20220531-M-Roland_Garros-QF-Novak_Djokovic-Rafael_Nadal:0098,98,130,114,djokovic,djokovic,surname,,,subject,nsubj,OTHER,3,,136.08,35.32,134.2,True,OTHER,134.2
tv_pool_20220531-M-Roland_Garros-QF-Novak_Djokovic-Rafael_Nadal,tv_pool_20220531-M-Roland_Garros-QF-Novak_Djokovic-Rafael_Nadal:0099,99,31,25,nadal,nadal,surname,,,after_preposition,pobj,SHOT,2,,31.92,136.08,30.08,True,SHOT,30.08
tv_pool_20220531-M-Roland_Garros-QF-Novak_Djokovic-Rafael_Nadal,tv_pool_20220531-M-Roland_Garros-QF-Novak_Djokovic-Rafael_Nadal:0100,100,0,0,djokovic,djokovic,surname,,,subject,nsubj,OTHER,3,,33.76,31.92,32.84,True,OTHER,32.84
tv_pool_20220531-M-Roland_Garros-QF-Novak_Djokovic-Rafael_Nadal,tv_pool_20220531-M-Roland_Garros-QF-Novak_Djokovic-Rafael_Nadal:0104,104,0,0,djokovic,djokovic,surname,,,subject,nsubj,OTHER,3,,73.2,46.24,71.28,True,OTHER,71.28
tv_pool_20220531-M-Roland_Garros-QF-Novak_Djokovic-Rafael_Nadal,tv_pool_20220531-M-Roland_Garros-QF-Novak_Djokovic-Rafael_Nadal:0104,104,55,47,nadal,nadal,surname,,,subject,nsubj,OTHER,2,,73.2,46.24,71.28,True,OTHER,71.28
tv_pool_20220531-M-Roland_Garros-QF-Novak_Djokovic-Rafael_Nadal,tv_pool_20220531-M-Roland_Garros-QF-Novak_Djokovic-Rafael_Nadal:0104,104,84,74,djokovic,djokovic,surname,,,after_preposition,pobj,SCORE,3,,73.2,46.24,71.28,True,SCORE,71.28
tv_pool_20220531-M-Roland_Garros-QF-Novak_Djokovic-Rafael_Nadal,tv_pool_20220531-M-Roland_Garros-QF-Novak_Djokovic-Rafael_Nadal:0105,105,5,4,djokovic,djokovic,surname,,,after_preposition,pobj,OTHER,3,,55.56,73.2,53.6,True,OTHER,53.6
tv_pool_20220531-M-Roland_Garros-QF-Novak_Djokovic-Rafael_Nadal,tv_pool_20220531-M-Roland_Garros-QF-Novak_Djokovic-Rafael_Nadal:0105,105,12,11,nadal,nadal,surname,,,after_preposition,pobj,SHOT,2,,55.56,73.2,53.6,True,SHOT,53.6
tv_pool_20220531-M-Roland_Garros-QF-Novak_Djokovic-Rafael_Nadal,tv_pool_20220531-M-Roland_Garros-QF-Novak_Djokovic-Rafael_Nadal:0109,109,3,2,nadal,nadal,surname,,,other,ROOT,OTHER,2,,30.72,27.64,28.92,True,OTHER,28.92
tv_pool_20220531-M-Roland_Garros-QF-Novak_Djokovic-Rafael_Nadal,tv_pool_20220531-M-Roland_Garros-QF-Novak_Djokovic-Rafael_Nadal:0109,109,16,14,djokovic,djokovic,surname,,,after_preposition,pobj,SHOT,3,,30.72,27.64,28.92,True,SHOT,28.92
tv_pool_20220531-M-Roland_Garros-QF-Novak_Djokovic-Rafael_Nadal,tv_pool_20220531-M-Roland_Garros-QF-Novak_Djokovic-Rafael_Nadal:0110,110,18,12,djokovic,djokovic,surname,,,subject,nsubj,JUDGE,3,,154.68,30.72,152.88,True,JUDGE,152.88
tv_pool_20220531-M-Roland_Garros-QF-Novak_Djokovic-Rafael_Nadal,tv_pool_20220531-M-Roland_Garros-QF-Novak_Djokovic-Rafael_Nadal:0110,110,47,37,nadal,nadal,surname,,,subject,nsubjpass,OTHER,2,,154.68,30.72,152.88,True,OTHER,152.88
tv_pool_20220531-M-Roland_Garros-QF-Novak_Djokovic-Rafael_Nadal,tv_pool_20220531-M-Roland_Garros-QF-Novak_Djokovic-Rafael_Nadal:0110,110,59,47,nadal,nadal,surname,,,vocative_exclamation,ROOT,OTHER,2,,154.68,30.72,152.88,True,OTHER,152.88
tv_pool_20220531-M-Roland_Garros-QF-Novak_Djokovic-Rafael_Nadal,tv_pool_20220531-M-Roland_Garros-QF-Novak_Djokovic-Rafael_Nadal:0110,110,82,65,UNRESOLVED,the number one seed,epithet,epithet_descriptive,unresolved,after_preposition,pobj,JUDGE,5,,154.68,30.72,152.88,True,STAT,152.88
tv_pool_20220531-M-Roland_Garros-QF-Novak_Djokovic-Rafael_Nadal,tv_pool_20220531-M-Roland_Garros-QF-Novak_Djokovic-Rafael_Nadal:0110,110,94,75,nadal,rafa,hypocoristic,,,possessive,poss,SHOT,2,,154.68,30.72,152.88,True,SHOT,152.88
tv_pool_20220531-M-Roland_Garros-QF-Novak_Djokovic-Rafael_Nadal,tv_pool_20220531-M-Roland_Garros-QF-Novak_Djokovic-Rafael_Nadal:0111,111,12,11,nadal,nadal,surname,,,vocative_exclamation,ROOT,OTHER,2,,35.56,154.68,30,True,OTHER,30
tv_pool_20220531-M-Roland_Garros-QF-Novak_Djokovic-Rafael_Nadal,tv_pool_20220531-M-Roland_Garros-QF-Novak_Djokovic-Rafael_Nadal:0111,111,29,26,djokovic,djokovic,surname,,,other,compound,OTHER,3,,35.56,154.68,30,True,OTHER,30
tv_pool_20220531-M-Roland_Garros-QF-Novak_Djokovic-Rafael_Nadal,tv_pool_20220531-M-Roland_Garros-QF-Novak_Djokovic-Rafael_Nadal:0111,111,62,55,djokovic,djokovic,surname,,,after_preposition,pobj,OTHER,3,,35.56,154.68,30,True,OTHER,30
tv_pool_20220531-M-Roland_Garros-QF-Novak_Djokovic-Rafael_Nadal,tv_pool_20220531-M-Roland_Garros-QF-Novak_Djokovic-Rafael_Nadal:0112,112,8,7,nadal,nadal,surname,,,possessive,poss,SHOT,2,,41.6,35.56,39.68,True,SHOT,39.68
tv_pool_20220531-M-Roland_Garros-QF-Novak_Djokovic-Rafael_Nadal,tv_pool_20220531-M-Roland_Garros-QF-Novak_Djokovic-Rafael_Nadal:0112,112,39,35,nadal,rafa,hypocoristic,,,after_preposition,appos,SHOT,2,,41.6,35.56,39.68,True,SHOT,39.68
tv_pool_20220531-M-Roland_Garros-QF-Novak_Djokovic-Rafael_Nadal,tv_pool_20220531-M-Roland_Garros-QF-Novak_Djokovic-Rafael_Nadal:0114,114,0,0,djokovic,djokovic,surname,,,subject,nsubj,OTHER,3,,36.2,36.32,34.36,True,OTHER,34.36
tv_pool_20220531-M-Roland_Garros-QF-Novak_Djokovic-Rafael_Nadal,tv_pool_20220531-M-Roland_Garros-QF-Novak_Djokovic-Rafael_Nadal:0114,114,51,44,nadal,rafa,hypocoristic,,,after_preposition,pobj,JUDGE,2,,36.2,36.32,34.36,True,JUDGE,34.36
tv_pool_20220531-M-Roland_Garros-QF-Novak_Djokovic-Rafael_Nadal,tv_pool_20220531-M-Roland_Garros-QF-Novak_Djokovic-Rafael_Nadal:0114,114,73,60,nadal,rafa,hypocoristic,,,subject,nsubj,CROWD,2,,36.2,36.32,34.36,True,CROWD,34.36
tv_pool_20220531-M-Roland_Garros-QF-Novak_Djokovic-Rafael_Nadal,tv_pool_20220531-M-Roland_Garros-QF-Novak_Djokovic-Rafael_Nadal:0114,114,100,82,djokovic,novak,first_name,,,after_preposition,pobj,OTHER,2,,36.2,36.32,34.36,True,OTHER,34.36
tv_pool_20220531-M-Roland_Garros-QF-Novak_Djokovic-Rafael_Nadal,tv_pool_20220531-M-Roland_Garros-QF-Novak_Djokovic-Rafael_Nadal:0118,118,17,14,nadal,nadal,surname,,,subject,nsubjpass,SHOT,2,,77.76,32.36,75.84,True,SHOT,75.84
tv_pool_20220531-M-Roland_Garros-QF-Novak_Djokovic-Rafael_Nadal,tv_pool_20220531-M-Roland_Garros-QF-Novak_Djokovic-Rafael_Nadal:0118,118,29,25,djokovic,djokovic,surname,,,object,attr,JUDGE,3,,77.76,32.36,75.84,True,JUDGE,75.84
tv_pool_20220531-M-Roland_Garros-QF-Novak_Djokovic-Rafael_Nadal,tv_pool_20220531-M-Roland_Garros-QF-Novak_Djokovic-Rafael_Nadal:0118,118,41,35,djokovic,novak,first_name,,,other,compound,OTHER,2,,77.76,32.36,75.84,True,OTHER,75.84
tv_pool_20220531-M-Roland_Garros-QF-Novak_Djokovic-Rafael_Nadal,tv_pool_20220531-M-Roland_Garros-QF-Novak_Djokovic-Rafael_Nadal:0118,118,65,58,nadal,rafa,hypocoristic,,,after_preposition,pobj,OTHER,2,,77.76,32.36,75.84,True,OTHER,75.84
tv_pool_20220531-M-Roland_Garros-QF-Novak_Djokovic-Rafael_Nadal,tv_pool_20220531-M-Roland_Garros-QF-Novak_Djokovic-Rafael_Nadal:0118,118,79,69,nadal,rafa,hypocoristic,,,object,dobj,CROWD,2,,77.76,32.36,75.84,True,CROWD,75.84
tv_pool_20220531-M-Roland_Garros-QF-Novak_Djokovic-Rafael_Nadal,tv_pool_20220531-M-Roland_Garros-QF-Novak_Djokovic-Rafael_Nadal:0118,118,81,70,nadal,rafa,hypocoristic,,,object,appos,CROWD,2,,77.76,32.36,75.84,True,CROWD,75.84
tv_pool_20220531-M-Roland_Garros-QF-Novak_Djokovic-Rafael_Nadal,tv_pool_20220531-M-Roland_Garros-QF-Novak_Djokovic-Rafael_Nadal:0118,118,87,75,djokovic,djokovic,surname,,,possessive,poss,JUDGE,3,,77.76,32.36,75.84,True,JUDGE,75.84
tv_pool_20220531-M-Roland_Garros-QF-Novak_Djokovic-Rafael_Nadal,tv_pool_20220531-M-Roland_Garros-QF-Novak_Djokovic-Rafael_Nadal:0118,118,137,119,nadal,nadal,surname,,,subject,nsubj,SCORE,2,,77.76,32.36,75.84,True,SCORE,75.84
tv_pool_20220531-M-Roland_Garros-QF-Novak_Djokovic-Rafael_Nadal,tv_pool_20220531-M-Roland_Garros-QF-Novak_Djokovic-Rafael_Nadal:0119,119,0,0,djokovic,djokovic,surname,,,subject,nsubj,SHOT,3,,36.6,77.76,34.76,True,SHOT,34.76
tv_pool_20220531-M-Roland_Garros-QF-Novak_Djokovic-Rafael_Nadal,tv_pool_20220531-M-Roland_Garros-QF-Novak_Djokovic-Rafael_Nadal:0121,121,11,11,nadal,nadal,surname,,,after_preposition,pobj,SHOT,2,,36.56,23.2,34.6,True,SHOT,34.6
tv_pool_20220531-M-Roland_Garros-QF-Novak_Djokovic-Rafael_Nadal,tv_pool_20220531-M-Roland_Garros-QF-Novak_Djokovic-Rafael_Nadal:0125,125,6,5,djokovic,djokovic,surname,,,possessive,poss,SHOT,3,,90.88,455.96,83.76,True,SHOT,83.76
tv_pool_20220531-M-Roland_Garros-QF-Novak_Djokovic-Rafael_Nadal,tv_pool_20220531-M-Roland_Garros-QF-Novak_Djokovic-Rafael_Nadal:0125,125,13,10,nadal,rafa,hypocoristic,,,after_preposition,pobj,SHOT,2,,90.88,455.96,83.76,True,SHOT,83.76
tv_pool_20220531-M-Roland_Garros-QF-Novak_Djokovic-Rafael_Nadal,tv_pool_20220531-M-Roland_Garros-QF-Novak_Djokovic-Rafael_Nadal:0125,125,26,21,djokovic,novak,first_name,,,after_preposition,pobj,OTHER,2,,90.88,455.96,83.76,True,OTHER,83.76
tv_pool_20220531-M-Roland_Garros-QF-Novak_Djokovic-Rafael_Nadal,tv_pool_20220531-M-Roland_Garros-QF-Novak_Djokovic-Rafael_Nadal:0126,126,3,3,djokovic,djokovic,surname,,,object,attr,STAT,3,,31.36,90.88,30.8,True,STAT,30.8
tv_pool_20220531-M-Roland_Garros-QF-Novak_Djokovic-Rafael_Nadal,tv_pool_20220531-M-Roland_Garros-QF-Novak_Djokovic-Rafael_Nadal:0127,127,8,6,UNRESOLVED,the number one seed,epithet,epithet_descriptive,unresolved,after_preposition,pobj,CROWD,5,,14.16,31.36,7.4,True,STAT,7.4
tv_pool_20220531-M-Roland_Garros-QF-Novak_Djokovic-Rafael_Nadal,tv_pool_20220531-M-Roland_Garros-QF-Novak_Djokovic-Rafael_Nadal:0130,130,15,14,djokovic,djokovic,surname,,,after_preposition,pobj,OTHER,3,,34.48,12.8,32.52,True,OTHER,32.52
tv_pool_20220531-M-Roland_Garros-QF-Novak_Djokovic-Rafael_Nadal,tv_pool_20220531-M-Roland_Garros-QF-Novak_Djokovic-Rafael_Nadal:0131,131,42,36,UNRESOLVED,the champion,epithet,epithet_descriptive,unresolved,after_preposition,pobj,OTHER,4,,31.72,34.48,29.68,True,OTHER,29.68
tv_pool_20220531-M-Roland_Garros-QF-Novak_Djokovic-Rafael_Nadal,tv_pool_20220531-M-Roland_Garros-QF-Novak_Djokovic-Rafael_Nadal:0132,132,5,5,djokovic,djokovic,surname,,,after_preposition,pobj,OTHER,3,,29.6,31.72,27.68,True,OTHER,27.68
tv_pool_20220531-M-Roland_Garros-QF-Novak_Djokovic-Rafael_Nadal,tv_pool_20220531-M-Roland_Garros-QF-Novak_Djokovic-Rafael_Nadal:0133,133,13,13,djokovic,djokovic,surname,,,after_preposition,pobj,SHOT,3,,34.96,29.6,33.04,True,SHOT,33.04
tv_pool_20220531-M-Roland_Garros-QF-Novak_Djokovic-Rafael_Nadal,tv_pool_20220531-M-Roland_Garros-QF-Novak_Djokovic-Rafael_Nadal:0136,136,2,2,nadal,rafa,hypocoristic,,,after_preposition,pobj,CROWD,2,,71.4,38.92,69.44,True,CROWD,69.44
tv_pool_20220531-M-Roland_Garros-QF-Novak_Djokovic-Rafael_Nadal,tv_pool_20220531-M-Roland_Garros-QF-Novak_Djokovic-Rafael_Nadal:0136,136,4,3,nadal,rafa nadal,full_name,,,other,amod,CROWD,4,,71.4,38.92,69.44,True,CROWD,69.44
tv_pool_20220531-M-Roland_Garros-QF-Novak_Djokovic-Rafael_Nadal,tv_pool_20220531-M-Roland_Garros-QF-Novak_Djokovic-Rafael_Nadal:0136,136,98,86,nadal,nadal,surname,,,subject,nsubj,OTHER,2,,71.4,38.92,69.44,True,OTHER,69.44
tv_pool_20220531-M-Roland_Garros-QF-Novak_Djokovic-Rafael_Nadal,tv_pool_20220531-M-Roland_Garros-QF-Novak_Djokovic-Rafael_Nadal:0137,137,15,13,djokovic,djokovic,surname,,,after_preposition,pobj,OTHER,3,,58.52,71.4,52.56,True,OTHER,52.56
tv_pool_20220531-M-Roland_Garros-QF-Novak_Djokovic-Rafael_Nadal,tv_pool_20220531-M-Roland_Garros-QF-Novak_Djokovic-Rafael_Nadal:0140,140,5,5,nadal,nadal,surname,,,after_preposition,pobj,JUDGE,2,,36.12,31.6,34.24,True,JUDGE,34.24
tv_pool_20220531-M-Roland_Garros-QF-Novak_Djokovic-Rafael_Nadal,tv_pool_20220531-M-Roland_Garros-QF-Novak_Djokovic-Rafael_Nadal:0140,140,88,74,djokovic,djokovic,surname,,,subject,nsubj,OTHER,3,,36.12,31.6,34.24,True,OTHER,34.24
tv_pool_20220531-M-Roland_Garros-QF-Novak_Djokovic-Rafael_Nadal,tv_pool_20220531-M-Roland_Garros-QF-Novak_Djokovic-Rafael_Nadal:0140,140,123,103,djokovic,djokovic,surname,,,vocative_exclamation,ROOT,OTHER,3,,36.12,31.6,34.24,True,OTHER,34.24
tv_pool_20220531-M-Roland_Garros-QF-Novak_Djokovic-Rafael_Nadal,tv_pool_20220531-M-Roland_Garros-QF-Novak_Djokovic-Rafael_Nadal:0140,140,186,155,djokovic,djokovic,surname,,,other,appos,JUDGE,3,,36.12,31.6,34.24,True,JUDGE,34.24
tv_pool_20220531-M-Roland_Garros-QF-Novak_Djokovic-Rafael_Nadal,tv_pool_20220531-M-Roland_Garros-QF-Novak_Djokovic-Rafael_Nadal:0140,140,205,171,nadal,rafa,hypocoristic,,,after_preposition,pobj,OTHER,2,,36.12,31.6,34.24,True,OTHER,34.24
tv_pool_20220531-M-Roland_Garros-QF-Novak_Djokovic-Rafael_Nadal,tv_pool_20220531-M-Roland_Garros-QF-Novak_Djokovic-Rafael_Nadal:0140,140,214,178,djokovic,djokovic,surname,,,after_preposition,conj,OFFICIAL,3,,36.12,31.6,34.24,True,OFFICIAL,34.24
tv_pool_20220531-M-Roland_Garros-QF-Novak_Djokovic-Rafael_Nadal,tv_pool_20220531-M-Roland_Garros-QF-Novak_Djokovic-Rafael_Nadal:0140,140,222,185,djokovic,djokovic,surname,,,object,dobj,OFFICIAL,3,,36.12,31.6,34.24,True,OFFICIAL,34.24
tv_pool_20220531-M-Roland_Garros-QF-Novak_Djokovic-Rafael_Nadal,tv_pool_20220531-M-Roland_Garros-QF-Novak_Djokovic-Rafael_Nadal:0142,142,7,6,djokovic,djokovic,surname,,,possessive,poss,SHOT,3,,35.72,136.32,33.8,True,SHOT,33.8
tv_pool_20220531-M-Roland_Garros-QF-Novak_Djokovic-Rafael_Nadal,tv_pool_20220531-M-Roland_Garros-QF-Novak_Djokovic-Rafael_Nadal:0143,143,44,42,nadal,rafa,hypocoristic,,,subject,nsubj,JUDGE,2,,29.88,35.72,28,True,JUDGE,28
tv_pool_20220531-M-Roland_Garros-QF-Novak_Djokovic-Rafael_Nadal,tv_pool_20220531-M-Roland_Garros-QF-Novak_Djokovic-Rafael_Nadal:0145,145,6,6,nadal,rafa,hypocoristic,,,subject,nsubj,STAT,2,,43.12,33.2,41.2,True,STAT,41.2
tv_pool_20220531-M-Roland_Garros-QF-Novak_Djokovic-Rafael_Nadal,tv_pool_20220531-M-Roland_Garros-QF-Novak_Djokovic-Rafael_Nadal:0147,147,12,11,nadal,nadal,surname,,,after_preposition,pobj,OTHER,2,,35.36,46.24,33.44,True,OTHER,33.44
tv_pool_20220531-M-Roland_Garros-QF-Novak_Djokovic-Rafael_Nadal,tv_pool_20220531-M-Roland_Garros-QF-Novak_Djokovic-Rafael_Nadal:0147,147,24,20,djokovic,djokovic,surname,,,subject,nsubj,SHOT,3,,35.36,46.24,33.44,True,SHOT,33.44
tv_pool_20220531-M-Roland_Garros-QF-Novak_Djokovic-Rafael_Nadal,tv_pool_20220531-M-Roland_Garros-QF-Novak_Djokovic-Rafael_Nadal:0147,147,45,35,nadal,rafa,hypocoristic,,,object,dobj,STAT,2,,35.36,46.24,33.44,True,STAT,33.44
tv_pool_20220531-M-Roland_Garros-QF-Novak_Djokovic-Rafael_Nadal,tv_pool_20220531-M-Roland_Garros-QF-Novak_Djokovic-Rafael_Nadal:0147,147,55,43,nadal,rafa,hypocoristic,,,subject,nsubj,SHOT,2,,35.36,46.24,33.44,True,SHOT,33.44
tv_pool_20220531-M-Roland_Garros-QF-Novak_Djokovic-Rafael_Nadal,tv_pool_20220531-M-Roland_Garros-QF-Novak_Djokovic-Rafael_Nadal:0147,147,67,53,djokovic,djokovic,surname,,,subject,nsubj,SHOT,3,,35.36,46.24,33.44,True,SHOT,33.44
tv_pool_20220531-M-Roland_Garros-QF-Novak_Djokovic-Rafael_Nadal,tv_pool_20220531-M-Roland_Garros-QF-Novak_Djokovic-Rafael_Nadal:0149,149,0,0,djokovic,djokovic,surname,,,vocative_exclamation,ROOT,OFFICIAL,3,,27.32,86.6,25.44,True,OFFICIAL,25.44
tv_pool_20220531-M-Roland_Garros-QF-Novak_Djokovic-Rafael_Nadal,tv_pool_20220531-M-Roland_Garros-QF-Novak_Djokovic-Rafael_Nadal:0151,151,13,11,nadal,rafa,hypocoristic,,,subject,nsubj,SHOT,2,,28.08,52.68,26.24,True,SHOT,26.24
tv_pool_20220531-M-Roland_Garros-QF-Novak_Djokovic-Rafael_Nadal,tv_pool_20220531-M-Roland_Garros-QF-Novak_Djokovic-Rafael_Nadal:0151,151,35,30,nadal,rafa,hypocoristic,,,possessive,poss,SHOT,2,,28.08,52.68,26.24,True,SHOT,26.24
tv_pool_20220531-M-Roland_Garros-QF-Novak_Djokovic-Rafael_Nadal,tv_pool_20220531-M-Roland_Garros-QF-Novak_Djokovic-Rafael_Nadal:0152,152,4,4,djokovic,djokovic,surname,,,after_preposition,pobj,OTHER,3,,112.28,28.08,109.28,True,OTHER,109.28
tv_pool_20220531-M-Roland_Garros-QF-Novak_Djokovic-Rafael_Nadal,tv_pool_20220531-M-Roland_Garros-QF-Novak_Djokovic-Rafael_Nadal:0152,152,30,25,nadal,nadal,surname,,,other,acomp,SHOT,2,,112.28,28.08,109.28,True,SHOT,109.28
tv_pool_20220531-M-Roland_Garros-QF-Novak_Djokovic-Rafael_Nadal,tv_pool_20220531-M-Roland_Garros-QF-Novak_Djokovic-Rafael_Nadal:0152,152,49,41,djokovic,djokovic,surname,,,subject,nsubj,OTHER,3,,112.28,28.08,109.28,True,OTHER,109.28
tv_pool_20220531-M-Roland_Garros-QF-Novak_Djokovic-Rafael_Nadal,tv_pool_20220531-M-Roland_Garros-QF-Novak_Djokovic-Rafael_Nadal:0152,152,63,54,nadal,nadal,surname,,,subject,nsubj,STAT,2,,112.28,28.08,109.28,True,STAT,109.28
tv_pool_20220531-M-Roland_Garros-QF-Novak_Djokovic-Rafael_Nadal,tv_pool_20220531-M-Roland_Garros-QF-Novak_Djokovic-Rafael_Nadal:0154,154,3,3,djokovic,djokovic,surname,,,after_preposition,pobj,SHOT,3,,28.92,59.48,27.04,True,SHOT,27.04
tv_pool_20220531-M-Roland_Garros-QF-Novak_Djokovic-Rafael_Nadal,tv_pool_20220531-M-Roland_Garros-QF-Novak_Djokovic-Rafael_Nadal:0154,154,12,10,nadal,nadal,surname,,,possessive,poss,SHOT,2,,28.92,59.48,27.04,True,SHOT,27.04
tv_pool_20220531-M-Roland_Garros-QF-Novak_Djokovic-Rafael_Nadal,tv_pool_20220531-M-Roland_Garros-QF-Novak_Djokovic-Rafael_Nadal:0156,156,0,0,nadal,nadal,surname,,,subject,nsubj,OTHER,2,,35.52,42.08,33.68,True,OTHER,33.68
tv_pool_20220531-M-Roland_Garros-QF-Novak_Djokovic-Rafael_Nadal,tv_pool_20220531-M-Roland_Garros-QF-Novak_Djokovic-Rafael_Nadal:0156,156,4,4,djokovic,djokovic,surname,,,subject,nsubj,OTHER,3,,35.52,42.08,33.68,True,OTHER,33.68
tv_pool_20220531-M-Roland_Garros-QF-Novak_Djokovic-Rafael_Nadal,tv_pool_20220531-M-Roland_Garros-QF-Novak_Djokovic-Rafael_Nadal:0156,156,14,13,nadal,nadal,surname,,,subject,nsubj,SHOT,2,,35.52,42.08,33.68,True,SHOT,33.68
tv_pool_20220531-M-Roland_Garros-QF-Novak_Djokovic-Rafael_Nadal,tv_pool_20220531-M-Roland_Garros-QF-Novak_Djokovic-Rafael_Nadal:0156,156,29,28,nadal,nadal,surname,,,subject,nsubj,OTHER,2,,35.52,42.08,33.68,True,OTHER,33.68
tv_pool_20220531-M-Roland_Garros-QF-Novak_Djokovic-Rafael_Nadal,tv_pool_20220531-M-Roland_Garros-QF-Novak_Djokovic-Rafael_Nadal:0156,156,40,39,djokovic,djokovic,surname,,,after_preposition,pobj,SCORE,3,,35.52,42.08,33.68,True,SCORE,33.68
tv_pool_20220531-M-Roland_Garros-QF-Novak_Djokovic-Rafael_Nadal,tv_pool_20220531-M-Roland_Garros-QF-Novak_Djokovic-Rafael_Nadal:0159,159,10,10,djokovic,djokovic,surname,,,after_preposition,pobj,OTHER,3,,53.64,32.24,52.8,True,OTHER,52.8
tv_pool_20220531-M-Roland_Garros-QF-Novak_Djokovic-Rafael_Nadal,tv_pool_20220531-M-Roland_Garros-QF-Novak_Djokovic-Rafael_Nadal:0160,160,4,4,djokovic,djokovic,surname,,,subject,nsubj,OTHER,3,,137.76,53.64,134.76,True,OTHER,134.76
tv_pool_20220531-M-Roland_Garros-QF-Novak_Djokovic-Rafael_Nadal,tv_pool_20220531-M-Roland_Garros-QF-Novak_Djokovic-Rafael_Nadal:0160,160,57,53,djokovic,djokovic,surname,,,after_preposition,pobj,OTHER,3,,137.76,53.64,134.76,True,OTHER,134.76
tv_pool_20220531-M-Roland_Garros-QF-Novak_Djokovic-Rafael_Nadal,tv_pool_20220531-M-Roland_Garros-QF-Novak_Djokovic-Rafael_Nadal:0162,162,6,6,nadal,nadal,surname,,,after_preposition,pobj,OTHER,2,,35.84,31.48,33.92,True,OTHER,33.92
tv_pool_20220531-M-Roland_Garros-QF-Novak_Djokovic-Rafael_Nadal,tv_pool_20220531-M-Roland_Garros-QF-Novak_Djokovic-Rafael_Nadal:0162,162,18,15,djokovic,djokovic,surname,,,subject,nsubjpass,OTHER,3,,35.84,31.48,33.92,True,OTHER,33.92
tv_pool_20220531-M-Roland_Garros-QF-Novak_Djokovic-Rafael_Nadal,tv_pool_20220531-M-Roland_Garros-QF-Novak_Djokovic-Rafael_Nadal:0162,162,60,51,nadal,rafa,hypocoristic,,,after_preposition,pobj,JUDGE,2,,35.84,31.48,33.92,True,JUDGE,33.92
tv_pool_20220531-M-Roland_Garros-QF-Novak_Djokovic-Rafael_Nadal,tv_pool_20220531-M-Roland_Garros-QF-Novak_Djokovic-Rafael_Nadal:0164,164,14,14,nadal,nadal,surname,,,other,amod,SCORE,2,,28.84,18.28,26.96,True,SCORE,26.96
tv_pool_20220531-M-Roland_Garros-QF-Novak_Djokovic-Rafael_Nadal,tv_pool_20220531-M-Roland_Garros-QF-Novak_Djokovic-Rafael_Nadal:0165,165,6,5,nadal,nadal,surname,,,subject,nsubj,SHOT,2,,104.56,28.84,102.68,True,SHOT,102.68
tv_pool_20220531-M-Roland_Garros-QF-Novak_Djokovic-Rafael_Nadal,tv_pool_20220531-M-Roland_Garros-QF-Novak_Djokovic-Rafael_Nadal:0165,165,14,12,djokovic,djokovic,surname,,,subject,nsubj,JUDGE,3,,104.56,28.84,102.68,True,JUDGE,102.68
tv_pool_20220531-M-Roland_Garros-QF-Novak_Djokovic-Rafael_Nadal,tv_pool_20220531-M-Roland_Garros-QF-Novak_Djokovic-Rafael_Nadal:0165,165,56,48,djokovic,djokovic,surname,,,subject,nsubjpass,SCORE,3,,104.56,28.84,102.68,True,SCORE,102.68
tv_pool_20220531-M-Roland_Garros-QF-Novak_Djokovic-Rafael_Nadal,tv_pool_20220531-M-Roland_Garros-QF-Novak_Djokovic-Rafael_Nadal:0167,167,10,10,djokovic,djokovic,surname,,,after_preposition,pobj,OTHER,3,,47.6,32.28,43.8,True,OTHER,43.8
tv_pool_20220531-M-Roland_Garros-QF-Novak_Djokovic-Rafael_Nadal,tv_pool_20220531-M-Roland_Garros-QF-Novak_Djokovic-Rafael_Nadal:0170,170,8,7,nadal,nadal,surname,,,object,dobj,JUDGE,2,,48.2,48.76,45.64,True,JUDGE,45.64
tv_pool_20220531-M-Roland_Garros-QF-Novak_Djokovic-Rafael_Nadal,tv_pool_20220531-M-Roland_Garros-QF-Novak_Djokovic-Rafael_Nadal:0174,174,9,8,djokovic,djokovic,surname,,,subject,nsubj,SHOT,3,,159.2,25.08,157.24,True,SHOT,157.24
tv_pool_20220531-M-Roland_Garros-QF-Novak_Djokovic-Rafael_Nadal,tv_pool_20220531-M-Roland_Garros-QF-Novak_Djokovic-Rafael_Nadal:0175,175,4,4,djokovic,djokovic,surname,,,after_preposition,pobj,OTHER,3,,17.08,159.2,15.2,True,OTHER,15.2
tv_pool_20220531-M-Roland_Garros-QF-Novak_Djokovic-Rafael_Nadal,tv_pool_20220531-M-Roland_Garros-QF-Novak_Djokovic-Rafael_Nadal:0175,175,59,52,nadal,rafa,hypocoristic,,,other,conj,OTHER,2,,17.08,159.2,15.2,True,OTHER,15.2
tv_pool_20220531-M-Roland_Garros-QF-Novak_Djokovic-Rafael_Nadal,tv_pool_20220531-M-Roland_Garros-QF-Novak_Djokovic-Rafael_Nadal:0175,175,121,113,djokovic,djokovic,surname,,,after_preposition,pobj,OTHER,3,,17.08,159.2,15.2,True,OTHER,15.2
tv_pool_20220531-M-Roland_Garros-QF-Novak_Djokovic-Rafael_Nadal,tv_pool_20220531-M-Roland_Garros-QF-Novak_Djokovic-Rafael_Nadal:0175,175,147,139,djokovic,djokovic,surname,,,after_preposition,conj,OFFICIAL,3,,17.08,159.2,15.2,True,OFFICIAL,15.2
tv_pool_20220531-M-Roland_Garros-QF-Novak_Djokovic-Rafael_Nadal,tv_pool_20220531-M-Roland_Garros-QF-Novak_Djokovic-Rafael_Nadal:0175,175,167,158,djokovic,djokovic,surname,,,after_preposition,pobj,OTHER,3,,17.08,159.2,15.2,True,OTHER,15.2
tv_pool_20220531-M-Roland_Garros-QF-Novak_Djokovic-Rafael_Nadal,tv_pool_20220531-M-Roland_Garros-QF-Novak_Djokovic-Rafael_Nadal:0175,175,208,196,djokovic,djokovic,surname,,,after_preposition,pobj,JUDGE,3,,17.08,159.2,15.2,True,JUDGE,15.2
tv_pool_20220531-M-Roland_Garros-QF-Novak_Djokovic-Rafael_Nadal,tv_pool_20220531-M-Roland_Garros-QF-Novak_Djokovic-Rafael_Nadal:0175,175,296,274,djokovic,djokovic,surname,,,after_preposition,pobj,OTHER,3,,17.08,159.2,15.2,True,OTHER,15.2
tv_pool_20220531-M-Roland_Garros-QF-Novak_Djokovic-Rafael_Nadal,tv_pool_20220531-M-Roland_Garros-QF-Novak_Djokovic-Rafael_Nadal:0178,178,53,44,nadal,nadal,surname,,,subject,nsubj,SHOT,2,,36.28,32.08,34.44,True,SHOT,34.44
tv_pool_20220531-M-Roland_Garros-QF-Novak_Djokovic-Rafael_Nadal,tv_pool_20220531-M-Roland_Garros-QF-Novak_Djokovic-Rafael_Nadal:0178,178,70,60,djokovic,djokovic,surname,,,after_preposition,pobj,SHOT,3,,36.28,32.08,34.44,True,SHOT,34.44
tv_pool_20220531-M-Roland_Garros-QF-Novak_Djokovic-Rafael_Nadal,tv_pool_20220531-M-Roland_Garros-QF-Novak_Djokovic-Rafael_Nadal:0181,181,14,13,djokovic,djokovic,surname,,,after_preposition,pobj,OTHER,3,,33.2,215.96,31.24,True,OTHER,31.24
tv_pool_20220531-M-Roland_Garros-QF-Novak_Djokovic-Rafael_Nadal,tv_pool_20220531-M-Roland_Garros-QF-Novak_Djokovic-Rafael_Nadal:0182,182,3,2,djokovic,djokovic,surname,,,subject,nsubjpass,OTHER,3,,126.52,33.2,124.6,True,OTHER,124.6
tv_pool_20220531-M-Roland_Garros-QF-Novak_Djokovic-Rafael_Nadal,tv_pool_20220531-M-Roland_Garros-QF-Novak_Djokovic-Rafael_Nadal:0182,182,10,9,nadal,nadal,surname,,,object,dative,OTHER,2,,126.52,33.2,124.6,True,OTHER,124.6
tv_pool_20220531-M-Roland_Garros-QF-Novak_Djokovic-Rafael_Nadal,tv_pool_20220531-M-Roland_Garros-QF-Novak_Djokovic-Rafael_Nadal:0183,183,14,13,nadal,nadal,surname,,,subject,nsubj,SHOT,2,,32,126.52,30.08,True,SHOT,30.08
tv_pool_20220531-M-Roland_Garros-QF-Novak_Djokovic-Rafael_Nadal,tv_pool_20220531-M-Roland_Garros-QF-Novak_Djokovic-Rafael_Nadal:0183,183,27,24,djokovic,djokovic,surname,,,vocative_exclamation,ROOT,OTHER,3,,32,126.52,30.08,True,OTHER,30.08
tv_pool_20220531-M-Roland_Garros-QF-Novak_Djokovic-Rafael_Nadal,tv_pool_20220531-M-Roland_Garros-QF-Novak_Djokovic-Rafael_Nadal:0186,186,25,21,djokovic,djokovic,surname,,,vocative_exclamation,ROOT,SHOT,3,,35.84,78.4,33.88,True,SHOT,33.88
tv_pool_20220531-M-Roland_Garros-QF-Novak_Djokovic-Rafael_Nadal,tv_pool_20220531-M-Roland_Garros-QF-Novak_Djokovic-Rafael_Nadal:0189,189,10,8,nadal,rafa,hypocoristic,,,subject,nsubj,OTHER,2,,31.84,31.32,29.92,True,OTHER,29.92
tv_pool_20220531-M-Roland_Garros-QF-Novak_Djokovic-Rafael_Nadal,tv_pool_20220531-M-Roland_Garros-QF-Novak_Djokovic-Rafael_Nadal:0191,191,15,13,djokovic,djokovic,surname,,,after_preposition,pobj,OTHER,3,,32.36,18.64,30.48,True,OTHER,30.48
tv_pool_20220531-M-Roland_Garros-QF-Novak_Djokovic-Rafael_Nadal,tv_pool_20220531-M-Roland_Garros-QF-Novak_Djokovic-Rafael_Nadal:0194,194,41,37,djokovic,djokovic,surname,,,possessive,poss,OTHER,3,,112.64,54.24,110.76,True,OTHER,110.76
tv_pool_20220531-M-Roland_Garros-QF-Novak_Djokovic-Rafael_Nadal,tv_pool_20220531-M-Roland_Garros-QF-Novak_Djokovic-Rafael_Nadal:0196,196,7,6,nadal,nadal,surname,,,vocative_exclamation,ROOT,JUDGE,2,,21.12,33.68,8.6,True,JUDGE,8.6
tv_pool_20220531-M-Roland_Garros-QF-Novak_Djokovic-Rafael_Nadal,tv_pool_20220531-M-Roland_Garros-QF-Novak_Djokovic-Rafael_Nadal:0197,197,21,20,djokovic,djokovic,surname,,,after_preposition,pobj,OTHER,3,,30.76,21.12,28.88,True,OTHER,28.88
tv_pool_20220531-M-Roland_Garros-QF-Novak_Djokovic-Rafael_Nadal,tv_pool_20220531-M-Roland_Garros-QF-Novak_Djokovic-Rafael_Nadal:0202,202,52,44,djokovic,djokovic,surname,,,vocative_exclamation,ROOT,JUDGE,3,,25.36,79.8,23.48,True,JUDGE,23.48
tv_pool_20220531-M-Roland_Garros-QF-Novak_Djokovic-Rafael_Nadal,tv_pool_20220531-M-Roland_Garros-QF-Novak_Djokovic-Rafael_Nadal:0202,202,54,45,djokovic,djokovic,surname,,,subject,nsubj,JUDGE,3,,25.36,79.8,23.48,True,JUDGE,23.48
tv_pool_20220531-M-Roland_Garros-QF-Novak_Djokovic-Rafael_Nadal,tv_pool_20220531-M-Roland_Garros-QF-Novak_Djokovic-Rafael_Nadal:0203,203,4,4,nadal,nadal,surname,,,after_preposition,pobj,JUDGE,2,,43.24,25.36,41.28,True,JUDGE,41.28
tv_pool_20220531-M-Roland_Garros-QF-Novak_Djokovic-Rafael_Nadal,tv_pool_20220531-M-Roland_Garros-QF-Novak_Djokovic-Rafael_Nadal:0203,203,7,6,djokovic,djokovic,surname,,,other,ROOT,JUDGE,3,,43.24,25.36,41.28,True,JUDGE,41.28
tv_pool_20220531-M-Roland_Garros-QF-Novak_Djokovic-Rafael_Nadal,tv_pool_20220531-M-Roland_Garros-QF-Novak_Djokovic-Rafael_Nadal:0203,203,28,25,nadal,nadal,surname,,,after_preposition,pobj,SHOT,2,,43.24,25.36,41.28,True,SHOT,41.28
tv_pool_20220531-M-Roland_Garros-QF-Novak_Djokovic-Rafael_Nadal,tv_pool_20220531-M-Roland_Garros-QF-Novak_Djokovic-Rafael_Nadal:0206,206,6,5,nadal,rafa,hypocoristic,,,subject,nsubj,SHOT,2,,26.24,14.24,24.36,True,SHOT,24.36
tv_pool_20220531-M-Roland_Garros-QF-Novak_Djokovic-Rafael_Nadal,tv_pool_20220531-M-Roland_Garros-QF-Novak_Djokovic-Rafael_Nadal:0206,206,13,12,djokovic,djokovic,surname,,,subject,nsubj,SHOT,3,,26.24,14.24,24.36,True,SHOT,24.36
tv_pool_20220531-M-Roland_Garros-QF-Novak_Djokovic-Rafael_Nadal,tv_pool_20220531-M-Roland_Garros-QF-Novak_Djokovic-Rafael_Nadal:0208,208,8,8,djokovic,djokovic,surname,,,subject,nsubj,OTHER,3,,45.64,115.24,45.52,True,OTHER,45.52
tv_pool_20220531-M-Roland_Garros-QF-Novak_Djokovic-Rafael_Nadal,tv_pool_20220531-M-Roland_Garros-QF-Novak_Djokovic-Rafael_Nadal:0208,208,38,34,nadal,rafa,hypocoristic,,,subject,nsubj,OTHER,2,,45.64,115.24,45.52,True,OTHER,45.52
tv_pool_20220531-M-Roland_Garros-QF-Novak_Djokovic-Rafael_Nadal,tv_pool_20220531-M-Roland_Garros-QF-Novak_Djokovic-Rafael_Nadal:0208,208,60,54,nadal,rafa,hypocoristic,,,possessive,poss,SHOT,2,,45.64,115.24,45.52,True,SHOT,45.52
tv_pool_20220531-M-Roland_Garros-QF-Novak_Djokovic-Rafael_Nadal,tv_pool_20220531-M-Roland_Garros-QF-Novak_Djokovic-Rafael_Nadal:0209,209,9,9,djokovic,djokovic,surname,,,after_preposition,pobj,OTHER,3,,32.2,45.64,30.24,True,OTHER,30.24
tv_pool_20220531-M-Roland_Garros-QF-Novak_Djokovic-Rafael_Nadal,tv_pool_20220531-M-Roland_Garros-QF-Novak_Djokovic-Rafael_Nadal:0211,211,4,4,djokovic,djokovic,surname,,,subject,nsubj,SHOT,3,,36.72,18.96,34.8,True,SHOT,34.8
tv_pool_20220531-M-Roland_Garros-QF-Novak_Djokovic-Rafael_Nadal,tv_pool_20220531-M-Roland_Garros-QF-Novak_Djokovic-Rafael_Nadal:0211,211,10,9,nadal,nadal,surname,,,subject,nsubj,SHOT,2,,36.72,18.96,34.8,True,SHOT,34.8
tv_pool_20220531-M-Roland_Garros-QF-Novak_Djokovic-Rafael_Nadal,tv_pool_20220531-M-Roland_Garros-QF-Novak_Djokovic-Rafael_Nadal:0216,216,5,5,djokovic,djokovic,surname,,,subject,nsubj,STAT,3,,77.88,34.84,75.92,True,STAT,75.92
tv_pool_20220531-M-Roland_Garros-QF-Novak_Djokovic-Rafael_Nadal,tv_pool_20220531-M-Roland_Garros-QF-Novak_Djokovic-Rafael_Nadal:0216,216,29,24,djokovic,djokovic,surname,,,subject,nsubj,OTHER,3,,77.88,34.84,75.92,True,OTHER,75.92
tv_pool_20220531-M-Roland_Garros-QF-Novak_Djokovic-Rafael_Nadal,tv_pool_20220531-M-Roland_Garros-QF-Novak_Djokovic-Rafael_Nadal:0219,219,7,7,nadal,rafa,hypocoristic,,,subject,nsubj,SHOT,2,,29.48,24,27.6,True,SHOT,27.6
tv_pool_20220531-M-Roland_Garros-QF-Novak_Djokovic-Rafael_Nadal,tv_pool_20220531-M-Roland_Garros-QF-Novak_Djokovic-Rafael_Nadal:0220,220,4,4,djokovic,djokovic,surname,,,after_preposition,pobj,JUDGE,3,,112.96,29.48,111.08,True,JUDGE,111.08
tv_pool_20220531-M-Roland_Garros-QF-Novak_Djokovic-Rafael_Nadal,tv_pool_20220531-M-Roland_Garros-QF-Novak_Djokovic-Rafael_Nadal:0221,221,11,9,nadal,rafa,hypocoristic,,,other,compound,CROWD,2,,29.44,112.96,27.52,True,CROWD,27.52
tv_pool_20220531-M-Roland_Garros-QF-Novak_Djokovic-Rafael_Nadal,tv_pool_20220531-M-Roland_Garros-QF-Novak_Djokovic-Rafael_Nadal:0221,221,34,29,djokovic,djokovic,surname,,,after_preposition,pobj,OTHER,3,,29.44,112.96,27.52,True,OTHER,27.52
tv_pool_20220531-M-Roland_Garros-QF-Novak_Djokovic-Rafael_Nadal,tv_pool_20220531-M-Roland_Garros-QF-Novak_Djokovic-Rafael_Nadal:0224,224,9,7,nadal,rafa,hypocoristic,,,after_preposition,pobj,OTHER,2,,27.16,28.96,25.28,True,OTHER,25.28
tv_pool_20220531-M-Roland_Garros-QF-Novak_Djokovic-Rafael_Nadal,tv_pool_20220531-M-Roland_Garros-QF-Novak_Djokovic-Rafael_Nadal:0226,226,38,34,nadal,rafa,hypocoristic,,,after_preposition,pobj,OTHER,2,,45.92,58.68,45.24,True,OTHER,45.24
tv_pool_20220531-M-Roland_Garros-QF-Novak_Djokovic-Rafael_Nadal,tv_pool_20220531-M-Roland_Garros-QF-Novak_Djokovic-Rafael_Nadal:0226,226,45,40,djokovic,djokovic,surname,,,after_preposition,pobj,JUDGE,3,,45.92,58.68,45.24,True,JUDGE,45.24
tv_pool_20220531-M-Roland_Garros-QF-Novak_Djokovic-Rafael_Nadal,tv_pool_20220531-M-Roland_Garros-QF-Novak_Djokovic-Rafael_Nadal:0226,226,84,73,nadal,nadal,surname,,,subject,nsubj,OTHER,2,,45.92,58.68,45.24,True,OTHER,45.24
tv_pool_20220531-M-Roland_Garros-QF-Novak_Djokovic-Rafael_Nadal,tv_pool_20220531-M-Roland_Garros-QF-Novak_Djokovic-Rafael_Nadal:0226,226,159,133,nadal,nadal,surname,,,after_preposition,pobj,JUDGE,2,,45.92,58.68,45.24,True,JUDGE,45.24
tv_pool_20220531-M-Roland_Garros-QF-Novak_Djokovic-Rafael_Nadal,tv_pool_20220531-M-Roland_Garros-QF-Novak_Djokovic-Rafael_Nadal:0227,227,7,6,nadal,nadal,surname,,,after_preposition,pobj,SHOT,2,,25.28,45.92,23.32,True,SHOT,23.32
tv_pool_20220531-M-Roland_Garros-QF-Novak_Djokovic-Rafael_Nadal,tv_pool_20220531-M-Roland_Garros-QF-Novak_Djokovic-Rafael_Nadal:0227,227,45,37,djokovic,djokovic,surname,,,subject,nsubj,JUDGE,3,,25.28,45.92,23.32,True,JUDGE,23.32
tv_pool_20220531-M-Roland_Garros-QF-Novak_Djokovic-Rafael_Nadal,tv_pool_20220531-M-Roland_Garros-QF-Novak_Djokovic-Rafael_Nadal:0228,228,11,9,djokovic,djokovic,surname,,,after_preposition,pobj,SHOT,3,,26.88,25.28,25,True,SHOT,25
tv_pool_20220531-M-Roland_Garros-QF-Novak_Djokovic-Rafael_Nadal,tv_pool_20220531-M-Roland_Garros-QF-Novak_Djokovic-Rafael_Nadal:0231,231,28,22,nadal,nadal,surname,,,subject,nsubj,OTHER,2,,38.04,29.6,36.16,True,OTHER,36.16
tv_pool_20220531-M-Roland_Garros-QF-Novak_Djokovic-Rafael_Nadal,tv_pool_20220531-M-Roland_Garros-QF-Novak_Djokovic-Rafael_Nadal:0232,232,5,4,djokovic,djokovic,surname,,,possessive,poss,OFFICIAL,3,,186.8,38.04,184.92,True,OFFICIAL,184.92
tv_pool_20220531-M-Roland_Garros-QF-Novak_Djokovic-Rafael_Nadal,tv_pool_20220531-M-Roland_Garros-QF-Novak_Djokovic-Rafael_Nadal:0232,232,46,37,djokovic,djokovic,surname,,,subject,nsubj,OTHER,3,,186.8,38.04,184.92,True,OTHER,184.92
tv_pool_20220531-M-Roland_Garros-QF-Novak_Djokovic-Rafael_Nadal,tv_pool_20220531-M-Roland_Garros-QF-Novak_Djokovic-Rafael_Nadal:0233,233,7,7,nadal,rafa,hypocoristic,,,after_preposition,pobj,SHOT,2,,26.48,186.8,23.4,True,SHOT,23.4
tv_pool_20220531-M-Roland_Garros-QF-Novak_Djokovic-Rafael_Nadal,tv_pool_20220531-M-Roland_Garros-QF-Novak_Djokovic-Rafael_Nadal:0233,233,29,27,djokovic,djokovic,surname,,,other,compound,OTHER,3,,26.48,186.8,23.4,True,OTHER,23.4
tv_pool_20220531-M-Roland_Garros-QF-Novak_Djokovic-Rafael_Nadal,tv_pool_20220531-M-Roland_Garros-QF-Novak_Djokovic-Rafael_Nadal:0234,234,5,5,nadal,nadal,surname,,,after_preposition,pobj,JUDGE,2,,69.96,26.48,68.04,True,JUDGE,68.04
tv_pool_20220531-M-Roland_Garros-QF-Novak_Djokovic-Rafael_Nadal,tv_pool_20220531-M-Roland_Garros-QF-Novak_Djokovic-Rafael_Nadal:0234,234,7,6,djokovic,djokovic,surname,,,subject,nsubj,OTHER,3,,69.96,26.48,68.04,True,OTHER,68.04
tv_pool_20220531-M-Roland_Garros-QF-Novak_Djokovic-Rafael_Nadal,tv_pool_20220531-M-Roland_Garros-QF-Novak_Djokovic-Rafael_Nadal:0234,234,23,19,nadal,nadal,surname,,,after_preposition,pobj,OTHER,2,,69.96,26.48,68.04,True,OTHER,68.04
tv_pool_20220531-M-Roland_Garros-QF-Novak_Djokovic-Rafael_Nadal,tv_pool_20220531-M-Roland_Garros-QF-Novak_Djokovic-Rafael_Nadal:0234,234,26,22,djokovic,djokovic,surname,,,after_preposition,pobj,OTHER,3,,69.96,26.48,68.04,True,OTHER,68.04
tv_pool_20220531-M-Roland_Garros-QF-Novak_Djokovic-Rafael_Nadal,tv_pool_20220531-M-Roland_Garros-QF-Novak_Djokovic-Rafael_Nadal:0234,234,36,30,nadal,rafa,hypocoristic,,,after_preposition,pobj,OTHER,2,,69.96,26.48,68.04,True,OTHER,68.04
tv_pool_20220531-M-Roland_Garros-QF-Novak_Djokovic-Rafael_Nadal,tv_pool_20220531-M-Roland_Garros-QF-Novak_Djokovic-Rafael_Nadal:0234,234,38,32,djokovic,djokovic,surname,,,after_preposition,conj,CROWD,3,,69.96,26.48,68.04,True,CROWD,68.04
tv_pool_20220531-M-Roland_Garros-QF-Novak_Djokovic-Rafael_Nadal,tv_pool_20220531-M-Roland_Garros-QF-Novak_Djokovic-Rafael_Nadal:0234,234,43,36,nadal,rafa,hypocoristic,,,object,dobj,CROWD,2,,69.96,26.48,68.04,True,CROWD,68.04
tv_pool_20220531-M-Roland_Garros-QF-Novak_Djokovic-Rafael_Nadal,tv_pool_20220531-M-Roland_Garros-QF-Novak_Djokovic-Rafael_Nadal:0234,234,54,45,djokovic,djokovic,surname,,,vocative_exclamation,ROOT,OTHER,3,,69.96,26.48,68.04,True,OTHER,68.04
tv_pool_20220531-M-Roland_Garros-QF-Novak_Djokovic-Rafael_Nadal,tv_pool_20220531-M-Roland_Garros-QF-Novak_Djokovic-Rafael_Nadal:0235,235,0,0,djokovic,djokovic,surname,,,vocative_exclamation,ROOT,OTHER,3,,28,69.96,26.08,True,OTHER,26.08
tv_pool_20220531-M-Roland_Garros-QF-Novak_Djokovic-Rafael_Nadal,tv_pool_20220531-M-Roland_Garros-QF-Novak_Djokovic-Rafael_Nadal:0237,237,10,9,djokovic,djokovic,surname,,,after_preposition,pobj,SHOT,3,,29.96,54.6,28,True,SHOT,28
tv_pool_20220531-M-Roland_Garros-QF-Novak_Djokovic-Rafael_Nadal,tv_pool_20220531-M-Roland_Garros-QF-Novak_Djokovic-Rafael_Nadal:0237,237,12,10,djokovic,djokovic,surname,,,subject,nsubj,SHOT,3,,29.96,54.6,28,True,SHOT,28
tv_pool_20220531-M-Roland_Garros-QF-Novak_Djokovic-Rafael_Nadal,tv_pool_20220531-M-Roland_Garros-QF-Novak_Djokovic-Rafael_Nadal:0238,238,4,3,djokovic,djokovic,surname,,,subject,nsubj,OTHER,3,,25.08,29.96,22.12,True,OTHER,22.12
tv_pool_20220531-M-Roland_Garros-QF-Novak_Djokovic-Rafael_Nadal,tv_pool_20220531-M-Roland_Garros-QF-Novak_Djokovic-Rafael_Nadal:0239,239,2,1,nadal,rafa,hypocoristic,,,subject,nsubj,OTHER,2,,31.92,25.08,28.88,True,OTHER,28.88
tv_pool_20220531-M-Roland_Garros-QF-Novak_Djokovic-Rafael_Nadal,tv_pool_20220531-M-Roland_Garros-QF-Novak_Djokovic-Rafael_Nadal:0240,240,24,23,djokovic,djokovic,surname,,,subject,nsubj,JUDGE,3,,11.76,31.92,8.76,True,JUDGE,8.76
tv_pool_20220531-M-Roland_Garros-QF-Novak_Djokovic-Rafael_Nadal,tv_pool_20220531-M-Roland_Garros-QF-Novak_Djokovic-Rafael_Nadal:0243,243,4,3,nadal,nadal,surname,,,subject,nsubj,SHOT,2,,56.6,26.32,55.56,True,SHOT,55.56
tv_pool_20220531-M-Roland_Garros-QF-Novak_Djokovic-Rafael_Nadal,tv_pool_20220531-M-Roland_Garros-QF-Novak_Djokovic-Rafael_Nadal:0244,244,20,17,djokovic,djokovic,surname,,,subject,nsubj,OTHER,3,,29.92,56.6,29.16,True,OTHER,29.16
tv_pool_20220531-M-Roland_Garros-QF-Novak_Djokovic-Rafael_Nadal,tv_pool_20220531-M-Roland_Garros-QF-Novak_Djokovic-Rafael_Nadal:0246,246,14,14,nadal,rafa,hypocoristic,,,other,xcomp,OTHER,2,,60.88,28.76,59,True,OTHER,59
tv_pool_20220531-M-Roland_Garros-QF-Novak_Djokovic-Rafael_Nadal,tv_pool_20220531-M-Roland_Garros-QF-Novak_Djokovic-Rafael_Nadal:0246,246,30,30,djokovic,djokovic,surname,,,subject,nsubj,SHOT,3,,60.88,28.76,59,True,SHOT,59
tv_pool_20220531-M-Roland_Garros-QF-Novak_Djokovic-Rafael_Nadal,tv_pool_20220531-M-Roland_Garros-QF-Novak_Djokovic-Rafael_Nadal:0246,246,42,41,nadal,rafa,hypocoristic,,,possessive,poss,JUDGE,2,,60.88,28.76,59,True,JUDGE,59
tv_pool_20220531-M-Roland_Garros-QF-Novak_Djokovic-Rafael_Nadal,tv_pool_20220531-M-Roland_Garros-QF-Novak_Djokovic-Rafael_Nadal:0246,246,53,50,djokovic,djokovic,surname,,,subject,nsubj,OFFICIAL,3,,60.88,28.76,59,True,OFFICIAL,59
tv_pool_20220531-M-Roland_Garros-QF-Novak_Djokovic-Rafael_Nadal,tv_pool_20220531-M-Roland_Garros-QF-Novak_Djokovic-Rafael_Nadal:0247,247,0,0,djokovic,djokovic,surname,,,subject,nsubj,OTHER,3,,28.24,60.88,26.36,True,OTHER,26.36
tv_pool_20220531-M-Roland_Garros-QF-Novak_Djokovic-Rafael_Nadal,tv_pool_20220531-M-Roland_Garros-QF-Novak_Djokovic-Rafael_Nadal:0250,250,8,7,djokovic,djokovic,surname,,,other,compound,SHOT,3,,86.12,46.88,84.2,True,SHOT,84.2
tv_pool_20220531-M-Roland_Garros-QF-Novak_Djokovic-Rafael_Nadal,tv_pool_20220531-M-Roland_Garros-QF-Novak_Djokovic-Rafael_Nadal:0250,250,48,40,nadal,nadal,surname,,,subject,nsubj,SHOT,2,,86.12,46.88,84.2,True,SHOT,84.2
tv_pool_20220531-M-Roland_Garros-QF-Novak_Djokovic-Rafael_Nadal,tv_pool_20220531-M-Roland_Garros-QF-Novak_Djokovic-Rafael_Nadal:0251,251,19,18,nadal,nadal,surname,,,subject,nsubj,OTHER,2,,42.08,86.12,39.44,True,OTHER,39.44
tv_pool_20220531-M-Roland_Garros-QF-Novak_Djokovic-Rafael_Nadal,tv_pool_20220531-M-Roland_Garros-QF-Novak_Djokovic-Rafael_Nadal:0252,252,12,10,djokovic,djokovic,surname,,,after_preposition,pobj,OTHER,3,,32.28,42.08,30.4,True,OTHER,30.4
tv_pool_20220531-M-Roland_Garros-QF-Novak_Djokovic-Rafael_Nadal,tv_pool_20220531-M-Roland_Garros-QF-Novak_Djokovic-Rafael_Nadal:0253,253,7,7,djokovic,djokovic,surname,,,after_preposition,pobj,SHOT,3,,50.32,32.28,48.48,True,SHOT,48.48
tv_pool_20220531-M-Roland_Garros-QF-Novak_Djokovic-Rafael_Nadal,tv_pool_20220531-M-Roland_Garros-QF-Novak_Djokovic-Rafael_Nadal:0253,253,16,14,nadal,nadal,surname,,,subject,nsubj,OTHER,2,,50.32,32.28,48.48,True,OTHER,48.48
tv_pool_20220531-M-Roland_Garros-QF-Novak_Djokovic-Rafael_Nadal,tv_pool_20220531-M-Roland_Garros-QF-Novak_Djokovic-Rafael_Nadal:0254,254,8,8,djokovic,djokovic,surname,,,possessive,poss,SHOT,3,,117.08,50.32,115.2,True,SHOT,115.2
tv_pool_20220531-M-Roland_Garros-QF-Novak_Djokovic-Rafael_Nadal,tv_pool_20220531-M-Roland_Garros-QF-Novak_Djokovic-Rafael_Nadal:0254,254,31,27,djokovic,djokovic,surname,,,other,compound,SHOT,3,,117.08,50.32,115.2,True,SHOT,115.2
tv_pool_20220531-M-Roland_Garros-QF-Novak_Djokovic-Rafael_Nadal,tv_pool_20220531-M-Roland_Garros-QF-Novak_Djokovic-Rafael_Nadal:0254,254,53,46,nadal,rafa,hypocoristic,,,subject,nsubj,SCORE,2,,117.08,50.32,115.2,True,SCORE,115.2
tv_pool_20220531-M-Roland_Garros-QF-Novak_Djokovic-Rafael_Nadal,tv_pool_20220531-M-Roland_Garros-QF-Novak_Djokovic-Rafael_Nadal:0255,255,31,27,djokovic,djokovic,surname,,,subject,nsubj,JUDGE,3,,200.84,117.08,198.96,True,JUDGE,198.96
tv_pool_20220531-M-Roland_Garros-QF-Novak_Djokovic-Rafael_Nadal,tv_pool_20220531-M-Roland_Garros-QF-Novak_Djokovic-Rafael_Nadal:0256,256,0,0,nadal,nadal,surname,,,vocative_exclamation,ROOT,OTHER,2,,33.32,200.84,30.24,True,OTHER,30.24
tv_pool_20220531-M-Roland_Garros-QF-Novak_Djokovic-Rafael_Nadal,tv_pool_20220531-M-Roland_Garros-QF-Novak_Djokovic-Rafael_Nadal:0256,256,16,13,djokovic,djokovic,surname,,,after_preposition,pobj,OTHER,3,,33.32,200.84,30.24,True,OTHER,30.24
tv_pool_20220531-M-Roland_Garros-QF-Novak_Djokovic-Rafael_Nadal,tv_pool_20220531-M-Roland_Garros-QF-Novak_Djokovic-Rafael_Nadal:0256,256,42,35,djokovic,nole,hypocoristic,,,after_preposition,pobj,CROWD,1,,33.32,200.84,30.24,True,CROWD,30.24
tv_pool_20220531-M-Roland_Garros-QF-Novak_Djokovic-Rafael_Nadal,tv_pool_20220531-M-Roland_Garros-QF-Novak_Djokovic-Rafael_Nadal:0256,256,44,36,djokovic,nole djokovic,full_name,,,other,compound,CROWD,4,,33.32,200.84,30.24,True,CROWD,30.24
tv_pool_20220531-M-Roland_Garros-QF-Novak_Djokovic-Rafael_Nadal,tv_pool_20220531-M-Roland_Garros-QF-Novak_Djokovic-Rafael_Nadal:0258,258,22,20,nadal,nadal,surname,,,possessive,nsubj,OTHER,2,,41.2,55.48,39.28,True,OTHER,39.28
tv_pool_20220531-M-Roland_Garros-QF-Novak_Djokovic-Rafael_Nadal,tv_pool_20220531-M-Roland_Garros-QF-Novak_Djokovic-Rafael_Nadal:0258,258,47,42,nadal,nadal,surname,,,after_preposition,pobj,SHOT,2,,41.2,55.48,39.28,True,SHOT,39.28
tv_pool_20220531-M-Roland_Garros-QF-Novak_Djokovic-Rafael_Nadal,tv_pool_20220531-M-Roland_Garros-QF-Novak_Djokovic-Rafael_Nadal:0260,260,25,23,djokovic,djokovic,surname,,,after_preposition,pobj,OTHER,3,,43.64,30.04,41.68,True,OTHER,41.68
tv_pool_20220531-M-Roland_Garros-QF-Novak_Djokovic-Rafael_Nadal,tv_pool_20220531-M-Roland_Garros-QF-Novak_Djokovic-Rafael_Nadal:0260,260,28,25,nadal,nadal,surname,,,subject,nsubj,OTHER,2,,43.64,30.04,41.68,True,OTHER,41.68
tv_pool_20220531-M-Roland_Garros-QF-Novak_Djokovic-Rafael_Nadal,tv_pool_20220531-M-Roland_Garros-QF-Novak_Djokovic-Rafael_Nadal:0260,260,41,36,djokovic,djokovic,surname,,,subject,nsubj,STAT,3,,43.64,30.04,41.68,True,STAT,41.68
tv_pool_20220531-M-Roland_Garros-QF-Novak_Djokovic-Rafael_Nadal,tv_pool_20220531-M-Roland_Garros-QF-Novak_Djokovic-Rafael_Nadal:0261,261,23,20,nadal,rafa,hypocoristic,,,after_preposition,pobj,SHOT,2,,38,43.64,36.16,True,SHOT,36.16
tv_pool_20220531-M-Roland_Garros-QF-Novak_Djokovic-Rafael_Nadal,tv_pool_20220531-M-Roland_Garros-QF-Novak_Djokovic-Rafael_Nadal:0263,263,0,0,nadal,nadal,surname,,,possessive,poss,SHOT,2,,33.12,27.88,30.24,True,SHOT,30.24
tv_pool_20220531-M-Roland_Garros-QF-Novak_Djokovic-Rafael_Nadal,tv_pool_20220531-M-Roland_Garros-QF-Novak_Djokovic-Rafael_Nadal:0263,263,11,9,djokovic,djokovic,surname,,,subject,nsubj,OTHER,3,,33.12,27.88,30.24,True,OTHER,30.24
tv_pool_20220531-M-Roland_Garros-QF-Novak_Djokovic-Rafael_Nadal,tv_pool_20220531-M-Roland_Garros-QF-Novak_Djokovic-Rafael_Nadal:0263,263,27,23,nadal,rafa,hypocoristic,,,after_preposition,pobj,SHOT,2,,33.12,27.88,30.24,True,SHOT,30.24
tv_pool_20220531-M-Roland_Garros-QF-Novak_Djokovic-Rafael_Nadal,tv_pool_20220531-M-Roland_Garros-QF-Novak_Djokovic-Rafael_Nadal:0264,264,14,10,nadal,rafa,hypocoristic,,,other,appos,STAT,2,,32.24,33.12,30.4,True,STAT,30.4
tv_pool_20220531-M-Roland_Garros-QF-Novak_Djokovic-Rafael_Nadal,tv_pool_20220531-M-Roland_Garros-QF-Novak_Djokovic-Rafael_Nadal:0264,264,49,39,djokovic,djokovic,surname,,,after_preposition,pobj,SHOT,3,,32.24,33.12,30.4,True,SHOT,30.4
tv_pool_20220531-M-Roland_Garros-QF-Novak_Djokovic-Rafael_Nadal,tv_pool_20220531-M-Roland_Garros-QF-Novak_Djokovic-Rafael_Nadal:0265,265,0,0,djokovic,djokovic,surname,,,subject,nsubj,OTHER,3,,141.4,32.24,139.52,True,OTHER,139.52
tv_pool_20220531-M-Roland_Garros-QF-Novak_Djokovic-Rafael_Nadal,tv_pool_20220531-M-Roland_Garros-QF-Novak_Djokovic-Rafael_Nadal:0265,265,5,5,nadal,rafa nadal,full_name,,,subject,nsubj,SHOT,4,,141.4,32.24,139.52,True,SHOT,139.52
tv_pool_20220531-M-Roland_Garros-QF-Novak_Djokovic-Rafael_Nadal,tv_pool_20220531-M-Roland_Garros-QF-Novak_Djokovic-Rafael_Nadal:0266,266,11,11,djokovic,djokovic,surname,,,subject,nsubj,SHOT,3,,35.88,141.4,33.96,True,SHOT,33.96
tv_pool_20220531-M-Roland_Garros-QF-Novak_Djokovic-Rafael_Nadal,tv_pool_20220531-M-Roland_Garros-QF-Novak_Djokovic-Rafael_Nadal:0267,267,6,6,nadal,nadal,surname,,,after_preposition,pobj,JUDGE,2,,33.16,35.88,31.32,True,JUDGE,31.32
tv_pool_20220531-M-Roland_Garros-QF-Novak_Djokovic-Rafael_Nadal,tv_pool_20220531-M-Roland_Garros-QF-Novak_Djokovic-Rafael_Nadal:0267,267,18,17,djokovic,djokovic,surname,,,object,dobj,OTHER,3,,33.16,35.88,31.32,True,OTHER,31.32
tv_pool_20220531-M-Roland_Garros-QF-Novak_Djokovic-Rafael_Nadal,tv_pool_20220531-M-Roland_Garros-QF-Novak_Djokovic-Rafael_Nadal:0268,268,8,7,nadal,nadal,surname,,,other,ROOT,OTHER,2,,29.88,33.16,27.96,True,OTHER,27.96
tv_pool_20220531-M-Roland_Garros-QF-Novak_Djokovic-Rafael_Nadal,tv_pool_20220531-M-Roland_Garros-QF-Novak_Djokovic-Rafael_Nadal:0269,269,41,37,nadal,nadal,surname,,,after_preposition,pobj,SHOT,2,,65.8,29.88,57.76,True,SHOT,57.76
tv_pool_20220531-M-Roland_Garros-QF-Novak_Djokovic-Rafael_Nadal,tv_pool_20220531-M-Roland_Garros-QF-Novak_Djokovic-Rafael_Nadal:0270,270,5,5,nadal,rafa,hypocoristic,,,object,dobj,CROWD,2,,,65.8,,True,CROWD,
tv_pool_20220531-M-Roland_Garros-QF-Novak_Djokovic-Rafael_Nadal,tv_pool_20220531-M-Roland_Garros-QF-Novak_Djokovic-Rafael_Nadal:0270,270,7,7,djokovic,nole djokovic,full_name,,,other,advcl,CROWD,4,,,65.8,,True,CROWD,
tv_pool_20220531-M-Roland_Garros-QF-Novak_Djokovic-Rafael_Nadal,tv_pool_20220531-M-Roland_Garros-QF-Novak_Djokovic-Rafael_Nadal:0270,270,11,9,UNRESOLVED,the defending champion,epithet,epithet_descriptive,unresolved,other,appos,STAT,7,,,65.8,,True,SHOT,
tv_pool_20220531-M-Roland_Garros-QF-Novak_Djokovic-Rafael_Nadal,tv_pool_20220531-M-Roland_Garros-QF-Novak_Djokovic-Rafael_Nadal:0270,270,31,26,nadal,nadal,surname,,,object,conj,SCORE,2,,,65.8,,True,SCORE,
tv_pool_20220531-M-Roland_Garros-QF-Novak_Djokovic-Rafael_Nadal,tv_pool_20220531-M-Roland_Garros-QF-Novak_Djokovic-Rafael_Nadal:0270,270,47,37,nadal,nadal,surname,,,vocative_exclamation,ROOT,JUDGE,2,,,65.8,,True,JUDGE,
tv_pool_20220531-M-Roland_Garros-QF-Novak_Djokovic-Rafael_Nadal,tv_pool_20220531-M-Roland_Garros-QF-Novak_Djokovic-Rafael_Nadal:0270,270,51,40,nadal,nadal,surname,,,other,acomp,OTHER,2,,,65.8,,True,OTHER,
tv_pool_20220531-M-Roland_Garros-QF-Novak_Djokovic-Rafael_Nadal,tv_pool_20220531-M-Roland_Garros-QF-Novak_Djokovic-Rafael_Nadal:0270,270,71,55,nadal,nadal,surname,,,vocative_exclamation,ROOT,JUDGE,2,,,65.8,,True,JUDGE,
tv_pool_20220531-M-Roland_Garros-QF-Novak_Djokovic-Rafael_Nadal,tv_pool_20220531-M-Roland_Garros-QF-Novak_Djokovic-Rafael_Nadal:0270,270,112,92,djokovic,djokovic,surname,,,after_preposition,pobj,SHOT,3,,,65.8,,True,SHOT,
tv_pool_20220531-M-Roland_Garros-QF-Novak_Djokovic-Rafael_Nadal,tv_pool_20220531-M-Roland_Garros-QF-Novak_Djokovic-Rafael_Nadal:0270,270,123,102,djokovic,djokovic,surname,,,after_preposition,pobj,SHOT,3,,,65.8,,True,SHOT,
tv_pool_20220531-M-Roland_Garros-QF-Novak_Djokovic-Rafael_Nadal,tv_pool_20220531-M-Roland_Garros-QF-Novak_Djokovic-Rafael_Nadal:0270,270,144,119,nadal,rafa,hypocoristic,,,subject,nsubj,SHOT,2,,,65.8,,True,SHOT,
tv_pool_20220911-M-US_Open-F-Casper_Ruud-Carlos_Alcaraz,tv_pool_20220911-M-US_Open-F-Casper_Ruud-Carlos_Alcaraz:0000,0,8,8,alcaraz,alcaraz,surname,,,after_preposition,pobj,SHOT,3,,26.49,,,False,SHOT,24.554
tv_pool_20220911-M-US_Open-F-Casper_Ruud-Carlos_Alcaraz,tv_pool_20220911-M-US_Open-F-Casper_Ruud-Carlos_Alcaraz:0001,1,3,2,alcaraz,carlos,first_name,,,other,compound,OTHER,2,,26.72,26.49,,False,OTHER,24.755
tv_pool_20220911-M-US_Open-F-Casper_Ruud-Carlos_Alcaraz,tv_pool_20220911-M-US_Open-F-Casper_Ruud-Carlos_Alcaraz:0001,1,11,8,alcaraz,alcaraz,surname,,,vocative_exclamation,ROOT,OTHER,3,,26.72,26.49,,False,OTHER,24.755
tv_pool_20220911-M-US_Open-F-Casper_Ruud-Carlos_Alcaraz,tv_pool_20220911-M-US_Open-F-Casper_Ruud-Carlos_Alcaraz:0001,1,21,17,alcaraz,carlos,first_name,,,other,compound,STAT,2,,26.72,26.49,,False,STAT,24.755
tv_pool_20220911-M-US_Open-F-Casper_Ruud-Carlos_Alcaraz,tv_pool_20220911-M-US_Open-F-Casper_Ruud-Carlos_Alcaraz:0006,6,13,12,alcaraz,alcaraz,surname,,,subject,nsubj,OTHER,3,,79.79,38.04,,False,OTHER,77.76
tv_pool_20220911-M-US_Open-F-Casper_Ruud-Carlos_Alcaraz,tv_pool_20220911-M-US_Open-F-Casper_Ruud-Carlos_Alcaraz:0006,6,15,14,ruud,the norwegian,epithet,epithet_nationality,nationality,object,dobj,OTHER,4,,79.79,38.04,,False,OTHER,77.76
tv_pool_20220911-M-US_Open-F-Casper_Ruud-Carlos_Alcaraz,tv_pool_20220911-M-US_Open-F-Casper_Ruud-Carlos_Alcaraz:0007,7,9,8,alcaraz,alcaraz,surname,,,other,ROOT,JUDGE,3,,11.62,79.79,,False,JUDGE,9.622
tv_pool_20220911-M-US_Open-F-Casper_Ruud-Carlos_Alcaraz,tv_pool_20220911-M-US_Open-F-Casper_Ruud-Carlos_Alcaraz:0007,7,29,25,alcaraz,carlos alcaraz,full_name,,,vocative_exclamation,ROOT,OTHER,5,,11.62,79.79,,False,OTHER,9.622
tv_pool_20220911-M-US_Open-F-Casper_Ruud-Carlos_Alcaraz,tv_pool_20220911-M-US_Open-F-Casper_Ruud-Carlos_Alcaraz:0007,7,46,39,alcaraz,alcaraz,surname,,,subject,nsubj,JUDGE,3,,11.62,79.79,,False,JUDGE,9.622
tv_pool_20220911-M-US_Open-F-Casper_Ruud-Carlos_Alcaraz,tv_pool_20220911-M-US_Open-F-Casper_Ruud-Carlos_Alcaraz:0009,9,5,3,ruud,ruud,surname,,,subject,nsubj,SCORE,1,,45.83,76.44,,False,SCORE,43.901
tv_pool_20220911-M-US_Open-F-Casper_Ruud-Carlos_Alcaraz,tv_pool_20220911-M-US_Open-F-Casper_Ruud-Carlos_Alcaraz:0009,9,21,18,alcaraz,alcaraz,surname,,,subject,nsubj,OTHER,3,,45.83,76.44,,False,OTHER,43.901
tv_pool_20220911-M-US_Open-F-Casper_Ruud-Carlos_Alcaraz,tv_pool_20220911-M-US_Open-F-Casper_Ruud-Carlos_Alcaraz:0009,9,72,60,alcaraz,alcaraz,surname,,,subject,nsubj,OTHER,3,,45.83,76.44,,False,OTHER,43.901
tv_pool_20220911-M-US_Open-F-Casper_Ruud-Carlos_Alcaraz,tv_pool_20220911-M-US_Open-F-Casper_Ruud-Carlos_Alcaraz:0009,9,83,70,alcaraz,alcaraz,surname,,,after_preposition,pobj,OTHER,3,,45.83,76.44,,False,OTHER,43.901
tv_pool_20220911-M-US_Open-F-Casper_Ruud-Carlos_Alcaraz,tv_pool_20220911-M-US_Open-F-Casper_Ruud-Carlos_Alcaraz:0011,11,13,11,alcaraz,alcaraz,surname,,,after_preposition,pobj,SHOT,3,,29.9,33.13,,False,SHOT,27.9
tv_pool_20220911-M-US_Open-F-Casper_Ruud-Carlos_Alcaraz,tv_pool_20220911-M-US_Open-F-Casper_Ruud-Carlos_Alcaraz:0012,12,9,9,ruud,casper ruud,full_name,,,subject,nsubj,STAT,3,,11.69,29.9,,False,STAT,9.693
tv_pool_20220911-M-US_Open-F-Casper_Ruud-Carlos_Alcaraz,tv_pool_20220911-M-US_Open-F-Casper_Ruud-Carlos_Alcaraz:0015,15,7,7,alcaraz,alcaraz,surname,,,subject,nsubj,JUDGE,3,,27.66,37.65,,False,JUDGE,26.417
tv_pool_20220911-M-US_Open-F-Casper_Ruud-Carlos_Alcaraz,tv_pool_20220911-M-US_Open-F-Casper_Ruud-Carlos_Alcaraz:0021,21,4,3,ruud,casper,first_name,,,other,advmod,OTHER,2,,11.44,28.11,,False,OTHER,9.444
tv_pool_20220911-M-US_Open-F-Casper_Ruud-Carlos_Alcaraz,tv_pool_20220911-M-US_Open-F-Casper_Ruud-Carlos_Alcaraz:0025,25,56,49,alcaraz,alcaraz,surname,,,object,dobj,JUDGE,3,,36.62,59.14,,False,JUDGE,34.619
tv_pool_20220911-M-US_Open-F-Casper_Ruud-Carlos_Alcaraz,tv_pool_20220911-M-US_Open-F-Casper_Ruud-Carlos_Alcaraz:0026,26,19,15,alcaraz,alcaraz,surname,,,after_preposition,pobj,OTHER,3,,35.79,36.62,,False,OTHER,32.48
tv_pool_20220911-M-US_Open-F-Casper_Ruud-Carlos_Alcaraz,tv_pool_20220911-M-US_Open-F-Casper_Ruud-Carlos_Alcaraz:0028,28,0,0,alcaraz,alcaraz,surname,,,subject,nsubj,SCORE,3,leads_games,92.38,49.82,,False,SCORE,89.831
tv_pool_20220911-M-US_Open-F-Casper_Ruud-Carlos_Alcaraz,tv_pool_20220911-M-US_Open-F-Casper_Ruud-Carlos_Alcaraz:0031,31,3,3,alcaraz,alcaraz,surname,,,subject,nsubj,JUDGE,3,,12.17,31.14,,False,JUDGE,9.48
tv_pool_20220911-M-US_Open-F-Casper_Ruud-Carlos_Alcaraz,tv_pool_20220911-M-US_Open-F-Casper_Ruud-Carlos_Alcaraz:0037,37,7,6,alcaraz,alcaraz,surname,,,after_preposition,pobj,OTHER,3,,23.63,105.83,,False,OTHER,21.591
tv_pool_20220911-M-US_Open-F-Casper_Ruud-Carlos_Alcaraz,tv_pool_20220911-M-US_Open-F-Casper_Ruud-Carlos_Alcaraz:0041,41,2,1,ruud,ruud,surname,,,vocative_exclamation,npadvmod,OTHER,1,,25.38,27.86,,False,OTHER,23.377
tv_pool_20220911-M-US_Open-F-Casper_Ruud-Carlos_Alcaraz,tv_pool_20220911-M-US_Open-F-Casper_Ruud-Carlos_Alcaraz:0048,48,50,45,ruud,ruud,surname,,,after_preposition,pobj,JUDGE,1,,102.76,63.06,,False,JUDGE,102.556
tv_pool_20220911-M-US_Open-F-Casper_Ruud-Carlos_Alcaraz,tv_pool_20220911-M-US_Open-F-Casper_Ruud-Carlos_Alcaraz:0050,50,18,17,UNRESOLVED,the 24 year old,epithet,epithet_descriptive,unresolved,other,det,OTHER,6,,25.14,77.14,,False,STAT,23.14
tv_pool_20220911-M-US_Open-F-Casper_Ruud-Carlos_Alcaraz,tv_pool_20220911-M-US_Open-F-Casper_Ruud-Carlos_Alcaraz:0054,54,56,51,alcaraz,alcaraz,surname,,,after_preposition,pobj,SHOT,3,,256.35,27.73,,False,SHOT,254.383
tv_pool_20220911-M-US_Open-F-Casper_Ruud-Carlos_Alcaraz,tv_pool_20220911-M-US_Open-F-Casper_Ruud-Carlos_Alcaraz:0055,55,60,56,alcaraz,alcaraz,surname,,,subject,nsubj,SHOT,3,,19.66,256.35,,False,SHOT,18.657
tv_pool_20220911-M-US_Open-F-Casper_Ruud-Carlos_Alcaraz,tv_pool_20220911-M-US_Open-F-Casper_Ruud-Carlos_Alcaraz:0055,55,74,69,alcaraz,carlos alcaraz,full_name,,,after_preposition,pobj,OTHER,5,,19.66,256.35,,False,OTHER,18.657
tv_pool_20220911-M-US_Open-F-Casper_Ruud-Carlos_Alcaraz,tv_pool_20220911-M-US_Open-F-Casper_Ruud-Carlos_Alcaraz:0057,57,8,5,ruud,casper ruud,full_name,,,subject,nsubj,OTHER,3,,12.31,25.21,,False,OTHER,9.656
tv_pool_20220911-M-US_Open-F-Casper_Ruud-Carlos_Alcaraz,tv_pool_20220911-M-US_Open-F-Casper_Ruud-Carlos_Alcaraz:0060,60,45,38,alcaraz,alcaraz,surname,,,other,relcl,OTHER,3,,12.1,26.97,,False,OTHER,9.344
tv_pool_20220911-M-US_Open-F-Casper_Ruud-Carlos_Alcaraz,tv_pool_20220911-M-US_Open-F-Casper_Ruud-Carlos_Alcaraz:0064,64,53,50,alcaraz,alcaraz,surname,,,subject,nsubj,SHOT,3,,54.93,126.83,,False,SHOT,52.928
tv_pool_20220911-M-US_Open-F-Casper_Ruud-Carlos_Alcaraz,tv_pool_20220911-M-US_Open-F-Casper_Ruud-Carlos_Alcaraz:0070,70,7,6,ruud,ruud,surname,,,subject,nsubj,JUDGE,1,,37.14,11.55,,False,JUDGE,35.104
tv_pool_20220911-M-US_Open-F-Casper_Ruud-Carlos_Alcaraz,tv_pool_20220911-M-US_Open-F-Casper_Ruud-Carlos_Alcaraz:0070,70,21,19,alcaraz,alcaraz,surname,,,after_preposition,pobj,JUDGE,3,,37.14,11.55,,False,JUDGE,35.104
tv_pool_20220911-M-US_Open-F-Casper_Ruud-Carlos_Alcaraz,tv_pool_20220911-M-US_Open-F-Casper_Ruud-Carlos_Alcaraz:0070,70,47,41,alcaraz,alcaraz,surname,,,subject,nsubj,SHOT,3,,37.14,11.55,,False,SHOT,35.104
tv_pool_20220911-M-US_Open-F-Casper_Ruud-Carlos_Alcaraz,tv_pool_20220911-M-US_Open-F-Casper_Ruud-Carlos_Alcaraz:0074,74,97,86,alcaraz,alcaraz,surname,,,subject,nsubj,JUDGE,3,,92,28.66,,False,JUDGE,90.069
tv_pool_20220911-M-US_Open-F-Casper_Ruud-Carlos_Alcaraz,tv_pool_20220911-M-US_Open-F-Casper_Ruud-Carlos_Alcaraz:0075,75,26,23,alcaraz,alcaraz,surname,,,subject,nsubj,JUDGE,3,,11.83,92,,False,JUDGE,9.83
tv_pool_20220911-M-US_Open-F-Casper_Ruud-Carlos_Alcaraz,tv_pool_20220911-M-US_Open-F-Casper_Ruud-Carlos_Alcaraz:0087,87,3,3,alcaraz,alcaraz,surname,,,subject,nsubj,JUDGE,3,,25.38,32.34,,False,JUDGE,23.378
tv_pool_20220911-M-US_Open-F-Casper_Ruud-Carlos_Alcaraz,tv_pool_20220911-M-US_Open-F-Casper_Ruud-Carlos_Alcaraz:0087,87,67,57,alcaraz,alcaraz,surname,,,after_preposition,pobj,OTHER,3,,25.38,32.34,,False,OTHER,23.378
tv_pool_20220911-M-US_Open-F-Casper_Ruud-Carlos_Alcaraz,tv_pool_20220911-M-US_Open-F-Casper_Ruud-Carlos_Alcaraz:0092,92,92,89,alcaraz,alcaraz,surname,,,after_preposition,pobj,STAT,3,,133.28,33.52,,False,STAT,132.483
tv_pool_20220911-M-US_Open-F-Casper_Ruud-Carlos_Alcaraz,tv_pool_20220911-M-US_Open-F-Casper_Ruud-Carlos_Alcaraz:0093,93,20,15,alcaraz,alcaraz,surname,,,subject,nsubj,STAT,3,,41.28,133.28,,False,STAT,38.694
tv_pool_20220911-M-US_Open-F-Casper_Ruud-Carlos_Alcaraz,tv_pool_20220911-M-US_Open-F-Casper_Ruud-Carlos_Alcaraz:0106,106,2,2,alcaraz,alcaraz,surname,,,object,attr,OTHER,3,,28.86,186,,False,OTHER,22.409
tv_pool_20220911-M-US_Open-F-Casper_Ruud-Carlos_Alcaraz,tv_pool_20220911-M-US_Open-F-Casper_Ruud-Carlos_Alcaraz:0106,106,130,118,alcaraz,alcaraz,surname,,,other,compound,SHOT,3,,28.86,186,,False,SHOT,22.409
tv_pool_20220911-M-US_Open-F-Casper_Ruud-Carlos_Alcaraz,tv_pool_20220911-M-US_Open-F-Casper_Ruud-Carlos_Alcaraz:0106,106,189,168,alcaraz,alcaraz,surname,,,object,attr,OTHER,3,,28.86,186,,False,OTHER,22.409
tv_pool_20220911-M-US_Open-F-Casper_Ruud-Carlos_Alcaraz,tv_pool_20220911-M-US_Open-F-Casper_Ruud-Carlos_Alcaraz:0106,106,205,182,alcaraz,alcaraz,surname,,,other,nmod,SCORE,3,,28.86,186,,False,SCORE,22.409
tv_pool_20220911-M-US_Open-F-Casper_Ruud-Carlos_Alcaraz,tv_pool_20220911-M-US_Open-F-Casper_Ruud-Carlos_Alcaraz:0106,106,213,189,alcaraz,alcaraz,surname,,,subject,nsubj,SCORE,3,,28.86,186,,False,SCORE,22.409
tv_pool_20220911-M-US_Open-F-Casper_Ruud-Carlos_Alcaraz,tv_pool_20220911-M-US_Open-F-Casper_Ruud-Carlos_Alcaraz:0110,110,34,25,alcaraz,alcaraz,surname,,,after_preposition,pobj,OTHER,3,,48.11,12,,False,OTHER,46.142
tv_pool_20220911-M-US_Open-F-Casper_Ruud-Carlos_Alcaraz,tv_pool_20220911-M-US_Open-F-Casper_Ruud-Carlos_Alcaraz:0112,112,5,4,alcaraz,alcaraz,surname,,,subject,nsubj,SHOT,3,,74.1,34.96,,False,SHOT,72.169
tv_pool_20220911-M-US_Open-F-Casper_Ruud-Carlos_Alcaraz,tv_pool_20220911-M-US_Open-F-Casper_Ruud-Carlos_Alcaraz:0112,112,47,40,alcaraz,alcaraz,surname,,,after_preposition,pobj,STAT,3,,74.1,34.96,,False,STAT,72.169
tv_pool_20220911-M-US_Open-F-Casper_Ruud-Carlos_Alcaraz,tv_pool_20220911-M-US_Open-F-Casper_Ruud-Carlos_Alcaraz:0112,112,64,55,alcaraz,alcaraz,surname,,,object,attr,CROWD,3,,74.1,34.96,,False,CROWD,72.169
tv_pool_20220911-M-US_Open-F-Casper_Ruud-Carlos_Alcaraz,tv_pool_20220911-M-US_Open-F-Casper_Ruud-Carlos_Alcaraz:0115,115,25,25,alcaraz,alcaraz,surname,,,after_preposition,pobj,STAT,3,,33.24,13.38,,False,STAT,31.311
tv_pool_20220911-M-US_Open-F-Casper_Ruud-Carlos_Alcaraz,tv_pool_20220911-M-US_Open-F-Casper_Ruud-Carlos_Alcaraz:0115,115,42,41,alcaraz,alcaraz,surname,,,subject,nsubj,OTHER,3,,33.24,13.38,,False,OTHER,31.311
tv_pool_20220911-M-US_Open-F-Casper_Ruud-Carlos_Alcaraz,tv_pool_20220911-M-US_Open-F-Casper_Ruud-Carlos_Alcaraz:0116,116,14,11,alcaraz,carlos alcaraz,full_name,,,after_preposition,pobj,SCORE,5,,23.17,33.24,,False,SCORE,21.17
tv_pool_20220911-M-US_Open-F-Casper_Ruud-Carlos_Alcaraz,tv_pool_20220911-M-US_Open-F-Casper_Ruud-Carlos_Alcaraz:0120,120,33,28,alcaraz,alcaraz,surname,,,subject,nsubj,OTHER,3,,29.65,29.58,,False,OTHER,27.719
tv_pool_20220911-M-US_Open-F-Casper_Ruud-Carlos_Alcaraz,tv_pool_20220911-M-US_Open-F-Casper_Ruud-Carlos_Alcaraz:0122,122,22,20,alcaraz,alcaraz,surname,,,after_preposition,pobj,OTHER,3,,34.17,30.04,,False,OTHER,32.202
tv_pool_20220911-M-US_Open-F-Casper_Ruud-Carlos_Alcaraz,tv_pool_20220911-M-US_Open-F-Casper_Ruud-Carlos_Alcaraz:0125,125,5,5,alcaraz,alcaraz,surname,,,other,compound,STAT,3,,25.28,141.11,,False,STAT,22.62
tv_pool_20220911-M-US_Open-F-Casper_Ruud-Carlos_Alcaraz,tv_pool_20220911-M-US_Open-F-Casper_Ruud-Carlos_Alcaraz:0130,130,15,13,ruud,the norwegian,epithet,epithet_nationality,nationality,object,attr,SHOT,4,,30.58,48.96,,False,SHOT,29.688
tv_pool_20220911-M-US_Open-F-Casper_Ruud-Carlos_Alcaraz,tv_pool_20220911-M-US_Open-F-Casper_Ruud-Carlos_Alcaraz:0130,130,88,76,alcaraz,alcaraz,surname,,,after_preposition,pobj,SHOT,3,,30.58,48.96,,False,SHOT,29.688
tv_pool_20220911-M-US_Open-F-Casper_Ruud-Carlos_Alcaraz,tv_pool_20220911-M-US_Open-F-Casper_Ruud-Carlos_Alcaraz:0132,132,64,54,alcaraz,alcaraz,surname,,,after_preposition,pobj,OTHER,3,,22.04,58.17,,False,OTHER,18.865
tv_pool_20220911-M-US_Open-F-Casper_Ruud-Carlos_Alcaraz,tv_pool_20220911-M-US_Open-F-Casper_Ruud-Carlos_Alcaraz:0135,135,15,14,alcaraz,alcaraz,surname,,,subject,nsubj,OTHER,3,,10.9,44.72,,False,OTHER,8.895
tv_pool_20220911-M-US_Open-F-Casper_Ruud-Carlos_Alcaraz,tv_pool_20220911-M-US_Open-F-Casper_Ruud-Carlos_Alcaraz:0136,136,0,0,UNRESOLVED,the 19 year old,epithet,epithet_descriptive,unresolved,other,det,OTHER,5,,34.35,10.9,,False,STAT,32.382
tv_pool_20220911-M-US_Open-F-Casper_Ruud-Carlos_Alcaraz,tv_pool_20220911-M-US_Open-F-Casper_Ruud-Carlos_Alcaraz:0137,137,71,71,alcaraz,alcaraz,surname,,,after_preposition,pobj,OTHER,3,,11.24,34.35,,False,OTHER,9.242
tv_pool_20220911-M-US_Open-F-Casper_Ruud-Carlos_Alcaraz,tv_pool_20220911-M-US_Open-F-Casper_Ruud-Carlos_Alcaraz:0140,140,49,45,ruud,casper,first_name,,,other,compound,OTHER,2,,12.24,220.79,,False,OTHER,10.239
tv_pool_20220911-M-US_Open-F-Casper_Ruud-Carlos_Alcaraz,tv_pool_20220911-M-US_Open-F-Casper_Ruud-Carlos_Alcaraz:0143,143,9,9,ruud,casper ruud,full_name,,,subject,nsubj,OTHER,3,,23.52,11.34,,False,OTHER,22.827
tv_pool_20220911-M-US_Open-F-Casper_Ruud-Carlos_Alcaraz,tv_pool_20220911-M-US_Open-F-Casper_Ruud-Carlos_Alcaraz:0144,144,25,19,alcaraz,alcaraz,surname,,,possessive,poss,OTHER,4,,19.79,23.52,,False,OTHER,17.789
tv_pool_20220911-M-US_Open-F-Casper_Ruud-Carlos_Alcaraz,tv_pool_20220911-M-US_Open-F-Casper_Ruud-Carlos_Alcaraz:0145,145,3,3,alcaraz,alcaraz,surname,,,subject,nsubj,SHOT,3,,59.18,19.79,,False,SHOT,57.176
tv_pool_20220911-M-US_Open-F-Casper_Ruud-Carlos_Alcaraz,tv_pool_20220911-M-US_Open-F-Casper_Ruud-Carlos_Alcaraz:0145,145,7,6,ruud,ruud,surname,,,other,compound,SHOT,1,,59.18,19.79,,False,SHOT,57.176
tv_pool_20220911-M-US_Open-F-Casper_Ruud-Carlos_Alcaraz,tv_pool_20220911-M-US_Open-F-Casper_Ruud-Carlos_Alcaraz:0150,150,14,14,UNRESOLVED,the 23 year old,epithet,epithet_descriptive,unresolved,after_preposition,pobj,SCORE,6,,85.45,59,,False,STAT,83.621
tv_pool_20220911-M-US_Open-F-Casper_Ruud-Carlos_Alcaraz,tv_pool_20220911-M-US_Open-F-Casper_Ruud-Carlos_Alcaraz:0150,150,31,26,ruud,ruud,surname,,,object,dobj,JUDGE,1,,85.45,59,,False,JUDGE,83.621
tv_pool_20220911-M-US_Open-F-Casper_Ruud-Carlos_Alcaraz,tv_pool_20220911-M-US_Open-F-Casper_Ruud-Carlos_Alcaraz:0150,150,39,32,alcaraz,alcaraz,surname,,,after_preposition,pobj,JUDGE,3,,85.45,59,,False,JUDGE,83.621
tv_pool_20220911-M-US_Open-F-Casper_Ruud-Carlos_Alcaraz,tv_pool_20220911-M-US_Open-F-Casper_Ruud-Carlos_Alcaraz:0150,150,47,39,alcaraz,alcaraz,surname,,,possessive,poss,OTHER,4,,85.45,59,,False,OTHER,83.621
tv_pool_20220911-M-US_Open-F-Casper_Ruud-Carlos_Alcaraz,tv_pool_20220911-M-US_Open-F-Casper_Ruud-Carlos_Alcaraz:0150,150,61,50,ruud,ruud,surname,,,vocative_exclamation,npadvmod,STAT,1,,85.45,59,,False,STAT,83.621
tv_pool_20220911-M-US_Open-F-Casper_Ruud-Carlos_Alcaraz,tv_pool_20220911-M-US_Open-F-Casper_Ruud-Carlos_Alcaraz:0152,152,29,27,alcaraz,carlos alcaraz,full_name,,,subject,nsubj,OTHER,5,,35.52,11.62,,False,OTHER,34.9
tv_pool_20220911-M-US_Open-F-Casper_Ruud-Carlos_Alcaraz,tv_pool_20220911-M-US_Open-F-Casper_Ruud-Carlos_Alcaraz:0152,152,40,38,ruud,casper ruud,full_name,,,after_preposition,pobj,OTHER,3,,35.52,11.62,,False,OTHER,34.9
tv_pool_20220911-M-US_Open-F-Casper_Ruud-Carlos_Alcaraz,tv_pool_20220911-M-US_Open-F-Casper_Ruud-Carlos_Alcaraz:0152,152,43,40,ruud,ruud,surname,,,subject,nsubj,OTHER,1,,35.52,11.62,,False,OTHER,34.9
tv_pool_20220911-M-US_Open-F-Casper_Ruud-Carlos_Alcaraz,tv_pool_20220911-M-US_Open-F-Casper_Ruud-Carlos_Alcaraz:0152,152,76,68,alcaraz,alcaraz,surname,,,subject,nsubj,OTHER,3,,35.52,11.62,,False,OTHER,34.9
tv_pool_20220911-M-US_Open-F-Casper_Ruud-Carlos_Alcaraz,tv_pool_20220911-M-US_Open-F-Casper_Ruud-Carlos_Alcaraz:0157,157,20,18,ruud,casper ruud,full_name,,,after_preposition,pobj,JUDGE,3,,45.55,196.9,,False,JUDGE,43.62
tv_pool_20220911-M-US_Open-F-Casper_Ruud-Carlos_Alcaraz,tv_pool_20220911-M-US_Open-F-Casper_Ruud-Carlos_Alcaraz:0157,157,27,24,ruud,ruud,surname,,,after_preposition,pobj,OTHER,1,,45.55,196.9,,False,OTHER,43.62
tv_pool_20220911-M-US_Open-F-Casper_Ruud-Carlos_Alcaraz,tv_pool_20220911-M-US_Open-F-Casper_Ruud-Carlos_Alcaraz:0169,169,12,9,alcaraz,alcaraz,surname,,,object,dobj,SHOT,3,,37.45,95.56,,False,SHOT,35.452
tv_pool_20220911-M-US_Open-F-Casper_Ruud-Carlos_Alcaraz,tv_pool_20220911-M-US_Open-F-Casper_Ruud-Carlos_Alcaraz:0174,174,95,86,ruud,casper,first_name,,,other,compound,OTHER,2,,33.86,496.83,,False,OTHER,31.865
tv_pool_20220911-M-US_Open-F-Casper_Ruud-Carlos_Alcaraz,tv_pool_20220911-M-US_Open-F-Casper_Ruud-Carlos_Alcaraz:0176,176,36,32,alcaraz,alcaraz,surname,,,other,compound,OTHER,3,,28,51.48,,False,OTHER,26.102
tv_pool_20220911-M-US_Open-F-Casper_Ruud-Carlos_Alcaraz,tv_pool_20220911-M-US_Open-F-Casper_Ruud-Carlos_Alcaraz:0176,176,73,65,alcaraz,alcaraz,surname,,,after_preposition,pobj,JUDGE,3,,28,51.48,,False,JUDGE,26.102
tv_pool_20220911-M-US_Open-F-Casper_Ruud-Carlos_Alcaraz,tv_pool_20220911-M-US_Open-F-Casper_Ruud-Carlos_Alcaraz:0184,184,19,18,alcaraz,alcaraz,surname,,,subject,nsubj,SHOT,3,,25.14,73.97,,False,SHOT,23.107
tv_pool_20220911-M-US_Open-F-Casper_Ruud-Carlos_Alcaraz,tv_pool_20220911-M-US_Open-F-Casper_Ruud-Carlos_Alcaraz:0184,184,40,35,alcaraz,alcaraz,surname,,,object,appos,OTHER,3,,25.14,73.97,,False,OTHER,23.107
tv_pool_20220911-M-US_Open-F-Casper_Ruud-Carlos_Alcaraz,tv_pool_20220911-M-US_Open-F-Casper_Ruud-Carlos_Alcaraz:0186,186,6,6,alcaraz,carlos alcaraz,full_name,,,after_preposition,pobj,SCORE,5,,27.69,28.76,,False,SCORE,25.688
tv_pool_20220911-M-US_Open-F-Casper_Ruud-Carlos_Alcaraz,tv_pool_20220911-M-US_Open-F-Casper_Ruud-Carlos_Alcaraz:0192,192,43,40,alcaraz,alcaraz,surname,,,subject,nsubj,SCORE,3,game_name,23.03,35.83,,False,SCORE,21.035
tv_pool_20230610-W-Roland_Garros-F-Iga_Swiatek-Karolina_Muchova,tv_pool_20230610-W-Roland_Garros-F-Iga_Swiatek-Karolina_Muchova:0003,3,0,0,swiatek,swiatek,surname,,,other,ROOT,SHOT,3,,30.8,14.96,28.8,True,SHOT,28.8
tv_pool_20230610-W-Roland_Garros-F-Iga_Swiatek-Karolina_Muchova,tv_pool_20230610-W-Roland_Garros-F-Iga_Swiatek-Karolina_Muchova:0004,4,4,4,muchova,muchova,surname,,,after_preposition,pobj,SHOT,3,,13.36,30.8,11.4,True,SHOT,11.4
tv_pool_20230610-W-Roland_Garros-F-Iga_Swiatek-Karolina_Muchova,tv_pool_20230610-W-Roland_Garros-F-Iga_Swiatek-Karolina_Muchova:0004,4,48,44,swiatek,swiatek,surname,,,after_preposition,pobj,OTHER,3,,13.36,30.8,11.4,True,OTHER,11.4
tv_pool_20230610-W-Roland_Garros-F-Iga_Swiatek-Karolina_Muchova,tv_pool_20230610-W-Roland_Garros-F-Iga_Swiatek-Karolina_Muchova:0006,6,10,9,muchova,muchova,surname,,,subject,nsubj,OTHER,3,,39.28,33.64,37.28,True,OTHER,37.28
tv_pool_20230610-W-Roland_Garros-F-Iga_Swiatek-Karolina_Muchova,tv_pool_20230610-W-Roland_Garros-F-Iga_Swiatek-Karolina_Muchova:0007,7,13,9,muchova,muchova,surname,,,subject,nsubj,SHOT,3,,16.16,39.28,13.24,True,SHOT,13.24
tv_pool_20230610-W-Roland_Garros-F-Iga_Swiatek-Karolina_Muchova,tv_pool_20230610-W-Roland_Garros-F-Iga_Swiatek-Karolina_Muchova:0011,11,22,19,swiatek,swiatek,surname,,,subject,nsubj,OTHER,3,,32.44,33.56,29.08,True,OTHER,29.08
tv_pool_20230610-W-Roland_Garros-F-Iga_Swiatek-Karolina_Muchova,tv_pool_20230610-W-Roland_Garros-F-Iga_Swiatek-Karolina_Muchova:0012,12,14,13,swiatek,swiatek,surname,,,object,dobj,JUDGE,3,,32.32,32.44,30.2,True,JUDGE,30.2
tv_pool_20230610-W-Roland_Garros-F-Iga_Swiatek-Karolina_Muchova,tv_pool_20230610-W-Roland_Garros-F-Iga_Swiatek-Karolina_Muchova:0012,12,29,26,muchova,muchova,surname,,,possessive,poss,JUDGE,3,,32.32,32.44,30.2,True,JUDGE,30.2
tv_pool_20230610-W-Roland_Garros-F-Iga_Swiatek-Karolina_Muchova,tv_pool_20230610-W-Roland_Garros-F-Iga_Swiatek-Karolina_Muchova:0012,12,54,48,swiatek,swiatek,surname,,,after_preposition,pobj,SCORE,3,,32.32,32.44,30.2,True,SCORE,30.2
tv_pool_20230610-W-Roland_Garros-F-Iga_Swiatek-Karolina_Muchova,tv_pool_20230610-W-Roland_Garros-F-Iga_Swiatek-Karolina_Muchova:0013,13,3,3,swiatek,swiatek,surname,,,after_preposition,pobj,JUDGE,3,,45.76,32.32,42.76,True,JUDGE,42.76
tv_pool_20230610-W-Roland_Garros-F-Iga_Swiatek-Karolina_Muchova,tv_pool_20230610-W-Roland_Garros-F-Iga_Swiatek-Karolina_Muchova:0013,13,9,8,muchova,muchova,surname,,,after_preposition,pobj,JUDGE,3,,45.76,32.32,42.76,True,JUDGE,42.76
tv_pool_20230610-W-Roland_Garros-F-Iga_Swiatek-Karolina_Muchova,tv_pool_20230610-W-Roland_Garros-F-Iga_Swiatek-Karolina_Muchova:0018,18,11,9,swiatek,swiatek,surname,,,vocative_exclamation,ROOT,STAT,3,,113.36,27.28,111.48,True,STAT,111.48
tv_pool_20230610-W-Roland_Garros-F-Iga_Swiatek-Karolina_Muchova,tv_pool_20230610-W-Roland_Garros-F-Iga_Swiatek-Karolina_Muchova:0021,21,27,26,swiatek,swiatek,surname,,,subject,nsubj,SHOT,3,,33.88,30.24,31.96,True,SHOT,31.96
tv_pool_20230610-W-Roland_Garros-F-Iga_Swiatek-Karolina_Muchova,tv_pool_20230610-W-Roland_Garros-F-Iga_Swiatek-Karolina_Muchova:0021,21,32,31,swiatek,swiatek,surname,,,subject,nsubj,SHOT,3,,33.88,30.24,31.96,True,SHOT,31.96
tv_pool_20230610-W-Roland_Garros-F-Iga_Swiatek-Karolina_Muchova,tv_pool_20230610-W-Roland_Garros-F-Iga_Swiatek-Karolina_Muchova:0027,27,12,12,muchova,muchova,surname,,,subject,nsubj,OTHER,3,,37.16,15.84,36.24,True,OTHER,36.24
tv_pool_20230610-W-Roland_Garros-F-Iga_Swiatek-Karolina_Muchova,tv_pool_20230610-W-Roland_Garros-F-Iga_Swiatek-Karolina_Muchova:0033,33,20,16,muchova,muchova,surname,,,subject,nsubj,JUDGE,3,,41.56,16.4,39.56,True,JUDGE,39.56
tv_pool_20230610-W-Roland_Garros-F-Iga_Swiatek-Karolina_Muchova,tv_pool_20230610-W-Roland_Garros-F-Iga_Swiatek-Karolina_Muchova:0033,33,50,44,swiatek,swiatek,surname,,,object,dobj,JUDGE,3,,41.56,16.4,39.56,True,JUDGE,39.56
tv_pool_20230610-W-Roland_Garros-F-Iga_Swiatek-Karolina_Muchova,tv_pool_20230610-W-Roland_Garros-F-Iga_Swiatek-Karolina_Muchova:0033,33,60,53,swiatek,swiatek,surname,,,possessive,poss,JUDGE,3,,41.56,16.4,39.56,True,JUDGE,39.56
tv_pool_20230610-W-Roland_Garros-F-Iga_Swiatek-Karolina_Muchova,tv_pool_20230610-W-Roland_Garros-F-Iga_Swiatek-Karolina_Muchova:0033,33,92,81,swiatek,swiatek,surname,,,object,dobj,OTHER,3,,41.56,16.4,39.56,True,OTHER,39.56
tv_pool_20230610-W-Roland_Garros-F-Iga_Swiatek-Karolina_Muchova,tv_pool_20230610-W-Roland_Garros-F-Iga_Swiatek-Karolina_Muchova:0034,34,3,3,swiatek,swiatek,surname,,,subject,nsubj,OTHER,3,,29.48,41.56,27.56,True,OTHER,27.56
tv_pool_20230610-W-Roland_Garros-F-Iga_Swiatek-Karolina_Muchova,tv_pool_20230610-W-Roland_Garros-F-Iga_Swiatek-Karolina_Muchova:0035,35,47,41,swiatek,swiatek,surname,,,after_preposition,pobj,SHOT,3,,29.76,29.48,27.8,True,SHOT,27.8
tv_pool_20230610-W-Roland_Garros-F-Iga_Swiatek-Karolina_Muchova,tv_pool_20230610-W-Roland_Garros-F-Iga_Swiatek-Karolina_Muchova:0038,38,24,22,muchova,muchova,surname,,,after_preposition,pobj,OTHER,3,,32.84,14.88,30.92,True,OTHER,30.92
tv_pool_20230610-W-Roland_Garros-F-Iga_Swiatek-Karolina_Muchova,tv_pool_20230610-W-Roland_Garros-F-Iga_Swiatek-Karolina_Muchova:0038,38,53,49,swiatek,swiatek,surname,,,after_preposition,pobj,OTHER,3,,32.84,14.88,30.92,True,OTHER,30.92
tv_pool_20230610-W-Roland_Garros-F-Iga_Swiatek-Karolina_Muchova,tv_pool_20230610-W-Roland_Garros-F-Iga_Swiatek-Karolina_Muchova:0038,38,75,69,muchova,muchova,surname,,,after_preposition,pobj,JUDGE,3,,32.84,14.88,30.92,True,JUDGE,30.92
tv_pool_20230610-W-Roland_Garros-F-Iga_Swiatek-Karolina_Muchova,tv_pool_20230610-W-Roland_Garros-F-Iga_Swiatek-Karolina_Muchova:0039,39,22,19,swiatek,swiatek,surname,,,object,dobj,JUDGE,3,,31.84,32.84,29.92,True,JUDGE,29.92
tv_pool_20230610-W-Roland_Garros-F-Iga_Swiatek-Karolina_Muchova,tv_pool_20230610-W-Roland_Garros-F-Iga_Swiatek-Karolina_Muchova:0039,39,48,42,swiatek,swiatek,surname,,,object,dobj,SHOT,3,,31.84,32.84,29.92,True,SHOT,29.92
tv_pool_20230610-W-Roland_Garros-F-Iga_Swiatek-Karolina_Muchova,tv_pool_20230610-W-Roland_Garros-F-Iga_Swiatek-Karolina_Muchova:0042,42,8,8,swiatek,swiatek,surname,,,after_preposition,pobj,OTHER,3,,110.2,37.64,108.28,True,OTHER,108.28
tv_pool_20230610-W-Roland_Garros-F-Iga_Swiatek-Karolina_Muchova,tv_pool_20230610-W-Roland_Garros-F-Iga_Swiatek-Karolina_Muchova:0042,42,44,38,swiatek,swiatek,surname,,,object,attr,OTHER,3,,110.2,37.64,108.28,True,OTHER,108.28
tv_pool_20230610-W-Roland_Garros-F-Iga_Swiatek-Karolina_Muchova,tv_pool_20230610-W-Roland_Garros-F-Iga_Swiatek-Karolina_Muchova:0049,49,27,24,swiatek,swiatek,surname,,,after_preposition,pobj,SHOT,3,,31.76,33.24,29.84,True,SHOT,29.84
tv_pool_20230610-W-Roland_Garros-F-Iga_Swiatek-Karolina_Muchova,tv_pool_20230610-W-Roland_Garros-F-Iga_Swiatek-Karolina_Muchova:0053,53,21,19,muchova,muchova,surname,,,after_preposition,pobj,JUDGE,3,,39.36,14.96,37.28,True,JUDGE,37.28
tv_pool_20230610-W-Roland_Garros-F-Iga_Swiatek-Karolina_Muchova,tv_pool_20230610-W-Roland_Garros-F-Iga_Swiatek-Karolina_Muchova:0053,53,27,24,swiatek,swiatek,surname,,,subject,nsubj,JUDGE,3,,39.36,14.96,37.28,True,JUDGE,37.28
tv_pool_20230610-W-Roland_Garros-F-Iga_Swiatek-Karolina_Muchova,tv_pool_20230610-W-Roland_Garros-F-Iga_Swiatek-Karolina_Muchova:0055,55,11,10,muchova,muchova,surname,,,after_preposition,pobj,JUDGE,3,,49.88,15.4,47.96,True,JUDGE,47.96
tv_pool_20230610-W-Roland_Garros-F-Iga_Swiatek-Karolina_Muchova,tv_pool_20230610-W-Roland_Garros-F-Iga_Swiatek-Karolina_Muchova:0056,56,18,16,swiatek,swiatek,surname,,,vocative_exclamation,ROOT,OTHER,3,,19.2,49.88,13.88,True,OTHER,13.88
tv_pool_20230610-W-Roland_Garros-F-Iga_Swiatek-Karolina_Muchova,tv_pool_20230610-W-Roland_Garros-F-Iga_Swiatek-Karolina_Muchova:0065,65,11,9,swiatek,swiatek,surname,,,possessive,nsubj,SHOT,3,,32.08,14.4,30.12,True,SHOT,30.12
tv_pool_20230610-W-Roland_Garros-F-Iga_Swiatek-Karolina_Muchova,tv_pool_20230610-W-Roland_Garros-F-Iga_Swiatek-Karolina_Muchova:0066,66,21,21,UNRESOLVED,the defending champion,epithet,epithet_descriptive,unresolved,after_preposition,pobj,SCORE,7,,27.16,32.08,25.24,True,SHOT,25.24
tv_pool_20230610-W-Roland_Garros-F-Iga_Swiatek-Karolina_Muchova,tv_pool_20230610-W-Roland_Garros-F-Iga_Swiatek-Karolina_Muchova:0071,71,12,9,swiatek,swiatek,surname,,,after_preposition,pobj,OTHER,3,,31.08,45.12,25.84,True,OTHER,25.84
tv_pool_20230610-W-Roland_Garros-F-Iga_Swiatek-Karolina_Muchova,tv_pool_20230610-W-Roland_Garros-F-Iga_Swiatek-Karolina_Muchova:0071,71,33,27,muchova,muchova,surname,,,after_preposition,pobj,SHOT,3,,31.08,45.12,25.84,True,SHOT,25.84
tv_pool_20230610-W-Roland_Garros-F-Iga_Swiatek-Karolina_Muchova,tv_pool_20230610-W-Roland_Garros-F-Iga_Swiatek-Karolina_Muchova:0071,71,55,44,swiatek,swiatek,surname,,,subject,nsubj,SHOT,3,,31.08,45.12,25.84,True,SHOT,25.84
tv_pool_20230610-W-Roland_Garros-F-Iga_Swiatek-Karolina_Muchova,tv_pool_20230610-W-Roland_Garros-F-Iga_Swiatek-Karolina_Muchova:0074,74,73,66,swiatek,swiatek,surname,,,after_preposition,pobj,SHOT,3,,17.6,38.64,15.64,True,SHOT,15.64
tv_pool_20230610-W-Roland_Garros-F-Iga_Swiatek-Karolina_Muchova,tv_pool_20230610-W-Roland_Garros-F-Iga_Swiatek-Karolina_Muchova:0076,76,10,10,UNRESOLVED,the defending champion,epithet,epithet_descriptive,unresolved,after_preposition,pobj,JUDGE,7,,73.64,29.68,71.64,True,SHOT,71.64
tv_pool_20230610-W-Roland_Garros-F-Iga_Swiatek-Karolina_Muchova,tv_pool_20230610-W-Roland_Garros-F-Iga_Swiatek-Karolina_Muchova:0076,76,36,32,swiatek,swiatek,surname,,,subject,nsubj,OTHER,3,,73.64,29.68,71.64,True,OTHER,71.64
tv_pool_20230610-W-Roland_Garros-F-Iga_Swiatek-Karolina_Muchova,tv_pool_20230610-W-Roland_Garros-F-Iga_Swiatek-Karolina_Muchova:0078,78,11,10,swiatek,swiatek,surname,,,after_preposition,appos,SHOT,3,,35.8,13.6,33.92,True,SHOT,33.92
tv_pool_20230610-W-Roland_Garros-F-Iga_Swiatek-Karolina_Muchova,tv_pool_20230610-W-Roland_Garros-F-Iga_Swiatek-Karolina_Muchova:0081,81,23,20,muchova,muchova,surname,,,after_preposition,pobj,OTHER,3,,31.4,53.52,29.44,True,OTHER,29.44
tv_pool_20230610-W-Roland_Garros-F-Iga_Swiatek-Karolina_Muchova,tv_pool_20230610-W-Roland_Garros-F-Iga_Swiatek-Karolina_Muchova:0081,81,40,35,muchova,the czech,epithet,epithet_nationality,nationality,after_preposition,pobj,OTHER,2,,31.4,53.52,29.44,True,OTHER,29.44
tv_pool_20230610-W-Roland_Garros-F-Iga_Swiatek-Karolina_Muchova,tv_pool_20230610-W-Roland_Garros-F-Iga_Swiatek-Karolina_Muchova:0082,82,38,33,swiatek,swiatek,surname,,,after_preposition,pobj,SHOT,3,,33.12,31.4,27.2,True,SHOT,27.2
tv_pool_20230610-W-Roland_Garros-F-Iga_Swiatek-Karolina_Muchova,tv_pool_20230610-W-Roland_Garros-F-Iga_Swiatek-Karolina_Muchova:0086,86,5,5,swiatek,swiatek,surname,,,after_preposition,pobj,SHOT,3,,35.96,25.24,35.4,True,SHOT,35.4
tv_pool_20230610-W-Roland_Garros-F-Iga_Swiatek-Karolina_Muchova,tv_pool_20230610-W-Roland_Garros-F-Iga_Swiatek-Karolina_Muchova:0086,86,29,27,muchova,muchova,surname,,,possessive,poss,OTHER,3,,35.96,25.24,35.4,True,OTHER,35.4
tv_pool_20230610-W-Roland_Garros-F-Iga_Swiatek-Karolina_Muchova,tv_pool_20230610-W-Roland_Garros-F-Iga_Swiatek-Karolina_Muchova:0088,88,28,22,muchova,muchova,surname,,,vocative_exclamation,npadvmod,CROWD,3,,59.68,36.44,57.68,True,CROWD,57.68
tv_pool_20230610-W-Roland_Garros-F-Iga_Swiatek-Karolina_Muchova,tv_pool_20230610-W-Roland_Garros-F-Iga_Swiatek-Karolina_Muchova:0094,94,22,17,swiatek,swiatek,surname,,,subject,nsubj,SHOT,3,,46.52,29.48,44.56,True,SHOT,44.56
tv_pool_20230610-W-Roland_Garros-F-Iga_Swiatek-Karolina_Muchova,tv_pool_20230610-W-Roland_Garros-F-Iga_Swiatek-Karolina_Muchova:0098,98,31,23,swiatek,swiatek,surname,,,possessive,nsubj,OFFICIAL,3,,45.68,35.76,43.76,True,OFFICIAL,43.76
tv_pool_20230610-W-Roland_Garros-F-Iga_Swiatek-Karolina_Muchova,tv_pool_20230610-W-Roland_Garros-F-Iga_Swiatek-Karolina_Muchova:0099,99,9,7,swiatek,swiatek,surname,,,after_preposition,pobj,JUDGE,3,,36.32,45.68,34.36,True,JUDGE,34.36
tv_pool_20230610-W-Roland_Garros-F-Iga_Swiatek-Karolina_Muchova,tv_pool_20230610-W-Roland_Garros-F-Iga_Swiatek-Karolina_Muchova:0099,99,15,12,muchova,muchova,surname,,,after_preposition,pobj,SHOT,3,,36.32,45.68,34.36,True,SHOT,34.36
tv_pool_20230610-W-Roland_Garros-F-Iga_Swiatek-Karolina_Muchova,tv_pool_20230610-W-Roland_Garros-F-Iga_Swiatek-Karolina_Muchova:0099,99,31,25,muchova,muchova,surname,,,subject,nsubj,OTHER,3,,36.32,45.68,34.36,True,OTHER,34.36
tv_pool_20230610-W-Roland_Garros-F-Iga_Swiatek-Karolina_Muchova,tv_pool_20230610-W-Roland_Garros-F-Iga_Swiatek-Karolina_Muchova:0100,100,5,5,muchova,muchova,surname,,,after_preposition,pobj,OTHER,3,,36,36.32,34.12,True,OTHER,34.12
tv_pool_20230610-W-Roland_Garros-F-Iga_Swiatek-Karolina_Muchova,tv_pool_20230610-W-Roland_Garros-F-Iga_Swiatek-Karolina_Muchova:0103,103,0,0,muchova,muchova,surname,,,subject,nsubj,SHOT,3,,40.64,46.52,38.72,True,SHOT,38.72
tv_pool_20230610-W-Roland_Garros-F-Iga_Swiatek-Karolina_Muchova,tv_pool_20230610-W-Roland_Garros-F-Iga_Swiatek-Karolina_Muchova:0103,103,5,5,swiatek,swiatek,surname,,,after_preposition,pobj,SHOT,3,,40.64,46.52,38.72,True,SHOT,38.72
tv_pool_20230610-W-Roland_Garros-F-Iga_Swiatek-Karolina_Muchova,tv_pool_20230610-W-Roland_Garros-F-Iga_Swiatek-Karolina_Muchova:0103,103,7,6,swiatek,swiatek,surname,,,subject,nsubj,SHOT,3,,40.64,46.52,38.72,True,SHOT,38.72
tv_pool_20230610-W-Roland_Garros-F-Iga_Swiatek-Karolina_Muchova,tv_pool_20230610-W-Roland_Garros-F-Iga_Swiatek-Karolina_Muchova:0104,104,8,7,muchova,muchova,surname,,,object,attr,OTHER,3,,116.72,40.64,114.76,True,OTHER,114.76
tv_pool_20230610-W-Roland_Garros-F-Iga_Swiatek-Karolina_Muchova,tv_pool_20230610-W-Roland_Garros-F-Iga_Swiatek-Karolina_Muchova:0104,104,25,22,muchova,muchova,surname,,,subject,nsubj,SHOT,3,,116.72,40.64,114.76,True,SHOT,114.76
tv_pool_20230610-W-Roland_Garros-F-Iga_Swiatek-Karolina_Muchova,tv_pool_20230610-W-Roland_Garros-F-Iga_Swiatek-Karolina_Muchova:0104,104,32,27,swiatek,swiatek,surname,,,subject,nsubj,SHOT,3,,116.72,40.64,114.76,True,SHOT,114.76
tv_pool_20230610-W-Roland_Garros-F-Iga_Swiatek-Karolina_Muchova,tv_pool_20230610-W-Roland_Garros-F-Iga_Swiatek-Karolina_Muchova:0104,104,44,37,muchova,muchova,surname,,,after_preposition,pobj,JUDGE,3,,116.72,40.64,114.76,True,JUDGE,114.76
tv_pool_20230610-W-Roland_Garros-F-Iga_Swiatek-Karolina_Muchova,tv_pool_20230610-W-Roland_Garros-F-Iga_Swiatek-Karolina_Muchova:0104,104,76,63,swiatek,swiatek,surname,,,subject,nsubj,OTHER,3,,116.72,40.64,114.76,True,OTHER,114.76
tv_pool_20230610-W-Roland_Garros-F-Iga_Swiatek-Karolina_Muchova,tv_pool_20230610-W-Roland_Garros-F-Iga_Swiatek-Karolina_Muchova:0104,104,102,88,muchova,muchova,surname,,,subject,nsubj,SHOT,3,,116.72,40.64,114.76,True,SHOT,114.76
tv_pool_20230610-W-Roland_Garros-F-Iga_Swiatek-Karolina_Muchova,tv_pool_20230610-W-Roland_Garros-F-Iga_Swiatek-Karolina_Muchova:0105,105,9,9,swiatek,swiatek,surname,,,after_preposition,pobj,SHOT,3,,35.16,116.72,32.36,True,SHOT,32.36
tv_pool_20230610-W-Roland_Garros-F-Iga_Swiatek-Karolina_Muchova,tv_pool_20230610-W-Roland_Garros-F-Iga_Swiatek-Karolina_Muchova:0112,112,0,0,swiatek,swiatek,surname,,,vocative_exclamation,ROOT,OTHER,3,,62.32,41.8,60.36,True,OTHER,60.36
tv_pool_20230610-W-Roland_Garros-F-Iga_Swiatek-Karolina_Muchova,tv_pool_20230610-W-Roland_Garros-F-Iga_Swiatek-Karolina_Muchova:0123,123,5,5,swiatek,swiatek,surname,,,after_preposition,pobj,OTHER,3,,73.6,15.96,71.64,True,OTHER,71.64
tv_pool_20230610-W-Roland_Garros-F-Iga_Swiatek-Karolina_Muchova,tv_pool_20230610-W-Roland_Garros-F-Iga_Swiatek-Karolina_Muchova:0123,123,12,11,muchova,muchova,surname,,,after_preposition,pobj,OTHER,3,,73.6,15.96,71.64,True,OTHER,71.64
tv_pool_20230610-W-Roland_Garros-F-Iga_Swiatek-Karolina_Muchova,tv_pool_20230610-W-Roland_Garros-F-Iga_Swiatek-Karolina_Muchova:0123,123,36,32,swiatek,swiatek,surname,,,other,compound,OTHER,3,,73.6,15.96,71.64,True,OTHER,71.64
tv_pool_20230610-W-Roland_Garros-F-Iga_Swiatek-Karolina_Muchova,tv_pool_20230610-W-Roland_Garros-F-Iga_Swiatek-Karolina_Muchova:0130,130,58,50,muchova,muchova,surname,,,vocative_exclamation,appos,SCORE,3,,31.96,16.4,30,True,SCORE,30
tv_pool_20230610-W-Roland_Garros-F-Iga_Swiatek-Karolina_Muchova,tv_pool_20230610-W-Roland_Garros-F-Iga_Swiatek-Karolina_Muchova:0131,131,22,18,muchova,muchova,surname,,,vocative_exclamation,npadvmod,JUDGE,3,,42.88,31.96,40.88,True,JUDGE,40.88
tv_pool_20230610-W-Roland_Garros-F-Iga_Swiatek-Karolina_Muchova,tv_pool_20230610-W-Roland_Garros-F-Iga_Swiatek-Karolina_Muchova:0131,131,31,25,muchova,the czech,epithet,epithet_nationality,nationality,after_preposition,pobj,OTHER,2,,42.88,31.96,40.88,True,OTHER,40.88
tv_pool_20230610-W-Roland_Garros-F-Iga_Swiatek-Karolina_Muchova,tv_pool_20230610-W-Roland_Garros-F-Iga_Swiatek-Karolina_Muchova:0139,139,2,1,swiatek,swiatek,surname,,,subject,nsubj,SHOT,3,,37.12,13.84,35.16,True,SHOT,35.16
tv_pool_20230610-W-Roland_Garros-F-Iga_Swiatek-Karolina_Muchova,tv_pool_20230610-W-Roland_Garros-F-Iga_Swiatek-Karolina_Muchova:0139,139,45,38,swiatek,swiatek,surname,,,possessive,nsubj,JUDGE,3,,37.12,13.84,35.16,True,JUDGE,35.16
tv_pool_20230610-W-Roland_Garros-F-Iga_Swiatek-Karolina_Muchova,tv_pool_20230610-W-Roland_Garros-F-Iga_Swiatek-Karolina_Muchova:0139,139,71,61,swiatek,swiatek,surname,,,after_preposition,pobj,JUDGE,3,,37.12,13.84,35.16,True,JUDGE,35.16
tv_pool_20230610-W-Roland_Garros-F-Iga_Swiatek-Karolina_Muchova,tv_pool_20230610-W-Roland_Garros-F-Iga_Swiatek-Karolina_Muchova:0143,143,6,6,swiatek,swiatek,surname,,,subject,nsubj,OTHER,3,,51.4,14.6,49.44,True,OTHER,49.44
tv_pool_20230610-W-Roland_Garros-F-Iga_Swiatek-Karolina_Muchova,tv_pool_20230610-W-Roland_Garros-F-Iga_Swiatek-Karolina_Muchova:0145,145,12,11,swiatek,swiatek,surname,,,after_preposition,pobj,SHOT,3,,30.16,31.48,28.16,True,SHOT,28.16
tv_pool_20230610-W-Roland_Garros-F-Iga_Swiatek-Karolina_Muchova,tv_pool_20230610-W-Roland_Garros-F-Iga_Swiatek-Karolina_Muchova:0149,149,5,4,swiatek,swiatek,surname,,,vocative_exclamation,ROOT,JUDGE,3,,33.44,37.4,31.52,True,JUDGE,31.52
tv_pool_20230610-W-Roland_Garros-F-Iga_Swiatek-Karolina_Muchova,tv_pool_20230610-W-Roland_Garros-F-Iga_Swiatek-Karolina_Muchova:0151,151,3,3,swiatek,swiatek,surname,,,after_preposition,pobj,JUDGE,3,,109.04,18.08,107.08,True,JUDGE,107.08
tv_pool_20230610-W-Roland_Garros-F-Iga_Swiatek-Karolina_Muchova,tv_pool_20230610-W-Roland_Garros-F-Iga_Swiatek-Karolina_Muchova:0151,151,15,13,muchova,muchova,surname,,,subject,nsubj,SHOT,3,,109.04,18.08,107.08,True,SHOT,107.08
tv_pool_20230610-W-Roland_Garros-F-Iga_Swiatek-Karolina_Muchova,tv_pool_20230610-W-Roland_Garros-F-Iga_Swiatek-Karolina_Muchova:0156,156,5,5,swiatek,swiatek,surname,,,after_preposition,pobj,OTHER,3,,20.84,32.88,14,True,OTHER,14
tv_pool_20230610-W-Roland_Garros-F-Iga_Swiatek-Karolina_Muchova,tv_pool_20230610-W-Roland_Garros-F-Iga_Swiatek-Karolina_Muchova:0159,159,40,35,swiatek,swiatek,surname,,,after_preposition,pobj,JUDGE,3,,38.72,39.8,36.76,True,JUDGE,36.76
tv_pool_20230610-W-Roland_Garros-F-Iga_Swiatek-Karolina_Muchova,tv_pool_20230610-W-Roland_Garros-F-Iga_Swiatek-Karolina_Muchova:0159,159,52,46,muchova,muchova,surname,,,after_preposition,pobj,JUDGE,3,,38.72,39.8,36.76,True,JUDGE,36.76
tv_pool_20230610-W-Roland_Garros-F-Iga_Swiatek-Karolina_Muchova,tv_pool_20230610-W-Roland_Garros-F-Iga_Swiatek-Karolina_Muchova:0159,159,71,62,muchova,muchova,surname,,,subject,nsubj,OTHER,3,,38.72,39.8,36.76,True,OTHER,36.76
tv_pool_20230610-W-Roland_Garros-F-Iga_Swiatek-Karolina_Muchova,tv_pool_20230610-W-Roland_Garros-F-Iga_Swiatek-Karolina_Muchova:0159,159,102,91,swiatek,swiatek,surname,,,object,dobj,JUDGE,3,,38.72,39.8,36.76,True,JUDGE,36.76
tv_pool_20230610-W-Roland_Garros-F-Iga_Swiatek-Karolina_Muchova,tv_pool_20230610-W-Roland_Garros-F-Iga_Swiatek-Karolina_Muchova:0159,159,128,113,muchova,muchova,surname,,,after_preposition,pobj,SHOT,3,,38.72,39.8,36.76,True,SHOT,36.76
tv_pool_20230610-W-Roland_Garros-F-Iga_Swiatek-Karolina_Muchova,tv_pool_20230610-W-Roland_Garros-F-Iga_Swiatek-Karolina_Muchova:0172,172,6,6,swiatek,swiatek,surname,,,after_preposition,pobj,OTHER,3,,23.92,55.76,20.4,True,OTHER,20.4
tv_pool_20230610-W-Roland_Garros-F-Iga_Swiatek-Karolina_Muchova,tv_pool_20230610-W-Roland_Garros-F-Iga_Swiatek-Karolina_Muchova:0178,178,6,5,swiatek,swiatek,surname,,,after_preposition,pobj,JUDGE,3,,48.52,37.52,46.6,True,JUDGE,46.6
tv_pool_20230610-W-Roland_Garros-F-Iga_Swiatek-Karolina_Muchova,tv_pool_20230610-W-Roland_Garros-F-Iga_Swiatek-Karolina_Muchova:0180,180,5,5,swiatek,swiatek,surname,,,subject,nsubj,JUDGE,3,,32.64,32.2,25.84,True,JUDGE,25.84
tv_pool_20230610-W-Roland_Garros-F-Iga_Swiatek-Karolina_Muchova,tv_pool_20230610-W-Roland_Garros-F-Iga_Swiatek-Karolina_Muchova:0180,180,35,35,muchova,muchova,surname,,,after_preposition,pobj,OTHER,3,,32.64,32.2,25.84,True,OTHER,25.84
tv_pool_20230610-W-Roland_Garros-F-Iga_Swiatek-Karolina_Muchova,tv_pool_20230610-W-Roland_Garros-F-Iga_Swiatek-Karolina_Muchova:0180,180,49,49,swiatek,swiatek,surname,,,other,compound,OTHER,3,,32.64,32.2,25.84,True,OTHER,25.84
tv_pool_20230610-W-Roland_Garros-F-Iga_Swiatek-Karolina_Muchova,tv_pool_20230610-W-Roland_Garros-F-Iga_Swiatek-Karolina_Muchova:0183,183,0,0,swiatek,swiatek,surname,,,subject,nsubj,SCORE,3,,48.44,17.96,46.52,True,SCORE,46.52
tv_pool_20230610-W-Roland_Garros-F-Iga_Swiatek-Karolina_Muchova,tv_pool_20230610-W-Roland_Garros-F-Iga_Swiatek-Karolina_Muchova:0184,184,0,0,swiatek,swiatek,surname,,,subject,nsubj,OTHER,3,,28.84,48.44,26.92,True,OTHER,26.92
tv_pool_20230610-W-Roland_Garros-F-Iga_Swiatek-Karolina_Muchova,tv_pool_20230610-W-Roland_Garros-F-Iga_Swiatek-Karolina_Muchova:0186,186,9,8,swiatek,swiatek,surname,,,after_preposition,pobj,OTHER,3,,25.68,35.2,23.72,True,OTHER,23.72
tv_pool_20230610-W-Roland_Garros-F-Iga_Swiatek-Karolina_Muchova,tv_pool_20230610-W-Roland_Garros-F-Iga_Swiatek-Karolina_Muchova:0187,187,0,0,UNRESOLVED,the defending champion,epithet,epithet_descriptive,unresolved,subject,nsubj,OTHER,7,,139.2,25.68,137.24,True,SHOT,137.24
tv_pool_20230610-W-Roland_Garros-F-Iga_Swiatek-Karolina_Muchova,tv_pool_20230610-W-Roland_Garros-F-Iga_Swiatek-Karolina_Muchova:0188,188,10,9,swiatek,swiatek,surname,,,possessive,poss,SHOT,3,,28.56,139.2,26.56,True,SHOT,26.56
tv_pool_20230610-W-Roland_Garros-F-Iga_Swiatek-Karolina_Muchova,tv_pool_20230610-W-Roland_Garros-F-Iga_Swiatek-Karolina_Muchova:0191,191,4,4,swiatek,swiatek,surname,,,after_preposition,pobj,OTHER,3,,55.24,29.6,51.88,True,OTHER,51.88
tv_pool_20230610-W-Roland_Garros-F-Iga_Swiatek-Karolina_Muchova,tv_pool_20230610-W-Roland_Garros-F-Iga_Swiatek-Karolina_Muchova:0192,192,11,10,swiatek,swiatek,surname,,,after_preposition,pobj,JUDGE,3,,31.88,55.24,28.88,True,JUDGE,28.88
tv_pool_20230610-W-Roland_Garros-F-Iga_Swiatek-Karolina_Muchova,tv_pool_20230610-W-Roland_Garros-F-Iga_Swiatek-Karolina_Muchova:0196,196,6,5,muchova,muchova,surname,,,after_preposition,pobj,JUDGE,3,,35.8,14.52,33.88,True,JUDGE,33.88
tv_pool_20230610-W-Roland_Garros-F-Iga_Swiatek-Karolina_Muchova,tv_pool_20230610-W-Roland_Garros-F-Iga_Swiatek-Karolina_Muchova:0201,201,8,8,muchova,muchova,surname,,,after_preposition,pobj,JUDGE,3,,117.16,42.8,115.24,True,JUDGE,115.24
tv_pool_20230610-W-Roland_Garros-F-Iga_Swiatek-Karolina_Muchova,tv_pool_20230610-W-Roland_Garros-F-Iga_Swiatek-Karolina_Muchova:0210,210,7,7,muchova,muchova,surname,,,subject,nsubj,OTHER,3,,36.6,19.28,34.4,True,OTHER,34.4
tv_pool_20230610-W-Roland_Garros-F-Iga_Swiatek-Karolina_Muchova,tv_pool_20230610-W-Roland_Garros-F-Iga_Swiatek-Karolina_Muchova:0216,216,0,0,swiatek,swiatek,surname,,,subject,nsubj,OTHER,3,,27.36,51.32,24.28,True,OTHER,24.28
tv_pool_20230610-W-Roland_Garros-F-Iga_Swiatek-Karolina_Muchova,tv_pool_20230610-W-Roland_Garros-F-Iga_Swiatek-Karolina_Muchova:0217,217,7,6,swiatek,swiatek,surname,,,after_preposition,pobj,SHOT,3,,33.8,27.36,31.88,True,SHOT,31.88
tv_pool_20230610-W-Roland_Garros-F-Iga_Swiatek-Karolina_Muchova,tv_pool_20230610-W-Roland_Garros-F-Iga_Swiatek-Karolina_Muchova:0219,219,49,43,swiatek,swiatek,surname,,,after_preposition,pobj,SHOT,3,,33.44,14.16,31.44,True,SHOT,31.44
tv_pool_20230610-W-Roland_Garros-F-Iga_Swiatek-Karolina_Muchova,tv_pool_20230610-W-Roland_Garros-F-Iga_Swiatek-Karolina_Muchova:0223,223,11,11,swiatek,swiatek,surname,,,after_preposition,pobj,JUDGE,3,,32.28,33.48,30.32,True,JUDGE,30.32
tv_pool_20230610-W-Roland_Garros-F-Iga_Swiatek-Karolina_Muchova,tv_pool_20230610-W-Roland_Garros-F-Iga_Swiatek-Karolina_Muchova:0224,224,8,7,swiatek,swiatek,surname,,,after_preposition,pobj,OTHER,3,,29.2,32.28,27.28,True,OTHER,27.28
tv_pool_20230610-W-Roland_Garros-F-Iga_Swiatek-Karolina_Muchova,tv_pool_20230610-W-Roland_Garros-F-Iga_Swiatek-Karolina_Muchova:0225,225,7,6,muchova,karolina muchova,full_name,,,after_preposition,pobj,STAT,7,,104.88,29.2,102.96,True,STAT,102.96
tv_pool_20230610-W-Roland_Garros-F-Iga_Swiatek-Karolina_Muchova,tv_pool_20230610-W-Roland_Garros-F-Iga_Swiatek-Karolina_Muchova:0225,225,11,9,UNRESOLVED,the world number one,epithet,epithet_descriptive,unresolved,subject,nsubj,STAT,5,,104.88,29.2,102.96,True,STAT,102.96
tv_pool_20230610-W-Roland_Garros-F-Iga_Swiatek-Karolina_Muchova,tv_pool_20230610-W-Roland_Garros-F-Iga_Swiatek-Karolina_Muchova:0226,226,6,6,muchova,muchova,surname,,,after_preposition,pobj,OTHER,3,,40.24,104.88,34.36,True,OTHER,34.36
tv_pool_20230610-W-Roland_Garros-F-Iga_Swiatek-Karolina_Muchova,tv_pool_20230610-W-Roland_Garros-F-Iga_Swiatek-Karolina_Muchova:0227,227,14,13,muchova,muchova,surname,,,after_preposition,pobj,SHOT,3,,15.6,40.24,13.64,True,SHOT,13.64
tv_pool_20230610-W-Roland_Garros-F-Iga_Swiatek-Karolina_Muchova,tv_pool_20230610-W-Roland_Garros-F-Iga_Swiatek-Karolina_Muchova:0227,227,43,39,muchova,the czech,epithet,epithet_nationality,nationality,after_preposition,pobj,JUDGE,2,,15.6,40.24,13.64,True,JUDGE,13.64
tv_pool_20230610-W-Roland_Garros-F-Iga_Swiatek-Karolina_Muchova,tv_pool_20230610-W-Roland_Garros-F-Iga_Swiatek-Karolina_Muchova:0227,227,47,42,swiatek,swiatek,surname,,,vocative_exclamation,ROOT,OTHER,3,,15.6,40.24,13.64,True,OTHER,13.64
tv_pool_20230610-W-Roland_Garros-F-Iga_Swiatek-Karolina_Muchova,tv_pool_20230610-W-Roland_Garros-F-Iga_Swiatek-Karolina_Muchova:0230,230,7,6,swiatek,swiatek,surname,,,other,compound,SCORE,3,,43.56,37.04,41.6,True,SCORE,41.6
tv_pool_20230610-W-Roland_Garros-F-Iga_Swiatek-Karolina_Muchova,tv_pool_20230610-W-Roland_Garros-F-Iga_Swiatek-Karolina_Muchova:0230,230,17,13,UNRESOLVED,the world number one,epithet,epithet_descriptive,unresolved,after_preposition,pobj,SCORE,5,,43.56,37.04,41.6,True,STAT,41.6
tv_pool_20230610-W-Roland_Garros-F-Iga_Swiatek-Karolina_Muchova,tv_pool_20230610-W-Roland_Garros-F-Iga_Swiatek-Karolina_Muchova:0231,231,0,0,swiatek,swiatek,surname,,,subject,nsubj,OTHER,3,,14.68,43.56,7.68,True,OTHER,7.68
tv_pool_20230910-M-US_Open-F-Novak_Djokovic-Daniil_Medvedev,tv_pool_20230910-M-US_Open-F-Novak_Djokovic-Daniil_Medvedev:0000,0,75,62,djokovic,djokovic,surname,,,subject,nsubj,SCORE,3,,52.89,,,False,SCORE,50.954
tv_pool_20230910-M-US_Open-F-Novak_Djokovic-Daniil_Medvedev,tv_pool_20230910-M-US_Open-F-Novak_Djokovic-Daniil_Medvedev:0000,0,166,143,medvedev,medvedev,surname,,,object,dobj,STAT,3,,52.89,,,False,STAT,50.954
tv_pool_20230910-M-US_Open-F-Novak_Djokovic-Daniil_Medvedev,tv_pool_20230910-M-US_Open-F-Novak_Djokovic-Daniil_Medvedev:0001,1,13,12,djokovic,djokovic,surname,,,subject,nsubj,CROWD,3,,114.71,52.89,,False,CROWD,111.81
tv_pool_20230910-M-US_Open-F-Novak_Djokovic-Daniil_Medvedev,tv_pool_20230910-M-US_Open-F-Novak_Djokovic-Daniil_Medvedev:0004,4,19,17,medvedev,medvedev,surname,,,subject,nsubj,STAT,3,,8,25.96,,False,STAT,5.635
tv_pool_20230910-M-US_Open-F-Novak_Djokovic-Daniil_Medvedev,tv_pool_20230910-M-US_Open-F-Novak_Djokovic-Daniil_Medvedev:0006,6,21,19,djokovic,djokovic,surname,,,subject,nsubj,SHOT,3,,28.66,16.89,,False,SHOT,26.791
tv_pool_20230910-M-US_Open-F-Novak_Djokovic-Daniil_Medvedev,tv_pool_20230910-M-US_Open-F-Novak_Djokovic-Daniil_Medvedev:0008,8,12,12,medvedev,medvedev,surname,,,after_preposition,pobj,OTHER,3,,32.83,41.78,,False,OTHER,32.4
tv_pool_20230910-M-US_Open-F-Novak_Djokovic-Daniil_Medvedev,tv_pool_20230910-M-US_Open-F-Novak_Djokovic-Daniil_Medvedev:0008,8,35,31,medvedev,medvedev,surname,,,object,dobj,OTHER,3,,32.83,41.78,,False,OTHER,32.4
tv_pool_20230910-M-US_Open-F-Novak_Djokovic-Daniil_Medvedev,tv_pool_20230910-M-US_Open-F-Novak_Djokovic-Daniil_Medvedev:0010,10,43,36,djokovic,djokovic,surname,,,subject,nsubj,OTHER,3,,29.49,33.34,,False,OTHER,27.626
tv_pool_20230910-M-US_Open-F-Novak_Djokovic-Daniil_Medvedev,tv_pool_20230910-M-US_Open-F-Novak_Djokovic-Daniil_Medvedev:0014,14,17,15,medvedev,medvedev,surname,,,object,dobj,OTHER,3,,20.49,35.27,,False,OTHER,17.622
tv_pool_20230910-M-US_Open-F-Novak_Djokovic-Daniil_Medvedev,tv_pool_20230910-M-US_Open-F-Novak_Djokovic-Daniil_Medvedev:0014,14,23,19,medvedev,medvedev,surname,,,subject,nsubj,OTHER,3,,20.49,35.27,,False,OTHER,17.622
tv_pool_20230910-M-US_Open-F-Novak_Djokovic-Daniil_Medvedev,tv_pool_20230910-M-US_Open-F-Novak_Djokovic-Daniil_Medvedev:0014,14,36,31,djokovic,djokovic,surname,,,subject,nsubj,CROWD,3,,20.49,35.27,,False,CROWD,17.622
tv_pool_20230910-M-US_Open-F-Novak_Djokovic-Daniil_Medvedev,tv_pool_20230910-M-US_Open-F-Novak_Djokovic-Daniil_Medvedev:0016,16,0,0,djokovic,novak,first_name,,,subject,nsubj,OTHER,2,,22.02,8,,False,OTHER,20.222
tv_pool_20230910-M-US_Open-F-Novak_Djokovic-Daniil_Medvedev,tv_pool_20230910-M-US_Open-F-Novak_Djokovic-Daniil_Medvedev:0016,16,82,71,djokovic,djokovic,surname,,,subject,nsubj,JUDGE,3,,22.02,8,,False,JUDGE,20.222
tv_pool_20230910-M-US_Open-F-Novak_Djokovic-Daniil_Medvedev,tv_pool_20230910-M-US_Open-F-Novak_Djokovic-Daniil_Medvedev:0016,16,91,79,medvedev,medvedev,surname,,,subject,nsubj,CROWD,3,,22.02,8,,False,CROWD,20.222
tv_pool_20230910-M-US_Open-F-Novak_Djokovic-Daniil_Medvedev,tv_pool_20230910-M-US_Open-F-Novak_Djokovic-Daniil_Medvedev:0016,16,158,134,djokovic,djokovic,surname,,,subject,nsubj,JUDGE,3,,22.02,8,,False,JUDGE,20.222
tv_pool_20230910-M-US_Open-F-Novak_Djokovic-Daniil_Medvedev,tv_pool_20230910-M-US_Open-F-Novak_Djokovic-Daniil_Medvedev:0016,16,160,136,djokovic,djokovic,surname,,,other,compound,JUDGE,3,,22.02,8,,False,JUDGE,20.222
tv_pool_20230910-M-US_Open-F-Novak_Djokovic-Daniil_Medvedev,tv_pool_20230910-M-US_Open-F-Novak_Djokovic-Daniil_Medvedev:0016,16,173,146,djokovic,djokovic,surname,,,subject,nsubj,STAT,3,,22.02,8,,False,STAT,20.222
tv_pool_20230910-M-US_Open-F-Novak_Djokovic-Daniil_Medvedev,tv_pool_20230910-M-US_Open-F-Novak_Djokovic-Daniil_Medvedev:0019,19,26,23,medvedev,medvedev,surname,,,object,attr,JUDGE,3,,44.37,19.92,,False,JUDGE,42.405
tv_pool_20230910-M-US_Open-F-Novak_Djokovic-Daniil_Medvedev,tv_pool_20230910-M-US_Open-F-Novak_Djokovic-Daniil_Medvedev:0019,19,53,49,djokovic,djokovic,surname,,,after_preposition,pobj,OTHER,3,,44.37,19.92,,False,OTHER,42.405
tv_pool_20230910-M-US_Open-F-Novak_Djokovic-Daniil_Medvedev,tv_pool_20230910-M-US_Open-F-Novak_Djokovic-Daniil_Medvedev:0021,21,0,0,medvedev,medvedev,surname,,,subject,nsubj,OTHER,3,,52.15,10.88,,False,OTHER,50.152
tv_pool_20230910-M-US_Open-F-Novak_Djokovic-Daniil_Medvedev,tv_pool_20230910-M-US_Open-F-Novak_Djokovic-Daniil_Medvedev:0023,23,8,8,medvedev,medvedev,surname,,,after_preposition,pobj,JUDGE,3,,68.17,17.75,,False,JUDGE,67.438
tv_pool_20230910-M-US_Open-F-Novak_Djokovic-Daniil_Medvedev,tv_pool_20230910-M-US_Open-F-Novak_Djokovic-Daniil_Medvedev:0023,23,37,32,medvedev,medvedev,surname,,,after_preposition,pobj,SHOT,3,,68.17,17.75,,False,SHOT,67.438
tv_pool_20230910-M-US_Open-F-Novak_Djokovic-Daniil_Medvedev,tv_pool_20230910-M-US_Open-F-Novak_Djokovic-Daniil_Medvedev:0027,27,21,20,djokovic,djokovic,surname,,,subject,nsubj,SHOT,3,,81.35,65.07,,False,SHOT,79.377
tv_pool_20230910-M-US_Open-F-Novak_Djokovic-Daniil_Medvedev,tv_pool_20230910-M-US_Open-F-Novak_Djokovic-Daniil_Medvedev:0028,28,8,7,djokovic,djokovic,surname,,,vocative_exclamation,ROOT,CROWD,3,,88.85,81.35,,False,CROWD,86.384
tv_pool_20230910-M-US_Open-F-Novak_Djokovic-Daniil_Medvedev,tv_pool_20230910-M-US_Open-F-Novak_Djokovic-Daniil_Medvedev:0029,29,19,18,medvedev,medvedev,surname,,,subject,nsubj,SHOT,3,,15.52,88.85,,False,SHOT,12.415
tv_pool_20230910-M-US_Open-F-Novak_Djokovic-Daniil_Medvedev,tv_pool_20230910-M-US_Open-F-Novak_Djokovic-Daniil_Medvedev:0031,31,37,30,medvedev,medvedev,surname,,,after_preposition,pobj,SHOT,3,,17.68,7.61,,False,SHOT,14.881
tv_pool_20230910-M-US_Open-F-Novak_Djokovic-Daniil_Medvedev,tv_pool_20230910-M-US_Open-F-Novak_Djokovic-Daniil_Medvedev:0036,36,82,71,djokovic,djokovic,surname,,,subject,nsubj,OTHER,3,,30.3,15.11,,False,OTHER,28.164
tv_pool_20230910-M-US_Open-F-Novak_Djokovic-Daniil_Medvedev,tv_pool_20230910-M-US_Open-F-Novak_Djokovic-Daniil_Medvedev:0037,37,18,16,djokovic,djokovic,surname,,,subject,nsubj,OTHER,3,,29.03,30.3,,False,OTHER,28.426
tv_pool_20230910-M-US_Open-F-Novak_Djokovic-Daniil_Medvedev,tv_pool_20230910-M-US_Open-F-Novak_Djokovic-Daniil_Medvedev:0038,38,0,0,djokovic,djokovic,surname,,,subject,nsubj,OTHER,3,,46.44,29.03,,False,OTHER,45.743
tv_pool_20230910-M-US_Open-F-Novak_Djokovic-Daniil_Medvedev,tv_pool_20230910-M-US_Open-F-Novak_Djokovic-Daniil_Medvedev:0038,38,40,37,djokovic,djokovic,surname,,,subject,nsubj,OTHER,3,,46.44,29.03,,False,OTHER,45.743
tv_pool_20230910-M-US_Open-F-Novak_Djokovic-Daniil_Medvedev,tv_pool_20230910-M-US_Open-F-Novak_Djokovic-Daniil_Medvedev:0041,41,6,6,djokovic,djokovic,surname,,,subject,conj,SHOT,3,,16.18,27.19,,False,SHOT,14.243
tv_pool_20230910-M-US_Open-F-Novak_Djokovic-Daniil_Medvedev,tv_pool_20230910-M-US_Open-F-Novak_Djokovic-Daniil_Medvedev:0041,41,43,37,djokovic,djokovic,surname,,,subject,nsubjpass,SHOT,3,,16.18,27.19,,False,SHOT,14.243
tv_pool_20230910-M-US_Open-F-Novak_Djokovic-Daniil_Medvedev,tv_pool_20230910-M-US_Open-F-Novak_Djokovic-Daniil_Medvedev:0041,41,60,52,medvedev,medvedev,surname,,,subject,nsubj,OTHER,3,,16.18,27.19,,False,OTHER,14.243
tv_pool_20230910-M-US_Open-F-Novak_Djokovic-Daniil_Medvedev,tv_pool_20230910-M-US_Open-F-Novak_Djokovic-Daniil_Medvedev:0041,41,85,73,djokovic,djokovic,surname,,,possessive,poss,SHOT,3,,16.18,27.19,,False,SHOT,14.243
tv_pool_20230910-M-US_Open-F-Novak_Djokovic-Daniil_Medvedev,tv_pool_20230910-M-US_Open-F-Novak_Djokovic-Daniil_Medvedev:0042,42,11,9,medvedev,medvedev,surname,,,after_preposition,pobj,SHOT,3,,34.44,16.18,,False,SHOT,28.93
tv_pool_20230910-M-US_Open-F-Novak_Djokovic-Daniil_Medvedev,tv_pool_20230910-M-US_Open-F-Novak_Djokovic-Daniil_Medvedev:0045,45,0,0,medvedev,medvedev,surname,,,subject,nsubj,SHOT,3,,48.12,8.21,,False,SHOT,46.249
tv_pool_20230910-M-US_Open-F-Novak_Djokovic-Daniil_Medvedev,tv_pool_20230910-M-US_Open-F-Novak_Djokovic-Daniil_Medvedev:0046,46,1,1,medvedev,medvedev,surname,,,subject,nsubj,OTHER,3,,17.82,48.12,,False,OTHER,15.854
tv_pool_20230910-M-US_Open-F-Novak_Djokovic-Daniil_Medvedev,tv_pool_20230910-M-US_Open-F-Novak_Djokovic-Daniil_Medvedev:0047,47,4,4,djokovic,novak,first_name,,,possessive,poss,OTHER,2,,19.65,17.82,,False,OTHER,17.649
tv_pool_20230910-M-US_Open-F-Novak_Djokovic-Daniil_Medvedev,tv_pool_20230910-M-US_Open-F-Novak_Djokovic-Daniil_Medvedev:0049,49,1,1,medvedev,medvedev,surname,,,vocative_exclamation,ROOT,SCORE,3,advantage_name,22.65,59.13,,False,SCORE,20.883
tv_pool_20230910-M-US_Open-F-Novak_Djokovic-Daniil_Medvedev,tv_pool_20230910-M-US_Open-F-Novak_Djokovic-Daniil_Medvedev:0052,52,15,13,djokovic,djokovic,surname,,,subject,nsubj,JUDGE,3,,29.53,16.78,,False,JUDGE,27.561
tv_pool_20230910-M-US_Open-F-Novak_Djokovic-Daniil_Medvedev,tv_pool_20230910-M-US_Open-F-Novak_Djokovic-Daniil_Medvedev:0055,55,2,2,djokovic,djokovic,surname,,,vocative_exclamation,ROOT,OTHER,3,,25.95,18.46,,False,OTHER,23.952
tv_pool_20230910-M-US_Open-F-Novak_Djokovic-Daniil_Medvedev,tv_pool_20230910-M-US_Open-F-Novak_Djokovic-Daniil_Medvedev:0055,55,21,17,djokovic,djokovic,surname,,,other,compound,CROWD,3,,25.95,18.46,,False,CROWD,23.952
tv_pool_20230910-M-US_Open-F-Novak_Djokovic-Daniil_Medvedev,tv_pool_20230910-M-US_Open-F-Novak_Djokovic-Daniil_Medvedev:0058,58,14,13,medvedev,medvedev,surname,,,vocative_exclamation,ROOT,SHOT,3,,24.76,25.89,,False,SHOT,21.955
tv_pool_20230910-M-US_Open-F-Novak_Djokovic-Daniil_Medvedev,tv_pool_20230910-M-US_Open-F-Novak_Djokovic-Daniil_Medvedev:0059,59,8,8,medvedev,medvedev,surname,,,subject,nsubj,OTHER,3,,31.76,24.76,,False,OTHER,29.859
tv_pool_20230910-M-US_Open-F-Novak_Djokovic-Daniil_Medvedev,tv_pool_20230910-M-US_Open-F-Novak_Djokovic-Daniil_Medvedev:0059,59,27,25,djokovic,djokovic,surname,,,subject,nsubj,SHOT,3,,31.76,24.76,,False,SHOT,29.859
tv_pool_20230910-M-US_Open-F-Novak_Djokovic-Daniil_Medvedev,tv_pool_20230910-M-US_Open-F-Novak_Djokovic-Daniil_Medvedev:0059,59,37,34,medvedev,medvedev,surname,,,possessive,nsubj,OTHER,3,,31.76,24.76,,False,OTHER,29.859
tv_pool_20230910-M-US_Open-F-Novak_Djokovic-Daniil_Medvedev,tv_pool_20230910-M-US_Open-F-Novak_Djokovic-Daniil_Medvedev:0062,62,1,1,djokovic,djokovic,surname,,,object,dobj,SHOT,3,,9.05,20.65,,False,SHOT,7.111
tv_pool_20230910-M-US_Open-F-Novak_Djokovic-Daniil_Medvedev,tv_pool_20230910-M-US_Open-F-Novak_Djokovic-Daniil_Medvedev:0062,62,25,22,medvedev,medvedev,surname,,,subject,nsubj,SHOT,3,,9.05,20.65,,False,SHOT,7.111
tv_pool_20230910-M-US_Open-F-Novak_Djokovic-Daniil_Medvedev,tv_pool_20230910-M-US_Open-F-Novak_Djokovic-Daniil_Medvedev:0062,62,31,28,djokovic,djokovic,surname,,,possessive,poss,SHOT,3,,9.05,20.65,,False,SHOT,7.111
tv_pool_20230910-M-US_Open-F-Novak_Djokovic-Daniil_Medvedev,tv_pool_20230910-M-US_Open-F-Novak_Djokovic-Daniil_Medvedev:0062,62,72,62,djokovic,djokovic,surname,,,after_preposition,pobj,OTHER,3,,9.05,20.65,,False,OTHER,7.111
tv_pool_20230910-M-US_Open-F-Novak_Djokovic-Daniil_Medvedev,tv_pool_20230910-M-US_Open-F-Novak_Djokovic-Daniil_Medvedev:0064,64,4,4,djokovic,djokovic,surname,,,subject,nsubj,SHOT,3,,61.63,20.62,,False,SHOT,59.761
tv_pool_20230910-M-US_Open-F-Novak_Djokovic-Daniil_Medvedev,tv_pool_20230910-M-US_Open-F-Novak_Djokovic-Daniil_Medvedev:0064,64,15,13,medvedev,medvedev,surname,,,possessive,poss,SHOT,3,,61.63,20.62,,False,SHOT,59.761
tv_pool_20230910-M-US_Open-F-Novak_Djokovic-Daniil_Medvedev,tv_pool_20230910-M-US_Open-F-Novak_Djokovic-Daniil_Medvedev:0065,65,118,106,medvedev,medvedev,surname,,,vocative_exclamation,ROOT,SCORE,3,advantage_name,19.12,61.63,,False,SCORE,17.05
tv_pool_20230910-M-US_Open-F-Novak_Djokovic-Daniil_Medvedev,tv_pool_20230910-M-US_Open-F-Novak_Djokovic-Daniil_Medvedev:0067,67,4,4,medvedev,medvedev,surname,,,subject,nsubj,OTHER,3,,23.49,28.46,,False,OTHER,22.185
tv_pool_20230910-M-US_Open-F-Novak_Djokovic-Daniil_Medvedev,tv_pool_20230910-M-US_Open-F-Novak_Djokovic-Daniil_Medvedev:0068,68,4,3,medvedev,medvedev,surname,,,subject,nsubj,JUDGE,3,,21.42,23.49,,False,JUDGE,19.218
tv_pool_20230910-M-US_Open-F-Novak_Djokovic-Daniil_Medvedev,tv_pool_20230910-M-US_Open-F-Novak_Djokovic-Daniil_Medvedev:0070,70,19,17,medvedev,medvedev,surname,,,subject,nsubj,OTHER,3,,43.47,50.89,,False,OTHER,41.406
tv_pool_20230910-M-US_Open-F-Novak_Djokovic-Daniil_Medvedev,tv_pool_20230910-M-US_Open-F-Novak_Djokovic-Daniil_Medvedev:0071,71,27,23,djokovic,djokovic,surname,,,other,compound,SHOT,3,,26.23,43.47,,False,SHOT,25.26
tv_pool_20230910-M-US_Open-F-Novak_Djokovic-Daniil_Medvedev,tv_pool_20230910-M-US_Open-F-Novak_Djokovic-Daniil_Medvedev:0075,75,34,29,medvedev,medvedev,surname,,,subject,nsubj,STAT,3,,49.61,8.24,,False,STAT,45.675
tv_pool_20230910-M-US_Open-F-Novak_Djokovic-Daniil_Medvedev,tv_pool_20230910-M-US_Open-F-Novak_Djokovic-Daniil_Medvedev:0077,77,18,16,djokovic,djokovic,surname,,,object,conj,OTHER,3,,28.13,32.66,,False,OTHER,25.961
tv_pool_20230910-M-US_Open-F-Novak_Djokovic-Daniil_Medvedev,tv_pool_20230910-M-US_Open-F-Novak_Djokovic-Daniil_Medvedev:0083,83,13,12,djokovic,djokovic,surname,,,object,attr,SHOT,3,,41.64,121.76,,False,SHOT,36.101
tv_pool_20230910-M-US_Open-F-Novak_Djokovic-Daniil_Medvedev,tv_pool_20230910-M-US_Open-F-Novak_Djokovic-Daniil_Medvedev:0084,84,82,68,djokovic,djokovic,surname,,,subject,nsubj,OTHER,3,,37.91,41.64,,False,OTHER,35.738
tv_pool_20230910-M-US_Open-F-Novak_Djokovic-Daniil_Medvedev,tv_pool_20230910-M-US_Open-F-Novak_Djokovic-Daniil_Medvedev:0085,85,18,17,djokovic,djokovic,surname,,,after_preposition,pobj,OTHER,3,,19.65,37.91,,False,OTHER,17.584
tv_pool_20230910-M-US_Open-F-Novak_Djokovic-Daniil_Medvedev,tv_pool_20230910-M-US_Open-F-Novak_Djokovic-Daniil_Medvedev:0086,86,9,6,medvedev,medvedev,surname,,,possessive,poss,SHOT,3,,22.59,19.65,,False,SHOT,19.416
tv_pool_20230910-M-US_Open-F-Novak_Djokovic-Daniil_Medvedev,tv_pool_20230910-M-US_Open-F-Novak_Djokovic-Daniil_Medvedev:0089,89,4,4,djokovic,djokovic,surname,,,after_preposition,pobj,OTHER,3,,34.5,81.94,,False,OTHER,32.361
tv_pool_20230910-M-US_Open-F-Novak_Djokovic-Daniil_Medvedev,tv_pool_20230910-M-US_Open-F-Novak_Djokovic-Daniil_Medvedev:0091,91,3,3,djokovic,djokovic,surname,,,after_preposition,pobj,SHOT,3,,30.47,28.12,,False,SHOT,27.329
tv_pool_20230910-M-US_Open-F-Novak_Djokovic-Daniil_Medvedev,tv_pool_20230910-M-US_Open-F-Novak_Djokovic-Daniil_Medvedev:0091,91,5,4,djokovic,djokovic,surname,,,subject,nsubj,SHOT,3,,30.47,28.12,,False,SHOT,27.329
tv_pool_20230910-M-US_Open-F-Novak_Djokovic-Daniil_Medvedev,tv_pool_20230910-M-US_Open-F-Novak_Djokovic-Daniil_Medvedev:0091,91,9,8,medvedev,medvedev,surname,,,after_preposition,pobj,OTHER,3,,30.47,28.12,,False,OTHER,27.329
tv_pool_20230910-M-US_Open-F-Novak_Djokovic-Daniil_Medvedev,tv_pool_20230910-M-US_Open-F-Novak_Djokovic-Daniil_Medvedev:0091,91,11,10,medvedev,medvedev,surname,,,subject,nsubj,OTHER,3,,30.47,28.12,,False,OTHER,27.329
tv_pool_20230910-M-US_Open-F-Novak_Djokovic-Daniil_Medvedev,tv_pool_20230910-M-US_Open-F-Novak_Djokovic-Daniil_Medvedev:0094,94,13,13,medvedev,medvedev,surname,,,after_preposition,pobj,OTHER,3,,42.84,8.91,,False,OTHER,39.974
tv_pool_20230910-M-US_Open-F-Novak_Djokovic-Daniil_Medvedev,tv_pool_20230910-M-US_Open-F-Novak_Djokovic-Daniil_Medvedev:0096,96,23,21,djokovic,djokovic,surname,,,after_preposition,pobj,SCORE,3,,16.45,7.87,,False,SCORE,14.344
tv_pool_20230910-M-US_Open-F-Novak_Djokovic-Daniil_Medvedev,tv_pool_20230910-M-US_Open-F-Novak_Djokovic-Daniil_Medvedev:0098,98,21,21,medvedev,medvedev,surname,,,after_preposition,pobj,SHOT,3,,19.25,8.08,,False,SHOT,17.082
tv_pool_20230910-M-US_Open-F-Novak_Djokovic-Daniil_Medvedev,tv_pool_20230910-M-US_Open-F-Novak_Djokovic-Daniil_Medvedev:0099,99,0,0,medvedev,medvedev,surname,,,subject,nsubj,SHOT,3,,7.74,19.25,,False,SHOT,5.603
tv_pool_20230910-M-US_Open-F-Novak_Djokovic-Daniil_Medvedev,tv_pool_20230910-M-US_Open-F-Novak_Djokovic-Daniil_Medvedev:0101,101,1,1,djokovic,djokovic,surname,,,vocative_exclamation,ROOT,SCORE,3,advantage_name,34.84,31.1,,False,SCORE,32.7
tv_pool_20230910-M-US_Open-F-Novak_Djokovic-Daniil_Medvedev,tv_pool_20230910-M-US_Open-F-Novak_Djokovic-Daniil_Medvedev:0101,101,10,9,djokovic,djokovic,surname,,,other,preconj,SHOT,3,,34.84,31.1,,False,SHOT,32.7
tv_pool_20230910-M-US_Open-F-Novak_Djokovic-Daniil_Medvedev,tv_pool_20230910-M-US_Open-F-Novak_Djokovic-Daniil_Medvedev:0102,102,1,1,medvedev,medvedev,surname,,,subject,nsubj,SHOT,3,,29.96,34.84,,False,SHOT,27.857
tv_pool_20230910-M-US_Open-F-Novak_Djokovic-Daniil_Medvedev,tv_pool_20230910-M-US_Open-F-Novak_Djokovic-Daniil_Medvedev:0102,102,46,42,djokovic,djokovic,surname,,,after_preposition,pobj,OTHER,3,,29.96,34.84,,False,OTHER,27.857
tv_pool_20230910-M-US_Open-F-Novak_Djokovic-Daniil_Medvedev,tv_pool_20230910-M-US_Open-F-Novak_Djokovic-Daniil_Medvedev:0103,103,13,12,djokovic,djokovic,surname,,,possessive,poss,SHOT,3,,50.18,29.96,,False,SHOT,48.044
tv_pool_20230910-M-US_Open-F-Novak_Djokovic-Daniil_Medvedev,tv_pool_20230910-M-US_Open-F-Novak_Djokovic-Daniil_Medvedev:0103,103,27,23,medvedev,medvedev,surname,,,vocative_exclamation,ROOT,SCORE,3,advantage_name,50.18,29.96,,False,SCORE,48.044
tv_pool_20230910-M-US_Open-F-Novak_Djokovic-Daniil_Medvedev,tv_pool_20230910-M-US_Open-F-Novak_Djokovic-Daniil_Medvedev:0104,104,21,18,djokovic,novak,first_name,,,object,dobj,OTHER,2,,20.49,50.18,,False,OTHER,18.288
tv_pool_20230910-M-US_Open-F-Novak_Djokovic-Daniil_Medvedev,tv_pool_20230910-M-US_Open-F-Novak_Djokovic-Daniil_Medvedev:0106,106,15,13,djokovic,novak,first_name,,,possessive,poss,OTHER,2,,118.46,7.34,,False,OTHER,116.421
tv_pool_20230910-M-US_Open-F-Novak_Djokovic-Daniil_Medvedev,tv_pool_20230910-M-US_Open-F-Novak_Djokovic-Daniil_Medvedev:0106,106,28,24,medvedev,medvedev,surname,,,possessive,attr,OTHER,3,,118.46,7.34,,False,OTHER,116.421
tv_pool_20230910-M-US_Open-F-Novak_Djokovic-Daniil_Medvedev,tv_pool_20230910-M-US_Open-F-Novak_Djokovic-Daniil_Medvedev:0106,106,46,39,djokovic,djokovic,surname,,,after_preposition,pobj,JUDGE,3,,118.46,7.34,,False,JUDGE,116.421
tv_pool_20230910-M-US_Open-F-Novak_Djokovic-Daniil_Medvedev,tv_pool_20230910-M-US_Open-F-Novak_Djokovic-Daniil_Medvedev:0106,106,91,79,djokovic,djokovic,surname,,,object,dobj,OTHER,3,,118.46,7.34,,False,OTHER,116.421
tv_pool_20230910-M-US_Open-F-Novak_Djokovic-Daniil_Medvedev,tv_pool_20230910-M-US_Open-F-Novak_Djokovic-Daniil_Medvedev:0107,107,42,38,medvedev,medvedev,surname,,,after_preposition,pobj,OTHER,3,,22.59,118.46,,False,OTHER,20.389
tv_pool_20230910-M-US_Open-F-Novak_Djokovic-Daniil_Medvedev,tv_pool_20230910-M-US_Open-F-Novak_Djokovic-Daniil_Medvedev:0107,107,56,50,medvedev,daniil,first_name,,,subject,nsubj,JUDGE,2,,22.59,118.46,,False,JUDGE,20.389
tv_pool_20230910-M-US_Open-F-Novak_Djokovic-Daniil_Medvedev,tv_pool_20230910-M-US_Open-F-Novak_Djokovic-Daniil_Medvedev:0107,107,65,59,djokovic,novak,first_name,,,subject,nsubj,OTHER,2,,22.59,118.46,,False,OTHER,20.389
tv_pool_20230910-M-US_Open-F-Novak_Djokovic-Daniil_Medvedev,tv_pool_20230910-M-US_Open-F-Novak_Djokovic-Daniil_Medvedev:0107,107,74,66,djokovic,djokovic,surname,,,subject,nsubj,SHOT,3,,22.59,118.46,,False,SHOT,20.389
tv_pool_20230910-M-US_Open-F-Novak_Djokovic-Daniil_Medvedev,tv_pool_20230910-M-US_Open-F-Novak_Djokovic-Daniil_Medvedev:0108,108,6,6,medvedev,medvedev,surname,,,after_preposition,pobj,OTHER,3,,18.18,22.59,,False,OTHER,16.046
tv_pool_20230910-M-US_Open-F-Novak_Djokovic-Daniil_Medvedev,tv_pool_20230910-M-US_Open-F-Novak_Djokovic-Daniil_Medvedev:0109,109,37,33,medvedev,medvedev,surname,,,subject,nsubj,JUDGE,3,,25.56,18.18,,False,JUDGE,23.49
tv_pool_20230910-M-US_Open-F-Novak_Djokovic-Daniil_Medvedev,tv_pool_20230910-M-US_Open-F-Novak_Djokovic-Daniil_Medvedev:0109,109,42,38,djokovic,djokovic,surname,,,other,compound,OTHER,3,,25.56,18.18,,False,OTHER,23.49
tv_pool_20230910-M-US_Open-F-Novak_Djokovic-Daniil_Medvedev,tv_pool_20230910-M-US_Open-F-Novak_Djokovic-Daniil_Medvedev:0118,118,55,48,djokovic,novak,first_name,,,subject,nsubj,OTHER,2,,22.05,29.96,,False,OTHER,21.419
tv_pool_20230910-M-US_Open-F-Novak_Djokovic-Daniil_Medvedev,tv_pool_20230910-M-US_Open-F-Novak_Djokovic-Daniil_Medvedev:0118,118,65,56,djokovic,djokovic,surname,,,subject,nsubj,OTHER,3,,22.05,29.96,,False,OTHER,21.419
tv_pool_20230910-M-US_Open-F-Novak_Djokovic-Daniil_Medvedev,tv_pool_20230910-M-US_Open-F-Novak_Djokovic-Daniil_Medvedev:0118,118,95,81,medvedev,medvedev,surname,,,vocative_exclamation,ROOT,SCORE,3,game_name,22.05,29.96,,False,SCORE,21.419
tv_pool_20230910-M-US_Open-F-Novak_Djokovic-Daniil_Medvedev,tv_pool_20230910-M-US_Open-F-Novak_Djokovic-Daniil_Medvedev:0118,118,97,82,medvedev,medvedev,surname,,,subject,nsubj,SCORE,3,leads_games,22.05,29.96,,False,SCORE,21.419
tv_pool_20230910-M-US_Open-F-Novak_Djokovic-Daniil_Medvedev,tv_pool_20230910-M-US_Open-F-Novak_Djokovic-Daniil_Medvedev:0118,118,111,92,djokovic,djokovic,surname,,,vocative_exclamation,npadvmod,OTHER,3,,22.05,29.96,,False,OTHER,21.419
tv_pool_20230910-M-US_Open-F-Novak_Djokovic-Daniil_Medvedev,tv_pool_20230910-M-US_Open-F-Novak_Djokovic-Daniil_Medvedev:0122,122,7,7,djokovic,djokovic,surname,,,object,dobj,SCORE,3,,29.26,96.97,,False,SCORE,27.229
tv_pool_20230910-M-US_Open-F-Novak_Djokovic-Daniil_Medvedev,tv_pool_20230910-M-US_Open-F-Novak_Djokovic-Daniil_Medvedev:0122,122,99,89,djokovic,djokovic,surname,,,subject,nsubjpass,OTHER,3,,29.26,96.97,,False,OTHER,27.229
tv_pool_20230910-M-US_Open-F-Novak_Djokovic-Daniil_Medvedev,tv_pool_20230910-M-US_Open-F-Novak_Djokovic-Daniil_Medvedev:0125,125,22,18,djokovic,djokovic,surname,,,subject,nsubj,STAT,3,,33.3,53.76,,False,STAT,32.696
tv_pool_20230910-M-US_Open-F-Novak_Djokovic-Daniil_Medvedev,tv_pool_20230910-M-US_Open-F-Novak_Djokovic-Daniil_Medvedev:0125,125,27,23,medvedev,medvedev,surname,,,subject,nsubj,SHOT,3,,33.3,53.76,,False,SHOT,32.696
tv_pool_20230910-M-US_Open-F-Novak_Djokovic-Daniil_Medvedev,tv_pool_20230910-M-US_Open-F-Novak_Djokovic-Daniil_Medvedev:0125,125,53,47,medvedev,medvedev,surname,,,possessive,poss,JUDGE,3,,33.3,53.76,,False,JUDGE,32.696
tv_pool_20230910-M-US_Open-F-Novak_Djokovic-Daniil_Medvedev,tv_pool_20230910-M-US_Open-F-Novak_Djokovic-Daniil_Medvedev:0125,125,109,97,djokovic,djokovic,surname,,,subject,nsubj,SCORE,3,,33.3,53.76,,False,SCORE,32.696
tv_pool_20230910-M-US_Open-F-Novak_Djokovic-Daniil_Medvedev,tv_pool_20230910-M-US_Open-F-Novak_Djokovic-Daniil_Medvedev:0127,127,12,10,medvedev,medvedev,surname,,,possessive,poss,SHOT,3,,35.87,18.65,,False,SHOT,33.837
tv_pool_20230910-M-US_Open-F-Novak_Djokovic-Daniil_Medvedev,tv_pool_20230910-M-US_Open-F-Novak_Djokovic-Daniil_Medvedev:0128,128,9,6,djokovic,djokovic,surname,,,vocative_exclamation,ROOT,SHOT,3,,58.76,35.87,,False,SHOT,56.761
tv_pool_20230910-M-US_Open-F-Novak_Djokovic-Daniil_Medvedev,tv_pool_20230910-M-US_Open-F-Novak_Djokovic-Daniil_Medvedev:0129,129,3,3,djokovic,novak,first_name,,,possessive,poss,JUDGE,2,,21.46,58.76,,False,JUDGE,19.521
tv_pool_20230910-M-US_Open-F-Novak_Djokovic-Daniil_Medvedev,tv_pool_20230910-M-US_Open-F-Novak_Djokovic-Daniil_Medvedev:0131,131,5,5,medvedev,medvedev,surname,,,after_preposition,pobj,JUDGE,3,,127.76,100.5,,False,JUDGE,125.589
tv_pool_20230910-M-US_Open-F-Novak_Djokovic-Daniil_Medvedev,tv_pool_20230910-M-US_Open-F-Novak_Djokovic-Daniil_Medvedev:0131,131,21,19,djokovic,djokovic,surname,,,after_preposition,pobj,SHOT,3,,127.76,100.5,,False,SHOT,125.589
tv_pool_20230910-M-US_Open-F-Novak_Djokovic-Daniil_Medvedev,tv_pool_20230910-M-US_Open-F-Novak_Djokovic-Daniil_Medvedev:0131,131,26,22,medvedev,medvedev,surname,,,subject,nsubj,OTHER,3,,127.76,100.5,,False,OTHER,125.589
tv_pool_20230910-M-US_Open-F-Novak_Djokovic-Daniil_Medvedev,tv_pool_20230910-M-US_Open-F-Novak_Djokovic-Daniil_Medvedev:0132,132,4,4,medvedev,medvedev,surname,,,possessive,poss,JUDGE,3,,18.79,127.76,,False,JUDGE,16.821
tv_pool_20230910-M-US_Open-F-Novak_Djokovic-Daniil_Medvedev,tv_pool_20230910-M-US_Open-F-Novak_Djokovic-Daniil_Medvedev:0133,133,4,2,djokovic,djokovic,surname,,,subject,nsubj,OTHER,3,,19.79,18.79,,False,OTHER,17.756
tv_pool_20230910-M-US_Open-F-Novak_Djokovic-Daniil_Medvedev,tv_pool_20230910-M-US_Open-F-Novak_Djokovic-Daniil_Medvedev:0134,134,15,12,djokovic,djokovic,surname,,,subject,nsubj,JUDGE,3,,35.17,19.79,,False,JUDGE,33.301
tv_pool_20230910-M-US_Open-F-Novak_Djokovic-Daniil_Medvedev,tv_pool_20230910-M-US_Open-F-Novak_Djokovic-Daniil_Medvedev:0134,134,43,36,djokovic,djokovic,surname,,,object,attr,SHOT,3,,35.17,19.79,,False,SHOT,33.301
tv_pool_20230910-M-US_Open-F-Novak_Djokovic-Daniil_Medvedev,tv_pool_20230910-M-US_Open-F-Novak_Djokovic-Daniil_Medvedev:0138,138,43,37,djokovic,djokovic,surname,,,subject,conj,JUDGE,3,,33.27,41.91,,False,JUDGE,31.332
tv_pool_20230910-M-US_Open-F-Novak_Djokovic-Daniil_Medvedev,tv_pool_20230910-M-US_Open-F-Novak_Djokovic-Daniil_Medvedev:0138,138,57,49,medvedev,medvedev,surname,,,object,attr,SHOT,3,,33.27,41.91,,False,SHOT,31.332
tv_pool_20230910-M-US_Open-F-Novak_Djokovic-Daniil_Medvedev,tv_pool_20230910-M-US_Open-F-Novak_Djokovic-Daniil_Medvedev:0141,141,9,7,medvedev,medvedev,surname,,,possessive,poss,STAT,3,,90.02,14.99,,False,STAT,88.151
tv_pool_20230910-M-US_Open-F-Novak_Djokovic-Daniil_Medvedev,tv_pool_20230910-M-US_Open-F-Novak_Djokovic-Daniil_Medvedev:0141,141,59,47,djokovic,novak,first_name,,,after_preposition,pobj,SHOT,2,,90.02,14.99,,False,SHOT,88.151
tv_pool_20230910-M-US_Open-F-Novak_Djokovic-Daniil_Medvedev,tv_pool_20230910-M-US_Open-F-Novak_Djokovic-Daniil_Medvedev:0141,141,62,49,djokovic,novak,first_name,,,subject,nsubj,OTHER,2,,90.02,14.99,,False,OTHER,88.151
tv_pool_20230910-M-US_Open-F-Novak_Djokovic-Daniil_Medvedev,tv_pool_20230910-M-US_Open-F-Novak_Djokovic-Daniil_Medvedev:0142,142,34,27,djokovic,djokovic,surname,,,subject,nsubj,OTHER,3,,53.76,90.02,,False,OTHER,51.854
tv_pool_20230910-M-US_Open-F-Novak_Djokovic-Daniil_Medvedev,tv_pool_20230910-M-US_Open-F-Novak_Djokovic-Daniil_Medvedev:0143,143,1,1,djokovic,djokovic,surname,,,subject,nsubj,OTHER,3,,85.89,53.76,,False,OTHER,83.989
tv_pool_20230910-M-US_Open-F-Novak_Djokovic-Daniil_Medvedev,tv_pool_20230910-M-US_Open-F-Novak_Djokovic-Daniil_Medvedev:0143,143,58,48,djokovic,djokovic,surname,,,after_preposition,pobj,SHOT,3,,85.89,53.76,,False,SHOT,83.989
tv_pool_20230910-M-US_Open-F-Novak_Djokovic-Daniil_Medvedev,tv_pool_20230910-M-US_Open-F-Novak_Djokovic-Daniil_Medvedev:0143,143,78,64,medvedev,medvedev,surname,,,subject,nsubj,SHOT,3,,85.89,53.76,,False,SHOT,83.989
tv_pool_20230910-M-US_Open-F-Novak_Djokovic-Daniil_Medvedev,tv_pool_20230910-M-US_Open-F-Novak_Djokovic-Daniil_Medvedev:0144,144,0,0,djokovic,djokovic,surname,,,subject,nsubj,SCORE,3,,66.86,85.89,,False,SCORE,64.962
tv_pool_20230910-M-US_Open-F-Novak_Djokovic-Daniil_Medvedev,tv_pool_20230910-M-US_Open-F-Novak_Djokovic-Daniil_Medvedev:0146,146,23,20,djokovic,novak,first_name,,,subject,nsubj,OTHER,2,,660.33,7.11,,False,OTHER,660.262
tv_pool_20230910-M-US_Open-F-Novak_Djokovic-Daniil_Medvedev,tv_pool_20230910-M-US_Open-F-Novak_Djokovic-Daniil_Medvedev:0146,146,52,45,djokovic,novak,first_name,,,after_preposition,pobj,SCORE,2,,660.33,7.11,,False,SCORE,660.262
tv_pool_20230910-M-US_Open-F-Novak_Djokovic-Daniil_Medvedev,tv_pool_20230910-M-US_Open-F-Novak_Djokovic-Daniil_Medvedev:0147,147,5,5,djokovic,novak djokovic,full_name,,,after_preposition,pobj,SCORE,5,,22.76,660.33,,False,SCORE,20.954
tv_pool_20230910-M-US_Open-F-Novak_Djokovic-Daniil_Medvedev,tv_pool_20230910-M-US_Open-F-Novak_Djokovic-Daniil_Medvedev:0151,151,13,12,medvedev,medvedev,surname,,,object,attr,OTHER,3,,12.72,25.83,,False,OTHER,10.915
tv_pool_20230910-M-US_Open-F-Novak_Djokovic-Daniil_Medvedev,tv_pool_20230910-M-US_Open-F-Novak_Djokovic-Daniil_Medvedev:0156,156,7,5,djokovic,djokovic,surname,,,subject,nsubj,OTHER,3,,53.95,65.8,,False,OTHER,53.054
tv_pool_20230910-M-US_Open-F-Novak_Djokovic-Daniil_Medvedev,tv_pool_20230910-M-US_Open-F-Novak_Djokovic-Daniil_Medvedev:0156,156,30,23,medvedev,daniil,first_name,,,subject,nsubj,JUDGE,2,,53.95,65.8,,False,JUDGE,53.054
tv_pool_20230910-M-US_Open-F-Novak_Djokovic-Daniil_Medvedev,tv_pool_20230910-M-US_Open-F-Novak_Djokovic-Daniil_Medvedev:0160,160,8,7,medvedev,medvedev,surname,,,possessive,poss,OTHER,3,,43.21,54.32,,False,OTHER,41.31
tv_pool_20230910-M-US_Open-F-Novak_Djokovic-Daniil_Medvedev,tv_pool_20230910-M-US_Open-F-Novak_Djokovic-Daniil_Medvedev:0160,160,68,59,medvedev,medvedev,surname,,,subject,nsubj,CROWD,3,,43.21,54.32,,False,CROWD,41.31
tv_pool_20230910-M-US_Open-F-Novak_Djokovic-Daniil_Medvedev,tv_pool_20230910-M-US_Open-F-Novak_Djokovic-Daniil_Medvedev:0162,162,8,6,djokovic,djokovic,surname,,,subject,nsubjpass,JUDGE,3,,19.82,15.52,,False,JUDGE,17.22
tv_pool_20230910-M-US_Open-F-Novak_Djokovic-Daniil_Medvedev,tv_pool_20230910-M-US_Open-F-Novak_Djokovic-Daniil_Medvedev:0166,166,38,28,djokovic,novak djokovic,full_name,,,subject,nsubj,OTHER,5,,48.85,37.83,,False,OTHER,47.015
tv_pool_20230910-M-US_Open-F-Novak_Djokovic-Daniil_Medvedev,tv_pool_20230910-M-US_Open-F-Novak_Djokovic-Daniil_Medvedev:0166,166,77,65,djokovic,novak,first_name,,,after_preposition,pobj,STAT,2,,48.85,37.83,,False,STAT,47.015
tv_pool_20230910-M-US_Open-F-Novak_Djokovic-Daniil_Medvedev,tv_pool_20230910-M-US_Open-F-Novak_Djokovic-Daniil_Medvedev:0166,166,94,80,djokovic,novak,first_name,,,after_preposition,pobj,OTHER,2,,48.85,37.83,,False,OTHER,47.015
tv_pool_20230910-M-US_Open-F-Novak_Djokovic-Daniil_Medvedev,tv_pool_20230910-M-US_Open-F-Novak_Djokovic-Daniil_Medvedev:0169,169,7,7,djokovic,djokovic,surname,,,subject,nsubj,OTHER,3,,17.68,43.44,,False,OTHER,15.811
tv_pool_20230910-M-US_Open-F-Novak_Djokovic-Daniil_Medvedev,tv_pool_20230910-M-US_Open-F-Novak_Djokovic-Daniil_Medvedev:0169,169,50,46,djokovic,novak,first_name,,,subject,nsubj,OTHER,2,,17.68,43.44,,False,OTHER,15.811
tv_pool_20230910-M-US_Open-F-Novak_Djokovic-Daniil_Medvedev,tv_pool_20230910-M-US_Open-F-Novak_Djokovic-Daniil_Medvedev:0171,171,61,53,djokovic,djokovic,surname,,,after_preposition,pobj,OTHER,3,,15.52,38.64,,False,OTHER,13.651
tv_pool_20230910-M-US_Open-F-Novak_Djokovic-Daniil_Medvedev,tv_pool_20230910-M-US_Open-F-Novak_Djokovic-Daniil_Medvedev:0178,178,0,0,djokovic,djokovic,surname,,,vocative_exclamation,ROOT,OTHER,3,,44.95,32.83,,False,OTHER,43.081
tv_pool_20230910-M-US_Open-F-Novak_Djokovic-Daniil_Medvedev,tv_pool_20230910-M-US_Open-F-Novak_Djokovic-Daniil_Medvedev:0179,179,2,1,djokovic,djokovic,surname,,,subject,nsubj,OTHER,3,,26.43,44.95,,False,OTHER,24.694
tv_pool_20230910-M-US_Open-F-Novak_Djokovic-Daniil_Medvedev,tv_pool_20230910-M-US_Open-F-Novak_Djokovic-Daniil_Medvedev:0184,184,4,3,medvedev,medvedev,surname,,,object,attr,JUDGE,3,,35.8,21.52,,False,JUDGE,34.001
tv_pool_20230910-M-US_Open-F-Novak_Djokovic-Daniil_Medvedev,tv_pool_20230910-M-US_Open-F-Novak_Djokovic-Daniil_Medvedev:0184,184,19,17,djokovic,djokovic,surname,,,subject,nsubj,SHOT,3,,35.8,21.52,,False,SHOT,34.001
tv_pool_20230910-M-US_Open-F-Novak_Djokovic-Daniil_Medvedev,tv_pool_20230910-M-US_Open-F-Novak_Djokovic-Daniil_Medvedev:0184,184,44,37,djokovic,djokovic,surname,,,subject,nsubj,STAT,3,,35.8,21.52,,False,STAT,34.001
tv_pool_20230910-M-US_Open-F-Novak_Djokovic-Daniil_Medvedev,tv_pool_20230910-M-US_Open-F-Novak_Djokovic-Daniil_Medvedev:0185,185,13,12,djokovic,djokovic,surname,,,subject,nsubj,STAT,3,,57.99,35.8,,False,STAT,56.226
tv_pool_20230910-M-US_Open-F-Novak_Djokovic-Daniil_Medvedev,tv_pool_20230910-M-US_Open-F-Novak_Djokovic-Daniil_Medvedev:0185,185,20,19,medvedev,medvedev,surname,,,subject,nsubj,SHOT,3,,57.99,35.8,,False,SHOT,56.226
tv_pool_20230910-M-US_Open-F-Novak_Djokovic-Daniil_Medvedev,tv_pool_20230910-M-US_Open-F-Novak_Djokovic-Daniil_Medvedev:0185,185,28,25,djokovic,djokovic,surname,,,subject,nsubj,SHOT,3,,57.99,35.8,,False,SHOT,56.226
tv_pool_20230910-M-US_Open-F-Novak_Djokovic-Daniil_Medvedev,tv_pool_20230910-M-US_Open-F-Novak_Djokovic-Daniil_Medvedev:0186,186,8,5,djokovic,djokovic,surname,,,subject,nsubj,SCORE,3,,47.81,57.99,,False,SCORE,46.012
tv_pool_20230910-M-US_Open-F-Novak_Djokovic-Daniil_Medvedev,tv_pool_20230910-M-US_Open-F-Novak_Djokovic-Daniil_Medvedev:0187,187,16,14,medvedev,medvedev,surname,,,subject,nsubj,STAT,3,,27.46,47.81,,False,STAT,25.66
tv_pool_20240128-M-Australian_Open-F-Jannik_Sinner-Daniil_Medvedev,tv_pool_20240128-M-Australian_Open-F-Jannik_Sinner-Daniil_Medvedev:0000,0,11,11,medvedev,medvedev,surname,,,after_preposition,pobj,SHOT,3,,28.72,,26.2,True,SHOT,26.2
tv_pool_20240128-M-Australian_Open-F-Jannik_Sinner-Daniil_Medvedev,tv_pool_20240128-M-Australian_Open-F-Jannik_Sinner-Daniil_Medvedev:0000,0,38,34,medvedev,medvedev,surname,,,other,compound,OTHER,3,,28.72,,26.2,True,OTHER,26.2
tv_pool_20240128-M-Australian_Open-F-Jannik_Sinner-Daniil_Medvedev,tv_pool_20240128-M-Australian_Open-F-Jannik_Sinner-Daniil_Medvedev:0001,1,7,7,medvedev,medvedev,surname,,,subject,nsubj,JUDGE,3,,27.16,28.72,25.24,True,JUDGE,25.24
tv_pool_20240128-M-Australian_Open-F-Jannik_Sinner-Daniil_Medvedev,tv_pool_20240128-M-Australian_Open-F-Jannik_Sinner-Daniil_Medvedev:0010,10,15,14,medvedev,medvedev,surname,,,other,conj,SHOT,3,,22.76,30.36,20.88,True,SHOT,20.88
tv_pool_20240128-M-Australian_Open-F-Jannik_Sinner-Daniil_Medvedev,tv_pool_20240128-M-Australian_Open-F-Jannik_Sinner-Daniil_Medvedev:0012,12,2,1,medvedev,medvedev,surname,,,vocative_exclamation,npadvmod,SCORE,3,advantage_name,25.84,8.76,23.92,True,SCORE,23.92
tv_pool_20240128-M-Australian_Open-F-Jannik_Sinner-Daniil_Medvedev,tv_pool_20240128-M-Australian_Open-F-Jannik_Sinner-Daniil_Medvedev:0012,12,11,9,sinner,jannik,first_name,,,after_preposition,pobj,OTHER,2,,25.84,8.76,23.92,True,OTHER,23.92
tv_pool_20240128-M-Australian_Open-F-Jannik_Sinner-Daniil_Medvedev,tv_pool_20240128-M-Australian_Open-F-Jannik_Sinner-Daniil_Medvedev:0012,12,20,18,medvedev,medvedev,surname,,,after_preposition,pobj,SHOT,3,,25.84,8.76,23.92,True,SHOT,23.92
tv_pool_20240128-M-Australian_Open-F-Jannik_Sinner-Daniil_Medvedev,tv_pool_20240128-M-Australian_Open-F-Jannik_Sinner-Daniil_Medvedev:0013,13,1,1,medvedev,medvedev,surname,,,vocative_exclamation,ROOT,OTHER,3,,41.44,25.84,39.52,True,OTHER,39.52
tv_pool_20240128-M-Australian_Open-F-Jannik_Sinner-Daniil_Medvedev,tv_pool_20240128-M-Australian_Open-F-Jannik_Sinner-Daniil_Medvedev:0015,15,11,11,medvedev,medvedev,surname,,,after_preposition,pobj,SHOT,3,,34.96,11.24,33.04,True,SHOT,33.04
tv_pool_20240128-M-Australian_Open-F-Jannik_Sinner-Daniil_Medvedev,tv_pool_20240128-M-Australian_Open-F-Jannik_Sinner-Daniil_Medvedev:0019,19,33,29,medvedev,medvedev,surname,,,subject,nsubj,SHOT,3,,10.76,38.48,7.64,True,SHOT,7.64
tv_pool_20240128-M-Australian_Open-F-Jannik_Sinner-Daniil_Medvedev,tv_pool_20240128-M-Australian_Open-F-Jannik_Sinner-Daniil_Medvedev:0022,22,3,3,medvedev,medvedev,surname,,,object,attr,JUDGE,3,,24.84,12.4,23.4,True,JUDGE,23.4
tv_pool_20240128-M-Australian_Open-F-Jannik_Sinner-Daniil_Medvedev,tv_pool_20240128-M-Australian_Open-F-Jannik_Sinner-Daniil_Medvedev:0022,22,47,41,medvedev,medvedev,surname,,,subject,nsubj,SHOT,3,,24.84,12.4,23.4,True,SHOT,23.4
tv_pool_20240128-M-Australian_Open-F-Jannik_Sinner-Daniil_Medvedev,tv_pool_20240128-M-Australian_Open-F-Jannik_Sinner-Daniil_Medvedev:0022,22,86,79,medvedev,medvedev,surname,,,subject,nsubj,OTHER,3,,24.84,12.4,23.4,True,OTHER,23.4
tv_pool_20240128-M-Australian_Open-F-Jannik_Sinner-Daniil_Medvedev,tv_pool_20240128-M-Australian_Open-F-Jannik_Sinner-Daniil_Medvedev:0024,24,18,18,medvedev,medvedev,surname,,,subject,nsubj,OTHER,3,,18.08,23.52,16.12,True,OTHER,16.12
tv_pool_20240128-M-Australian_Open-F-Jannik_Sinner-Daniil_Medvedev,tv_pool_20240128-M-Australian_Open-F-Jannik_Sinner-Daniil_Medvedev:0026,26,31,27,medvedev,medvedev,surname,,,vocative_exclamation,ROOT,SCORE,3,game_name,40.04,23.96,38.16,True,SCORE,38.16
tv_pool_20240128-M-Australian_Open-F-Jannik_Sinner-Daniil_Medvedev,tv_pool_20240128-M-Australian_Open-F-Jannik_Sinner-Daniil_Medvedev:0026,26,47,41,medvedev,daniil,first_name,,,subject,nsubj,OTHER,2,,40.04,23.96,38.16,True,OTHER,38.16
tv_pool_20240128-M-Australian_Open-F-Jannik_Sinner-Daniil_Medvedev,tv_pool_20240128-M-Australian_Open-F-Jannik_Sinner-Daniil_Medvedev:0029,29,12,11,sinner,jannik sinner,full_name,,,after_preposition,pobj,OTHER,4,,28.52,29.84,26.6,True,OTHER,26.6
tv_pool_20240128-M-Australian_Open-F-Jannik_Sinner-Daniil_Medvedev,tv_pool_20240128-M-Australian_Open-F-Jannik_Sinner-Daniil_Medvedev:0030,30,7,4,sinner,sinner,surname,,,subject,nsubj,SCORE,2,,35.16,28.52,33.2,True,SCORE,33.2
tv_pool_20240128-M-Australian_Open-F-Jannik_Sinner-Daniil_Medvedev,tv_pool_20240128-M-Australian_Open-F-Jannik_Sinner-Daniil_Medvedev:0030,30,41,33,medvedev,medvedev,surname,,,after_preposition,pobj,JUDGE,3,,35.16,28.52,33.2,True,JUDGE,33.2
tv_pool_20240128-M-Australian_Open-F-Jannik_Sinner-Daniil_Medvedev,tv_pool_20240128-M-Australian_Open-F-Jannik_Sinner-Daniil_Medvedev:0031,31,11,9,medvedev,medvedev,surname,,,after_preposition,pobj,JUDGE,3,,12.08,35.16,5.72,True,JUDGE,5.72
tv_pool_20240128-M-Australian_Open-F-Jannik_Sinner-Daniil_Medvedev,tv_pool_20240128-M-Australian_Open-F-Jannik_Sinner-Daniil_Medvedev:0033,33,20,17,medvedev,medvedev,surname,,,vocative_exclamation,ROOT,SCORE,3,,14.88,27.68,12.96,True,SCORE,12.96
tv_pool_20240128-M-Australian_Open-F-Jannik_Sinner-Daniil_Medvedev,tv_pool_20240128-M-Australian_Open-F-Jannik_Sinner-Daniil_Medvedev:0034,34,18,16,sinner,sinner,surname,,,possessive,poss,SHOT,2,,25.84,14.88,23.56,True,SHOT,23.56
tv_pool_20240128-M-Australian_Open-F-Jannik_Sinner-Daniil_Medvedev,tv_pool_20240128-M-Australian_Open-F-Jannik_Sinner-Daniil_Medvedev:0034,34,61,53,medvedev,medvedev,surname,,,subject,nsubj,JUDGE,3,,25.84,14.88,23.56,True,JUDGE,23.56
tv_pool_20240128-M-Australian_Open-F-Jannik_Sinner-Daniil_Medvedev,tv_pool_20240128-M-Australian_Open-F-Jannik_Sinner-Daniil_Medvedev:0035,35,51,47,sinner,jannik,first_name,,,after_preposition,pobj,SHOT,2,,29.12,25.84,27.2,True,SHOT,27.2
tv_pool_20240128-M-Australian_Open-F-Jannik_Sinner-Daniil_Medvedev,tv_pool_20240128-M-Australian_Open-F-Jannik_Sinner-Daniil_Medvedev:0036,36,34,27,sinner,sinner,surname,,,subject,nsubj,OTHER,2,,21,29.12,14,True,OTHER,14
tv_pool_20240128-M-Australian_Open-F-Jannik_Sinner-Daniil_Medvedev,tv_pool_20240128-M-Australian_Open-F-Jannik_Sinner-Daniil_Medvedev:0036,36,36,29,medvedev,medvedev,surname,,,object,dobj,OTHER,3,,21,29.12,14,True,OTHER,14
tv_pool_20240128-M-Australian_Open-F-Jannik_Sinner-Daniil_Medvedev,tv_pool_20240128-M-Australian_Open-F-Jannik_Sinner-Daniil_Medvedev:0036,36,51,41,medvedev,medvedev,surname,,,subject,nsubj,JUDGE,3,,21,29.12,14,True,JUDGE,14
tv_pool_20240128-M-Australian_Open-F-Jannik_Sinner-Daniil_Medvedev,tv_pool_20240128-M-Australian_Open-F-Jannik_Sinner-Daniil_Medvedev:0036,36,69,57,sinner,the italian,epithet,epithet_nationality,nationality,object,dobj,JUDGE,4,,21,29.12,14,True,JUDGE,14
tv_pool_20240128-M-Australian_Open-F-Jannik_Sinner-Daniil_Medvedev,tv_pool_20240128-M-Australian_Open-F-Jannik_Sinner-Daniil_Medvedev:0038,38,16,14,medvedev,medvedev,surname,,,vocative_exclamation,npadvmod,STAT,3,,36.72,23.36,34.8,True,STAT,34.8
tv_pool_20240128-M-Australian_Open-F-Jannik_Sinner-Daniil_Medvedev,tv_pool_20240128-M-Australian_Open-F-Jannik_Sinner-Daniil_Medvedev:0038,38,82,68,sinner,jannik,first_name,,,vocative_exclamation,npadvmod,OTHER,2,,36.72,23.36,34.8,True,OTHER,34.8
tv_pool_20240128-M-Australian_Open-F-Jannik_Sinner-Daniil_Medvedev,tv_pool_20240128-M-Australian_Open-F-Jannik_Sinner-Daniil_Medvedev:0039,39,37,33,sinner,sinner,surname,,,subject,nsubj,SHOT,2,,28.76,36.72,26.8,True,SHOT,26.8
tv_pool_20240128-M-Australian_Open-F-Jannik_Sinner-Daniil_Medvedev,tv_pool_20240128-M-Australian_Open-F-Jannik_Sinner-Daniil_Medvedev:0040,40,2,2,medvedev,medvedev,surname,,,subject,nsubj,JUDGE,3,,34.2,28.76,32.28,True,JUDGE,32.28
tv_pool_20240128-M-Australian_Open-F-Jannik_Sinner-Daniil_Medvedev,tv_pool_20240128-M-Australian_Open-F-Jannik_Sinner-Daniil_Medvedev:0042,42,11,10,medvedev,medvedev,surname,,,object,dobj,SHOT,3,,32.96,31.64,31.04,True,SHOT,31.04
tv_pool_20240128-M-Australian_Open-F-Jannik_Sinner-Daniil_Medvedev,tv_pool_20240128-M-Australian_Open-F-Jannik_Sinner-Daniil_Medvedev:0043,43,11,10,sinner,sinner,surname,,,other,amod,OTHER,2,,20.32,32.96,18.4,True,OTHER,18.4
tv_pool_20240128-M-Australian_Open-F-Jannik_Sinner-Daniil_Medvedev,tv_pool_20240128-M-Australian_Open-F-Jannik_Sinner-Daniil_Medvedev:0043,43,24,22,medvedev,medvedev,surname,,,object,dobj,OTHER,3,,20.32,32.96,18.4,True,OTHER,18.4
tv_pool_20240128-M-Australian_Open-F-Jannik_Sinner-Daniil_Medvedev,tv_pool_20240128-M-Australian_Open-F-Jannik_Sinner-Daniil_Medvedev:0044,44,4,4,medvedev,medvedev,surname,,,subject,nsubj,OFFICIAL,3,,17,20.32,15.08,True,OFFICIAL,15.08
tv_pool_20240128-M-Australian_Open-F-Jannik_Sinner-Daniil_Medvedev,tv_pool_20240128-M-Australian_Open-F-Jannik_Sinner-Daniil_Medvedev:0045,45,12,12,medvedev,medvedev,surname,,,subject,nsubj,OTHER,3,,16.28,17,14.96,True,OTHER,14.96
tv_pool_20240128-M-Australian_Open-F-Jannik_Sinner-Daniil_Medvedev,tv_pool_20240128-M-Australian_Open-F-Jannik_Sinner-Daniil_Medvedev:0047,47,142,128,sinner,sinner,surname,,,subject,nsubj,JUDGE,2,,25.48,20.12,25.32,True,JUDGE,25.32
tv_pool_20240128-M-Australian_Open-F-Jannik_Sinner-Daniil_Medvedev,tv_pool_20240128-M-Australian_Open-F-Jannik_Sinner-Daniil_Medvedev:0047,47,155,140,medvedev,medvedev,surname,,,subject,nsubj,SHOT,3,,25.48,20.12,25.32,True,SHOT,25.32
tv_pool_20240128-M-Australian_Open-F-Jannik_Sinner-Daniil_Medvedev,tv_pool_20240128-M-Australian_Open-F-Jannik_Sinner-Daniil_Medvedev:0047,47,179,162,medvedev,medvedev,surname,,,subject,nsubj,OTHER,3,,25.48,20.12,25.32,True,OTHER,25.32
tv_pool_20240128-M-Australian_Open-F-Jannik_Sinner-Daniil_Medvedev,tv_pool_20240128-M-Australian_Open-F-Jannik_Sinner-Daniil_Medvedev:0050,50,5,4,medvedev,daniil,first_name,,,subject,nsubj,STAT,2,,35.96,10.6,35.48,True,STAT,35.48
tv_pool_20240128-M-Australian_Open-F-Jannik_Sinner-Daniil_Medvedev,tv_pool_20240128-M-Australian_Open-F-Jannik_Sinner-Daniil_Medvedev:0050,50,22,19,medvedev,daniil,first_name,,,after_preposition,pobj,JUDGE,2,,35.96,10.6,35.48,True,JUDGE,35.48
tv_pool_20240128-M-Australian_Open-F-Jannik_Sinner-Daniil_Medvedev,tv_pool_20240128-M-Australian_Open-F-Jannik_Sinner-Daniil_Medvedev:0050,50,51,42,sinner,jannik,first_name,,,subject,nsubj,JUDGE,2,,35.96,10.6,35.48,True,JUDGE,35.48
tv_pool_20240128-M-Australian_Open-F-Jannik_Sinner-Daniil_Medvedev,tv_pool_20240128-M-Australian_Open-F-Jannik_Sinner-Daniil_Medvedev:0050,50,134,112,medvedev,medvedev,surname,,,subject,nsubj,OTHER,3,,35.96,10.6,35.48,True,OTHER,35.48
tv_pool_20240128-M-Australian_Open-F-Jannik_Sinner-Daniil_Medvedev,tv_pool_20240128-M-Australian_Open-F-Jannik_Sinner-Daniil_Medvedev:0056,56,20,17,medvedev,medvedev,surname,,,subject,nsubj,SHOT,3,,38.08,37.6,36.16,True,SHOT,36.16
tv_pool_20240128-M-Australian_Open-F-Jannik_Sinner-Daniil_Medvedev,tv_pool_20240128-M-Australian_Open-F-Jannik_Sinner-Daniil_Medvedev:0059,59,15,14,medvedev,medvedev,surname,,,object,attr,OTHER,3,,15.96,12.24,14,True,OTHER,14
tv_pool_20240128-M-Australian_Open-F-Jannik_Sinner-Daniil_Medvedev,tv_pool_20240128-M-Australian_Open-F-Jannik_Sinner-Daniil_Medvedev:0061,61,65,54,medvedev,medvedev,surname,,,subject,nsubj,SHOT,3,,7.44,37.88,6.12,True,SHOT,6.12
tv_pool_20240128-M-Australian_Open-F-Jannik_Sinner-Daniil_Medvedev,tv_pool_20240128-M-Australian_Open-F-Jannik_Sinner-Daniil_Medvedev:0061,61,91,77,medvedev,medvedev,surname,,,object,dobj,OTHER,3,,7.44,37.88,6.12,True,OTHER,6.12
tv_pool_20240128-M-Australian_Open-F-Jannik_Sinner-Daniil_Medvedev,tv_pool_20240128-M-Australian_Open-F-Jannik_Sinner-Daniil_Medvedev:0062,62,56,52,medvedev,medvedev,surname,,,subject,nsubj,JUDGE,3,,23.36,7.44,21.36,True,JUDGE,21.36
tv_pool_20240128-M-Australian_Open-F-Jannik_Sinner-Daniil_Medvedev,tv_pool_20240128-M-Australian_Open-F-Jannik_Sinner-Daniil_Medvedev:0063,63,7,7,sinner,jannik sinner,full_name,,,after_preposition,pobj,OTHER,4,,19.84,23.36,16.8,True,OTHER,16.8
tv_pool_20240128-M-Australian_Open-F-Jannik_Sinner-Daniil_Medvedev,tv_pool_20240128-M-Australian_Open-F-Jannik_Sinner-Daniil_Medvedev:0063,63,28,26,medvedev,medvedev,surname,,,subject,nsubj,JUDGE,3,,19.84,23.36,16.8,True,JUDGE,16.8
tv_pool_20240128-M-Australian_Open-F-Jannik_Sinner-Daniil_Medvedev,tv_pool_20240128-M-Australian_Open-F-Jannik_Sinner-Daniil_Medvedev:0064,64,120,108,medvedev,daniil,first_name,,,subject,nsubj,OTHER,2,,54.28,19.84,52.4,True,OTHER,52.4
tv_pool_20240128-M-Australian_Open-F-Jannik_Sinner-Daniil_Medvedev,tv_pool_20240128-M-Australian_Open-F-Jannik_Sinner-Daniil_Medvedev:0064,64,157,142,sinner,jannik,first_name,,,after_preposition,pobj,OTHER,2,,54.28,19.84,52.4,True,OTHER,52.4
tv_pool_20240128-M-Australian_Open-F-Jannik_Sinner-Daniil_Medvedev,tv_pool_20240128-M-Australian_Open-F-Jannik_Sinner-Daniil_Medvedev:0065,65,5,5,sinner,jannik,first_name,,,after_preposition,pobj,OTHER,2,,25.32,54.28,23.36,True,OTHER,23.36
tv_pool_20240128-M-Australian_Open-F-Jannik_Sinner-Daniil_Medvedev,tv_pool_20240128-M-Australian_Open-F-Jannik_Sinner-Daniil_Medvedev:0065,65,58,51,sinner,jannik,first_name,,,after_preposition,pobj,OTHER,2,,25.32,54.28,23.36,True,OTHER,23.36
tv_pool_20240128-M-Australian_Open-F-Jannik_Sinner-Daniil_Medvedev,tv_pool_20240128-M-Australian_Open-F-Jannik_Sinner-Daniil_Medvedev:0067,67,9,9,sinner,sinner,surname,,,possessive,poss,OTHER,2,,36.44,11.48,34.56,True,OTHER,34.56
tv_pool_20240128-M-Australian_Open-F-Jannik_Sinner-Daniil_Medvedev,tv_pool_20240128-M-Australian_Open-F-Jannik_Sinner-Daniil_Medvedev:0067,67,89,77,medvedev,medvedev,surname,,,vocative_exclamation,npadvmod,SHOT,3,,36.44,11.48,34.56,True,SHOT,34.56
tv_pool_20240128-M-Australian_Open-F-Jannik_Sinner-Daniil_Medvedev,tv_pool_20240128-M-Australian_Open-F-Jannik_Sinner-Daniil_Medvedev:0069,69,19,16,medvedev,medvedev,surname,,,possessive,poss,OTHER,3,,33.88,29,31.96,True,OTHER,31.96
tv_pool_20240128-M-Australian_Open-F-Jannik_Sinner-Daniil_Medvedev,tv_pool_20240128-M-Australian_Open-F-Jannik_Sinner-Daniil_Medvedev:0073,73,12,11,sinner,jannik,first_name,,,subject,nsubj,SCORE,2,,85.8,38.48,83.84,True,SCORE,83.84
tv_pool_20240128-M-Australian_Open-F-Jannik_Sinner-Daniil_Medvedev,tv_pool_20240128-M-Australian_Open-F-Jannik_Sinner-Daniil_Medvedev:0073,73,61,56,medvedev,medvedev,surname,,,other,compound,OTHER,3,,85.8,38.48,83.84,True,OTHER,83.84
tv_pool_20240128-M-Australian_Open-F-Jannik_Sinner-Daniil_Medvedev,tv_pool_20240128-M-Australian_Open-F-Jannik_Sinner-Daniil_Medvedev:0074,74,3,3,sinner,sinner,surname,,,subject,nsubj,OTHER,2,,10.4,85.8,7.72,True,OTHER,7.72
tv_pool_20240128-M-Australian_Open-F-Jannik_Sinner-Daniil_Medvedev,tv_pool_20240128-M-Australian_Open-F-Jannik_Sinner-Daniil_Medvedev:0074,74,22,21,medvedev,daniil,first_name,,,after_preposition,pobj,SHOT,2,,10.4,85.8,7.72,True,SHOT,7.72
tv_pool_20240128-M-Australian_Open-F-Jannik_Sinner-Daniil_Medvedev,tv_pool_20240128-M-Australian_Open-F-Jannik_Sinner-Daniil_Medvedev:0075,75,92,77,medvedev,medvedev,surname,,,subject,nsubj,OTHER,3,,44.08,10.4,42.92,True,OTHER,42.92
tv_pool_20240128-M-Australian_Open-F-Jannik_Sinner-Daniil_Medvedev,tv_pool_20240128-M-Australian_Open-F-Jannik_Sinner-Daniil_Medvedev:0077,77,71,59,medvedev,medvedev,surname,,,after_preposition,pobj,JUDGE,3,,36,59.08,34.08,True,JUDGE,34.08
tv_pool_20240128-M-Australian_Open-F-Jannik_Sinner-Daniil_Medvedev,tv_pool_20240128-M-Australian_Open-F-Jannik_Sinner-Daniil_Medvedev:0078,78,9,9,medvedev,medvedev,surname,,,after_preposition,pobj,JUDGE,3,,44.88,36,43.8,True,JUDGE,43.8
tv_pool_20240128-M-Australian_Open-F-Jannik_Sinner-Daniil_Medvedev,tv_pool_20240128-M-Australian_Open-F-Jannik_Sinner-Daniil_Medvedev:0078,78,35,30,medvedev,medvedev,surname,,,subject,nsubj,CROWD,3,,44.88,36,43.8,True,CROWD,43.8
tv_pool_20240128-M-Australian_Open-F-Jannik_Sinner-Daniil_Medvedev,tv_pool_20240128-M-Australian_Open-F-Jannik_Sinner-Daniil_Medvedev:0079,79,21,16,sinner,jannik sinner,full_name,,,subject,nsubj,OTHER,4,,34.4,44.88,32.44,True,OTHER,32.44
tv_pool_20240128-M-Australian_Open-F-Jannik_Sinner-Daniil_Medvedev,tv_pool_20240128-M-Australian_Open-F-Jannik_Sinner-Daniil_Medvedev:0080,80,13,12,medvedev,medvedev,surname,,,after_preposition,pobj,SHOT,3,,38.44,34.4,36.52,True,SHOT,36.52
tv_pool_20240128-M-Australian_Open-F-Jannik_Sinner-Daniil_Medvedev,tv_pool_20240128-M-Australian_Open-F-Jannik_Sinner-Daniil_Medvedev:0084,84,19,18,medvedev,medvedev,surname,,,after_preposition,pobj,OTHER,3,,20.6,19.76,18.64,True,OTHER,18.64
tv_pool_20240128-M-Australian_Open-F-Jannik_Sinner-Daniil_Medvedev,tv_pool_20240128-M-Australian_Open-F-Jannik_Sinner-Daniil_Medvedev:0086,86,35,31,medvedev,medvedev,surname,,,possessive,poss,SHOT,3,,36.08,8.72,34.12,True,SHOT,34.12
tv_pool_20240128-M-Australian_Open-F-Jannik_Sinner-Daniil_Medvedev,tv_pool_20240128-M-Australian_Open-F-Jannik_Sinner-Daniil_Medvedev:0086,86,101,90,sinner,sinner,surname,,,subject,nsubj,JUDGE,2,,36.08,8.72,34.12,True,JUDGE,34.12
tv_pool_20240128-M-Australian_Open-F-Jannik_Sinner-Daniil_Medvedev,tv_pool_20240128-M-Australian_Open-F-Jannik_Sinner-Daniil_Medvedev:0086,86,129,116,medvedev,medvedev,surname,,,vocative_exclamation,ROOT,OTHER,3,,36.08,8.72,34.12,True,OTHER,34.12
tv_pool_20240128-M-Australian_Open-F-Jannik_Sinner-Daniil_Medvedev,tv_pool_20240128-M-Australian_Open-F-Jannik_Sinner-Daniil_Medvedev:0086,86,135,120,sinner,sinner,surname,,,after_preposition,pobj,OTHER,2,,36.08,8.72,34.12,True,OTHER,34.12
tv_pool_20240128-M-Australian_Open-F-Jannik_Sinner-Daniil_Medvedev,tv_pool_20240128-M-Australian_Open-F-Jannik_Sinner-Daniil_Medvedev:0086,86,152,135,medvedev,medvedev,surname,,,after_preposition,pobj,OTHER,3,,36.08,8.72,34.12,True,OTHER,34.12
tv_pool_20240128-M-Australian_Open-F-Jannik_Sinner-Daniil_Medvedev,tv_pool_20240128-M-Australian_Open-F-Jannik_Sinner-Daniil_Medvedev:0091,91,6,5,sinner,sinner,surname,,,possessive,poss,JUDGE,2,,33.2,29.12,31.28,True,JUDGE,31.28
tv_pool_20240128-M-Australian_Open-F-Jannik_Sinner-Daniil_Medvedev,tv_pool_20240128-M-Australian_Open-F-Jannik_Sinner-Daniil_Medvedev:0092,92,5,5,sinner,jannik,first_name,,,other,compound,SHOT,2,,10,33.2,8.04,True,SHOT,8.04
tv_pool_20240128-M-Australian_Open-F-Jannik_Sinner-Daniil_Medvedev,tv_pool_20240128-M-Australian_Open-F-Jannik_Sinner-Daniil_Medvedev:0092,92,64,56,medvedev,medvedev,surname,,,after_preposition,pobj,OTHER,3,,10,33.2,8.04,True,OTHER,8.04
tv_pool_20240128-M-Australian_Open-F-Jannik_Sinner-Daniil_Medvedev,tv_pool_20240128-M-Australian_Open-F-Jannik_Sinner-Daniil_Medvedev:0096,96,9,9,medvedev,medvedev,surname,,,subject,nsubj,SHOT,3,,10.12,31.24,7.04,True,SHOT,7.04
tv_pool_20240128-M-Australian_Open-F-Jannik_Sinner-Daniil_Medvedev,tv_pool_20240128-M-Australian_Open-F-Jannik_Sinner-Daniil_Medvedev:0096,96,13,13,sinner,sinner,surname,,,other,compound,SHOT,2,,10.12,31.24,7.04,True,SHOT,7.04
tv_pool_20240128-M-Australian_Open-F-Jannik_Sinner-Daniil_Medvedev,tv_pool_20240128-M-Australian_Open-F-Jannik_Sinner-Daniil_Medvedev:0096,96,25,24,sinner,sinner,surname,,,other,compound,SHOT,2,,10.12,31.24,7.04,True,SHOT,7.04
tv_pool_20240128-M-Australian_Open-F-Jannik_Sinner-Daniil_Medvedev,tv_pool_20240128-M-Australian_Open-F-Jannik_Sinner-Daniil_Medvedev:0099,99,39,32,sinner,sinner,surname,,,subject,nsubj,SHOT,2,,35.68,11.6,33.76,True,SHOT,33.76
tv_pool_20240128-M-Australian_Open-F-Jannik_Sinner-Daniil_Medvedev,tv_pool_20240128-M-Australian_Open-F-Jannik_Sinner-Daniil_Medvedev:0099,99,53,44,sinner,sinner,surname,,,vocative_exclamation,npadvmod,SHOT,2,,35.68,11.6,33.76,True,SHOT,33.76
tv_pool_20240128-M-Australian_Open-F-Jannik_Sinner-Daniil_Medvedev,tv_pool_20240128-M-Australian_Open-F-Jannik_Sinner-Daniil_Medvedev:0100,100,10,10,medvedev,medvedev,surname,,,after_preposition,pobj,OTHER,3,,17.2,35.68,15.28,True,OTHER,15.28
tv_pool_20240128-M-Australian_Open-F-Jannik_Sinner-Daniil_Medvedev,tv_pool_20240128-M-Australian_Open-F-Jannik_Sinner-Daniil_Medvedev:0100,100,32,32,sinner,the italian,epithet,epithet_nationality,nationality,after_preposition,pobj,JUDGE,4,,17.2,35.68,15.28,True,JUDGE,15.28
tv_pool_20240128-M-Australian_Open-F-Jannik_Sinner-Daniil_Medvedev,tv_pool_20240128-M-Australian_Open-F-Jannik_Sinner-Daniil_Medvedev:0102,102,7,6,sinner,jannik sinner,full_name,,,after_preposition,pobj,OTHER,4,,34.68,29.92,32.72,True,OTHER,32.72
tv_pool_20240128-M-Australian_Open-F-Jannik_Sinner-Daniil_Medvedev,tv_pool_20240128-M-Australian_Open-F-Jannik_Sinner-Daniil_Medvedev:0104,104,7,6,sinner,sinner,surname,,,subject,nsubjpass,OTHER,2,,34.44,8.32,34,True,OTHER,34
tv_pool_20240128-M-Australian_Open-F-Jannik_Sinner-Daniil_Medvedev,tv_pool_20240128-M-Australian_Open-F-Jannik_Sinner-Daniil_Medvedev:0104,104,14,13,medvedev,medvedev,surname,,,after_preposition,pobj,OTHER,3,,34.44,8.32,34,True,OTHER,34
tv_pool_20240128-M-Australian_Open-F-Jannik_Sinner-Daniil_Medvedev,tv_pool_20240128-M-Australian_Open-F-Jannik_Sinner-Daniil_Medvedev:0104,104,25,21,medvedev,medvedev,surname,,,subject,nsubj,SCORE,3,leads_games,34.44,8.32,34,True,SCORE,34
tv_pool_20240128-M-Australian_Open-F-Jannik_Sinner-Daniil_Medvedev,tv_pool_20240128-M-Australian_Open-F-Jannik_Sinner-Daniil_Medvedev:0104,104,77,63,sinner,jannik sinner,full_name,,,after_preposition,pobj,OTHER,4,,34.44,8.32,34,True,OTHER,34
tv_pool_20240128-M-Australian_Open-F-Jannik_Sinner-Daniil_Medvedev,tv_pool_20240128-M-Australian_Open-F-Jannik_Sinner-Daniil_Medvedev:0105,105,45,42,sinner,jannik,first_name,,,other,compound,OTHER,2,,30.4,34.44,28.44,True,OTHER,28.44
tv_pool_20240128-M-Australian_Open-F-Jannik_Sinner-Daniil_Medvedev,tv_pool_20240128-M-Australian_Open-F-Jannik_Sinner-Daniil_Medvedev:0106,106,10,9,sinner,jannik,first_name,,,after_preposition,pobj,SHOT,2,,41.4,30.4,38.28,True,SHOT,38.28
tv_pool_20240128-M-Australian_Open-F-Jannik_Sinner-Daniil_Medvedev,tv_pool_20240128-M-Australian_Open-F-Jannik_Sinner-Daniil_Medvedev:0106,106,58,48,sinner,jannik,first_name,,,subject,nsubjpass,JUDGE,2,,41.4,30.4,38.28,True,JUDGE,38.28
tv_pool_20240128-M-Australian_Open-F-Jannik_Sinner-Daniil_Medvedev,tv_pool_20240128-M-Australian_Open-F-Jannik_Sinner-Daniil_Medvedev:0106,106,85,74,medvedev,medvedev,surname,,,object,dobj,OTHER,3,,41.4,30.4,38.28,True,OTHER,38.28
tv_pool_20240128-M-Australian_Open-F-Jannik_Sinner-Daniil_Medvedev,tv_pool_20240128-M-Australian_Open-F-Jannik_Sinner-Daniil_Medvedev:0109,109,8,8,sinner,jannik,first_name,,,other,compound,OTHER,2,,36.92,14.88,35.04,True,OTHER,35.04
tv_pool_20240128-M-Australian_Open-F-Jannik_Sinner-Daniil_Medvedev,tv_pool_20240128-M-Australian_Open-F-Jannik_Sinner-Daniil_Medvedev:0110,110,8,8,sinner,jannik sinner,full_name,,,after_preposition,pobj,OTHER,4,,36.24,36.92,33.76,True,OTHER,33.76
tv_pool_20240128-M-Australian_Open-F-Jannik_Sinner-Daniil_Medvedev,tv_pool_20240128-M-Australian_Open-F-Jannik_Sinner-Daniil_Medvedev:0110,110,29,28,medvedev,medvedev,surname,,,after_preposition,pobj,OTHER,3,,36.24,36.92,33.76,True,OTHER,33.76
tv_pool_20240128-M-Australian_Open-F-Jannik_Sinner-Daniil_Medvedev,tv_pool_20240128-M-Australian_Open-F-Jannik_Sinner-Daniil_Medvedev:0112,112,8,6,sinner,sinner,surname,,,other,ROOT,SHOT,2,,6.96,18.4,4.76,True,SHOT,4.76
tv_pool_20240128-M-Australian_Open-F-Jannik_Sinner-Daniil_Medvedev,tv_pool_20240128-M-Australian_Open-F-Jannik_Sinner-Daniil_Medvedev:0112,112,14,11,medvedev,medvedev,surname,,,after_preposition,pobj,OTHER,3,,6.96,18.4,4.76,True,OTHER,4.76
tv_pool_20240128-M-Australian_Open-F-Jannik_Sinner-Daniil_Medvedev,tv_pool_20240128-M-Australian_Open-F-Jannik_Sinner-Daniil_Medvedev:0114,114,26,22,medvedev,medvedev,surname,,,object,dobj,CROWD,3,,7.28,18.48,4.6,True,CROWD,4.6
tv_pool_20240128-M-Australian_Open-F-Jannik_Sinner-Daniil_Medvedev,tv_pool_20240128-M-Australian_Open-F-Jannik_Sinner-Daniil_Medvedev:0114,114,40,33,medvedev,medvedev,surname,,,subject,nsubjpass,CROWD,3,,7.28,18.48,4.6,True,CROWD,4.6
tv_pool_20240128-M-Australian_Open-F-Jannik_Sinner-Daniil_Medvedev,tv_pool_20240128-M-Australian_Open-F-Jannik_Sinner-Daniil_Medvedev:0118,118,12,12,medvedev,medvedev,surname,,,other,dep,OTHER,3,,19.28,27.24,16.6,True,OTHER,16.6
tv_pool_20240128-M-Australian_Open-F-Jannik_Sinner-Daniil_Medvedev,tv_pool_20240128-M-Australian_Open-F-Jannik_Sinner-Daniil_Medvedev:0118,118,14,14,sinner,sinner,surname,,,other,appos,OTHER,2,,19.28,27.24,16.6,True,OTHER,16.6
tv_pool_20240128-M-Australian_Open-F-Jannik_Sinner-Daniil_Medvedev,tv_pool_20240128-M-Australian_Open-F-Jannik_Sinner-Daniil_Medvedev:0121,121,14,13,sinner,sinner,surname,,,possessive,nsubj,JUDGE,2,,37.76,33.28,35.84,True,JUDGE,35.84
tv_pool_20240128-M-Australian_Open-F-Jannik_Sinner-Daniil_Medvedev,tv_pool_20240128-M-Australian_Open-F-Jannik_Sinner-Daniil_Medvedev:0121,121,38,34,medvedev,medvedev,surname,,,after_preposition,pobj,OFFICIAL,3,,37.76,33.28,35.84,True,OFFICIAL,35.84
tv_pool_20240128-M-Australian_Open-F-Jannik_Sinner-Daniil_Medvedev,tv_pool_20240128-M-Australian_Open-F-Jannik_Sinner-Daniil_Medvedev:0125,125,27,27,sinner,the young italian,epithet,epithet_nationality,nationality,after_preposition,pobj,OTHER,5,,24.16,7.36,22.2,True,OTHER,22.2
tv_pool_20240128-M-Australian_Open-F-Jannik_Sinner-Daniil_Medvedev,tv_pool_20240128-M-Australian_Open-F-Jannik_Sinner-Daniil_Medvedev:0126,126,22,22,medvedev,medvedev,surname,,,vocative_exclamation,npadvmod,SCORE,3,,24.84,24.16,22.96,True,SCORE,22.96
tv_pool_20240128-M-Australian_Open-F-Jannik_Sinner-Daniil_Medvedev,tv_pool_20240128-M-Australian_Open-F-Jannik_Sinner-Daniil_Medvedev:0132,132,6,6,medvedev,medvedev,surname,,,after_preposition,pobj,OTHER,3,,25.6,8.12,23.64,True,OTHER,23.64
tv_pool_20240128-M-Australian_Open-F-Jannik_Sinner-Daniil_Medvedev,tv_pool_20240128-M-Australian_Open-F-Jannik_Sinner-Daniil_Medvedev:0132,132,9,8,sinner,sinner,surname,,,subject,nsubj,OTHER,2,,25.6,8.12,23.64,True,OTHER,23.64
tv_pool_20240128-M-Australian_Open-F-Jannik_Sinner-Daniil_Medvedev,tv_pool_20240128-M-Australian_Open-F-Jannik_Sinner-Daniil_Medvedev:0134,134,30,26,medvedev,medvedev,surname,,,after_preposition,pobj,JUDGE,3,,36.32,7.76,34.36,True,JUDGE,34.36
tv_pool_20240128-M-Australian_Open-F-Jannik_Sinner-Daniil_Medvedev,tv_pool_20240128-M-Australian_Open-F-Jannik_Sinner-Daniil_Medvedev:0135,135,1,1,medvedev,medvedev,surname,,,vocative_exclamation,ROOT,SCORE,3,advantage_name,23.36,36.32,21.48,True,SCORE,21.48
tv_pool_20240128-M-Australian_Open-F-Jannik_Sinner-Daniil_Medvedev,tv_pool_20240128-M-Australian_Open-F-Jannik_Sinner-Daniil_Medvedev:0135,135,7,5,medvedev,medvedev,surname,,,subject,nsubj,SCORE,3,,23.36,36.32,21.48,True,SCORE,21.48
tv_pool_20240128-M-Australian_Open-F-Jannik_Sinner-Daniil_Medvedev,tv_pool_20240128-M-Australian_Open-F-Jannik_Sinner-Daniil_Medvedev:0136,136,24,21,medvedev,medvedev,surname,,,subject,nsubj,SHOT,3,,25.24,23.36,23.36,True,SHOT,23.36
tv_pool_20240128-M-Australian_Open-F-Jannik_Sinner-Daniil_Medvedev,tv_pool_20240128-M-Australian_Open-F-Jannik_Sinner-Daniil_Medvedev:0136,136,45,39,medvedev,medvedev,surname,,,other,compound,SHOT,3,,25.24,23.36,23.36,True,SHOT,23.36
tv_pool_20240128-M-Australian_Open-F-Jannik_Sinner-Daniil_Medvedev,tv_pool_20240128-M-Australian_Open-F-Jannik_Sinner-Daniil_Medvedev:0136,136,69,61,sinner,sinner,surname,,,subject,nsubj,OTHER,2,,25.24,23.36,23.36,True,OTHER,23.36
tv_pool_20240128-M-Australian_Open-F-Jannik_Sinner-Daniil_Medvedev,tv_pool_20240128-M-Australian_Open-F-Jannik_Sinner-Daniil_Medvedev:0136,136,72,64,sinner,sinner,surname,,,after_preposition,pobj,OTHER,2,,25.24,23.36,23.36,True,OTHER,23.36
tv_pool_20240128-M-Australian_Open-F-Jannik_Sinner-Daniil_Medvedev,tv_pool_20240128-M-Australian_Open-F-Jannik_Sinner-Daniil_Medvedev:0140,140,13,12,medvedev,medvedev,surname,,,vocative_exclamation,npadvmod,OTHER,3,,25.36,25.76,23.4,True,OTHER,23.4
tv_pool_20240128-M-Australian_Open-F-Jannik_Sinner-Daniil_Medvedev,tv_pool_20240128-M-Australian_Open-F-Jannik_Sinner-Daniil_Medvedev:0143,143,7,7,sinner,jannik sinner,full_name,,,subject,nsubj,JUDGE,4,,55.48,33.48,53.6,True,JUDGE,53.6
tv_pool_20240128-M-Australian_Open-F-Jannik_Sinner-Daniil_Medvedev,tv_pool_20240128-M-Australian_Open-F-Jannik_Sinner-Daniil_Medvedev:0145,145,41,34,medvedev,medvedev,surname,,,after_preposition,pobj,OTHER,3,,40.04,6.88,37.6,True,OTHER,37.6
tv_pool_20240128-M-Australian_Open-F-Jannik_Sinner-Daniil_Medvedev,tv_pool_20240128-M-Australian_Open-F-Jannik_Sinner-Daniil_Medvedev:0147,147,9,9,medvedev,medvedev,surname,,,after_preposition,pobj,JUDGE,3,,20.96,22.28,17.28,True,JUDGE,17.28
tv_pool_20240128-M-Australian_Open-F-Jannik_Sinner-Daniil_Medvedev,tv_pool_20240128-M-Australian_Open-F-Jannik_Sinner-Daniil_Medvedev:0147,147,50,47,medvedev,medvedev,surname,,,after_preposition,pobj,OTHER,3,,20.96,22.28,17.28,True,OTHER,17.28
tv_pool_20240128-M-Australian_Open-F-Jannik_Sinner-Daniil_Medvedev,tv_pool_20240128-M-Australian_Open-F-Jannik_Sinner-Daniil_Medvedev:0148,148,31,29,sinner,sinner,surname,,,vocative_exclamation,npadvmod,OTHER,2,,7.84,20.96,5.88,True,OTHER,5.88
tv_pool_20240128-M-Australian_Open-F-Jannik_Sinner-Daniil_Medvedev,tv_pool_20240128-M-Australian_Open-F-Jannik_Sinner-Daniil_Medvedev:0153,153,47,42,sinner,sinner,surname,,,after_preposition,pobj,STAT,2,,29.04,10.4,27.08,True,STAT,27.08
tv_pool_20240128-M-Australian_Open-F-Jannik_Sinner-Daniil_Medvedev,tv_pool_20240128-M-Australian_Open-F-Jannik_Sinner-Daniil_Medvedev:0154,154,14,14,medvedev,medvedev,surname,,,subject,nsubjpass,SHOT,3,,33.16,29.04,31.2,True,SHOT,31.2
tv_pool_20240128-M-Australian_Open-F-Jannik_Sinner-Daniil_Medvedev,tv_pool_20240128-M-Australian_Open-F-Jannik_Sinner-Daniil_Medvedev:0156,156,14,14,sinner,sinner,surname,,,after_preposition,pobj,SHOT,2,,35.8,27.56,33.88,True,SHOT,33.88
tv_pool_20240128-M-Australian_Open-F-Jannik_Sinner-Daniil_Medvedev,tv_pool_20240128-M-Australian_Open-F-Jannik_Sinner-Daniil_Medvedev:0159,159,37,34,medvedev,medvedev,surname,,,subject,nsubj,OTHER,3,,22.16,6.8,20.2,True,OTHER,20.2
tv_pool_20240128-M-Australian_Open-F-Jannik_Sinner-Daniil_Medvedev,tv_pool_20240128-M-Australian_Open-F-Jannik_Sinner-Daniil_Medvedev:0159,159,78,70,sinner,jannik,first_name,,,subject,appos,JUDGE,2,,22.16,6.8,20.2,True,JUDGE,20.2
tv_pool_20240128-M-Australian_Open-F-Jannik_Sinner-Daniil_Medvedev,tv_pool_20240128-M-Australian_Open-F-Jannik_Sinner-Daniil_Medvedev:0167,167,20,17,medvedev,medvedev,surname,,,vocative_exclamation,ROOT,OTHER,3,,32.16,10.16,30.32,True,OTHER,30.32
tv_pool_20240128-M-Australian_Open-F-Jannik_Sinner-Daniil_Medvedev,tv_pool_20240128-M-Australian_Open-F-Jannik_Sinner-Daniil_Medvedev:0171,171,53,49,sinner,sinner,surname,,,after_preposition,pobj,SHOT,2,,26.4,10.76,24.44,True,SHOT,24.44
tv_pool_20240128-M-Australian_Open-F-Jannik_Sinner-Daniil_Medvedev,tv_pool_20240128-M-Australian_Open-F-Jannik_Sinner-Daniil_Medvedev:0172,172,18,16,sinner,the italian,epithet,epithet_nationality,nationality,after_preposition,pobj,OTHER,4,,16.52,26.4,14.64,True,OTHER,14.64
tv_pool_20240128-M-Australian_Open-F-Jannik_Sinner-Daniil_Medvedev,tv_pool_20240128-M-Australian_Open-F-Jannik_Sinner-Daniil_Medvedev:0173,173,38,34,medvedev,medvedev,surname,,,vocative_exclamation,ROOT,STAT,3,,7.92,16.52,3.88,True,STAT,3.88
tv_pool_20240128-M-Australian_Open-F-Jannik_Sinner-Daniil_Medvedev,tv_pool_20240128-M-Australian_Open-F-Jannik_Sinner-Daniil_Medvedev:0176,176,23,18,medvedev,medvedev,surname,,,after_preposition,pobj,OTHER,3,,21.24,8.16,19.32,True,OTHER,19.32
tv_pool_20240128-M-Australian_Open-F-Jannik_Sinner-Daniil_Medvedev,tv_pool_20240128-M-Australian_Open-F-Jannik_Sinner-Daniil_Medvedev:0178,178,13,13,medvedev,medvedev,surname,,,after_preposition,pobj,JUDGE,3,,16.76,29.84,14.84,True,JUDGE,14.84
tv_pool_20240128-M-Australian_Open-F-Jannik_Sinner-Daniil_Medvedev,tv_pool_20240128-M-Australian_Open-F-Jannik_Sinner-Daniil_Medvedev:0178,178,27,25,medvedev,medvedev,surname,,,subject,nsubj,SCORE,3,,16.76,29.84,14.84,True,SCORE,14.84
tv_pool_20240128-M-Australian_Open-F-Jannik_Sinner-Daniil_Medvedev,tv_pool_20240128-M-Australian_Open-F-Jannik_Sinner-Daniil_Medvedev:0179,179,4,4,sinner,sinner,surname,,,subject,nsubj,JUDGE,2,,7.52,16.76,5.64,True,JUDGE,5.64
tv_pool_20240128-M-Australian_Open-F-Jannik_Sinner-Daniil_Medvedev,tv_pool_20240128-M-Australian_Open-F-Jannik_Sinner-Daniil_Medvedev:0179,179,14,14,medvedev,medvedev,surname,,,after_preposition,pobj,OTHER,3,,7.52,16.76,5.64,True,OTHER,5.64
tv_pool_20240128-M-Australian_Open-F-Jannik_Sinner-Daniil_Medvedev,tv_pool_20240128-M-Australian_Open-F-Jannik_Sinner-Daniil_Medvedev:0180,180,45,37,medvedev,medvedev,surname,,,subject,nsubj,SHOT,3,,23.08,7.52,21.2,True,SHOT,21.2
tv_pool_20240128-M-Australian_Open-F-Jannik_Sinner-Daniil_Medvedev,tv_pool_20240128-M-Australian_Open-F-Jannik_Sinner-Daniil_Medvedev:0182,182,9,9,sinner,jannik,first_name,,,after_preposition,pobj,JUDGE,2,,30.92,39.84,28.64,True,JUDGE,28.64
tv_pool_20240128-M-Australian_Open-F-Jannik_Sinner-Daniil_Medvedev,tv_pool_20240128-M-Australian_Open-F-Jannik_Sinner-Daniil_Medvedev:0182,182,36,36,medvedev,medvedev,surname,,,object,dative,OTHER,3,,30.92,39.84,28.64,True,OTHER,28.64
tv_pool_20240128-M-Australian_Open-F-Jannik_Sinner-Daniil_Medvedev,tv_pool_20240128-M-Australian_Open-F-Jannik_Sinner-Daniil_Medvedev:0186,186,7,7,medvedev,medvedev,surname,,,after_preposition,pobj,JUDGE,3,,17.12,10.36,15.2,True,JUDGE,15.2
tv_pool_20240128-M-Australian_Open-F-Jannik_Sinner-Daniil_Medvedev,tv_pool_20240128-M-Australian_Open-F-Jannik_Sinner-Daniil_Medvedev:0194,194,21,20,sinner,sinner,surname,,,possessive,poss,SHOT,2,,28,23.8,26.04,True,SHOT,26.04
tv_pool_20240128-M-Australian_Open-F-Jannik_Sinner-Daniil_Medvedev,tv_pool_20240128-M-Australian_Open-F-Jannik_Sinner-Daniil_Medvedev:0195,195,7,7,medvedev,medvedev,surname,,,after_preposition,pobj,JUDGE,3,,39.52,28,39.16,True,JUDGE,39.16
tv_pool_20240128-M-Australian_Open-F-Jannik_Sinner-Daniil_Medvedev,tv_pool_20240128-M-Australian_Open-F-Jannik_Sinner-Daniil_Medvedev:0196,196,3,3,sinner,sinner,surname,,,subject,nsubj,SCORE,2,,26.48,39.52,24.52,True,SCORE,24.52
tv_pool_20240128-M-Australian_Open-F-Jannik_Sinner-Daniil_Medvedev,tv_pool_20240128-M-Australian_Open-F-Jannik_Sinner-Daniil_Medvedev:0200,200,5,4,medvedev,medvedev,surname,,,after_preposition,pobj,OTHER,3,,48.92,10.68,47,True,OTHER,47
tv_pool_20240128-M-Australian_Open-F-Jannik_Sinner-Daniil_Medvedev,tv_pool_20240128-M-Australian_Open-F-Jannik_Sinner-Daniil_Medvedev:0201,201,3,3,medvedev,medvedev,surname,,,subject,nsubj,OTHER,3,,13.36,48.92,11.36,True,OTHER,11.36
tv_pool_20240128-M-Australian_Open-F-Jannik_Sinner-Daniil_Medvedev,tv_pool_20240128-M-Australian_Open-F-Jannik_Sinner-Daniil_Medvedev:0201,201,43,39,medvedev,medvedev,surname,,,subject,nsubj,OTHER,3,,13.36,48.92,11.36,True,OTHER,11.36
tv_pool_20240128-M-Australian_Open-F-Jannik_Sinner-Daniil_Medvedev,tv_pool_20240128-M-Australian_Open-F-Jannik_Sinner-Daniil_Medvedev:0211,211,63,55,medvedev,daniil,first_name,,,subject,nsubj,JUDGE,2,,32.8,7.64,30.96,True,JUDGE,30.96
tv_pool_20240128-M-Australian_Open-F-Jannik_Sinner-Daniil_Medvedev,tv_pool_20240128-M-Australian_Open-F-Jannik_Sinner-Daniil_Medvedev:0215,215,58,54,sinner,jannik,first_name,,,after_preposition,pobj,JUDGE,2,,32.92,21.68,31,True,JUDGE,31
tv_pool_20240128-M-Australian_Open-F-Jannik_Sinner-Daniil_Medvedev,tv_pool_20240128-M-Australian_Open-F-Jannik_Sinner-Daniil_Medvedev:0215,215,62,58,medvedev,medvedev,surname,,,object,dobj,OTHER,3,,32.92,21.68,31,True,OTHER,31
tv_pool_20240128-M-Australian_Open-F-Jannik_Sinner-Daniil_Medvedev,tv_pool_20240128-M-Australian_Open-F-Jannik_Sinner-Daniil_Medvedev:0215,215,71,65,medvedev,medvedev,surname,,,vocative_exclamation,ROOT,OTHER,3,,32.92,21.68,31,True,OTHER,31
tv_pool_20240128-M-Australian_Open-F-Jannik_Sinner-Daniil_Medvedev,tv_pool_20240128-M-Australian_Open-F-Jannik_Sinner-Daniil_Medvedev:0216,216,7,7,sinner,jannik,first_name,,,possessive,poss,SHOT,2,,27.48,32.92,25.52,True,SHOT,25.52
tv_pool_20240128-M-Australian_Open-F-Jannik_Sinner-Daniil_Medvedev,tv_pool_20240128-M-Australian_Open-F-Jannik_Sinner-Daniil_Medvedev:0216,216,17,15,medvedev,medvedev,surname,,,subject,nsubj,JUDGE,3,,27.48,32.92,25.52,True,JUDGE,25.52
tv_pool_20240128-M-Australian_Open-F-Jannik_Sinner-Daniil_Medvedev,tv_pool_20240128-M-Australian_Open-F-Jannik_Sinner-Daniil_Medvedev:0216,216,64,57,sinner,jannik,first_name,,,subject,nsubjpass,JUDGE,2,,27.48,32.92,25.52,True,JUDGE,25.52
tv_pool_20240128-M-Australian_Open-F-Jannik_Sinner-Daniil_Medvedev,tv_pool_20240128-M-Australian_Open-F-Jannik_Sinner-Daniil_Medvedev:0217,217,0,0,sinner,jannik,first_name,,,subject,nsubj,JUDGE,2,,26.72,27.48,26.08,True,JUDGE,26.08
tv_pool_20240128-M-Australian_Open-F-Jannik_Sinner-Daniil_Medvedev,tv_pool_20240128-M-Australian_Open-F-Jannik_Sinner-Daniil_Medvedev:0217,217,63,56,medvedev,medvedev,surname,,,subject,nsubj,SHOT,3,,26.72,27.48,26.08,True,SHOT,26.08
tv_pool_20240128-M-Australian_Open-F-Jannik_Sinner-Daniil_Medvedev,tv_pool_20240128-M-Australian_Open-F-Jannik_Sinner-Daniil_Medvedev:0225,225,17,14,medvedev,medvedev,surname,,,possessive,ROOT,SHOT,3,,29.48,33.76,27.56,True,SHOT,27.56
tv_pool_20240128-M-Australian_Open-F-Jannik_Sinner-Daniil_Medvedev,tv_pool_20240128-M-Australian_Open-F-Jannik_Sinner-Daniil_Medvedev:0225,225,86,73,sinner,sinner,surname,,,subject,nsubj,OTHER,2,,29.48,33.76,27.56,True,OTHER,27.56
tv_pool_20240128-M-Australian_Open-F-Jannik_Sinner-Daniil_Medvedev,tv_pool_20240128-M-Australian_Open-F-Jannik_Sinner-Daniil_Medvedev:0232,232,26,25,medvedev,medvedev,surname,,,after_preposition,pobj,OTHER,3,,33.76,9.56,31.8,True,OTHER,31.8
tv_pool_20240128-M-Australian_Open-F-Jannik_Sinner-Daniil_Medvedev,tv_pool_20240128-M-Australian_Open-F-Jannik_Sinner-Daniil_Medvedev:0234,234,0,0,sinner,jannik,first_name,,,vocative_exclamation,ROOT,OTHER,2,,12.44,37.76,10.52,True,OTHER,10.52
tv_pool_20240128-M-Australian_Open-F-Jannik_Sinner-Daniil_Medvedev,tv_pool_20240128-M-Australian_Open-F-Jannik_Sinner-Daniil_Medvedev:0237,237,100,86,sinner,sinner,surname,,,subject,nsubj,SCORE,2,,38.8,26.56,36.88,True,SCORE,36.88
tv_pool_20240128-M-Australian_Open-F-Jannik_Sinner-Daniil_Medvedev,tv_pool_20240128-M-Australian_Open-F-Jannik_Sinner-Daniil_Medvedev:0238,238,12,12,medvedev,medvedev,surname,,,after_preposition,pobj,OTHER,3,,18.68,38.8,16.72,True,OTHER,16.72
tv_pool_20240128-M-Australian_Open-F-Jannik_Sinner-Daniil_Medvedev,tv_pool_20240128-M-Australian_Open-F-Jannik_Sinner-Daniil_Medvedev:0241,241,11,10,medvedev,medvedev,surname,,,subject,nsubj,OTHER,3,,29.16,7.6,27.24,True,OTHER,27.24
tv_pool_20240128-M-Australian_Open-F-Jannik_Sinner-Daniil_Medvedev,tv_pool_20240128-M-Australian_Open-F-Jannik_Sinner-Daniil_Medvedev:0244,244,2,1,sinner,sinner,surname,,,subject,nsubj,JUDGE,2,,41.32,11.08,39.4,True,JUDGE,39.4
tv_pool_20240128-M-Australian_Open-F-Jannik_Sinner-Daniil_Medvedev,tv_pool_20240128-M-Australian_Open-F-Jannik_Sinner-Daniil_Medvedev:0244,244,13,11,medvedev,medvedev,surname,,,object,attr,OTHER,3,,41.32,11.08,39.4,True,OTHER,39.4
tv_pool_20240128-M-Australian_Open-F-Jannik_Sinner-Daniil_Medvedev,tv_pool_20240128-M-Australian_Open-F-Jannik_Sinner-Daniil_Medvedev:0245,245,9,8,sinner,sinner,surname,,,subject,nsubj,OTHER,2,,42.68,41.32,40.72,True,OTHER,40.72
tv_pool_20240128-M-Australian_Open-F-Jannik_Sinner-Daniil_Medvedev,tv_pool_20240128-M-Australian_Open-F-Jannik_Sinner-Daniil_Medvedev:0245,245,36,32,medvedev,medvedev,surname,,,after_preposition,pobj,OTHER,3,,42.68,41.32,40.72,True,OTHER,40.72
tv_pool_20240128-M-Australian_Open-F-Jannik_Sinner-Daniil_Medvedev,tv_pool_20240128-M-Australian_Open-F-Jannik_Sinner-Daniil_Medvedev:0245,245,51,45,sinner,jannik,first_name,,,subject,nsubjpass,OTHER,2,,42.68,41.32,40.72,True,OTHER,40.72
tv_pool_20240128-M-Australian_Open-F-Jannik_Sinner-Daniil_Medvedev,tv_pool_20240128-M-Australian_Open-F-Jannik_Sinner-Daniil_Medvedev:0247,247,46,39,medvedev,medvedev,surname,,,subject,nsubj,OTHER,3,,34.56,9.88,33.8,True,OTHER,33.8
tv_pool_20240128-M-Australian_Open-F-Jannik_Sinner-Daniil_Medvedev,tv_pool_20240128-M-Australian_Open-F-Jannik_Sinner-Daniil_Medvedev:0247,247,66,58,sinner,sinner,surname,,,after_preposition,pobj,OTHER,2,,34.56,9.88,33.8,True,OTHER,33.8
tv_pool_20240128-M-Australian_Open-F-Jannik_Sinner-Daniil_Medvedev,tv_pool_20240128-M-Australian_Open-F-Jannik_Sinner-Daniil_Medvedev:0249,249,4,4,medvedev,daniil,first_name,,,other,compound,OTHER,2,,38.64,9.08,36.64,True,OTHER,36.64
tv_pool_20240128-M-Australian_Open-F-Jannik_Sinner-Daniil_Medvedev,tv_pool_20240128-M-Australian_Open-F-Jannik_Sinner-Daniil_Medvedev:0255,255,28,27,medvedev,medvedev,surname,,,subject,nsubj,OTHER,3,,32.88,52.04,30.96,True,OTHER,30.96
tv_pool_20240128-M-Australian_Open-F-Jannik_Sinner-Daniil_Medvedev,tv_pool_20240128-M-Australian_Open-F-Jannik_Sinner-Daniil_Medvedev:0255,255,56,53,medvedev,medvedev,surname,,,subject,nsubj,JUDGE,3,,32.88,52.04,30.96,True,JUDGE,30.96
tv_pool_20240128-M-Australian_Open-F-Jannik_Sinner-Daniil_Medvedev,tv_pool_20240128-M-Australian_Open-F-Jannik_Sinner-Daniil_Medvedev:0259,259,24,21,medvedev,medvedev,surname,,,vocative_exclamation,npadvmod,OTHER,3,,34.28,9.8,32.36,True,OTHER,32.36
tv_pool_20240128-M-Australian_Open-F-Jannik_Sinner-Daniil_Medvedev,tv_pool_20240128-M-Australian_Open-F-Jannik_Sinner-Daniil_Medvedev:0278,278,33,33,sinner,sinner,surname,,,object,attr,STAT,2,,16.36,10.36,14.4,True,STAT,14.4
tv_pool_20240128-M-Australian_Open-F-Jannik_Sinner-Daniil_Medvedev,tv_pool_20240128-M-Australian_Open-F-Jannik_Sinner-Daniil_Medvedev:0280,280,6,6,medvedev,daniil,first_name,,,subject,nsubj,JUDGE,2,,54,21.04,51.16,True,JUDGE,51.16
tv_pool_20240128-M-Australian_Open-F-Jannik_Sinner-Daniil_Medvedev,tv_pool_20240128-M-Australian_Open-F-Jannik_Sinner-Daniil_Medvedev:0283,283,3,3,medvedev,medvedev,surname,,,after_preposition,pobj,SHOT,3,,29.76,7.72,28.92,True,SHOT,28.92
tv_pool_20240128-M-Australian_Open-F-Jannik_Sinner-Daniil_Medvedev,tv_pool_20240128-M-Australian_Open-F-Jannik_Sinner-Daniil_Medvedev:0287,287,60,54,sinner,sinner,surname,,,possessive,ROOT,STAT,2,,24.76,31.68,21.72,True,STAT,21.72
tv_pool_20240128-M-Australian_Open-F-Jannik_Sinner-Daniil_Medvedev,tv_pool_20240128-M-Australian_Open-F-Jannik_Sinner-Daniil_Medvedev:0288,288,50,46,sinner,jannik,first_name,,,after_preposition,pobj,OTHER,2,,32.24,24.76,30.28,True,OTHER,30.28
tv_pool_20240128-M-Australian_Open-F-Jannik_Sinner-Daniil_Medvedev,tv_pool_20240128-M-Australian_Open-F-Jannik_Sinner-Daniil_Medvedev:0290,290,59,53,medvedev,medvedev,surname,,,subject,nsubjpass,JUDGE,3,,35.08,36.44,32.44,True,JUDGE,32.44
tv_pool_20240128-M-Australian_Open-F-Jannik_Sinner-Daniil_Medvedev,tv_pool_20240128-M-Australian_Open-F-Jannik_Sinner-Daniil_Medvedev:0292,292,40,34,medvedev,medvedev,surname,,,subject,nsubj,JUDGE,3,,42.96,9.68,40,True,JUDGE,40
tv_pool_20240128-M-Australian_Open-F-Jannik_Sinner-Daniil_Medvedev,tv_pool_20240128-M-Australian_Open-F-Jannik_Sinner-Daniil_Medvedev:0296,296,0,0,medvedev,medvedev,surname,,,subject,nsubj,OTHER,3,,43.88,8.52,42,True,OTHER,42
tv_pool_20240128-M-Australian_Open-F-Jannik_Sinner-Daniil_Medvedev,tv_pool_20240128-M-Australian_Open-F-Jannik_Sinner-Daniil_Medvedev:0298,298,11,11,medvedev,medvedev,surname,,,after_preposition,pobj,JUDGE,3,,36.24,8.44,35.64,True,JUDGE,35.64
tv_pool_20240128-M-Australian_Open-F-Jannik_Sinner-Daniil_Medvedev,tv_pool_20240128-M-Australian_Open-F-Jannik_Sinner-Daniil_Medvedev:0300,300,12,12,medvedev,medvedev,surname,,,subject,appos,OTHER,3,,23.72,26.68,21.8,True,OTHER,21.8
tv_pool_20240128-M-Australian_Open-F-Jannik_Sinner-Daniil_Medvedev,tv_pool_20240128-M-Australian_Open-F-Jannik_Sinner-Daniil_Medvedev:0303,303,4,4,medvedev,medvedev,surname,,,subject,nsubj,OTHER,3,,26.32,27.8,24.36,True,OTHER,24.36
tv_pool_20240128-M-Australian_Open-F-Jannik_Sinner-Daniil_Medvedev,tv_pool_20240128-M-Australian_Open-F-Jannik_Sinner-Daniil_Medvedev:0304,304,17,16,medvedev,medvedev,surname,,,after_preposition,pobj,JUDGE,3,,34.52,26.32,32.6,True,JUDGE,32.6
tv_pool_20240128-M-Australian_Open-F-Jannik_Sinner-Daniil_Medvedev,tv_pool_20240128-M-Australian_Open-F-Jannik_Sinner-Daniil_Medvedev:0304,304,29,27,sinner,the italian,epithet,epithet_nationality,nationality,subject,nsubj,OTHER,4,,34.52,26.32,32.6,True,OTHER,32.6
tv_pool_20240128-M-Australian_Open-F-Jannik_Sinner-Daniil_Medvedev,tv_pool_20240128-M-Australian_Open-F-Jannik_Sinner-Daniil_Medvedev:0313,313,17,14,sinner,sinner,surname,,,subject,nsubj,OTHER,2,,40.32,33.12,38.44,True,OTHER,38.44
tv_pool_20240128-M-Australian_Open-F-Jannik_Sinner-Daniil_Medvedev,tv_pool_20240128-M-Australian_Open-F-Jannik_Sinner-Daniil_Medvedev:0315,315,22,20,medvedev,medvedev,surname,,,vocative_exclamation,appos,CROWD,3,,25.72,10.52,23.8,True,CROWD,23.8
tv_pool_20240128-M-Australian_Open-F-Jannik_Sinner-Daniil_Medvedev,tv_pool_20240128-M-Australian_Open-F-Jannik_Sinner-Daniil_Medvedev:0315,315,24,21,sinner,sinner,surname,,,subject,nsubj,OTHER,2,,25.72,10.52,23.8,True,OTHER,23.8
tv_pool_20240128-M-Australian_Open-F-Jannik_Sinner-Daniil_Medvedev,tv_pool_20240128-M-Australian_Open-F-Jannik_Sinner-Daniil_Medvedev:0316,316,10,9,medvedev,daniil medvedev,full_name,,,after_preposition,pobj,OFFICIAL,5,,16.4,25.72,13.68,True,OFFICIAL,13.68
tv_pool_20240128-M-Australian_Open-F-Jannik_Sinner-Daniil_Medvedev,tv_pool_20240128-M-Australian_Open-F-Jannik_Sinner-Daniil_Medvedev:0324,324,30,25,sinner,sinner,surname,,,other,compound,OTHER,2,,27.2,71.96,25.28,True,OTHER,25.28
tv_pool_20240128-M-Australian_Open-F-Jannik_Sinner-Daniil_Medvedev,tv_pool_20240128-M-Australian_Open-F-Jannik_Sinner-Daniil_Medvedev:0324,324,41,35,medvedev,medvedev,surname,,,other,compound,OTHER,3,,27.2,71.96,25.28,True,OTHER,25.28
tv_pool_20240128-M-Australian_Open-F-Jannik_Sinner-Daniil_Medvedev,tv_pool_20240128-M-Australian_Open-F-Jannik_Sinner-Daniil_Medvedev:0329,329,7,6,sinner,sinner,surname,,,vocative_exclamation,ROOT,STAT,2,,19,49.32,17.04,True,STAT,17.04
tv_pool_20240128-M-Australian_Open-F-Jannik_Sinner-Daniil_Medvedev,tv_pool_20240128-M-Australian_Open-F-Jannik_Sinner-Daniil_Medvedev:0331,331,9,8,medvedev,medvedev,surname,,,after_preposition,pobj,OTHER,3,,18.2,17.56,16.28,True,OTHER,16.28
tv_pool_20240128-M-Australian_Open-F-Jannik_Sinner-Daniil_Medvedev,tv_pool_20240128-M-Australian_Open-F-Jannik_Sinner-Daniil_Medvedev:0334,334,10,9,medvedev,medvedev,surname,,,after_preposition,pobj,OTHER,3,,37.92,17.12,36,True,OTHER,36
tv_pool_20240128-M-Australian_Open-F-Jannik_Sinner-Daniil_Medvedev,tv_pool_20240128-M-Australian_Open-F-Jannik_Sinner-Daniil_Medvedev:0335,335,9,7,medvedev,medvedev,surname,,,subject,nsubj,OTHER,3,,57.04,37.92,55.24,True,OTHER,55.24
tv_pool_20240128-M-Australian_Open-F-Jannik_Sinner-Daniil_Medvedev,tv_pool_20240128-M-Australian_Open-F-Jannik_Sinner-Daniil_Medvedev:0335,335,22,19,sinner,sinner,surname,,,object,dative,OTHER,2,,57.04,37.92,55.24,True,OTHER,55.24
tv_pool_20240608-W-Roland_Garros-F-Iga_Swiatek-Jasmine_Paolini,tv_pool_20240608-W-Roland_Garros-F-Iga_Swiatek-Jasmine_Paolini:0000,0,8,7,paolini,paolini,surname,,,possessive,nsubj,OTHER,4,,27.92,,26.12,True,OTHER,26.12
tv_pool_20240608-W-Roland_Garros-F-Iga_Swiatek-Jasmine_Paolini,tv_pool_20240608-W-Roland_Garros-F-Iga_Swiatek-Jasmine_Paolini:0003,3,4,4,swiatek,swiatek,surname,,,subject,nsubj,SHOT,3,,101.16,24.2,98.44,True,SHOT,98.44
tv_pool_20240608-W-Roland_Garros-F-Iga_Swiatek-Jasmine_Paolini,tv_pool_20240608-W-Roland_Garros-F-Iga_Swiatek-Jasmine_Paolini:0004,4,0,0,paolini,paolini,surname,,,vocative_exclamation,dep,SCORE,4,,18.04,101.16,16.16,True,SCORE,16.16
tv_pool_20240608-W-Roland_Garros-F-Iga_Swiatek-Jasmine_Paolini,tv_pool_20240608-W-Roland_Garros-F-Iga_Swiatek-Jasmine_Paolini:0004,4,15,12,swiatek,swiatek,surname,,,after_preposition,pobj,SHOT,3,,18.04,101.16,16.16,True,SHOT,16.16
tv_pool_20240608-W-Roland_Garros-F-Iga_Swiatek-Jasmine_Paolini,tv_pool_20240608-W-Roland_Garros-F-Iga_Swiatek-Jasmine_Paolini:0004,4,53,46,swiatek,swiatek,surname,,,subject,nsubj,JUDGE,3,,18.04,101.16,16.16,True,JUDGE,16.16
tv_pool_20240608-W-Roland_Garros-F-Iga_Swiatek-Jasmine_Paolini,tv_pool_20240608-W-Roland_Garros-F-Iga_Swiatek-Jasmine_Paolini:0005,5,6,5,paolini,paolini,surname,,,vocative_exclamation,npadvmod,JUDGE,4,,35.08,18.04,31.96,True,JUDGE,31.96
tv_pool_20240608-W-Roland_Garros-F-Iga_Swiatek-Jasmine_Paolini,tv_pool_20240608-W-Roland_Garros-F-Iga_Swiatek-Jasmine_Paolini:0005,5,67,58,paolini,paolini,surname,,,object,dobj,OTHER,4,,35.08,18.04,31.96,True,OTHER,31.96
tv_pool_20240608-W-Roland_Garros-F-Iga_Swiatek-Jasmine_Paolini,tv_pool_20240608-W-Roland_Garros-F-Iga_Swiatek-Jasmine_Paolini:0006,6,30,27,paolini,paolini,surname,,,after_preposition,pobj,OTHER,4,,25.08,35.08,23.16,True,OTHER,23.16
tv_pool_20240608-W-Roland_Garros-F-Iga_Swiatek-Jasmine_Paolini,tv_pool_20240608-W-Roland_Garros-F-Iga_Swiatek-Jasmine_Paolini:0010,10,2,2,swiatek,swiatek,surname,,,after_preposition,pobj,OTHER,3,,24.44,40.44,22.56,True,OTHER,22.56
tv_pool_20240608-W-Roland_Garros-F-Iga_Swiatek-Jasmine_Paolini,tv_pool_20240608-W-Roland_Garros-F-Iga_Swiatek-Jasmine_Paolini:0013,13,4,2,paolini,paolini,surname,,,vocative_exclamation,ROOT,OTHER,4,,9.56,26.96,3.68,True,OTHER,3.68
tv_pool_20240608-W-Roland_Garros-F-Iga_Swiatek-Jasmine_Paolini,tv_pool_20240608-W-Roland_Garros-F-Iga_Swiatek-Jasmine_Paolini:0015,15,3,3,paolini,paolini,surname,,,after_preposition,pobj,SHOT,4,,43.52,24.64,40.28,True,SHOT,40.28
tv_pool_20240608-W-Roland_Garros-F-Iga_Swiatek-Jasmine_Paolini,tv_pool_20240608-W-Roland_Garros-F-Iga_Swiatek-Jasmine_Paolini:0015,15,115,104,swiatek,swiatek,surname,,,subject,nsubj,OTHER,3,,43.52,24.64,40.28,True,OTHER,40.28
tv_pool_20240608-W-Roland_Garros-F-Iga_Swiatek-Jasmine_Paolini,tv_pool_20240608-W-Roland_Garros-F-Iga_Swiatek-Jasmine_Paolini:0015,15,143,126,UNRESOLVED,the champion,epithet,epithet_descriptive,unresolved,other,ROOT,SHOT,4,,43.52,24.64,40.28,True,SHOT,40.28
tv_pool_20240608-W-Roland_Garros-F-Iga_Swiatek-Jasmine_Paolini,tv_pool_20240608-W-Roland_Garros-F-Iga_Swiatek-Jasmine_Paolini:0019,19,13,12,paolini,paolini,surname,,,after_preposition,pobj,OTHER,4,,29.4,27.84,27.48,True,OTHER,27.48
tv_pool_20240608-W-Roland_Garros-F-Iga_Swiatek-Jasmine_Paolini,tv_pool_20240608-W-Roland_Garros-F-Iga_Swiatek-Jasmine_Paolini:0020,20,0,0,paolini,paolini,surname,,,subject,nsubj,OTHER,4,,44.04,29.4,42.2,True,OTHER,42.2
tv_pool_20240608-W-Roland_Garros-F-Iga_Swiatek-Jasmine_Paolini,tv_pool_20240608-W-Roland_Garros-F-Iga_Swiatek-Jasmine_Paolini:0020,20,3,3,swiatek,swiatek,surname,,,after_preposition,pobj,OTHER,3,,44.04,29.4,42.2,True,OTHER,42.2
tv_pool_20240608-W-Roland_Garros-F-Iga_Swiatek-Jasmine_Paolini,tv_pool_20240608-W-Roland_Garros-F-Iga_Swiatek-Jasmine_Paolini:0020,20,5,5,swiatek,swiatek,surname,,,subject,nsubj,OTHER,3,,44.04,29.4,42.2,True,OTHER,42.2
tv_pool_20240608-W-Roland_Garros-F-Iga_Swiatek-Jasmine_Paolini,tv_pool_20240608-W-Roland_Garros-F-Iga_Swiatek-Jasmine_Paolini:0020,20,22,20,paolini,paolini,surname,,,after_preposition,pobj,JUDGE,4,,44.04,29.4,42.2,True,JUDGE,42.2
tv_pool_20240608-W-Roland_Garros-F-Iga_Swiatek-Jasmine_Paolini,tv_pool_20240608-W-Roland_Garros-F-Iga_Swiatek-Jasmine_Paolini:0020,20,85,77,paolini,paolini,surname,,,after_preposition,pobj,SCORE,4,,44.04,29.4,42.2,True,SCORE,42.2
tv_pool_20240608-W-Roland_Garros-F-Iga_Swiatek-Jasmine_Paolini,tv_pool_20240608-W-Roland_Garros-F-Iga_Swiatek-Jasmine_Paolini:0022,22,20,17,UNRESOLVED,the champion,epithet,epithet_descriptive,unresolved,vocative_exclamation,npadvmod,OTHER,4,,109.28,14.32,107.4,True,OTHER,107.4
tv_pool_20240608-W-Roland_Garros-F-Iga_Swiatek-Jasmine_Paolini,tv_pool_20240608-W-Roland_Garros-F-Iga_Swiatek-Jasmine_Paolini:0022,22,23,19,paolini,paolini,surname,,,vocative_exclamation,npadvmod,JUDGE,4,,109.28,14.32,107.4,True,JUDGE,107.4
tv_pool_20240608-W-Roland_Garros-F-Iga_Swiatek-Jasmine_Paolini,tv_pool_20240608-W-Roland_Garros-F-Iga_Swiatek-Jasmine_Paolini:0023,23,16,15,swiatek,swiatek,surname,,,subject,nsubj,OTHER,3,,19.6,109.28,17.64,True,OTHER,17.64
tv_pool_20240608-W-Roland_Garros-F-Iga_Swiatek-Jasmine_Paolini,tv_pool_20240608-W-Roland_Garros-F-Iga_Swiatek-Jasmine_Paolini:0026,26,6,6,paolini,paolini,surname,,,other,amod,SHOT,4,,9.84,26.08,3.6,True,SHOT,3.6
tv_pool_20240608-W-Roland_Garros-F-Iga_Swiatek-Jasmine_Paolini,tv_pool_20240608-W-Roland_Garros-F-Iga_Swiatek-Jasmine_Paolini:0026,26,16,15,swiatek,swiatek,surname,,,after_preposition,pobj,OTHER,3,,9.84,26.08,3.6,True,OTHER,3.6
tv_pool_20240608-W-Roland_Garros-F-Iga_Swiatek-Jasmine_Paolini,tv_pool_20240608-W-Roland_Garros-F-Iga_Swiatek-Jasmine_Paolini:0026,26,21,19,swiatek,swiatek,surname,,,after_preposition,pobj,OTHER,3,,9.84,26.08,3.6,True,OTHER,3.6
tv_pool_20240608-W-Roland_Garros-F-Iga_Swiatek-Jasmine_Paolini,tv_pool_20240608-W-Roland_Garros-F-Iga_Swiatek-Jasmine_Paolini:0028,28,0,0,swiatek,swiatek,surname,,,vocative_exclamation,ROOT,OTHER,3,,41.92,42.24,41.2,True,OTHER,41.2
tv_pool_20240608-W-Roland_Garros-F-Iga_Swiatek-Jasmine_Paolini,tv_pool_20240608-W-Roland_Garros-F-Iga_Swiatek-Jasmine_Paolini:0030,30,19,18,swiatek,swiatek,surname,,,subject,nsubj,SHOT,3,,29.16,12.84,27.24,True,SHOT,27.24
tv_pool_20240608-W-Roland_Garros-F-Iga_Swiatek-Jasmine_Paolini,tv_pool_20240608-W-Roland_Garros-F-Iga_Swiatek-Jasmine_Paolini:0032,32,14,12,paolini,paolini,surname,,,after_preposition,appos,SHOT,4,,50.76,25.92,48.8,True,SHOT,48.8
tv_pool_20240608-W-Roland_Garros-F-Iga_Swiatek-Jasmine_Paolini,tv_pool_20240608-W-Roland_Garros-F-Iga_Swiatek-Jasmine_Paolini:0032,32,25,22,swiatek,swiatek,surname,,,possessive,poss,JUDGE,3,,50.76,25.92,48.8,True,JUDGE,48.8
tv_pool_20240608-W-Roland_Garros-F-Iga_Swiatek-Jasmine_Paolini,tv_pool_20240608-W-Roland_Garros-F-Iga_Swiatek-Jasmine_Paolini:0033,33,2,1,swiatek,swiatek,surname,,,vocative_exclamation,ROOT,OTHER,3,,102.48,50.76,100.56,True,OTHER,100.56
tv_pool_20240608-W-Roland_Garros-F-Iga_Swiatek-Jasmine_Paolini,tv_pool_20240608-W-Roland_Garros-F-Iga_Swiatek-Jasmine_Paolini:0033,33,11,8,paolini,paolini,surname,,,after_preposition,appos,SHOT,4,,102.48,50.76,100.56,True,SHOT,100.56
tv_pool_20240608-W-Roland_Garros-F-Iga_Swiatek-Jasmine_Paolini,tv_pool_20240608-W-Roland_Garros-F-Iga_Swiatek-Jasmine_Paolini:0033,33,26,18,swiatek,swiatek,surname,,,subject,nsubj,SCORE,3,,102.48,50.76,100.56,True,SCORE,100.56
tv_pool_20240608-W-Roland_Garros-F-Iga_Swiatek-Jasmine_Paolini,tv_pool_20240608-W-Roland_Garros-F-Iga_Swiatek-Jasmine_Paolini:0034,34,11,10,swiatek,swiatek,surname,,,after_preposition,pobj,SHOT,3,,26.28,102.48,24.4,True,SHOT,24.4
tv_pool_20240608-W-Roland_Garros-F-Iga_Swiatek-Jasmine_Paolini,tv_pool_20240608-W-Roland_Garros-F-Iga_Swiatek-Jasmine_Paolini:0034,34,19,15,paolini,paolini,surname,,,subject,nsubj,JUDGE,4,,26.28,102.48,24.4,True,JUDGE,24.4
tv_pool_20240608-W-Roland_Garros-F-Iga_Swiatek-Jasmine_Paolini,tv_pool_20240608-W-Roland_Garros-F-Iga_Swiatek-Jasmine_Paolini:0036,36,2,2,paolini,paolini,surname,,,possessive,poss,OTHER,4,,26.64,45.2,24.68,True,OTHER,24.68
tv_pool_20240608-W-Roland_Garros-F-Iga_Swiatek-Jasmine_Paolini,tv_pool_20240608-W-Roland_Garros-F-Iga_Swiatek-Jasmine_Paolini:0038,38,6,5,paolini,paolini,surname,,,after_preposition,pobj,JUDGE,4,,35.16,9.88,33.32,True,JUDGE,33.32
tv_pool_20240608-W-Roland_Garros-F-Iga_Swiatek-Jasmine_Paolini,tv_pool_20240608-W-Roland_Garros-F-Iga_Swiatek-Jasmine_Paolini:0039,39,52,44,swiatek,swiatek,surname,,,after_preposition,pobj,SCORE,3,,24.4,35.16,22.44,True,SCORE,22.44
tv_pool_20240608-W-Roland_Garros-F-Iga_Swiatek-Jasmine_Paolini,tv_pool_20240608-W-Roland_Garros-F-Iga_Swiatek-Jasmine_Paolini:0040,40,6,6,swiatek,iga swiatek,full_name,,,after_preposition,pobj,OTHER,5,,60.4,24.4,56.16,True,OTHER,56.16
tv_pool_20240608-W-Roland_Garros-F-Iga_Swiatek-Jasmine_Paolini,tv_pool_20240608-W-Roland_Garros-F-Iga_Swiatek-Jasmine_Paolini:0041,41,0,0,swiatek,swiatek,surname,,,subject,nsubj,OTHER,3,,24.6,60.4,22.64,True,OTHER,22.64
tv_pool_20240608-W-Roland_Garros-F-Iga_Swiatek-Jasmine_Paolini,tv_pool_20240608-W-Roland_Garros-F-Iga_Swiatek-Jasmine_Paolini:0041,41,27,23,swiatek,swiatek,surname,,,vocative_exclamation,ROOT,SCORE,3,,24.6,60.4,22.64,True,SCORE,22.64
tv_pool_20240608-W-Roland_Garros-F-Iga_Swiatek-Jasmine_Paolini,tv_pool_20240608-W-Roland_Garros-F-Iga_Swiatek-Jasmine_Paolini:0045,45,5,5,paolini,paolini,surname,,,after_preposition,pobj,JUDGE,4,,28.48,13.48,26.56,True,JUDGE,26.56
tv_pool_20240608-W-Roland_Garros-F-Iga_Swiatek-Jasmine_Paolini,tv_pool_20240608-W-Roland_Garros-F-Iga_Swiatek-Jasmine_Paolini:0046,46,51,42,swiatek,swiatek,surname,,,object,dative,JUDGE,3,,35.84,28.48,33.92,True,JUDGE,33.92
tv_pool_20240608-W-Roland_Garros-F-Iga_Swiatek-Jasmine_Paolini,tv_pool_20240608-W-Roland_Garros-F-Iga_Swiatek-Jasmine_Paolini:0047,47,7,7,swiatek,swiatek,surname,,,after_preposition,pobj,OTHER,3,,105,35.84,103.08,True,OTHER,103.08
tv_pool_20240608-W-Roland_Garros-F-Iga_Swiatek-Jasmine_Paolini,tv_pool_20240608-W-Roland_Garros-F-Iga_Swiatek-Jasmine_Paolini:0047,47,15,14,UNRESOLVED,the defending champion,epithet,epithet_descriptive,unresolved,after_preposition,pobj,OTHER,7,,105,35.84,103.08,True,SHOT,103.08
tv_pool_20240608-W-Roland_Garros-F-Iga_Swiatek-Jasmine_Paolini,tv_pool_20240608-W-Roland_Garros-F-Iga_Swiatek-Jasmine_Paolini:0048,48,0,0,paolini,paolini,surname,,,other,ROOT,OTHER,4,,17.92,105,16,True,OTHER,16
tv_pool_20240608-W-Roland_Garros-F-Iga_Swiatek-Jasmine_Paolini,tv_pool_20240608-W-Roland_Garros-F-Iga_Swiatek-Jasmine_Paolini:0050,50,8,8,paolini,paolini,surname,,,other,compound,SHOT,4,,10.04,33.44,4.48,True,SHOT,4.48
tv_pool_20240608-W-Roland_Garros-F-Iga_Swiatek-Jasmine_Paolini,tv_pool_20240608-W-Roland_Garros-F-Iga_Swiatek-Jasmine_Paolini:0050,50,23,21,paolini,paolini,surname,,,subject,nsubj,SHOT,4,,10.04,33.44,4.48,True,SHOT,4.48
tv_pool_20240608-W-Roland_Garros-F-Iga_Swiatek-Jasmine_Paolini,tv_pool_20240608-W-Roland_Garros-F-Iga_Swiatek-Jasmine_Paolini:0050,50,34,30,swiatek,swiatek,surname,,,subject,nsubj,JUDGE,3,,10.04,33.44,4.48,True,JUDGE,4.48
tv_pool_20240608-W-Roland_Garros-F-Iga_Swiatek-Jasmine_Paolini,tv_pool_20240608-W-Roland_Garros-F-Iga_Swiatek-Jasmine_Paolini:0052,52,0,0,swiatek,swiatek,surname,,,vocative_exclamation,ROOT,OTHER,3,,52,22.68,50.12,True,OTHER,50.12
tv_pool_20240608-W-Roland_Garros-F-Iga_Swiatek-Jasmine_Paolini,tv_pool_20240608-W-Roland_Garros-F-Iga_Swiatek-Jasmine_Paolini:0052,52,23,19,swiatek,swiatek,surname,,,after_preposition,pobj,SHOT,3,,52,22.68,50.12,True,SHOT,50.12
tv_pool_20240608-W-Roland_Garros-F-Iga_Swiatek-Jasmine_Paolini,tv_pool_20240608-W-Roland_Garros-F-Iga_Swiatek-Jasmine_Paolini:0052,52,25,20,UNRESOLVED,the defending champion,epithet,epithet_descriptive,unresolved,after_preposition,appos,STAT,7,,52,22.68,50.12,True,SHOT,50.12
tv_pool_20240608-W-Roland_Garros-F-Iga_Swiatek-Jasmine_Paolini,tv_pool_20240608-W-Roland_Garros-F-Iga_Swiatek-Jasmine_Paolini:0056,56,8,8,swiatek,swiatek,surname,,,after_preposition,pobj,OTHER,3,,35.24,15.76,33.32,True,OTHER,33.32
tv_pool_20240608-W-Roland_Garros-F-Iga_Swiatek-Jasmine_Paolini,tv_pool_20240608-W-Roland_Garros-F-Iga_Swiatek-Jasmine_Paolini:0056,56,30,28,paolini,paolini,surname,,,after_preposition,pobj,OTHER,4,,35.24,15.76,33.32,True,OTHER,33.32
tv_pool_20240608-W-Roland_Garros-F-Iga_Swiatek-Jasmine_Paolini,tv_pool_20240608-W-Roland_Garros-F-Iga_Swiatek-Jasmine_Paolini:0057,57,25,22,swiatek,swiatek,surname,,,object,dobj,OTHER,3,,23.12,35.24,21.12,True,OTHER,21.12
tv_pool_20240608-W-Roland_Garros-F-Iga_Swiatek-Jasmine_Paolini,tv_pool_20240608-W-Roland_Garros-F-Iga_Swiatek-Jasmine_Paolini:0059,59,15,14,paolini,paolini,surname,,,object,attr,OTHER,4,,32.96,16.88,30.92,True,OTHER,30.92
tv_pool_20240608-W-Roland_Garros-F-Iga_Swiatek-Jasmine_Paolini,tv_pool_20240608-W-Roland_Garros-F-Iga_Swiatek-Jasmine_Paolini:0065,65,7,6,paolini,paolini,surname,,,possessive,nsubj,SHOT,4,,30.68,7.96,28.76,True,SHOT,28.76
tv_pool_20240608-W-Roland_Garros-F-Iga_Swiatek-Jasmine_Paolini,tv_pool_20240608-W-Roland_Garros-F-Iga_Swiatek-Jasmine_Paolini:0065,65,59,49,paolini,paolini,surname,,,possessive,poss,OTHER,4,,30.68,7.96,28.76,True,OTHER,28.76
tv_pool_20240608-W-Roland_Garros-F-Iga_Swiatek-Jasmine_Paolini,tv_pool_20240608-W-Roland_Garros-F-Iga_Swiatek-Jasmine_Paolini:0067,67,19,17,swiatek,swiatek,surname,,,after_preposition,pobj,SHOT,3,,24.6,27.8,22.56,True,SHOT,22.56
tv_pool_20240608-W-Roland_Garros-F-Iga_Swiatek-Jasmine_Paolini,tv_pool_20240608-W-Roland_Garros-F-Iga_Swiatek-Jasmine_Paolini:0068,68,4,2,paolini,paolini,surname,,,vocative_exclamation,ROOT,OTHER,4,,23.28,24.6,21.28,True,OTHER,21.28
tv_pool_20240608-W-Roland_Garros-F-Iga_Swiatek-Jasmine_Paolini,tv_pool_20240608-W-Roland_Garros-F-Iga_Swiatek-Jasmine_Paolini:0071,71,6,6,swiatek,swiatek,surname,,,after_preposition,pobj,OTHER,3,,38.6,26.36,36.72,True,OTHER,36.72
tv_pool_20240608-W-Roland_Garros-F-Iga_Swiatek-Jasmine_Paolini,tv_pool_20240608-W-Roland_Garros-F-Iga_Swiatek-Jasmine_Paolini:0073,73,10,9,UNRESOLVED,the world number one,epithet,epithet_descriptive,unresolved,object,attr,JUDGE,5,,24.36,26.76,22.4,True,STAT,22.4
tv_pool_20240608-W-Roland_Garros-F-Iga_Swiatek-Jasmine_Paolini,tv_pool_20240608-W-Roland_Garros-F-Iga_Swiatek-Jasmine_Paolini:0079,79,16,16,paolini,paolini,surname,,,object,dobj,OTHER,4,,22,8.8,20.12,True,OTHER,20.12
tv_pool_20240608-W-Roland_Garros-F-Iga_Swiatek-Jasmine_Paolini,tv_pool_20240608-W-Roland_Garros-F-Iga_Swiatek-Jasmine_Paolini:0080,80,8,8,paolini,paolini,surname,,,after_preposition,pobj,JUDGE,4,,29.44,22,27.56,True,JUDGE,27.56
tv_pool_20240608-W-Roland_Garros-F-Iga_Swiatek-Jasmine_Paolini,tv_pool_20240608-W-Roland_Garros-F-Iga_Swiatek-Jasmine_Paolini:0083,83,108,94,swiatek,swiatek,surname,,,vocative_exclamation,ROOT,OTHER,3,,9.28,23.04,3.8,True,OTHER,3.8
tv_pool_20240608-W-Roland_Garros-F-Iga_Swiatek-Jasmine_Paolini,tv_pool_20240608-W-Roland_Garros-F-Iga_Swiatek-Jasmine_Paolini:0091,91,2,2,paolini,paolini,surname,,,subject,nsubj,OTHER,4,,16.4,32.32,11.96,True,OTHER,11.96
tv_pool_20240608-W-Roland_Garros-F-Iga_Swiatek-Jasmine_Paolini,tv_pool_20240608-W-Roland_Garros-F-Iga_Swiatek-Jasmine_Paolini:0092,92,30,28,swiatek,swiatek,surname,,,other,compound,SCORE,3,,31.4,16.4,29.48,True,SCORE,29.48
tv_pool_20240608-W-Roland_Garros-F-Iga_Swiatek-Jasmine_Paolini,tv_pool_20240608-W-Roland_Garros-F-Iga_Swiatek-Jasmine_Paolini:0096,96,7,7,paolini,paolini,surname,,,subject,nsubj,JUDGE,4,,24.04,22.32,22.12,True,JUDGE,22.12
tv_pool_20240608-W-Roland_Garros-F-Iga_Swiatek-Jasmine_Paolini,tv_pool_20240608-W-Roland_Garros-F-Iga_Swiatek-Jasmine_Paolini:0099,99,4,3,swiatek,swiatek,surname,,,subject,nsubj,SHOT,3,,31.68,29.12,29.68,True,SHOT,29.68
tv_pool_20240608-W-Roland_Garros-F-Iga_Swiatek-Jasmine_Paolini,tv_pool_20240608-W-Roland_Garros-F-Iga_Swiatek-Jasmine_Paolini:0101,101,0,0,swiatek,swiatek,surname,,,subject,nsubj,STAT,3,,12.76,45.92,5.92,True,STAT,5.92
tv_pool_20240608-W-Roland_Garros-F-Iga_Swiatek-Jasmine_Paolini,tv_pool_20240608-W-Roland_Garros-F-Iga_Swiatek-Jasmine_Paolini:0102,102,8,7,paolini,paolini,surname,,,vocative_exclamation,npadvmod,OTHER,4,,26.4,12.76,22.08,True,OTHER,22.08
tv_pool_20240713-W-Wimbledon-F-Jasmine_Paolini-Barbora_Krejcikova,tv_pool_20240713-W-Wimbledon-F-Jasmine_Paolini-Barbora_Krejcikova:0004,4,22,20,krejcikova,krejcikova,surname,,,after_preposition,pobj,SHOT,4,,101.52,24.44,99.6,True,SHOT,99.6
tv_pool_20240713-W-Wimbledon-F-Jasmine_Paolini-Barbora_Krejcikova,tv_pool_20240713-W-Wimbledon-F-Jasmine_Paolini-Barbora_Krejcikova:0004,4,52,43,krejcikova,barbora,first_name,,,object,dobj,OTHER,3,,101.52,24.44,99.6,True,OTHER,99.6
tv_pool_20240713-W-Wimbledon-F-Jasmine_Paolini-Barbora_Krejcikova,tv_pool_20240713-W-Wimbledon-F-Jasmine_Paolini-Barbora_Krejcikova:0004,4,92,77,krejcikova,barbora,first_name,,,vocative_exclamation,npadvmod,OTHER,3,,101.52,24.44,99.6,True,OTHER,99.6
tv_pool_20240713-W-Wimbledon-F-Jasmine_Paolini-Barbora_Krejcikova,tv_pool_20240713-W-Wimbledon-F-Jasmine_Paolini-Barbora_Krejcikova:0005,5,12,11,krejcikova,krejcikova,surname,,,subject,nsubj,OTHER,4,,28.24,101.52,26.28,True,OTHER,26.28
tv_pool_20240713-W-Wimbledon-F-Jasmine_Paolini-Barbora_Krejcikova,tv_pool_20240713-W-Wimbledon-F-Jasmine_Paolini-Barbora_Krejcikova:0006,6,2,1,krejcikova,krejcikova,surname,,,vocative_exclamation,ROOT,SCORE,4,,85.4,28.24,84.24,True,SCORE,84.24
tv_pool_20240713-W-Wimbledon-F-Jasmine_Paolini-Barbora_Krejcikova,tv_pool_20240713-W-Wimbledon-F-Jasmine_Paolini-Barbora_Krejcikova:0006,6,4,2,krejcikova,krejcikova,surname,,,subject,nsubj,SCORE,4,leads_games,85.4,28.24,84.24,True,SCORE,84.24
tv_pool_20240713-W-Wimbledon-F-Jasmine_Paolini-Barbora_Krejcikova,tv_pool_20240713-W-Wimbledon-F-Jasmine_Paolini-Barbora_Krejcikova:0012,12,5,5,krejcikova,krejcikova,surname,,,after_preposition,pobj,OTHER,4,,39.44,30.12,37.48,True,OTHER,37.48
tv_pool_20240713-W-Wimbledon-F-Jasmine_Paolini-Barbora_Krejcikova,tv_pool_20240713-W-Wimbledon-F-Jasmine_Paolini-Barbora_Krejcikova:0013,13,2,1,krejcikova,krejcikova,surname,,,vocative_exclamation,npadvmod,SCORE,4,advantage_name,20.6,39.44,18.68,True,SCORE,18.68
tv_pool_20240713-W-Wimbledon-F-Jasmine_Paolini-Barbora_Krejcikova,tv_pool_20240713-W-Wimbledon-F-Jasmine_Paolini-Barbora_Krejcikova:0013,13,15,11,krejcikova,krejcikova,surname,,,subject,nsubj,OTHER,4,,20.6,39.44,18.68,True,OTHER,18.68
tv_pool_20240713-W-Wimbledon-F-Jasmine_Paolini-Barbora_Krejcikova,tv_pool_20240713-W-Wimbledon-F-Jasmine_Paolini-Barbora_Krejcikova:0015,15,2,1,paolini,paolini,surname,,,vocative_exclamation,npadvmod,SCORE,4,advantage_name,25.04,26.32,23.12,True,SCORE,23.12
tv_pool_20240713-W-Wimbledon-F-Jasmine_Paolini-Barbora_Krejcikova,tv_pool_20240713-W-Wimbledon-F-Jasmine_Paolini-Barbora_Krejcikova:0015,15,4,2,paolini,paolini,surname,,,subject,nsubj,SCORE,4,,25.04,26.32,23.12,True,SCORE,23.12
tv_pool_20240713-W-Wimbledon-F-Jasmine_Paolini-Barbora_Krejcikova,tv_pool_20240713-W-Wimbledon-F-Jasmine_Paolini-Barbora_Krejcikova:0016,16,21,19,paolini,paolini,surname,,,after_preposition,pobj,JUDGE,4,,24.64,25.04,22.72,True,JUDGE,22.72
tv_pool_20240713-W-Wimbledon-F-Jasmine_Paolini-Barbora_Krejcikova,tv_pool_20240713-W-Wimbledon-F-Jasmine_Paolini-Barbora_Krejcikova:0017,17,18,17,krejcikova,krejcikova,surname,,,after_preposition,pobj,OTHER,4,,19,24.64,17.04,True,OTHER,17.04
tv_pool_20240713-W-Wimbledon-F-Jasmine_Paolini-Barbora_Krejcikova,tv_pool_20240713-W-Wimbledon-F-Jasmine_Paolini-Barbora_Krejcikova:0018,18,11,9,paolini,paolini,surname,,,after_preposition,pobj,OTHER,4,,219.56,19,217.6,True,OTHER,217.6
tv_pool_20240713-W-Wimbledon-F-Jasmine_Paolini-Barbora_Krejcikova,tv_pool_20240713-W-Wimbledon-F-Jasmine_Paolini-Barbora_Krejcikova:0019,19,5,5,krejcikova,krejcikova,surname,,,after_preposition,pobj,SHOT,4,,25.16,219.56,23.24,True,SHOT,23.24
tv_pool_20240713-W-Wimbledon-F-Jasmine_Paolini-Barbora_Krejcikova,tv_pool_20240713-W-Wimbledon-F-Jasmine_Paolini-Barbora_Krejcikova:0022,22,0,0,paolini,paolini,surname,,,subject,nsubj,OTHER,4,,60.56,20.28,57.6,True,OTHER,57.6
tv_pool_20240713-W-Wimbledon-F-Jasmine_Paolini-Barbora_Krejcikova,tv_pool_20240713-W-Wimbledon-F-Jasmine_Paolini-Barbora_Krejcikova:0022,22,12,10,krejcikova,krejcikova,surname,,,subject,nsubj,OTHER,4,,60.56,20.28,57.6,True,OTHER,57.6
tv_pool_20240713-W-Wimbledon-F-Jasmine_Paolini-Barbora_Krejcikova,tv_pool_20240713-W-Wimbledon-F-Jasmine_Paolini-Barbora_Krejcikova:0022,22,26,22,krejcikova,krejcikova,surname,,,subject,nsubj,SHOT,4,,60.56,20.28,57.6,True,SHOT,57.6
tv_pool_20240713-W-Wimbledon-F-Jasmine_Paolini-Barbora_Krejcikova,tv_pool_20240713-W-Wimbledon-F-Jasmine_Paolini-Barbora_Krejcikova:0023,23,15,14,paolini,paolini,surname,,,after_preposition,pobj,SCORE,4,,32.28,60.56,30.4,True,SCORE,30.4
tv_pool_20240713-W-Wimbledon-F-Jasmine_Paolini-Barbora_Krejcikova,tv_pool_20240713-W-Wimbledon-F-Jasmine_Paolini-Barbora_Krejcikova:0025,25,23,20,paolini,paolini,surname,,,object,appos,JUDGE,4,,37.16,101.2,35.2,True,JUDGE,35.2
tv_pool_20240713-W-Wimbledon-F-Jasmine_Paolini-Barbora_Krejcikova,tv_pool_20240713-W-Wimbledon-F-Jasmine_Paolini-Barbora_Krejcikova:0026,26,45,41,paolini,paolini,surname,,,after_preposition,pobj,OTHER,4,,20.08,37.16,18.16,True,OTHER,18.16
tv_pool_20240713-W-Wimbledon-F-Jasmine_Paolini-Barbora_Krejcikova,tv_pool_20240713-W-Wimbledon-F-Jasmine_Paolini-Barbora_Krejcikova:0029,29,57,49,paolini,jasmine,first_name,,,subject,nsubj,STAT,2,,23.36,21.52,21.4,True,STAT,21.4
tv_pool_20240713-W-Wimbledon-F-Jasmine_Paolini-Barbora_Krejcikova,tv_pool_20240713-W-Wimbledon-F-Jasmine_Paolini-Barbora_Krejcikova:0031,31,0,0,paolini,jasmine,first_name,,,other,compound,OTHER,2,,32.36,8.6,30.4,True,OTHER,30.4
tv_pool_20240713-W-Wimbledon-F-Jasmine_Paolini-Barbora_Krejcikova,tv_pool_20240713-W-Wimbledon-F-Jasmine_Paolini-Barbora_Krejcikova:0031,31,45,38,paolini,jasmine,first_name,,,other,compound,SCORE,2,,32.36,8.6,30.4,True,SCORE,30.4
tv_pool_20240713-W-Wimbledon-F-Jasmine_Paolini-Barbora_Krejcikova,tv_pool_20240713-W-Wimbledon-F-Jasmine_Paolini-Barbora_Krejcikova:0032,32,6,5,krejcikova,krejcikova,surname,,,subject,nsubj,SCORE,4,,110,32.36,108.04,True,SCORE,108.04
tv_pool_20240713-W-Wimbledon-F-Jasmine_Paolini-Barbora_Krejcikova,tv_pool_20240713-W-Wimbledon-F-Jasmine_Paolini-Barbora_Krejcikova:0032,32,18,15,krejcikova,krejcikova,surname,,,subject,nsubj,SCORE,4,leads_games,110,32.36,108.04,True,SCORE,108.04
tv_pool_20240713-W-Wimbledon-F-Jasmine_Paolini-Barbora_Krejcikova,tv_pool_20240713-W-Wimbledon-F-Jasmine_Paolini-Barbora_Krejcikova:0032,32,40,34,krejcikova,krejcikova,surname,,,after_preposition,pobj,JUDGE,4,,110,32.36,108.04,True,JUDGE,108.04
tv_pool_20240713-W-Wimbledon-F-Jasmine_Paolini-Barbora_Krejcikova,tv_pool_20240713-W-Wimbledon-F-Jasmine_Paolini-Barbora_Krejcikova:0032,32,110,94,krejcikova,barbora,first_name,,,subject,nsubj,JUDGE,3,,110,32.36,108.04,True,JUDGE,108.04
tv_pool_20240713-W-Wimbledon-F-Jasmine_Paolini-Barbora_Krejcikova,tv_pool_20240713-W-Wimbledon-F-Jasmine_Paolini-Barbora_Krejcikova:0032,32,262,229,paolini,paolini,surname,,,subject,nsubj,JUDGE,4,,110,32.36,108.04,True,JUDGE,108.04
tv_pool_20240713-W-Wimbledon-F-Jasmine_Paolini-Barbora_Krejcikova,tv_pool_20240713-W-Wimbledon-F-Jasmine_Paolini-Barbora_Krejcikova:0038,38,0,0,paolini,jasmine paolini,full_name,,,subject,nsubj,OFFICIAL,6,challenging,47.72,25.8,45.76,True,OFFICIAL,45.76
tv_pool_20240713-W-Wimbledon-F-Jasmine_Paolini-Barbora_Krejcikova,tv_pool_20240713-W-Wimbledon-F-Jasmine_Paolini-Barbora_Krejcikova:0038,38,15,14,paolini,paolini,surname,,,after_preposition,pobj,OFFICIAL,4,,47.72,25.8,45.76,True,OFFICIAL,45.76
tv_pool_20240713-W-Wimbledon-F-Jasmine_Paolini-Barbora_Krejcikova,tv_pool_20240713-W-Wimbledon-F-Jasmine_Paolini-Barbora_Krejcikova:0039,39,11,8,paolini,paolini,surname,,,subject,nsubj,SHOT,4,,28.28,47.72,25.24,True,SHOT,25.24
tv_pool_20240713-W-Wimbledon-F-Jasmine_Paolini-Barbora_Krejcikova,tv_pool_20240713-W-Wimbledon-F-Jasmine_Paolini-Barbora_Krejcikova:0042,42,38,34,krejcikova,barbora,first_name,,,possessive,nsubj,OTHER,3,,24.48,18,22.08,True,OTHER,22.08
tv_pool_20240713-W-Wimbledon-F-Jasmine_Paolini-Barbora_Krejcikova,tv_pool_20240713-W-Wimbledon-F-Jasmine_Paolini-Barbora_Krejcikova:0044,44,13,12,paolini,paolini,surname,,,after_preposition,pobj,OTHER,4,,21.04,9.16,19.08,True,OTHER,19.08
tv_pool_20240713-W-Wimbledon-F-Jasmine_Paolini-Barbora_Krejcikova,tv_pool_20240713-W-Wimbledon-F-Jasmine_Paolini-Barbora_Krejcikova:0046,46,8,7,krejcikova,krejcikova,surname,,,subject,nsubj,OTHER,4,leads_games,113.56,8.44,111.64,True,OTHER,111.64
tv_pool_20240713-W-Wimbledon-F-Jasmine_Paolini-Barbora_Krejcikova,tv_pool_20240713-W-Wimbledon-F-Jasmine_Paolini-Barbora_Krejcikova:0047,47,27,25,paolini,paolini,surname,,,subject,nsubj,OTHER,4,,21.28,113.56,19.4,True,OTHER,19.4
tv_pool_20240713-W-Wimbledon-F-Jasmine_Paolini-Barbora_Krejcikova,tv_pool_20240713-W-Wimbledon-F-Jasmine_Paolini-Barbora_Krejcikova:0049,49,12,10,krejcikova,krejcikova,surname,,,subject,nsubj,SCORE,4,,30.56,43.76,29.92,True,SCORE,29.92
tv_pool_20240713-W-Wimbledon-F-Jasmine_Paolini-Barbora_Krejcikova,tv_pool_20240713-W-Wimbledon-F-Jasmine_Paolini-Barbora_Krejcikova:0050,50,7,7,krejcikova,barbora,first_name,,,after_preposition,pobj,OTHER,3,,276.2,30.56,274.28,True,OTHER,274.28
tv_pool_20240713-W-Wimbledon-F-Jasmine_Paolini-Barbora_Krejcikova,tv_pool_20240713-W-Wimbledon-F-Jasmine_Paolini-Barbora_Krejcikova:0051,51,32,26,paolini,paolini,surname,,,subject,nsubj,OTHER,4,,21.08,276.2,19.12,True,OTHER,19.12
tv_pool_20240713-W-Wimbledon-F-Jasmine_Paolini-Barbora_Krejcikova,tv_pool_20240713-W-Wimbledon-F-Jasmine_Paolini-Barbora_Krejcikova:0053,53,12,9,paolini,jasmine paolini,full_name,,,object,dobj,OTHER,6,,21.52,59.2,19.52,True,OTHER,19.52
tv_pool_20240713-W-Wimbledon-F-Jasmine_Paolini-Barbora_Krejcikova,tv_pool_20240713-W-Wimbledon-F-Jasmine_Paolini-Barbora_Krejcikova:0055,55,29,25,paolini,paolini,surname,,,vocative_exclamation,ROOT,JUDGE,4,,32.44,65.8,30.48,True,JUDGE,30.48
tv_pool_20240713-W-Wimbledon-F-Jasmine_Paolini-Barbora_Krejcikova,tv_pool_20240713-W-Wimbledon-F-Jasmine_Paolini-Barbora_Krejcikova:0057,57,2,2,paolini,paolini,surname,,,subject,nsubj,OTHER,4,,26.6,52.12,24.68,True,OTHER,24.68
tv_pool_20240713-W-Wimbledon-F-Jasmine_Paolini-Barbora_Krejcikova,tv_pool_20240713-W-Wimbledon-F-Jasmine_Paolini-Barbora_Krejcikova:0058,58,2,1,paolini,paolini,surname,,,vocative_exclamation,ROOT,JUDGE,4,,108.64,26.6,106.68,True,JUDGE,106.68
tv_pool_20240713-W-Wimbledon-F-Jasmine_Paolini-Barbora_Krejcikova,tv_pool_20240713-W-Wimbledon-F-Jasmine_Paolini-Barbora_Krejcikova:0059,59,9,9,paolini,paolini,surname,,,after_preposition,pobj,OTHER,4,,23,108.64,21.04,True,OTHER,21.04
tv_pool_20240713-W-Wimbledon-F-Jasmine_Paolini-Barbora_Krejcikova,tv_pool_20240713-W-Wimbledon-F-Jasmine_Paolini-Barbora_Krejcikova:0060,60,6,6,paolini,paolini,surname,,,after_preposition,pobj,OTHER,4,,23.88,23,21.96,True,OTHER,21.96
tv_pool_20240713-W-Wimbledon-F-Jasmine_Paolini-Barbora_Krejcikova,tv_pool_20240713-W-Wimbledon-F-Jasmine_Paolini-Barbora_Krejcikova:0064,64,10,10,paolini,the italian,epithet,epithet_nationality,nationality,after_preposition,pobj,SHOT,4,,26.32,71.8,26.08,True,SHOT,26.08
tv_pool_20240713-W-Wimbledon-F-Jasmine_Paolini-Barbora_Krejcikova,tv_pool_20240713-W-Wimbledon-F-Jasmine_Paolini-Barbora_Krejcikova:0071,71,53,41,krejcikova,krejcikova,surname,,,subject,nsubj,SCORE,4,,25.64,22.68,23.68,True,SCORE,23.68
tv_pool_20240713-W-Wimbledon-F-Jasmine_Paolini-Barbora_Krejcikova,tv_pool_20240713-W-Wimbledon-F-Jasmine_Paolini-Barbora_Krejcikova:0073,73,11,9,krejcikova,barbora,first_name,,,after_preposition,pobj,SHOT,3,,22.2,27.28,20.28,True,SHOT,20.28
tv_pool_20240713-W-Wimbledon-F-Jasmine_Paolini-Barbora_Krejcikova,tv_pool_20240713-W-Wimbledon-F-Jasmine_Paolini-Barbora_Krejcikova:0079,79,6,4,paolini,paolini,surname,,,vocative_exclamation,npadvmod,SHOT,4,,22.56,19.04,20.48,True,SHOT,20.48
tv_pool_20240713-W-Wimbledon-F-Jasmine_Paolini-Barbora_Krejcikova,tv_pool_20240713-W-Wimbledon-F-Jasmine_Paolini-Barbora_Krejcikova:0080,80,34,25,paolini,paolini,surname,,,subject,nsubj,SCORE,4,,20.08,22.56,18.12,True,SCORE,18.12
tv_pool_20240713-W-Wimbledon-F-Jasmine_Paolini-Barbora_Krejcikova,tv_pool_20240713-W-Wimbledon-F-Jasmine_Paolini-Barbora_Krejcikova:0082,82,2,1,paolini,paolini,surname,,,vocative_exclamation,ROOT,OTHER,4,,116.64,29.12,114.68,True,OTHER,114.68
tv_pool_20240713-W-Wimbledon-F-Jasmine_Paolini-Barbora_Krejcikova,tv_pool_20240713-W-Wimbledon-F-Jasmine_Paolini-Barbora_Krejcikova:0082,82,4,2,paolini,paolini,surname,,,subject,nsubj,OTHER,4,,116.64,29.12,114.68,True,OTHER,114.68
tv_pool_20240713-W-Wimbledon-F-Jasmine_Paolini-Barbora_Krejcikova,tv_pool_20240713-W-Wimbledon-F-Jasmine_Paolini-Barbora_Krejcikova:0084,84,4,4,paolini,paolini,surname,,,after_preposition,pobj,SHOT,4,,26.56,9.64,24.64,True,SHOT,24.64
tv_pool_20240713-W-Wimbledon-F-Jasmine_Paolini-Barbora_Krejcikova,tv_pool_20240713-W-Wimbledon-F-Jasmine_Paolini-Barbora_Krejcikova:0087,87,3,3,krejcikova,barbora,first_name,,,after_preposition,pobj,SHOT,3,,25.64,15.56,23.68,True,SHOT,23.68
tv_pool_20240713-W-Wimbledon-F-Jasmine_Paolini-Barbora_Krejcikova,tv_pool_20240713-W-Wimbledon-F-Jasmine_Paolini-Barbora_Krejcikova:0093,93,31,26,paolini,paolini,surname,,,subject,nsubj,JUDGE,4,,25,34.12,23.08,True,JUDGE,23.08
tv_pool_20240713-W-Wimbledon-F-Jasmine_Paolini-Barbora_Krejcikova,tv_pool_20240713-W-Wimbledon-F-Jasmine_Paolini-Barbora_Krejcikova:0097,97,8,7,paolini,paolini,surname,,,object,attr,OTHER,4,,99.2,29.04,97.2,True,OTHER,97.2
tv_pool_20240713-W-Wimbledon-F-Jasmine_Paolini-Barbora_Krejcikova,tv_pool_20240713-W-Wimbledon-F-Jasmine_Paolini-Barbora_Krejcikova:0097,97,63,57,paolini,paolini,surname,,,subject,nsubj,OTHER,4,,99.2,29.04,97.2,True,OTHER,97.2
tv_pool_20240713-W-Wimbledon-F-Jasmine_Paolini-Barbora_Krejcikova,tv_pool_20240713-W-Wimbledon-F-Jasmine_Paolini-Barbora_Krejcikova:0102,102,10,10,krejcikova,barbora,first_name,,,other,compound,SHOT,3,,26.2,10.04,24.28,True,SHOT,24.28
tv_pool_20240713-W-Wimbledon-F-Jasmine_Paolini-Barbora_Krejcikova,tv_pool_20240713-W-Wimbledon-F-Jasmine_Paolini-Barbora_Krejcikova:0108,108,4,4,paolini,paolini,surname,,,object,dobj,JUDGE,4,,9.8,20.12,3.88,True,JUDGE,3.88
tv_pool_20240713-W-Wimbledon-F-Jasmine_Paolini-Barbora_Krejcikova,tv_pool_20240713-W-Wimbledon-F-Jasmine_Paolini-Barbora_Krejcikova:0124,124,12,11,paolini,paolini,surname,,,subject,nsubj,JUDGE,4,,109.16,8.8,107.2,True,JUDGE,107.2
tv_pool_20240713-W-Wimbledon-F-Jasmine_Paolini-Barbora_Krejcikova,tv_pool_20240713-W-Wimbledon-F-Jasmine_Paolini-Barbora_Krejcikova:0124,124,98,89,krejcikova,barbora krejcikova,full_name,,,after_preposition,pobj,SHOT,7,,109.16,8.8,107.2,True,SHOT,107.2
tv_pool_20240713-W-Wimbledon-F-Jasmine_Paolini-Barbora_Krejcikova,tv_pool_20240713-W-Wimbledon-F-Jasmine_Paolini-Barbora_Krejcikova:0124,124,115,104,krejcikova,barbora,first_name,,,possessive,poss,SHOT,3,,109.16,8.8,107.2,True,SHOT,107.2
tv_pool_20240713-W-Wimbledon-F-Jasmine_Paolini-Barbora_Krejcikova,tv_pool_20240713-W-Wimbledon-F-Jasmine_Paolini-Barbora_Krejcikova:0124,124,136,123,paolini,paolini,surname,,,subject,nsubj,JUDGE,4,,109.16,8.8,107.2,True,JUDGE,107.2
tv_pool_20240713-W-Wimbledon-F-Jasmine_Paolini-Barbora_Krejcikova,tv_pool_20240713-W-Wimbledon-F-Jasmine_Paolini-Barbora_Krejcikova:0126,126,10,9,paolini,paolini,surname,,,subject,nsubj,OTHER,4,,21.88,11.76,19.92,True,OTHER,19.92
tv_pool_20240713-W-Wimbledon-F-Jasmine_Paolini-Barbora_Krejcikova,tv_pool_20240713-W-Wimbledon-F-Jasmine_Paolini-Barbora_Krejcikova:0135,135,11,10,paolini,paolini,surname,,,after_preposition,appos,OTHER,4,,155.12,9.44,154.04,True,OTHER,154.04
tv_pool_20240713-W-Wimbledon-F-Jasmine_Paolini-Barbora_Krejcikova,tv_pool_20240713-W-Wimbledon-F-Jasmine_Paolini-Barbora_Krejcikova:0135,135,22,19,paolini,paolini,surname,,,subject,nsubj,OTHER,4,leads_games,155.12,9.44,154.04,True,OTHER,154.04
tv_pool_20240713-W-Wimbledon-F-Jasmine_Paolini-Barbora_Krejcikova,tv_pool_20240713-W-Wimbledon-F-Jasmine_Paolini-Barbora_Krejcikova:0142,142,10,8,paolini,paolini,surname,,,after_preposition,pobj,SHOT,4,,26.32,30.84,25.24,True,SHOT,25.24
tv_pool_20240713-W-Wimbledon-F-Jasmine_Paolini-Barbora_Krejcikova,tv_pool_20240713-W-Wimbledon-F-Jasmine_Paolini-Barbora_Krejcikova:0145,145,1,1,paolini,paolini,surname,,,subject,nsubj,JUDGE,4,,31.24,23.28,27.68,True,JUDGE,27.68
tv_pool_20240713-W-Wimbledon-F-Jasmine_Paolini-Barbora_Krejcikova,tv_pool_20240713-W-Wimbledon-F-Jasmine_Paolini-Barbora_Krejcikova:0149,149,0,0,paolini,paolini,surname,,,vocative_exclamation,ROOT,OTHER,4,,26.36,14.28,24.4,True,OTHER,24.4
tv_pool_20240713-W-Wimbledon-F-Jasmine_Paolini-Barbora_Krejcikova,tv_pool_20240713-W-Wimbledon-F-Jasmine_Paolini-Barbora_Krejcikova:0157,157,13,11,paolini,jasmine paolini,full_name,,,after_preposition,pobj,OTHER,6,,98.4,27.44,96.44,True,OTHER,96.44
tv_pool_20240713-W-Wimbledon-F-Jasmine_Paolini-Barbora_Krejcikova,tv_pool_20240713-W-Wimbledon-F-Jasmine_Paolini-Barbora_Krejcikova:0157,157,25,21,krejcikova,krejcikova,surname,,,subject,nsubj,OTHER,4,leads_games,98.4,27.44,96.44,True,OTHER,96.44
tv_pool_20240713-W-Wimbledon-F-Jasmine_Paolini-Barbora_Krejcikova,tv_pool_20240713-W-Wimbledon-F-Jasmine_Paolini-Barbora_Krejcikova:0157,157,125,107,paolini,paolini,surname,,,object,attr,OTHER,4,,98.4,27.44,96.44,True,OTHER,96.44
tv_pool_20240713-W-Wimbledon-F-Jasmine_Paolini-Barbora_Krejcikova,tv_pool_20240713-W-Wimbledon-F-Jasmine_Paolini-Barbora_Krejcikova:0163,163,19,16,paolini,jasmine,first_name,,,other,compound,OFFICIAL,2,,35.48,26.52,33.48,True,OFFICIAL,33.48
tv_pool_20240713-W-Wimbledon-F-Jasmine_Paolini-Barbora_Krejcikova,tv_pool_20240713-W-Wimbledon-F-Jasmine_Paolini-Barbora_Krejcikova:0170,170,0,0,paolini,jasmine paolini,full_name,,,subject,nsubj,OFFICIAL,6,challenging,40.48,10.56,38.52,True,OFFICIAL,38.52
tv_pool_20240713-W-Wimbledon-F-Jasmine_Paolini-Barbora_Krejcikova,tv_pool_20240713-W-Wimbledon-F-Jasmine_Paolini-Barbora_Krejcikova:0170,170,24,18,paolini,jasmine paolini,full_name,,,subject,nsubj,OFFICIAL,6,challenges_remaining,40.48,10.56,38.52,True,OFFICIAL,38.52
tv_pool_20240908-M-US_Open-F-Taylor_Fritz-Jannik_Sinner,tv_pool_20240908-M-US_Open-F-Taylor_Fritz-Jannik_Sinner:0001,1,1,1,sinner,jannik,first_name,,,other,compound,JUDGE,2,,20.02,22.65,,False,JUDGE,18.12
tv_pool_20240908-M-US_Open-F-Taylor_Fritz-Jannik_Sinner,tv_pool_20240908-M-US_Open-F-Taylor_Fritz-Jannik_Sinner:0001,1,9,9,fritz,taylor fritz,full_name,,,after_preposition,pobj,JUDGE,3,,20.02,22.65,,False,JUDGE,18.12
tv_pool_20240908-M-US_Open-F-Taylor_Fritz-Jannik_Sinner,tv_pool_20240908-M-US_Open-F-Taylor_Fritz-Jannik_Sinner:0001,1,20,19,fritz,fritz,surname,,,subject,nsubj,JUDGE,1,,20.02,22.65,,False,JUDGE,18.12
tv_pool_20240908-M-US_Open-F-Taylor_Fritz-Jannik_Sinner,tv_pool_20240908-M-US_Open-F-Taylor_Fritz-Jannik_Sinner:0001,1,40,36,fritz,taylor,first_name,,,other,compound,OTHER,2,,20.02,22.65,,False,OTHER,18.12
tv_pool_20240908-M-US_Open-F-Taylor_Fritz-Jannik_Sinner,tv_pool_20240908-M-US_Open-F-Taylor_Fritz-Jannik_Sinner:0002,2,8,7,sinner,jannik,first_name,,,other,compound,OTHER,2,,32.26,20.02,,False,OTHER,31.561
tv_pool_20240908-M-US_Open-F-Taylor_Fritz-Jannik_Sinner,tv_pool_20240908-M-US_Open-F-Taylor_Fritz-Jannik_Sinner:0002,2,22,19,fritz,fritz,surname,,,object,dobj,SHOT,1,,32.26,20.02,,False,SHOT,31.561
tv_pool_20240908-M-US_Open-F-Taylor_Fritz-Jannik_Sinner,tv_pool_20240908-M-US_Open-F-Taylor_Fritz-Jannik_Sinner:0011,11,12,11,fritz,taylor,first_name,,,after_preposition,pobj,OTHER,2,,19.15,20.32,,False,OTHER,17.28
tv_pool_20240908-M-US_Open-F-Taylor_Fritz-Jannik_Sinner,tv_pool_20240908-M-US_Open-F-Taylor_Fritz-Jannik_Sinner:0011,11,203,172,fritz,taylor,first_name,,,possessive,poss,OTHER,2,,19.15,20.32,,False,OTHER,17.28
tv_pool_20240908-M-US_Open-F-Taylor_Fritz-Jannik_Sinner,tv_pool_20240908-M-US_Open-F-Taylor_Fritz-Jannik_Sinner:0019,19,5,4,sinner,the italian,epithet,epithet_nationality,nationality,after_preposition,pobj,JUDGE,4,,35.17,38.94,,False,JUDGE,33.269
tv_pool_20240908-M-US_Open-F-Taylor_Fritz-Jannik_Sinner,tv_pool_20240908-M-US_Open-F-Taylor_Fritz-Jannik_Sinner:0019,19,9,8,fritz,the american,epithet,epithet_nationality,nationality,subject,nsubj,OTHER,5,,35.17,38.94,,False,OTHER,33.269
tv_pool_20240908-M-US_Open-F-Taylor_Fritz-Jannik_Sinner,tv_pool_20240908-M-US_Open-F-Taylor_Fritz-Jannik_Sinner:0023,23,0,0,fritz,taylor,first_name,,,subject,nsubj,OTHER,2,,89.59,9.87,,False,OTHER,87.753
tv_pool_20240908-M-US_Open-F-Taylor_Fritz-Jannik_Sinner,tv_pool_20240908-M-US_Open-F-Taylor_Fritz-Jannik_Sinner:0026,26,40,37,sinner,sinner,surname,,,subject,nsubj,OTHER,2,,34.46,20.99,,False,OTHER,32.563
tv_pool_20240908-M-US_Open-F-Taylor_Fritz-Jannik_Sinner,tv_pool_20240908-M-US_Open-F-Taylor_Fritz-Jannik_Sinner:0026,26,81,73,fritz,fritz,surname,,,after_preposition,pobj,OTHER,1,,34.46,20.99,,False,OTHER,32.563
tv_pool_20240908-M-US_Open-F-Taylor_Fritz-Jannik_Sinner,tv_pool_20240908-M-US_Open-F-Taylor_Fritz-Jannik_Sinner:0026,26,132,120,fritz,fritz,surname,,,other,conj,OTHER,1,,34.46,20.99,,False,OTHER,32.563
tv_pool_20240908-M-US_Open-F-Taylor_Fritz-Jannik_Sinner,tv_pool_20240908-M-US_Open-F-Taylor_Fritz-Jannik_Sinner:0031,31,2,2,fritz,taylor,first_name,,,subject,nsubj,JUDGE,2,,21.22,51.42,,False,JUDGE,18.717
tv_pool_20240908-M-US_Open-F-Taylor_Fritz-Jannik_Sinner,tv_pool_20240908-M-US_Open-F-Taylor_Fritz-Jannik_Sinner:0031,31,55,50,fritz,fritz,surname,,,subject,nsubj,OTHER,1,,21.22,51.42,,False,OTHER,18.717
tv_pool_20240908-M-US_Open-F-Taylor_Fritz-Jannik_Sinner,tv_pool_20240908-M-US_Open-F-Taylor_Fritz-Jannik_Sinner:0033,33,4,3,fritz,the american,epithet,epithet_nationality,nationality,after_preposition,pobj,OTHER,5,,130.26,8.78,,False,OTHER,128.394
tv_pool_20240908-M-US_Open-F-Taylor_Fritz-Jannik_Sinner,tv_pool_20240908-M-US_Open-F-Taylor_Fritz-Jannik_Sinner:0034,34,3,3,sinner,jannik sinner,full_name,,,after_preposition,pobj,OTHER,4,,23.99,130.26,,False,OTHER,22.054
tv_pool_20240908-M-US_Open-F-Taylor_Fritz-Jannik_Sinner,tv_pool_20240908-M-US_Open-F-Taylor_Fritz-Jannik_Sinner:0035,35,38,37,fritz,taylor,first_name,,,other,compound,JUDGE,2,,63.54,23.99,,False,JUDGE,60.565
tv_pool_20240908-M-US_Open-F-Taylor_Fritz-Jannik_Sinner,tv_pool_20240908-M-US_Open-F-Taylor_Fritz-Jannik_Sinner:0037,37,28,25,sinner,the italian,epithet,epithet_nationality,nationality,after_preposition,pobj,OTHER,4,,30.79,9.74,,False,OTHER,27.891
tv_pool_20240908-M-US_Open-F-Taylor_Fritz-Jannik_Sinner,tv_pool_20240908-M-US_Open-F-Taylor_Fritz-Jannik_Sinner:0037,37,41,36,sinner,jannik,first_name,,,after_preposition,pobj,OTHER,2,,30.79,9.74,,False,OTHER,27.891
tv_pool_20240908-M-US_Open-F-Taylor_Fritz-Jannik_Sinner,tv_pool_20240908-M-US_Open-F-Taylor_Fritz-Jannik_Sinner:0042,42,11,11,sinner,jannik,first_name,,,other,compound,SHOT,2,,29.96,8.77,,False,SHOT,28.126
tv_pool_20240908-M-US_Open-F-Taylor_Fritz-Jannik_Sinner,tv_pool_20240908-M-US_Open-F-Taylor_Fritz-Jannik_Sinner:0043,43,18,17,fritz,fritz,surname,,,object,dobj,OTHER,1,,67.4,29.96,,False,OTHER,65.5
tv_pool_20240908-M-US_Open-F-Taylor_Fritz-Jannik_Sinner,tv_pool_20240908-M-US_Open-F-Taylor_Fritz-Jannik_Sinner:0045,45,20,19,sinner,sinner,surname,,,after_preposition,pobj,STAT,2,,158.93,8.11,,False,STAT,157.024
tv_pool_20240908-M-US_Open-F-Taylor_Fritz-Jannik_Sinner,tv_pool_20240908-M-US_Open-F-Taylor_Fritz-Jannik_Sinner:0045,45,172,151,sinner,jannik sinner,full_name,,,subject,nsubj,OTHER,4,,158.93,8.11,,False,OTHER,157.024
tv_pool_20240908-M-US_Open-F-Taylor_Fritz-Jannik_Sinner,tv_pool_20240908-M-US_Open-F-Taylor_Fritz-Jannik_Sinner:0047,47,25,22,sinner,sinner,surname,,,after_preposition,pobj,SHOT,2,,32.5,10.44,,False,SHOT,30.596
tv_pool_20240908-M-US_Open-F-Taylor_Fritz-Jannik_Sinner,tv_pool_20240908-M-US_Open-F-Taylor_Fritz-Jannik_Sinner:0049,49,16,16,sinner,jannik sinner,full_name,,,after_preposition,pobj,SHOT,4,,34.57,10.41,,False,SHOT,32.663
tv_pool_20240908-M-US_Open-F-Taylor_Fritz-Jannik_Sinner,tv_pool_20240908-M-US_Open-F-Taylor_Fritz-Jannik_Sinner:0049,49,19,19,fritz,taylor fritz,full_name,,,after_preposition,conj,SHOT,3,,34.57,10.41,,False,SHOT,32.663
tv_pool_20240908-M-US_Open-F-Taylor_Fritz-Jannik_Sinner,tv_pool_20240908-M-US_Open-F-Taylor_Fritz-Jannik_Sinner:0049,49,40,39,sinner,sinner,surname,,,subject,nsubj,SHOT,2,,34.57,10.41,,False,SHOT,32.663
tv_pool_20240908-M-US_Open-F-Taylor_Fritz-Jannik_Sinner,tv_pool_20240908-M-US_Open-F-Taylor_Fritz-Jannik_Sinner:0049,49,54,53,fritz,fritz,surname,,,after_preposition,pobj,OTHER,1,,34.57,10.41,,False,OTHER,32.663
tv_pool_20240908-M-US_Open-F-Taylor_Fritz-Jannik_Sinner,tv_pool_20240908-M-US_Open-F-Taylor_Fritz-Jannik_Sinner:0049,49,58,56,fritz,fritz,surname,,,subject,nsubj,SHOT,1,,34.57,10.41,,False,SHOT,32.663
tv_pool_20240908-M-US_Open-F-Taylor_Fritz-Jannik_Sinner,tv_pool_20240908-M-US_Open-F-Taylor_Fritz-Jannik_Sinner:0054,54,0,0,fritz,taylor,first_name,,,possessive,nsubj,OTHER,2,,20.92,8.51,,False,OTHER,18.982
tv_pool_20240908-M-US_Open-F-Taylor_Fritz-Jannik_Sinner,tv_pool_20240908-M-US_Open-F-Taylor_Fritz-Jannik_Sinner:0056,56,3,3,sinner,the italian,epithet,epithet_nationality,nationality,after_preposition,pobj,SCORE,4,,29.9,8.08,,False,SCORE,28.028
tv_pool_20240908-M-US_Open-F-Taylor_Fritz-Jannik_Sinner,tv_pool_20240908-M-US_Open-F-Taylor_Fritz-Jannik_Sinner:0064,64,21,21,fritz,taylor fritz,full_name,,,subject,nsubj,SCORE,3,,72.44,22.72,,False,SCORE,70.54
tv_pool_20240908-M-US_Open-F-Taylor_Fritz-Jannik_Sinner,tv_pool_20240908-M-US_Open-F-Taylor_Fritz-Jannik_Sinner:0064,64,84,76,fritz,taylor fritz,full_name,,,subject,nsubj,SHOT,3,,72.44,22.72,,False,SHOT,70.54
tv_pool_20240908-M-US_Open-F-Taylor_Fritz-Jannik_Sinner,tv_pool_20240908-M-US_Open-F-Taylor_Fritz-Jannik_Sinner:0064,64,117,107,sinner,jannik,first_name,,,other,compound,OTHER,2,,72.44,22.72,,False,OTHER,70.54
tv_pool_20240908-M-US_Open-F-Taylor_Fritz-Jannik_Sinner,tv_pool_20240908-M-US_Open-F-Taylor_Fritz-Jannik_Sinner:0066,66,2,2,sinner,jannik,first_name,,,other,compound,JUDGE,2,,22.83,16.78,,False,JUDGE,20.825
tv_pool_20240908-M-US_Open-F-Taylor_Fritz-Jannik_Sinner,tv_pool_20240908-M-US_Open-F-Taylor_Fritz-Jannik_Sinner:0068,68,27,26,sinner,jannik,first_name,,,other,compound,SHOT,2,,39.97,22.99,,False,SHOT,38.039
tv_pool_20240908-M-US_Open-F-Taylor_Fritz-Jannik_Sinner,tv_pool_20240908-M-US_Open-F-Taylor_Fritz-Jannik_Sinner:0068,68,35,34,fritz,taylor fritz,full_name,,,after_preposition,pobj,SHOT,3,,39.97,22.99,,False,SHOT,38.039
tv_pool_20240908-M-US_Open-F-Taylor_Fritz-Jannik_Sinner,tv_pool_20240908-M-US_Open-F-Taylor_Fritz-Jannik_Sinner:0068,68,38,36,fritz,fritz,surname,,,subject,nsubj,JUDGE,1,,39.97,22.99,,False,JUDGE,38.039
tv_pool_20240908-M-US_Open-F-Taylor_Fritz-Jannik_Sinner,tv_pool_20240908-M-US_Open-F-Taylor_Fritz-Jannik_Sinner:0068,68,71,68,sinner,jannik,first_name,,,other,compound,OTHER,2,,39.97,22.99,,False,OTHER,38.039
tv_pool_20240908-M-US_Open-F-Taylor_Fritz-Jannik_Sinner,tv_pool_20240908-M-US_Open-F-Taylor_Fritz-Jannik_Sinner:0069,69,41,39,fritz,taylor fritz,full_name,,,subject,nsubj,JUDGE,3,,21.66,39.97,,False,JUDGE,16.952
tv_pool_20240908-M-US_Open-F-Taylor_Fritz-Jannik_Sinner,tv_pool_20240908-M-US_Open-F-Taylor_Fritz-Jannik_Sinner:0077,77,0,0,sinner,sinner,surname,,,subject,nsubj,SCORE,2,leads_games,121.42,10.42,,False,SCORE,119.515
tv_pool_20240908-M-US_Open-F-Taylor_Fritz-Jannik_Sinner,tv_pool_20240908-M-US_Open-F-Taylor_Fritz-Jannik_Sinner:0078,78,9,8,sinner,jannik sinner,full_name,,,after_preposition,pobj,JUDGE,4,,38.73,121.42,,False,JUDGE,36.833
tv_pool_20240908-M-US_Open-F-Taylor_Fritz-Jannik_Sinner,tv_pool_20240908-M-US_Open-F-Taylor_Fritz-Jannik_Sinner:0079,79,11,10,sinner,jannik,first_name,,,other,compound,OTHER,2,,26.53,38.73,,False,OTHER,24.591
tv_pool_20240908-M-US_Open-F-Taylor_Fritz-Jannik_Sinner,tv_pool_20240908-M-US_Open-F-Taylor_Fritz-Jannik_Sinner:0079,79,22,20,fritz,fritz,surname,,,subject,nsubj,OTHER,1,,26.53,38.73,,False,OTHER,24.591
tv_pool_20240908-M-US_Open-F-Taylor_Fritz-Jannik_Sinner,tv_pool_20240908-M-US_Open-F-Taylor_Fritz-Jannik_Sinner:0079,79,60,56,fritz,taylor,first_name,,,after_preposition,pobj,JUDGE,2,,26.53,38.73,,False,JUDGE,24.591
tv_pool_20240908-M-US_Open-F-Taylor_Fritz-Jannik_Sinner,tv_pool_20240908-M-US_Open-F-Taylor_Fritz-Jannik_Sinner:0080,80,121,109,fritz,fritz,surname,,,subject,nsubj,OTHER,1,,38.88,26.53,,False,OTHER,36.973
tv_pool_20240908-M-US_Open-F-Taylor_Fritz-Jannik_Sinner,tv_pool_20240908-M-US_Open-F-Taylor_Fritz-Jannik_Sinner:0082,82,2,2,sinner,sinner,surname,,,other,ccomp,OTHER,2,,24.16,22.52,,False,OTHER,19.218
tv_pool_20240908-M-US_Open-F-Taylor_Fritz-Jannik_Sinner,tv_pool_20240908-M-US_Open-F-Taylor_Fritz-Jannik_Sinner:0082,82,10,9,fritz,taylor,first_name,,,subject,nsubj,STAT,2,,24.16,22.52,,False,STAT,19.218
tv_pool_20240908-M-US_Open-F-Taylor_Fritz-Jannik_Sinner,tv_pool_20240908-M-US_Open-F-Taylor_Fritz-Jannik_Sinner:0082,82,26,23,fritz,fritz,surname,,,subject,nsubj,STAT,1,,24.16,22.52,,False,STAT,19.218
tv_pool_20240908-M-US_Open-F-Taylor_Fritz-Jannik_Sinner,tv_pool_20240908-M-US_Open-F-Taylor_Fritz-Jannik_Sinner:0084,84,12,11,fritz,taylor fritz,full_name,,,subject,nsubj,OTHER,3,,30.7,34.8,,False,OTHER,28.765
tv_pool_20240908-M-US_Open-F-Taylor_Fritz-Jannik_Sinner,tv_pool_20240908-M-US_Open-F-Taylor_Fritz-Jannik_Sinner:0088,88,95,88,fritz,fritz,surname,,,after_preposition,pobj,OTHER,1,,140.97,10.97,,False,OTHER,135.167
tv_pool_20240908-M-US_Open-F-Taylor_Fritz-Jannik_Sinner,tv_pool_20240908-M-US_Open-F-Taylor_Fritz-Jannik_Sinner:0088,88,121,114,fritz,taylor,first_name,,,object,dobj,OTHER,2,,140.97,10.97,,False,OTHER,135.167
tv_pool_20240908-M-US_Open-F-Taylor_Fritz-Jannik_Sinner,tv_pool_20240908-M-US_Open-F-Taylor_Fritz-Jannik_Sinner:0088,88,127,120,fritz,taylor,first_name,,,after_preposition,pobj,STAT,2,,140.97,10.97,,False,STAT,135.167
tv_pool_20240908-M-US_Open-F-Taylor_Fritz-Jannik_Sinner,tv_pool_20240908-M-US_Open-F-Taylor_Fritz-Jannik_Sinner:0088,88,197,181,fritz,taylor fritz,full_name,,,subject,nsubj,JUDGE,3,,140.97,10.97,,False,JUDGE,135.167
tv_pool_20240908-M-US_Open-F-Taylor_Fritz-Jannik_Sinner,tv_pool_20240908-M-US_Open-F-Taylor_Fritz-Jannik_Sinner:0088,88,237,214,fritz,taylor,first_name,,,possessive,poss,OTHER,2,,140.97,10.97,,False,OTHER,135.167
tv_pool_20240908-M-US_Open-F-Taylor_Fritz-Jannik_Sinner,tv_pool_20240908-M-US_Open-F-Taylor_Fritz-Jannik_Sinner:0088,88,268,242,fritz,taylor,first_name,,,object,dobj,SCORE,2,,140.97,10.97,,False,SCORE,135.167
tv_pool_20240908-M-US_Open-F-Taylor_Fritz-Jannik_Sinner,tv_pool_20240908-M-US_Open-F-Taylor_Fritz-Jannik_Sinner:0089,89,5,5,fritz,taylor fritz,full_name,,,subject,nsubj,OTHER,3,,76.37,140.97,,False,OTHER,74.471
tv_pool_20240908-M-US_Open-F-Taylor_Fritz-Jannik_Sinner,tv_pool_20240908-M-US_Open-F-Taylor_Fritz-Jannik_Sinner:0091,91,8,7,fritz,taylor,first_name,,,other,compound,OTHER,2,,10.04,23.83,,False,OTHER,8.108
tv_pool_20240908-M-US_Open-F-Taylor_Fritz-Jannik_Sinner,tv_pool_20240908-M-US_Open-F-Taylor_Fritz-Jannik_Sinner:0091,91,36,32,fritz,taylor,first_name,,,subject,nsubj,OTHER,2,,10.04,23.83,,False,OTHER,8.108
tv_pool_20240908-M-US_Open-F-Taylor_Fritz-Jannik_Sinner,tv_pool_20240908-M-US_Open-F-Taylor_Fritz-Jannik_Sinner:0093,93,47,41,fritz,taylor,first_name,,,subject,nsubj,OTHER,2,,30.6,32.44,,False,OTHER,28.699
tv_pool_20240908-M-US_Open-F-Taylor_Fritz-Jannik_Sinner,tv_pool_20240908-M-US_Open-F-Taylor_Fritz-Jannik_Sinner:0093,93,86,74,fritz,taylor,first_name,,,subject,nsubj,SCORE,2,,30.6,32.44,,False,SCORE,28.699
tv_pool_20240908-M-US_Open-F-Taylor_Fritz-Jannik_Sinner,tv_pool_20240908-M-US_Open-F-Taylor_Fritz-Jannik_Sinner:0097,97,4,3,fritz,taylor fritz,full_name,,,subject,nsubj,JUDGE,3,,14.71,121.92,,False,JUDGE,12.812
tv_pool_20240908-M-US_Open-F-Taylor_Fritz-Jannik_Sinner,tv_pool_20240908-M-US_Open-F-Taylor_Fritz-Jannik_Sinner:0098,98,16,14,fritz,taylor,first_name,,,subject,nsubj,JUDGE,2,,15.08,14.71,,False,JUDGE,13.144
tv_pool_20240908-M-US_Open-F-Taylor_Fritz-Jannik_Sinner,tv_pool_20240908-M-US_Open-F-Taylor_Fritz-Jannik_Sinner:0099,99,19,17,fritz,fritz,surname,,,subject,nsubj,OTHER,1,,15.12,15.08,,False,OTHER,13.149
tv_pool_20240908-M-US_Open-F-Taylor_Fritz-Jannik_Sinner,tv_pool_20240908-M-US_Open-F-Taylor_Fritz-Jannik_Sinner:0099,99,57,54,sinner,the italian,epithet,epithet_nationality,nationality,after_preposition,pobj,SHOT,4,,15.12,15.08,,False,SHOT,13.149
tv_pool_20240908-M-US_Open-F-Taylor_Fritz-Jannik_Sinner,tv_pool_20240908-M-US_Open-F-Taylor_Fritz-Jannik_Sinner:0107,107,0,0,fritz,taylor,first_name,,,subject,nsubj,OTHER,2,,29.96,10.08,,False,OTHER,28.058
tv_pool_20240908-M-US_Open-F-Taylor_Fritz-Jannik_Sinner,tv_pool_20240908-M-US_Open-F-Taylor_Fritz-Jannik_Sinner:0107,107,58,52,UNRESOLVED,the world number one,epithet,epithet_descriptive,unresolved,object,dobj,JUDGE,5,,29.96,10.08,,False,STAT,28.058
tv_pool_20240908-M-US_Open-F-Taylor_Fritz-Jannik_Sinner,tv_pool_20240908-M-US_Open-F-Taylor_Fritz-Jannik_Sinner:0107,107,69,61,sinner,jannik,first_name,,,other,compound,JUDGE,2,,29.96,10.08,,False,JUDGE,28.058
tv_pool_20240908-M-US_Open-F-Taylor_Fritz-Jannik_Sinner,tv_pool_20240908-M-US_Open-F-Taylor_Fritz-Jannik_Sinner:0109,109,36,32,fritz,fritz,surname,,,subject,nsubj,SCORE,1,,29.36,10.08,,False,SCORE,27.591
tv_pool_20240908-M-US_Open-F-Taylor_Fritz-Jannik_Sinner,tv_pool_20240908-M-US_Open-F-Taylor_Fritz-Jannik_Sinner:0113,113,5,5,fritz,fritz,surname,,,object,dobj,JUDGE,1,,107.44,34.6,,False,JUDGE,105.541
tv_pool_20240908-M-US_Open-F-Taylor_Fritz-Jannik_Sinner,tv_pool_20240908-M-US_Open-F-Taylor_Fritz-Jannik_Sinner:0113,113,34,31,fritz,fritz,surname,,,after_preposition,pobj,OTHER,1,,107.44,34.6,,False,OTHER,105.541
tv_pool_20240908-M-US_Open-F-Taylor_Fritz-Jannik_Sinner,tv_pool_20240908-M-US_Open-F-Taylor_Fritz-Jannik_Sinner:0113,113,136,121,fritz,fritz,surname,,,object,attr,OTHER,1,,107.44,34.6,,False,OTHER,105.541
tv_pool_20240908-M-US_Open-F-Taylor_Fritz-Jannik_Sinner,tv_pool_20240908-M-US_Open-F-Taylor_Fritz-Jannik_Sinner:0114,114,74,67,fritz,taylor,first_name,,,other,compound,CROWD,2,,30.57,107.44,,False,CROWD,29.498
tv_pool_20240908-M-US_Open-F-Taylor_Fritz-Jannik_Sinner,tv_pool_20240908-M-US_Open-F-Taylor_Fritz-Jannik_Sinner:0114,114,78,71,fritz,taylor fritz,full_name,,,after_preposition,pobj,CROWD,3,,30.57,107.44,,False,CROWD,29.498
tv_pool_20240908-M-US_Open-F-Taylor_Fritz-Jannik_Sinner,tv_pool_20240908-M-US_Open-F-Taylor_Fritz-Jannik_Sinner:0115,115,25,25,fritz,taylor fritz,full_name,,,possessive,poss,OTHER,4,,24.29,30.57,,False,OTHER,22.423
tv_pool_20240908-M-US_Open-F-Taylor_Fritz-Jannik_Sinner,tv_pool_20240908-M-US_Open-F-Taylor_Fritz-Jannik_Sinner:0115,115,58,55,fritz,fritz,surname,,,subject,nsubj,OTHER,1,,24.29,30.57,,False,OTHER,22.423
tv_pool_20240908-M-US_Open-F-Taylor_Fritz-Jannik_Sinner,tv_pool_20240908-M-US_Open-F-Taylor_Fritz-Jannik_Sinner:0115,115,95,90,fritz,fritz,surname,,,other,compound,SHOT,1,,24.29,30.57,,False,SHOT,22.423
tv_pool_20240908-M-US_Open-F-Taylor_Fritz-Jannik_Sinner,tv_pool_20240908-M-US_Open-F-Taylor_Fritz-Jannik_Sinner:0115,115,104,97,sinner,jannik,first_name,,,other,compound,OTHER,2,,24.29,30.57,,False,OTHER,22.423
tv_pool_20240908-M-US_Open-F-Taylor_Fritz-Jannik_Sinner,tv_pool_20240908-M-US_Open-F-Taylor_Fritz-Jannik_Sinner:0118,118,44,38,sinner,jannik,first_name,,,other,compound,JUDGE,2,,42.95,41.87,,False,JUDGE,40.21
tv_pool_20240908-M-US_Open-F-Taylor_Fritz-Jannik_Sinner,tv_pool_20240908-M-US_Open-F-Taylor_Fritz-Jannik_Sinner:0118,118,67,59,fritz,taylor,first_name,,,vocative_exclamation,npadvmod,OTHER,2,,42.95,41.87,,False,OTHER,40.21
tv_pool_20240908-M-US_Open-F-Taylor_Fritz-Jannik_Sinner,tv_pool_20240908-M-US_Open-F-Taylor_Fritz-Jannik_Sinner:0124,124,59,55,fritz,taylor fritz,full_name,,,after_preposition,pobj,OTHER,3,,32.7,35.1,,False,OTHER,30.801
tv_pool_20240908-M-US_Open-F-Taylor_Fritz-Jannik_Sinner,tv_pool_20240908-M-US_Open-F-Taylor_Fritz-Jannik_Sinner:0129,129,6,5,fritz,taylor fritz,full_name,,,after_preposition,pobj,SHOT,3,,29.99,7.74,,False,SHOT,28.057
tv_pool_20240908-M-US_Open-F-Taylor_Fritz-Jannik_Sinner,tv_pool_20240908-M-US_Open-F-Taylor_Fritz-Jannik_Sinner:0131,131,50,41,fritz,taylor fritz,full_name,,,subject,nsubj,JUDGE,3,,44.11,18.18,,False,JUDGE,41.511
tv_pool_20240908-M-US_Open-F-Taylor_Fritz-Jannik_Sinner,tv_pool_20240908-M-US_Open-F-Taylor_Fritz-Jannik_Sinner:0132,132,1,1,fritz,fritz,surname,,,subject,nsubj,SHOT,1,,41.74,44.11,,False,SHOT,39.836
tv_pool_20240908-M-US_Open-F-Taylor_Fritz-Jannik_Sinner,tv_pool_20240908-M-US_Open-F-Taylor_Fritz-Jannik_Sinner:0132,132,7,7,fritz,fritz,surname,,,subject,nsubjpass,SHOT,1,,41.74,44.11,,False,SHOT,39.836
tv_pool_20240908-M-US_Open-F-Taylor_Fritz-Jannik_Sinner,tv_pool_20240908-M-US_Open-F-Taylor_Fritz-Jannik_Sinner:0132,132,49,47,sinner,jannik,first_name,,,after_preposition,pobj,JUDGE,2,,41.74,44.11,,False,JUDGE,39.836
tv_pool_20240908-M-US_Open-F-Taylor_Fritz-Jannik_Sinner,tv_pool_20240908-M-US_Open-F-Taylor_Fritz-Jannik_Sinner:0132,132,100,96,fritz,taylor fritz,full_name,,,subject,nsubj,OTHER,3,,41.74,44.11,,False,OTHER,39.836
tv_pool_20240908-M-US_Open-F-Taylor_Fritz-Jannik_Sinner,tv_pool_20240908-M-US_Open-F-Taylor_Fritz-Jannik_Sinner:0134,134,69,63,sinner,jannik,first_name,,,other,compound,SHOT,2,,31.83,10.15,,False,SHOT,30.961
tv_pool_20240908-M-US_Open-F-Taylor_Fritz-Jannik_Sinner,tv_pool_20240908-M-US_Open-F-Taylor_Fritz-Jannik_Sinner:0136,136,12,12,sinner,jannik,first_name,,,object,dobj,SHOT,2,,39.6,10.28,,False,SHOT,37.703
tv_pool_20240908-M-US_Open-F-Taylor_Fritz-Jannik_Sinner,tv_pool_20240908-M-US_Open-F-Taylor_Fritz-Jannik_Sinner:0136,136,102,94,sinner,jannik,first_name,,,other,compound,SHOT,2,,39.6,10.28,,False,SHOT,37.703
tv_pool_20240908-M-US_Open-F-Taylor_Fritz-Jannik_Sinner,tv_pool_20240908-M-US_Open-F-Taylor_Fritz-Jannik_Sinner:0136,136,131,119,fritz,taylor fritz,full_name,,,after_preposition,pobj,JUDGE,3,,39.6,10.28,,False,JUDGE,37.703
tv_pool_20240908-M-US_Open-F-Taylor_Fritz-Jannik_Sinner,tv_pool_20240908-M-US_Open-F-Taylor_Fritz-Jannik_Sinner:0148,148,51,47,fritz,taylor fritz,full_name,,,object,dobj,OTHER,3,,53.12,9.11,,False,OTHER,49.951
tv_pool_20240908-M-US_Open-F-Taylor_Fritz-Jannik_Sinner,tv_pool_20240908-M-US_Open-F-Taylor_Fritz-Jannik_Sinner:0152,152,18,12,fritz,taylor,first_name,,,vocative_exclamation,npadvmod,OTHER,2,,35.2,9.78,,False,OTHER,32.264
tv_pool_20240908-M-US_Open-F-Taylor_Fritz-Jannik_Sinner,tv_pool_20240908-M-US_Open-F-Taylor_Fritz-Jannik_Sinner:0162,162,54,52,fritz,taylor,first_name,,,possessive,poss,OTHER,2,,17.65,20.76,,False,OTHER,15.714
tv_pool_20240908-M-US_Open-F-Taylor_Fritz-Jannik_Sinner,tv_pool_20240908-M-US_Open-F-Taylor_Fritz-Jannik_Sinner:0162,162,81,75,fritz,taylor,first_name,,,vocative_exclamation,ROOT,OTHER,2,,17.65,20.76,,False,OTHER,15.714
tv_pool_20240908-M-US_Open-F-Taylor_Fritz-Jannik_Sinner,tv_pool_20240908-M-US_Open-F-Taylor_Fritz-Jannik_Sinner:0164,164,19,17,fritz,fritz,surname,,,subject,nsubj,SHOT,1,,43.17,37.31,,False,SHOT,40.338
tv_pool_20240908-M-US_Open-F-Taylor_Fritz-Jannik_Sinner,tv_pool_20240908-M-US_Open-F-Taylor_Fritz-Jannik_Sinner:0164,164,73,66,fritz,fritz,surname,,,subject,nsubj,OTHER,1,,43.17,37.31,,False,OTHER,40.338
tv_pool_20240908-M-US_Open-F-Taylor_Fritz-Jannik_Sinner,tv_pool_20240908-M-US_Open-F-Taylor_Fritz-Jannik_Sinner:0166,166,5,4,fritz,fritz,surname,,,subject,nsubj,OTHER,1,,10.28,34.67,,False,OTHER,8.611
tv_pool_20240908-M-US_Open-F-Taylor_Fritz-Jannik_Sinner,tv_pool_20240908-M-US_Open-F-Taylor_Fritz-Jannik_Sinner:0170,170,12,11,sinner,sinner,surname,,,after_preposition,pobj,SHOT,2,,25.16,18.62,,False,SHOT,23.993
tv_pool_20240908-M-US_Open-F-Taylor_Fritz-Jannik_Sinner,tv_pool_20240908-M-US_Open-F-Taylor_Fritz-Jannik_Sinner:0170,170,26,23,sinner,sinner,surname,,,subject,nsubj,JUDGE,2,,25.16,18.62,,False,JUDGE,23.993
tv_pool_20240908-M-US_Open-F-Taylor_Fritz-Jannik_Sinner,tv_pool_20240908-M-US_Open-F-Taylor_Fritz-Jannik_Sinner:0178,178,52,45,fritz,fritz,surname,,,object,dative,OTHER,1,,33.14,10.28,,False,OTHER,31.269
tv_pool_20240908-M-US_Open-F-Taylor_Fritz-Jannik_Sinner,tv_pool_20240908-M-US_Open-F-Taylor_Fritz-Jannik_Sinner:0180,180,16,14,sinner,jannik,first_name,,,other,compound,OTHER,2,,32.13,9.94,,False,OTHER,30.262
tv_pool_20240908-M-US_Open-F-Taylor_Fritz-Jannik_Sinner,tv_pool_20240908-M-US_Open-F-Taylor_Fritz-Jannik_Sinner:0185,185,2,1,fritz,fritz,surname,,,subject,nsubj,OTHER,1,,35.37,45.75,,False,OTHER,33.77
tv_pool_20240908-M-US_Open-F-Taylor_Fritz-Jannik_Sinner,tv_pool_20240908-M-US_Open-F-Taylor_Fritz-Jannik_Sinner:0185,185,36,32,sinner,jannik,first_name,,,other,compound,SCORE,2,,35.37,45.75,,False,SCORE,33.77
tv_pool_20250124-M-Australian_Open-SF-Jannik_Sinner-Ben_Shelton,tv_pool_20250124-M-Australian_Open-SF-Jannik_Sinner-Ben_Shelton:0002,2,13,13,shelton,shelton,surname,,,possessive,poss,OTHER,2,,40.97,42.95,,False,OTHER,38.501
tv_pool_20250124-M-Australian_Open-SF-Jannik_Sinner-Ben_Shelton,tv_pool_20250124-M-Australian_Open-SF-Jannik_Sinner-Ben_Shelton:0002,2,29,26,shelton,ben shelton,full_name,,,object,appos,SHOT,3,,40.97,42.95,,False,SHOT,38.501
tv_pool_20250124-M-Australian_Open-SF-Jannik_Sinner-Ben_Shelton,tv_pool_20250124-M-Australian_Open-SF-Jannik_Sinner-Ben_Shelton:0002,2,33,29,sinner,jannik,first_name,,,possessive,nsubj,OTHER,2,,40.97,42.95,,False,OTHER,38.501
tv_pool_20250124-M-Australian_Open-SF-Jannik_Sinner-Ben_Shelton,tv_pool_20250124-M-Australian_Open-SF-Jannik_Sinner-Ben_Shelton:0002,2,52,45,shelton,shelton,surname,,,possessive,dobj,JUDGE,2,,40.97,42.95,,False,JUDGE,38.501
tv_pool_20250124-M-Australian_Open-SF-Jannik_Sinner-Ben_Shelton,tv_pool_20250124-M-Australian_Open-SF-Jannik_Sinner-Ben_Shelton:0004,4,11,9,shelton,ben,first_name,,,possessive,poss,OTHER,1,,33.77,10.51,,False,OTHER,30.996
tv_pool_20250124-M-Australian_Open-SF-Jannik_Sinner-Ben_Shelton,tv_pool_20250124-M-Australian_Open-SF-Jannik_Sinner-Ben_Shelton:0004,4,24,18,sinner,sinner,surname,,,after_preposition,pobj,OTHER,2,,33.77,10.51,,False,OTHER,30.996
tv_pool_20250124-M-Australian_Open-SF-Jannik_Sinner-Ben_Shelton,tv_pool_20250124-M-Australian_Open-SF-Jannik_Sinner-Ben_Shelton:0004,4,26,19,sinner,sinner,surname,,,subject,nsubj,OTHER,2,,33.77,10.51,,False,OTHER,30.996
tv_pool_20250124-M-Australian_Open-SF-Jannik_Sinner-Ben_Shelton,tv_pool_20250124-M-Australian_Open-SF-Jannik_Sinner-Ben_Shelton:0004,4,46,37,shelton,ben,first_name,,,subject,nsubj,OTHER,1,,33.77,10.51,,False,OTHER,30.996
tv_pool_20250124-M-Australian_Open-SF-Jannik_Sinner-Ben_Shelton,tv_pool_20250124-M-Australian_Open-SF-Jannik_Sinner-Ben_Shelton:0006,6,33,33,sinner,the italian,epithet,epithet_nationality,nationality,after_preposition,pobj,JUDGE,4,,71.14,10.11,,False,JUDGE,69.171
tv_pool_20250124-M-Australian_Open-SF-Jannik_Sinner-Ben_Shelton,tv_pool_20250124-M-Australian_Open-SF-Jannik_Sinner-Ben_Shelton:0006,6,47,47,sinner,sinner,surname,,,after_preposition,pobj,JUDGE,2,,71.14,10.11,,False,JUDGE,69.171
tv_pool_20250124-M-Australian_Open-SF-Jannik_Sinner-Ben_Shelton,tv_pool_20250124-M-Australian_Open-SF-Jannik_Sinner-Ben_Shelton:0006,6,79,74,shelton,ben,first_name,,,after_preposition,pobj,OTHER,1,,71.14,10.11,,False,OTHER,69.171
tv_pool_20250124-M-Australian_Open-SF-Jannik_Sinner-Ben_Shelton,tv_pool_20250124-M-Australian_Open-SF-Jannik_Sinner-Ben_Shelton:0006,6,116,106,sinner,sinner,surname,,,possessive,poss,OTHER,2,,71.14,10.11,,False,OTHER,69.171
tv_pool_20250124-M-Australian_Open-SF-Jannik_Sinner-Ben_Shelton,tv_pool_20250124-M-Australian_Open-SF-Jannik_Sinner-Ben_Shelton:0006,6,136,118,shelton,ben shelton,full_name,,,subject,nsubj,SHOT,3,,71.14,10.11,,False,SHOT,69.171
tv_pool_20250124-M-Australian_Open-SF-Jannik_Sinner-Ben_Shelton,tv_pool_20250124-M-Australian_Open-SF-Jannik_Sinner-Ben_Shelton:0006,6,149,129,shelton,shelton,surname,,,subject,nsubj,OTHER,2,,71.14,10.11,,False,OTHER,69.171
tv_pool_20250124-M-Australian_Open-SF-Jannik_Sinner-Ben_Shelton,tv_pool_20250124-M-Australian_Open-SF-Jannik_Sinner-Ben_Shelton:0010,10,69,56,shelton,ben,first_name,,,other,compound,STAT,1,,21.95,10.98,,False,STAT,19.982
tv_pool_20250124-M-Australian_Open-SF-Jannik_Sinner-Ben_Shelton,tv_pool_20250124-M-Australian_Open-SF-Jannik_Sinner-Ben_Shelton:0013,13,15,11,shelton,ben shelton,full_name,,,object,dobj,OTHER,3,,48.92,24.16,,False,OTHER,46.984
tv_pool_20250124-M-Australian_Open-SF-Jannik_Sinner-Ben_Shelton,tv_pool_20250124-M-Australian_Open-SF-Jannik_Sinner-Ben_Shelton:0013,13,32,26,shelton,shelton,surname,,,subject,nsubj,SHOT,2,,48.92,24.16,,False,SHOT,46.984
tv_pool_20250124-M-Australian_Open-SF-Jannik_Sinner-Ben_Shelton,tv_pool_20250124-M-Australian_Open-SF-Jannik_Sinner-Ben_Shelton:0014,14,30,26,shelton,ben shelton,full_name,,,after_preposition,pobj,OTHER,3,,21.95,48.92,,False,OTHER,19.985
tv_pool_20250124-M-Australian_Open-SF-Jannik_Sinner-Ben_Shelton,tv_pool_20250124-M-Australian_Open-SF-Jannik_Sinner-Ben_Shelton:0017,17,32,28,shelton,ben,first_name,,,possessive,poss,OTHER,1,,29.46,26.43,,False,OTHER,27.494
tv_pool_20250124-M-Australian_Open-SF-Jannik_Sinner-Ben_Shelton,tv_pool_20250124-M-Australian_Open-SF-Jannik_Sinner-Ben_Shelton:0019,19,14,13,sinner,sinner,surname,,,object,dobj,OTHER,2,,36.24,26.86,,False,OTHER,34.272
tv_pool_20250124-M-Australian_Open-SF-Jannik_Sinner-Ben_Shelton,tv_pool_20250124-M-Australian_Open-SF-Jannik_Sinner-Ben_Shelton:0019,19,24,22,shelton,ben shelton,full_name,,,object,dative,SHOT,3,,36.24,26.86,,False,SHOT,34.272
tv_pool_20250124-M-Australian_Open-SF-Jannik_Sinner-Ben_Shelton,tv_pool_20250124-M-Australian_Open-SF-Jannik_Sinner-Ben_Shelton:0019,19,74,67,shelton,ben,first_name,,,subject,nsubj,SHOT,1,,36.24,26.86,,False,SHOT,34.272
tv_pool_20250124-M-Australian_Open-SF-Jannik_Sinner-Ben_Shelton,tv_pool_20250124-M-Australian_Open-SF-Jannik_Sinner-Ben_Shelton:0020,20,2,2,shelton,shelton,surname,,,object,attr,JUDGE,2,,11.57,36.24,,False,JUDGE,9.038
tv_pool_20250124-M-Australian_Open-SF-Jannik_Sinner-Ben_Shelton,tv_pool_20250124-M-Australian_Open-SF-Jannik_Sinner-Ben_Shelton:0020,20,22,18,shelton,shelton,surname,,,subject,nsubj,SCORE,2,leads_games,11.57,36.24,,False,SCORE,9.038
tv_pool_20250124-M-Australian_Open-SF-Jannik_Sinner-Ben_Shelton,tv_pool_20250124-M-Australian_Open-SF-Jannik_Sinner-Ben_Shelton:0020,20,42,35,shelton,ben shelton,full_name,,,other,compound,JUDGE,3,,11.57,36.24,,False,JUDGE,9.038
tv_pool_20250124-M-Australian_Open-SF-Jannik_Sinner-Ben_Shelton,tv_pool_20250124-M-Australian_Open-SF-Jannik_Sinner-Ben_Shelton:0022,22,32,27,shelton,shelton,surname,,,after_preposition,pobj,OTHER,2,,28.82,46.92,,False,OTHER,26.89
tv_pool_20250124-M-Australian_Open-SF-Jannik_Sinner-Ben_Shelton,tv_pool_20250124-M-Australian_Open-SF-Jannik_Sinner-Ben_Shelton:0023,23,14,13,shelton,shelton,surname,,,object,dative,JUDGE,2,,22.49,28.82,,False,JUDGE,20.583
tv_pool_20250124-M-Australian_Open-SF-Jannik_Sinner-Ben_Shelton,tv_pool_20250124-M-Australian_Open-SF-Jannik_Sinner-Ben_Shelton:0025,25,28,24,shelton,the american,epithet,epithet_nationality,nationality,after_preposition,pobj,OTHER,5,,108.34,22.02,,False,OTHER,106.369
tv_pool_20250124-M-Australian_Open-SF-Jannik_Sinner-Ben_Shelton,tv_pool_20250124-M-Australian_Open-SF-Jannik_Sinner-Ben_Shelton:0028,28,85,74,shelton,ben,first_name,,,after_preposition,pobj,JUDGE,1,,32.13,43.75,,False,JUDGE,31.601
tv_pool_20250124-M-Australian_Open-SF-Jannik_Sinner-Ben_Shelton,tv_pool_20250124-M-Australian_Open-SF-Jannik_Sinner-Ben_Shelton:0032,32,80,74,shelton,shelton,surname,,,subject,nsubj,OTHER,2,,43.14,47.78,,False,OTHER,42.375
tv_pool_20250124-M-Australian_Open-SF-Jannik_Sinner-Ben_Shelton,tv_pool_20250124-M-Australian_Open-SF-Jannik_Sinner-Ben_Shelton:0033,33,21,19,shelton,shelton,surname,,,after_preposition,pobj,JUDGE,2,,24.46,43.14,,False,JUDGE,22.493
tv_pool_20250124-M-Australian_Open-SF-Jannik_Sinner-Ben_Shelton,tv_pool_20250124-M-Australian_Open-SF-Jannik_Sinner-Ben_Shelton:0033,33,26,24,sinner,sinner,surname,,,subject,nsubj,OTHER,2,,24.46,43.14,,False,OTHER,22.493
tv_pool_20250124-M-Australian_Open-SF-Jannik_Sinner-Ben_Shelton,tv_pool_20250124-M-Australian_Open-SF-Jannik_Sinner-Ben_Shelton:0034,34,1,1,shelton,ben,first_name,,,after_preposition,pobj,OTHER,1,,23.82,24.46,,False,OTHER,21.821
tv_pool_20250124-M-Australian_Open-SF-Jannik_Sinner-Ben_Shelton,tv_pool_20250124-M-Australian_Open-SF-Jannik_Sinner-Ben_Shelton:0035,35,21,20,shelton,shelton,surname,,,subject,nsubj,SCORE,2,,34.84,23.82,,False,SCORE,34.171
tv_pool_20250124-M-Australian_Open-SF-Jannik_Sinner-Ben_Shelton,tv_pool_20250124-M-Australian_Open-SF-Jannik_Sinner-Ben_Shelton:0037,37,19,17,sinner,sinner,surname,,,possessive,nsubj,OTHER,2,,27.39,11.64,,False,OTHER,20.62
tv_pool_20250124-M-Australian_Open-SF-Jannik_Sinner-Ben_Shelton,tv_pool_20250124-M-Australian_Open-SF-Jannik_Sinner-Ben_Shelton:0037,37,57,48,sinner,sinner,surname,,,vocative_exclamation,npadvmod,SHOT,2,,27.39,11.64,,False,SHOT,20.62
tv_pool_20250124-M-Australian_Open-SF-Jannik_Sinner-Ben_Shelton,tv_pool_20250124-M-Australian_Open-SF-Jannik_Sinner-Ben_Shelton:0041,41,10,8,sinner,sinner,surname,,,subject,nsubj,OTHER,2,,97.16,11.08,,False,OTHER,95.16
tv_pool_20250124-M-Australian_Open-SF-Jannik_Sinner-Ben_Shelton,tv_pool_20250124-M-Australian_Open-SF-Jannik_Sinner-Ben_Shelton:0041,41,28,22,sinner,sinner,surname,,,subject,nsubj,SCORE,2,leads_games,97.16,11.08,,False,SCORE,95.16
tv_pool_20250124-M-Australian_Open-SF-Jannik_Sinner-Ben_Shelton,tv_pool_20250124-M-Australian_Open-SF-Jannik_Sinner-Ben_Shelton:0048,48,7,7,UNRESOLVED,the world number one,epithet,epithet_descriptive,unresolved,after_preposition,pobj,OTHER,5,,26.16,9.91,,False,STAT,24.262
tv_pool_20250124-M-Australian_Open-SF-Jannik_Sinner-Ben_Shelton,tv_pool_20250124-M-Australian_Open-SF-Jannik_Sinner-Ben_Shelton:0048,48,30,28,shelton,ben shelton,full_name,,,after_preposition,pobj,JUDGE,3,,26.16,9.91,,False,JUDGE,24.262
tv_pool_20250124-M-Australian_Open-SF-Jannik_Sinner-Ben_Shelton,tv_pool_20250124-M-Australian_Open-SF-Jannik_Sinner-Ben_Shelton:0050,50,7,7,UNRESOLVED,the world number one,epithet,epithet_descriptive,unresolved,subject,nsubj,SHOT,5,,39.24,19.92,,False,STAT,37.304
tv_pool_20250124-M-Australian_Open-SF-Jannik_Sinner-Ben_Shelton,tv_pool_20250124-M-Australian_Open-SF-Jannik_Sinner-Ben_Shelton:0056,56,0,0,sinner,jannik,first_name,,,other,compound,OTHER,2,,46.34,10.18,,False,OTHER,44.342
tv_pool_20250124-M-Australian_Open-SF-Jannik_Sinner-Ben_Shelton,tv_pool_20250124-M-Australian_Open-SF-Jannik_Sinner-Ben_Shelton:0059,59,21,19,shelton,ben shelton,full_name,,,after_preposition,pobj,OTHER,3,,33.83,10.28,,False,OTHER,30.129
tv_pool_20250124-M-Australian_Open-SF-Jannik_Sinner-Ben_Shelton,tv_pool_20250124-M-Australian_Open-SF-Jannik_Sinner-Ben_Shelton:0059,59,26,23,sinner,jannik sinner,full_name,,,after_preposition,pobj,OTHER,4,,33.83,10.28,,False,OTHER,30.129
tv_pool_20250124-M-Australian_Open-SF-Jannik_Sinner-Ben_Shelton,tv_pool_20250124-M-Australian_Open-SF-Jannik_Sinner-Ben_Shelton:0059,59,47,41,sinner,sinner,surname,,,subject,nsubj,JUDGE,2,,33.83,10.28,,False,JUDGE,30.129
tv_pool_20250124-M-Australian_Open-SF-Jannik_Sinner-Ben_Shelton,tv_pool_20250124-M-Australian_Open-SF-Jannik_Sinner-Ben_Shelton:0059,59,80,69,shelton,shelton,surname,,,subject,nsubj,JUDGE,2,,33.83,10.28,,False,JUDGE,30.129
tv_pool_20250124-M-Australian_Open-SF-Jannik_Sinner-Ben_Shelton,tv_pool_20250124-M-Australian_Open-SF-Jannik_Sinner-Ben_Shelton:0059,59,127,109,sinner,jannik,first_name,,,other,compound,OTHER,2,,33.83,10.28,,False,OTHER,30.129
tv_pool_20250124-M-Australian_Open-SF-Jannik_Sinner-Ben_Shelton,tv_pool_20250124-M-Australian_Open-SF-Jannik_Sinner-Ben_Shelton:0063,63,13,10,shelton,ben shelton,full_name,,,possessive,appos,OTHER,3,,28.43,10.01,,False,OTHER,24.99
tv_pool_20250124-M-Australian_Open-SF-Jannik_Sinner-Ben_Shelton,tv_pool_20250124-M-Australian_Open-SF-Jannik_Sinner-Ben_Shelton:0069,69,32,29,shelton,ben,first_name,,,subject,nsubj,JUDGE,1,,22.46,47.71,,False,JUDGE,20.52
tv_pool_20250124-M-Australian_Open-SF-Jannik_Sinner-Ben_Shelton,tv_pool_20250124-M-Australian_Open-SF-Jannik_Sinner-Ben_Shelton:0069,69,43,39,sinner,jannik,first_name,,,after_preposition,pobj,SCORE,2,,22.46,47.71,,False,SCORE,20.52
tv_pool_20250124-M-Australian_Open-SF-Jannik_Sinner-Ben_Shelton,tv_pool_20250124-M-Australian_Open-SF-Jannik_Sinner-Ben_Shelton:0069,69,45,40,shelton,shelton,surname,,,possessive,poss,SCORE,2,,22.46,47.71,,False,SCORE,20.52
tv_pool_20250124-M-Australian_Open-SF-Jannik_Sinner-Ben_Shelton,tv_pool_20250124-M-Australian_Open-SF-Jannik_Sinner-Ben_Shelton:0070,70,2,1,shelton,shelton,surname,,,vocative_exclamation,appos,SCORE,2,game_name,42.48,22.46,,False,SCORE,40.54
tv_pool_20250124-M-Australian_Open-SF-Jannik_Sinner-Ben_Shelton,tv_pool_20250124-M-Australian_Open-SF-Jannik_Sinner-Ben_Shelton:0071,71,13,11,shelton,ben shelton,full_name,,,after_preposition,pobj,JUDGE,3,,10.91,42.48,,False,JUDGE,8.974
tv_pool_20250124-M-Australian_Open-SF-Jannik_Sinner-Ben_Shelton,tv_pool_20250124-M-Australian_Open-SF-Jannik_Sinner-Ben_Shelton:0071,71,33,28,shelton,ben,first_name,,,subject,nsubj,JUDGE,1,,10.91,42.48,,False,JUDGE,8.974
tv_pool_20250124-M-Australian_Open-SF-Jannik_Sinner-Ben_Shelton,tv_pool_20250124-M-Australian_Open-SF-Jannik_Sinner-Ben_Shelton:0078,78,16,13,shelton,ben,first_name,,,object,attr,STAT,1,,23.76,9.34,,False,STAT,21.857
tv_pool_20250124-M-Australian_Open-SF-Jannik_Sinner-Ben_Shelton,tv_pool_20250124-M-Australian_Open-SF-Jannik_Sinner-Ben_Shelton:0082,82,17,16,shelton,the american,epithet,epithet_nationality,nationality,after_preposition,pobj,SCORE,5,,51.59,9.57,,False,SCORE,49.753
tv_pool_20250124-M-Australian_Open-SF-Jannik_Sinner-Ben_Shelton,tv_pool_20250124-M-Australian_Open-SF-Jannik_Sinner-Ben_Shelton:0083,83,27,23,shelton,ben shelton,full_name,,,possessive,poss,OTHER,3,,36.84,51.59,,False,OTHER,34.969
tv_pool_20250124-M-Australian_Open-SF-Jannik_Sinner-Ben_Shelton,tv_pool_20250124-M-Australian_Open-SF-Jannik_Sinner-Ben_Shelton:0083,83,32,27,UNRESOLVED,the world number one,epithet,epithet_descriptive,unresolved,after_preposition,pobj,OTHER,5,,36.84,51.59,,False,STAT,34.969
tv_pool_20250124-M-Australian_Open-SF-Jannik_Sinner-Ben_Shelton,tv_pool_20250124-M-Australian_Open-SF-Jannik_Sinner-Ben_Shelton:0083,83,58,52,UNRESOLVED,the world number one,epithet,epithet_descriptive,unresolved,subject,nsubj,OTHER,5,,36.84,51.59,,False,STAT,34.969
tv_pool_20250124-M-Australian_Open-SF-Jannik_Sinner-Ben_Shelton,tv_pool_20250124-M-Australian_Open-SF-Jannik_Sinner-Ben_Shelton:0087,87,6,4,shelton,shelton,surname,,,subject,nsubjpass,SCORE,2,,31.03,10.21,,False,SCORE,29.063
tv_pool_20250124-M-Australian_Open-SF-Jannik_Sinner-Ben_Shelton,tv_pool_20250124-M-Australian_Open-SF-Jannik_Sinner-Ben_Shelton:0088,88,4,4,shelton,shelton,surname,,,after_preposition,pobj,OTHER,2,,115.78,31.03,,False,OTHER,113.847
tv_pool_20250124-M-Australian_Open-SF-Jannik_Sinner-Ben_Shelton,tv_pool_20250124-M-Australian_Open-SF-Jannik_Sinner-Ben_Shelton:0088,88,80,71,shelton,ben shelton,full_name,,,other,compound,JUDGE,3,,115.78,31.03,,False,JUDGE,113.847
tv_pool_20250124-M-Australian_Open-SF-Jannik_Sinner-Ben_Shelton,tv_pool_20250124-M-Australian_Open-SF-Jannik_Sinner-Ben_Shelton:0088,88,121,107,sinner,sinner,surname,,,subject,nsubj,SHOT,2,,115.78,31.03,,False,SHOT,113.847
tv_pool_20250124-M-Australian_Open-SF-Jannik_Sinner-Ben_Shelton,tv_pool_20250124-M-Australian_Open-SF-Jannik_Sinner-Ben_Shelton:0089,89,24,19,shelton,shelton,surname,,,subject,nsubj,JUDGE,2,,25.63,115.78,,False,JUDGE,23.662
tv_pool_20250124-M-Australian_Open-SF-Jannik_Sinner-Ben_Shelton,tv_pool_20250124-M-Australian_Open-SF-Jannik_Sinner-Ben_Shelton:0089,89,86,75,shelton,shelton,surname,,,possessive,pobj,STAT,2,,25.63,115.78,,False,STAT,23.662
tv_pool_20250124-M-Australian_Open-SF-Jannik_Sinner-Ben_Shelton,tv_pool_20250124-M-Australian_Open-SF-Jannik_Sinner-Ben_Shelton:0089,89,108,93,shelton,ben,first_name,,,after_preposition,pobj,JUDGE,1,,25.63,115.78,,False,JUDGE,23.662
tv_pool_20250124-M-Australian_Open-SF-Jannik_Sinner-Ben_Shelton,tv_pool_20250124-M-Australian_Open-SF-Jannik_Sinner-Ben_Shelton:0096,96,29,24,shelton,shelton,surname,,,after_preposition,pobj,OTHER,2,,24.35,49.58,,False,OTHER,21.685
tv_pool_20250124-M-Australian_Open-SF-Jannik_Sinner-Ben_Shelton,tv_pool_20250124-M-Australian_Open-SF-Jannik_Sinner-Ben_Shelton:0096,96,38,32,shelton,ben,first_name,,,object,dobj,SHOT,1,,24.35,49.58,,False,SHOT,21.685
tv_pool_20250124-M-Australian_Open-SF-Jannik_Sinner-Ben_Shelton,tv_pool_20250124-M-Australian_Open-SF-Jannik_Sinner-Ben_Shelton:0097,97,14,12,shelton,shelton,surname,,,subject,nsubj,SCORE,2,,8.55,24.35,,False,SCORE,6.611
tv_pool_20250124-M-Australian_Open-SF-Jannik_Sinner-Ben_Shelton,tv_pool_20250124-M-Australian_Open-SF-Jannik_Sinner-Ben_Shelton:0099,99,43,42,sinner,sinner,surname,,,object,dobj,OTHER,2,,29.49,25.26,,False,OTHER,27.526
tv_pool_20250124-M-Australian_Open-SF-Jannik_Sinner-Ben_Shelton,tv_pool_20250124-M-Australian_Open-SF-Jannik_Sinner-Ben_Shelton:0100,100,15,13,shelton,ben,first_name,,,after_preposition,pobj,SCORE,1,,25.33,29.49,,False,SCORE,23.395
tv_pool_20250124-M-Australian_Open-SF-Jannik_Sinner-Ben_Shelton,tv_pool_20250124-M-Australian_Open-SF-Jannik_Sinner-Ben_Shelton:0100,100,25,20,sinner,sinner,surname,,,subject,nsubj,SCORE,2,,25.33,29.49,,False,SCORE,23.395
tv_pool_20250124-M-Australian_Open-SF-Jannik_Sinner-Ben_Shelton,tv_pool_20250124-M-Australian_Open-SF-Jannik_Sinner-Ben_Shelton:0105,105,6,6,shelton,ben,first_name,,,object,dobj,OTHER,1,,18.98,30.33,,False,OTHER,17.012
tv_pool_20250124-M-Australian_Open-SF-Jannik_Sinner-Ben_Shelton,tv_pool_20250124-M-Australian_Open-SF-Jannik_Sinner-Ben_Shelton:0106,106,52,52,shelton,ben,first_name,,,subject,nsubj,STAT,1,,29.33,18.98,,False,STAT,26.597
tv_pool_20250124-M-Australian_Open-SF-Jannik_Sinner-Ben_Shelton,tv_pool_20250124-M-Australian_Open-SF-Jannik_Sinner-Ben_Shelton:0108,108,2,1,sinner,sinner,surname,,,subject,nsubj,OTHER,2,,28.79,23.49,,False,OTHER,26.825
tv_pool_20250124-M-Australian_Open-SF-Jannik_Sinner-Ben_Shelton,tv_pool_20250124-M-Australian_Open-SF-Jannik_Sinner-Ben_Shelton:0109,109,1,1,shelton,shelton,surname,,,vocative_exclamation,npadvmod,SCORE,2,advantage_name,20.72,28.79,,False,SCORE,17.621
tv_pool_20250124-M-Australian_Open-SF-Jannik_Sinner-Ben_Shelton,tv_pool_20250124-M-Australian_Open-SF-Jannik_Sinner-Ben_Shelton:0109,109,8,7,shelton,the american,epithet,epithet_nationality,nationality,after_preposition,pobj,OTHER,5,,20.72,28.79,,False,OTHER,17.621
tv_pool_20250124-M-Australian_Open-SF-Jannik_Sinner-Ben_Shelton,tv_pool_20250124-M-Australian_Open-SF-Jannik_Sinner-Ben_Shelton:0110,110,62,59,sinner,sinner,surname,,,subject,nsubj,SHOT,2,,25.56,20.72,,False,SHOT,23.623
tv_pool_20250124-M-Australian_Open-SF-Jannik_Sinner-Ben_Shelton,tv_pool_20250124-M-Australian_Open-SF-Jannik_Sinner-Ben_Shelton:0111,111,3,3,sinner,sinner,surname,,,other,ROOT,SHOT,2,,29.79,25.56,,False,SHOT,19.55
tv_pool_20250124-M-Australian_Open-SF-Jannik_Sinner-Ben_Shelton,tv_pool_20250124-M-Australian_Open-SF-Jannik_Sinner-Ben_Shelton:0111,111,6,5,shelton,shelton,surname,,,subject,nsubj,SHOT,2,,29.79,25.56,,False,SHOT,19.55
tv_pool_20250124-M-Australian_Open-SF-Jannik_Sinner-Ben_Shelton,tv_pool_20250124-M-Australian_Open-SF-Jannik_Sinner-Ben_Shelton:0112,112,3,3,shelton,the american,epithet,epithet_nationality,nationality,object,dobj,OTHER,5,,68.03,29.79,,False,OTHER,66.066
tv_pool_20250124-M-Australian_Open-SF-Jannik_Sinner-Ben_Shelton,tv_pool_20250124-M-Australian_Open-SF-Jannik_Sinner-Ben_Shelton:0112,112,43,42,sinner,sinner,surname,,,subject,nsubj,JUDGE,2,,68.03,29.79,,False,JUDGE,66.066
tv_pool_20250124-M-Australian_Open-SF-Jannik_Sinner-Ben_Shelton,tv_pool_20250124-M-Australian_Open-SF-Jannik_Sinner-Ben_Shelton:0112,112,62,60,shelton,ben shelton,full_name,,,after_preposition,pobj,JUDGE,3,,68.03,29.79,,False,JUDGE,66.066
tv_pool_20250124-M-Australian_Open-SF-Jannik_Sinner-Ben_Shelton,tv_pool_20250124-M-Australian_Open-SF-Jannik_Sinner-Ben_Shelton:0112,112,127,111,sinner,sinner,surname,,,after_preposition,pobj,JUDGE,2,,68.03,29.79,,False,JUDGE,66.066
tv_pool_20250124-M-Australian_Open-SF-Jannik_Sinner-Ben_Shelton,tv_pool_20250124-M-Australian_Open-SF-Jannik_Sinner-Ben_Shelton:0112,112,133,116,sinner,jannik,first_name,,,subject,nsubj,JUDGE,2,,68.03,29.79,,False,JUDGE,66.066
tv_pool_20250124-M-Australian_Open-SF-Jannik_Sinner-Ben_Shelton,tv_pool_20250124-M-Australian_Open-SF-Jannik_Sinner-Ben_Shelton:0113,113,34,30,sinner,sinner,surname,,,subject,nsubj,STAT,2,,31.03,68.03,,False,STAT,29.098
tv_pool_20250124-M-Australian_Open-SF-Jannik_Sinner-Ben_Shelton,tv_pool_20250124-M-Australian_Open-SF-Jannik_Sinner-Ben_Shelton:0115,115,35,29,shelton,shelton,surname,,,subject,nsubj,JUDGE,2,,26.86,9.97,,False,JUDGE,24.896
tv_pool_20250124-M-Australian_Open-SF-Jannik_Sinner-Ben_Shelton,tv_pool_20250124-M-Australian_Open-SF-Jannik_Sinner-Ben_Shelton:0116,116,21,17,shelton,shelton,surname,,,subject,nsubj,JUDGE,2,,26.36,26.86,,False,JUDGE,24.362
tv_pool_20250124-M-Australian_Open-SF-Jannik_Sinner-Ben_Shelton,tv_pool_20250124-M-Australian_Open-SF-Jannik_Sinner-Ben_Shelton:0117,117,38,34,sinner,sinner,surname,,,object,dobj,JUDGE,2,,28.67,26.36,,False,JUDGE,28.232
tv_pool_20250124-M-Australian_Open-SF-Jannik_Sinner-Ben_Shelton,tv_pool_20250124-M-Australian_Open-SF-Jannik_Sinner-Ben_Shelton:0117,117,51,46,shelton,shelton,surname,,,possessive,poss,JUDGE,2,,28.67,26.36,,False,JUDGE,28.232
tv_pool_20250124-M-Australian_Open-SF-Jannik_Sinner-Ben_Shelton,tv_pool_20250124-M-Australian_Open-SF-Jannik_Sinner-Ben_Shelton:0123,123,28,22,sinner,sinner,surname,,,vocative_exclamation,ROOT,SCORE,2,advantage_name,30.47,103.44,,False,SCORE,28.498
tv_pool_20250124-M-Australian_Open-SF-Jannik_Sinner-Ben_Shelton,tv_pool_20250124-M-Australian_Open-SF-Jannik_Sinner-Ben_Shelton:0125,125,1,1,sinner,sinner,surname,,,vocative_exclamation,ROOT,SCORE,2,advantage_name,38.2,50.46,,False,SCORE,36.266
tv_pool_20250124-M-Australian_Open-SF-Jannik_Sinner-Ben_Shelton,tv_pool_20250124-M-Australian_Open-SF-Jannik_Sinner-Ben_Shelton:0126,126,1,1,sinner,sinner,surname,,,other,nmod,SCORE,2,game_name,45.14,38.2,,False,SCORE,43.174
tv_pool_20250124-M-Australian_Open-SF-Jannik_Sinner-Ben_Shelton,tv_pool_20250124-M-Australian_Open-SF-Jannik_Sinner-Ben_Shelton:0126,126,7,6,sinner,sinner,surname,,,subject,nsubj,SCORE,2,leads_games,45.14,38.2,,False,SCORE,43.174
tv_pool_20250124-M-Australian_Open-SF-Jannik_Sinner-Ben_Shelton,tv_pool_20250124-M-Australian_Open-SF-Jannik_Sinner-Ben_Shelton:0126,126,50,45,sinner,jannik,first_name,,,other,compound,OTHER,2,,45.14,38.2,,False,OTHER,43.174
tv_pool_20250124-M-Australian_Open-SF-Jannik_Sinner-Ben_Shelton,tv_pool_20250124-M-Australian_Open-SF-Jannik_Sinner-Ben_Shelton:0127,127,6,4,shelton,ben shelton,full_name,,,subject,nsubj,JUDGE,3,,20.79,45.14,,False,JUDGE,17.984
tv_pool_20250124-M-Australian_Open-SF-Jannik_Sinner-Ben_Shelton,tv_pool_20250124-M-Australian_Open-SF-Jannik_Sinner-Ben_Shelton:0133,133,3,3,sinner,jannik,first_name,,,subject,nsubj,SHOT,2,,27.56,9.04,,False,SHOT,25.626
tv_pool_20250124-M-Australian_Open-SF-Jannik_Sinner-Ben_Shelton,tv_pool_20250124-M-Australian_Open-SF-Jannik_Sinner-Ben_Shelton:0133,133,36,32,shelton,shelton,surname,,,after_preposition,pobj,SHOT,2,,27.56,9.04,,False,SHOT,25.626
tv_pool_20250124-M-Australian_Open-SF-Jannik_Sinner-Ben_Shelton,tv_pool_20250124-M-Australian_Open-SF-Jannik_Sinner-Ben_Shelton:0134,134,22,18,shelton,ben,first_name,,,vocative_exclamation,npadvmod,JUDGE,1,,27.19,27.56,,False,JUDGE,24.154
tv_pool_20250124-M-Australian_Open-SF-Jannik_Sinner-Ben_Shelton,tv_pool_20250124-M-Australian_Open-SF-Jannik_Sinner-Ben_Shelton:0143,143,75,68,shelton,shelton,surname,,,subject,nsubj,STAT,2,,33.03,10.07,,False,STAT,31.062
tv_pool_20250124-M-Australian_Open-SF-Jannik_Sinner-Ben_Shelton,tv_pool_20250124-M-Australian_Open-SF-Jannik_Sinner-Ben_Shelton:0146,146,18,18,shelton,shelton,surname,,,subject,nsubj,OTHER,2,,60.53,15.58,,False,OTHER,57.36
tv_pool_20250124-M-Australian_Open-SF-Jannik_Sinner-Ben_Shelton,tv_pool_20250124-M-Australian_Open-SF-Jannik_Sinner-Ben_Shelton:0147,147,11,9,shelton,shelton,surname,,,after_preposition,pobj,JUDGE,2,,18.22,60.53,,False,JUDGE,16.28
tv_pool_20250124-M-Australian_Open-SF-Jannik_Sinner-Ben_Shelton,tv_pool_20250124-M-Australian_Open-SF-Jannik_Sinner-Ben_Shelton:0149,149,14,12,shelton,shelton,surname,,,subject,nsubj,STAT,2,,35.24,10.55,,False,STAT,33.37
tv_pool_20250124-M-Australian_Open-SF-Jannik_Sinner-Ben_Shelton,tv_pool_20250124-M-Australian_Open-SF-Jannik_Sinner-Ben_Shelton:0162,162,88,81,sinner,sinner,surname,,,vocative_exclamation,npadvmod,SHOT,2,,10.98,37.44,,False,SHOT,5.874
tv_pool_20250124-M-Australian_Open-SF-Jannik_Sinner-Ben_Shelton,tv_pool_20250124-M-Australian_Open-SF-Jannik_Sinner-Ben_Shelton:0167,167,1,1,shelton,shelton,surname,,,vocative_exclamation,ROOT,OTHER,2,,23.79,25.33,,False,OTHER,21.784
tv_pool_20250124-M-Australian_Open-SF-Jannik_Sinner-Ben_Shelton,tv_pool_20250124-M-Australian_Open-SF-Jannik_Sinner-Ben_Shelton:0168,168,1,1,shelton,shelton,surname,,,vocative_exclamation,ROOT,SHOT,2,,102.24,23.79,,False,SHOT,100.234
tv_pool_20250124-M-Australian_Open-SF-Jannik_Sinner-Ben_Shelton,tv_pool_20250124-M-Australian_Open-SF-Jannik_Sinner-Ben_Shelton:0168,168,7,6,shelton,shelton,surname,,,after_preposition,pobj,SHOT,2,,102.24,23.79,,False,SHOT,100.234
tv_pool_20250124-M-Australian_Open-SF-Jannik_Sinner-Ben_Shelton,tv_pool_20250124-M-Australian_Open-SF-Jannik_Sinner-Ben_Shelton:0174,174,43,35,shelton,shelton,surname,,,subject,nsubj,SCORE,2,,23.66,76.44,,False,SCORE,21.721
tv_pool_20250124-M-Australian_Open-SF-Jannik_Sinner-Ben_Shelton,tv_pool_20250124-M-Australian_Open-SF-Jannik_Sinner-Ben_Shelton:0176,176,2,1,shelton,shelton,surname,,,vocative_exclamation,appos,SCORE,2,game_name,59.66,29.66,,False,SCORE,57.722
tv_pool_20250124-M-Australian_Open-SF-Jannik_Sinner-Ben_Shelton,tv_pool_20250124-M-Australian_Open-SF-Jannik_Sinner-Ben_Shelton:0176,176,15,13,shelton,ben,first_name,,,after_preposition,pobj,OTHER,1,,59.66,29.66,,False,OTHER,57.722
tv_pool_20250124-M-Australian_Open-SF-Jannik_Sinner-Ben_Shelton,tv_pool_20250124-M-Australian_Open-SF-Jannik_Sinner-Ben_Shelton:0179,179,32,32,sinner,jannik,first_name,,,subject,nsubj,JUDGE,2,,34.41,36.23,,False,JUDGE,32.537
tv_pool_20250124-M-Australian_Open-SF-Jannik_Sinner-Ben_Shelton,tv_pool_20250124-M-Australian_Open-SF-Jannik_Sinner-Ben_Shelton:0188,188,17,16,shelton,ben shelton,full_name,,,after_preposition,pobj,JUDGE,3,,55.19,25.06,,False,JUDGE,53.224
tv_pool_20250124-M-Australian_Open-SF-Jannik_Sinner-Ben_Shelton,tv_pool_20250124-M-Australian_Open-SF-Jannik_Sinner-Ben_Shelton:0188,188,38,34,sinner,sinner,surname,,,object,dobj,JUDGE,2,,55.19,25.06,,False,JUDGE,53.224
tv_pool_20250124-M-Australian_Open-SF-Jannik_Sinner-Ben_Shelton,tv_pool_20250124-M-Australian_Open-SF-Jannik_Sinner-Ben_Shelton:0189,189,8,8,shelton,ben shelton,full_name,,,after_preposition,pobj,OTHER,3,,137.87,55.19,,False,OTHER,135.898
tv_pool_20250124-M-Australian_Open-SF-Jannik_Sinner-Ben_Shelton,tv_pool_20250124-M-Australian_Open-SF-Jannik_Sinner-Ben_Shelton:0190,190,5,3,shelton,ben,first_name,,,vocative_exclamation,npadvmod,OTHER,1,,37.54,137.87,,False,OTHER,35.634
tv_pool_20250124-M-Australian_Open-SF-Jannik_Sinner-Ben_Shelton,tv_pool_20250124-M-Australian_Open-SF-Jannik_Sinner-Ben_Shelton:0193,193,8,5,sinner,jannik sinner,full_name,,,after_preposition,pobj,SCORE,4,,33.8,9.97,,False,SCORE,31.066
tv_pool_20250124-M-Australian_Open-SF-Jannik_Sinner-Ben_Shelton,tv_pool_20250124-M-Australian_Open-SF-Jannik_Sinner-Ben_Shelton:0193,193,24,19,shelton,shelton,surname,,,object,dative,OTHER,2,,33.8,9.97,,False,OTHER,31.066
tv_pool_20250124-M-Australian_Open-SF-Jannik_Sinner-Ben_Shelton,tv_pool_20250124-M-Australian_Open-SF-Jannik_Sinner-Ben_Shelton:0193,193,36,30,sinner,sinner,surname,,,possessive,poss,OTHER,2,,33.8,9.97,,False,OTHER,31.066
tv_pool_20250124-M-Australian_Open-SF-Jannik_Sinner-Ben_Shelton,tv_pool_20250124-M-Australian_Open-SF-Jannik_Sinner-Ben_Shelton:0196,196,85,75,shelton,shelton,surname,,,object,attr,JUDGE,2,,66.94,35.67,,False,JUDGE,64.967
tv_pool_20250124-M-Australian_Open-SF-Jannik_Sinner-Ben_Shelton,tv_pool_20250124-M-Australian_Open-SF-Jannik_Sinner-Ben_Shelton:0198,198,65,59,shelton,shelton,surname,,,subject,nsubj,JUDGE,2,,43.91,59.92,,False,JUDGE,41.977
tv_pool_20250124-M-Australian_Open-SF-Jannik_Sinner-Ben_Shelton,tv_pool_20250124-M-Australian_Open-SF-Jannik_Sinner-Ben_Shelton:0202,202,4,4,shelton,ben,first_name,,,subject,nsubj,JUDGE,1,,28.36,33.36,,False,JUDGE,26.492
tv_pool_20250124-M-Australian_Open-SF-Jannik_Sinner-Ben_Shelton,tv_pool_20250124-M-Australian_Open-SF-Jannik_Sinner-Ben_Shelton:0205,205,37,33,shelton,ben,first_name,,,vocative_exclamation,npadvmod,SHOT,1,,20.38,29.73,,False,SHOT,18.415
tv_pool_20250124-M-Australian_Open-SF-Jannik_Sinner-Ben_Shelton,tv_pool_20250124-M-Australian_Open-SF-Jannik_Sinner-Ben_Shelton:0207,207,9,9,shelton,shelton,surname,,,after_preposition,pobj,OTHER,2,,35.93,10.51,,False,OTHER,33.997
tv_pool_20250124-M-Australian_Open-SF-Jannik_Sinner-Ben_Shelton,tv_pool_20250124-M-Australian_Open-SF-Jannik_Sinner-Ben_Shelton:0210,210,1,1,sinner,sinner,surname,,,vocative_exclamation,ROOT,SCORE,2,advantage_name,27.53,9.71,,False,SCORE,25.591
tv_pool_20250124-M-Australian_Open-SF-Jannik_Sinner-Ben_Shelton,tv_pool_20250124-M-Australian_Open-SF-Jannik_Sinner-Ben_Shelton:0211,211,13,12,sinner,sinner,surname,,,other,amod,SHOT,2,,121.29,27.53,,False,SHOT,119.324
tv_pool_20250124-M-Australian_Open-SF-Jannik_Sinner-Ben_Shelton,tv_pool_20250124-M-Australian_Open-SF-Jannik_Sinner-Ben_Shelton:0213,213,11,9,shelton,ben shelton,full_name,,,possessive,poss,OTHER,3,,30.66,10.11,,False,OTHER,28.69
tv_pool_20250124-M-Australian_Open-SF-Jannik_Sinner-Ben_Shelton,tv_pool_20250124-M-Australian_Open-SF-Jannik_Sinner-Ben_Shelton:0214,214,2,2,sinner,sinner,surname,,,possessive,poss,OTHER,2,,31.93,30.66,,False,OTHER,30.031
tv_pool_20250124-M-Australian_Open-SF-Jannik_Sinner-Ben_Shelton,tv_pool_20250124-M-Australian_Open-SF-Jannik_Sinner-Ben_Shelton:0220,220,72,63,shelton,ben shelton,full_name,,,after_preposition,pobj,JUDGE,3,,31.3,35.4,,False,JUDGE,29.36
tv_pool_20250124-M-Australian_Open-SF-Jannik_Sinner-Ben_Shelton,tv_pool_20250124-M-Australian_Open-SF-Jannik_Sinner-Ben_Shelton:0221,221,4,2,sinner,sinner,surname,,,vocative_exclamation,ROOT,JUDGE,2,,9.25,31.3,,False,JUDGE,7.245
tv_pool_20250124-M-Australian_Open-SF-Jannik_Sinner-Ben_Shelton,tv_pool_20250124-M-Australian_Open-SF-Jannik_Sinner-Ben_Shelton:0221,221,18,12,sinner,sinner,surname,,,subject,nsubj,SCORE,2,leads_games,9.25,31.3,,False,SCORE,7.245
tv_pool_20250124-M-Australian_Open-SF-Jannik_Sinner-Ben_Shelton,tv_pool_20250124-M-Australian_Open-SF-Jannik_Sinner-Ben_Shelton:0227,227,46,36,shelton,ben shelton,full_name,,,subject,nsubj,OTHER,3,,31.43,45.44,,False,OTHER,29.497
tv_pool_20250124-M-Australian_Open-SF-Jannik_Sinner-Ben_Shelton,tv_pool_20250124-M-Australian_Open-SF-Jannik_Sinner-Ben_Shelton:0227,227,77,63,sinner,sinner,surname,,,possessive,nsubj,OTHER,2,,31.43,45.44,,False,OTHER,29.497
tv_pool_20250124-M-Australian_Open-SF-Jannik_Sinner-Ben_Shelton,tv_pool_20250124-M-Australian_Open-SF-Jannik_Sinner-Ben_Shelton:0230,230,11,10,sinner,jannik,first_name,,,other,compound,STAT,2,,,10.45,,False,STAT,
tv_pool_20250124-M-Australian_Open-SF-Jannik_Sinner-Ben_Shelton,tv_pool_20250124-M-Australian_Open-SF-Jannik_Sinner-Ben_Shelton:0230,230,34,30,shelton,ben shelton,full_name,,,after_preposition,pobj,OTHER,3,,,10.45,,False,OTHER,
tv_pool_20250712-W-Wimbledon-F-Amanda_Anisimova-Iga_Swiatek,tv_pool_20250712-W-Wimbledon-F-Amanda_Anisimova-Iga_Swiatek:0002,2,11,9,anisimova,the american,epithet,epithet_nationality,nationality,subject,nsubj,OTHER,5,,20,12.04,17.56,True,OTHER,17.56
tv_pool_20250712-W-Wimbledon-F-Amanda_Anisimova-Iga_Swiatek,tv_pool_20250712-W-Wimbledon-F-Amanda_Anisimova-Iga_Swiatek:0006,6,8,7,swiatek,iga,first_name,,,subject,nsubj,OTHER,2,,79.48,11.6,76.56,True,OTHER,76.56
tv_pool_20250712-W-Wimbledon-F-Amanda_Anisimova-Iga_Swiatek,tv_pool_20250712-W-Wimbledon-F-Amanda_Anisimova-Iga_Swiatek:0006,6,136,117,swiatek,iga,first_name,,,possessive,poss,STAT,2,,79.48,11.6,76.56,True,STAT,76.56
tv_pool_20250712-W-Wimbledon-F-Amanda_Anisimova-Iga_Swiatek,tv_pool_20250712-W-Wimbledon-F-Amanda_Anisimova-Iga_Swiatek:0008,8,5,5,anisimova,amanda anisimova,full_name,,,subject,nsubj,OTHER,8,,23.12,13.16,21.2,True,OTHER,21.2
tv_pool_20250712-W-Wimbledon-F-Amanda_Anisimova-Iga_Swiatek,tv_pool_20250712-W-Wimbledon-F-Amanda_Anisimova-Iga_Swiatek:0008,8,9,9,swiatek,swiatek,surname,,,object,dobj,SHOT,3,,23.12,13.16,21.2,True,SHOT,21.2
tv_pool_20250712-W-Wimbledon-F-Amanda_Anisimova-Iga_Swiatek,tv_pool_20250712-W-Wimbledon-F-Amanda_Anisimova-Iga_Swiatek:0008,8,28,27,swiatek,swiatek,surname,,,object,dobj,OTHER,3,,23.12,13.16,21.2,True,OTHER,21.2
tv_pool_20250712-W-Wimbledon-F-Amanda_Anisimova-Iga_Swiatek,tv_pool_20250712-W-Wimbledon-F-Amanda_Anisimova-Iga_Swiatek:0011,11,12,10,anisimova,anisimova,surname,,,subject,nsubj,JUDGE,5,,29.72,19.84,26.76,True,JUDGE,26.76
tv_pool_20250712-W-Wimbledon-F-Amanda_Anisimova-Iga_Swiatek,tv_pool_20250712-W-Wimbledon-F-Amanda_Anisimova-Iga_Swiatek:0011,11,23,18,anisimova,anisimova,surname,,,subject,nsubj,SHOT,5,,29.72,19.84,26.76,True,SHOT,26.76
tv_pool_20250712-W-Wimbledon-F-Amanda_Anisimova-Iga_Swiatek,tv_pool_20250712-W-Wimbledon-F-Amanda_Anisimova-Iga_Swiatek:0012,12,5,3,swiatek,swiatek,surname,,,vocative_exclamation,appos,SCORE,3,game_name,61.76,29.72,61.12,True,SCORE,61.12
tv_pool_20250712-W-Wimbledon-F-Amanda_Anisimova-Iga_Swiatek,tv_pool_20250712-W-Wimbledon-F-Amanda_Anisimova-Iga_Swiatek:0012,12,7,4,swiatek,swiatek,surname,,,subject,nsubj,SCORE,3,,61.76,29.72,61.12,True,SCORE,61.12
tv_pool_20250712-W-Wimbledon-F-Amanda_Anisimova-Iga_Swiatek,tv_pool_20250712-W-Wimbledon-F-Amanda_Anisimova-Iga_Swiatek:0012,12,60,48,anisimova,anisimova,surname,,,possessive,poss,OTHER,5,,61.76,29.72,61.12,True,OTHER,61.12
tv_pool_20250712-W-Wimbledon-F-Amanda_Anisimova-Iga_Swiatek,tv_pool_20250712-W-Wimbledon-F-Amanda_Anisimova-Iga_Swiatek:0014,14,12,12,anisimova,amanda anisimova,full_name,,,possessive,poss,SHOT,8,,23.48,12.84,21.56,True,SHOT,21.56
tv_pool_20250712-W-Wimbledon-F-Amanda_Anisimova-Iga_Swiatek,tv_pool_20250712-W-Wimbledon-F-Amanda_Anisimova-Iga_Swiatek:0014,14,32,29,anisimova,amanda anisimova,full_name,,,subject,nsubj,OTHER,8,,23.48,12.84,21.56,True,OTHER,21.56
tv_pool_20250712-W-Wimbledon-F-Amanda_Anisimova-Iga_Swiatek,tv_pool_20250712-W-Wimbledon-F-Amanda_Anisimova-Iga_Swiatek:0020,20,6,4,anisimova,amanda,first_name,,,subject,nsubjpass,OTHER,3,,31.64,14.48,29.72,True,OTHER,29.72
tv_pool_20250712-W-Wimbledon-F-Amanda_Anisimova-Iga_Swiatek,tv_pool_20250712-W-Wimbledon-F-Amanda_Anisimova-Iga_Swiatek:0027,27,7,7,swiatek,swiatek,surname,,,after_preposition,pobj,JUDGE,3,,26.44,12.12,24.48,True,JUDGE,24.48
tv_pool_20250712-W-Wimbledon-F-Amanda_Anisimova-Iga_Swiatek,tv_pool_20250712-W-Wimbledon-F-Amanda_Anisimova-Iga_Swiatek:0027,27,41,38,swiatek,swiatek,surname,,,after_preposition,pobj,JUDGE,3,,26.44,12.12,24.48,True,JUDGE,24.48
tv_pool_20250712-W-Wimbledon-F-Amanda_Anisimova-Iga_Swiatek,tv_pool_20250712-W-Wimbledon-F-Amanda_Anisimova-Iga_Swiatek:0028,28,49,42,swiatek,swiatek,surname,,,subject,nsubj,SCORE,3,,34.88,26.44,32.88,True,SCORE,32.88
tv_pool_20250712-W-Wimbledon-F-Amanda_Anisimova-Iga_Swiatek,tv_pool_20250712-W-Wimbledon-F-Amanda_Anisimova-Iga_Swiatek:0029,29,37,31,anisimova,anisimova,surname,,,subject,nsubj,OTHER,5,,128.88,34.88,126.92,True,OTHER,126.92
tv_pool_20250712-W-Wimbledon-F-Amanda_Anisimova-Iga_Swiatek,tv_pool_20250712-W-Wimbledon-F-Amanda_Anisimova-Iga_Swiatek:0029,29,39,32,anisimova,anisimova,surname,,,subject,appos,OTHER,5,,128.88,34.88,126.92,True,OTHER,126.92
tv_pool_20250712-W-Wimbledon-F-Amanda_Anisimova-Iga_Swiatek,tv_pool_20250712-W-Wimbledon-F-Amanda_Anisimova-Iga_Swiatek:0029,29,46,37,anisimova,anisimova,surname,,,subject,appos,OTHER,5,,128.88,34.88,126.92,True,OTHER,126.92
tv_pool_20250712-W-Wimbledon-F-Amanda_Anisimova-Iga_Swiatek,tv_pool_20250712-W-Wimbledon-F-Amanda_Anisimova-Iga_Swiatek:0029,29,48,39,anisimova,anisimova,surname,,,subject,conj,OTHER,5,,128.88,34.88,126.92,True,OTHER,126.92
tv_pool_20250712-W-Wimbledon-F-Amanda_Anisimova-Iga_Swiatek,tv_pool_20250712-W-Wimbledon-F-Amanda_Anisimova-Iga_Swiatek:0029,29,65,52,anisimova,anisimova,surname,,,after_preposition,pobj,OTHER,5,,128.88,34.88,126.92,True,OTHER,126.92
tv_pool_20250712-W-Wimbledon-F-Amanda_Anisimova-Iga_Swiatek,tv_pool_20250712-W-Wimbledon-F-Amanda_Anisimova-Iga_Swiatek:0029,29,283,236,swiatek,swiatek,surname,,,subject,nsubj,OTHER,3,,128.88,34.88,126.92,True,OTHER,126.92
tv_pool_20250712-W-Wimbledon-F-Amanda_Anisimova-Iga_Swiatek,tv_pool_20250712-W-Wimbledon-F-Amanda_Anisimova-Iga_Swiatek:0031,31,15,14,swiatek,iga,first_name,,,after_preposition,pobj,OTHER,2,,20.76,19.6,19.68,True,OTHER,19.68
tv_pool_20250712-W-Wimbledon-F-Amanda_Anisimova-Iga_Swiatek,tv_pool_20250712-W-Wimbledon-F-Amanda_Anisimova-Iga_Swiatek:0032,32,45,41,swiatek,swiatek,surname,,,subject,nsubj,JUDGE,3,,27.68,20.76,26.96,True,JUDGE,26.96
tv_pool_20250712-W-Wimbledon-F-Amanda_Anisimova-Iga_Swiatek,tv_pool_20250712-W-Wimbledon-F-Amanda_Anisimova-Iga_Swiatek:0033,33,13,12,anisimova,amanda,first_name,,,object,dobj,STAT,3,,26.88,27.68,26.6,True,STAT,26.6
tv_pool_20250712-W-Wimbledon-F-Amanda_Anisimova-Iga_Swiatek,tv_pool_20250712-W-Wimbledon-F-Amanda_Anisimova-Iga_Swiatek:0039,39,31,31,anisimova,amanda anisimova,full_name,,,after_preposition,pobj,OTHER,8,,23.24,29.28,21.28,True,OTHER,21.28
tv_pool_20250712-W-Wimbledon-F-Amanda_Anisimova-Iga_Swiatek,tv_pool_20250712-W-Wimbledon-F-Amanda_Anisimova-Iga_Swiatek:0041,41,36,31,anisimova,amanda anisimova,full_name,,,after_preposition,pobj,OTHER,8,,20.08,131,16.52,True,OTHER,16.52
tv_pool_20250712-W-Wimbledon-F-Amanda_Anisimova-Iga_Swiatek,tv_pool_20250712-W-Wimbledon-F-Amanda_Anisimova-Iga_Swiatek:0044,44,3,3,swiatek,swiatek,surname,,,after_preposition,pobj,JUDGE,3,,39.12,12.96,37.64,True,JUDGE,37.64
tv_pool_20250712-W-Wimbledon-F-Amanda_Anisimova-Iga_Swiatek,tv_pool_20250712-W-Wimbledon-F-Amanda_Anisimova-Iga_Swiatek:0045,45,7,6,swiatek,iga swiatek,full_name,,,after_preposition,pobj,OTHER,5,,146.4,39.12,144.44,True,OTHER,144.44
tv_pool_20250712-W-Wimbledon-F-Amanda_Anisimova-Iga_Swiatek,tv_pool_20250712-W-Wimbledon-F-Amanda_Anisimova-Iga_Swiatek:0049,49,25,23,anisimova,amanda,first_name,,,object,dobj,JUDGE,3,,33.8,14.2,31.84,True,JUDGE,31.84
tv_pool_20250712-W-Wimbledon-F-Amanda_Anisimova-Iga_Swiatek,tv_pool_20250712-W-Wimbledon-F-Amanda_Anisimova-Iga_Swiatek:0050,50,17,17,anisimova,amanda,first_name,,,possessive,poss,OTHER,3,,34.6,33.8,33.72,True,OTHER,33.72
tv_pool_20250712-W-Wimbledon-F-Amanda_Anisimova-Iga_Swiatek,tv_pool_20250712-W-Wimbledon-F-Amanda_Anisimova-Iga_Swiatek:0055,55,12,11,swiatek,swiatek,surname,,,vocative_exclamation,conj,STAT,3,,24.08,27.16,22.16,True,STAT,22.16
tv_pool_20250712-W-Wimbledon-F-Amanda_Anisimova-Iga_Swiatek,tv_pool_20250712-W-Wimbledon-F-Amanda_Anisimova-Iga_Swiatek:0059,59,8,7,swiatek,swiatek,surname,,,object,attr,OTHER,3,,14.84,46.88,12.88,True,OTHER,12.88
tv_pool_20250712-W-Wimbledon-F-Amanda_Anisimova-Iga_Swiatek,tv_pool_20250712-W-Wimbledon-F-Amanda_Anisimova-Iga_Swiatek:0059,59,18,15,anisimova,amanda anisimova,full_name,,,other,ROOT,OTHER,8,,14.84,46.88,12.88,True,OTHER,12.88
tv_pool_20250712-W-Wimbledon-F-Amanda_Anisimova-Iga_Swiatek,tv_pool_20250712-W-Wimbledon-F-Amanda_Anisimova-Iga_Swiatek:0059,59,36,33,anisimova,amanda anisimova,full_name,,,subject,nsubj,JUDGE,8,,14.84,46.88,12.88,True,JUDGE,12.88
tv_pool_20250712-W-Wimbledon-F-Amanda_Anisimova-Iga_Swiatek,tv_pool_20250712-W-Wimbledon-F-Amanda_Anisimova-Iga_Swiatek:0073,73,7,6,swiatek,swiatek,surname,,,after_preposition,pobj,SHOT,3,,48.48,20.88,46.32,True,SHOT,46.32
tv_pool_20250712-W-Wimbledon-F-Amanda_Anisimova-Iga_Swiatek,tv_pool_20250712-W-Wimbledon-F-Amanda_Anisimova-Iga_Swiatek:0073,73,110,96,swiatek,iga,first_name,,,subject,nsubj,JUDGE,2,,48.48,20.88,46.32,True,JUDGE,46.32
tv_pool_20250712-W-Wimbledon-F-Amanda_Anisimova-Iga_Swiatek,tv_pool_20250712-W-Wimbledon-F-Amanda_Anisimova-Iga_Swiatek:0081,81,49,41,UNRESOLVED,the world number one,epithet,epithet_descriptive,unresolved,after_preposition,pobj,STAT,5,,45.96,90.96,45.44,True,STAT,45.44
tv_pool_20250712-W-Wimbledon-F-Amanda_Anisimova-Iga_Swiatek,tv_pool_20250712-W-Wimbledon-F-Amanda_Anisimova-Iga_Swiatek:0082,82,58,52,swiatek,swiatek,surname,,,after_preposition,pobj,OTHER,3,,28.68,45.96,26.76,True,OTHER,26.76
tv_pool_20250712-W-Wimbledon-F-Amanda_Anisimova-Iga_Swiatek,tv_pool_20250712-W-Wimbledon-F-Amanda_Anisimova-Iga_Swiatek:0085,85,7,5,swiatek,swiatek,surname,,,subject,nsubj,SCORE,3,,21.04,123.28,19.08,True,SCORE,19.08
tv_pool_20250907-M-US_Open-F-Jannik_Sinner-Carlos_Alcaraz,tv_pool_20250907-M-US_Open-F-Jannik_Sinner-Carlos_Alcaraz:0000,0,9,8,sinner,jannik,first_name,,,other,compound,SHOT,2,,31.5,,,False,SHOT,29.593
tv_pool_20250907-M-US_Open-F-Jannik_Sinner-Carlos_Alcaraz,tv_pool_20250907-M-US_Open-F-Jannik_Sinner-Carlos_Alcaraz:0000,0,63,61,alcaraz,carlos,first_name,,,possessive,poss,SHOT,3,,31.5,,,False,SHOT,29.593
tv_pool_20250907-M-US_Open-F-Jannik_Sinner-Carlos_Alcaraz,tv_pool_20250907-M-US_Open-F-Jannik_Sinner-Carlos_Alcaraz:0002,2,27,26,alcaraz,alcaraz,surname,,,object,attr,JUDGE,3,,34.17,11.08,,False,JUDGE,32.303
tv_pool_20250907-M-US_Open-F-Jannik_Sinner-Carlos_Alcaraz,tv_pool_20250907-M-US_Open-F-Jannik_Sinner-Carlos_Alcaraz:0003,3,0,0,alcaraz,carlos,first_name,,,subject,nsubj,OTHER,2,,10.71,34.17,,False,OTHER,8.779
tv_pool_20250907-M-US_Open-F-Jannik_Sinner-Carlos_Alcaraz,tv_pool_20250907-M-US_Open-F-Jannik_Sinner-Carlos_Alcaraz:0003,3,24,22,sinner,sinner,surname,,,object,dobj,OTHER,2,,10.71,34.17,,False,OTHER,8.779
tv_pool_20250907-M-US_Open-F-Jannik_Sinner-Carlos_Alcaraz,tv_pool_20250907-M-US_Open-F-Jannik_Sinner-Carlos_Alcaraz:0003,3,34,31,sinner,sinner,surname,,,subject,nsubj,STAT,2,,10.71,34.17,,False,STAT,8.779
tv_pool_20250907-M-US_Open-F-Jannik_Sinner-Carlos_Alcaraz,tv_pool_20250907-M-US_Open-F-Jannik_Sinner-Carlos_Alcaraz:0003,3,39,35,alcaraz,carlos,first_name,,,subject,nsubj,OTHER,2,,10.71,34.17,,False,OTHER,8.779
tv_pool_20250907-M-US_Open-F-Jannik_Sinner-Carlos_Alcaraz,tv_pool_20250907-M-US_Open-F-Jannik_Sinner-Carlos_Alcaraz:0009,9,35,33,alcaraz,alcaraz,surname,,,subject,nsubjpass,SHOT,3,,36.8,10.71,,False,SHOT,33.862
tv_pool_20250907-M-US_Open-F-Jannik_Sinner-Carlos_Alcaraz,tv_pool_20250907-M-US_Open-F-Jannik_Sinner-Carlos_Alcaraz:0009,9,46,42,alcaraz,alcaraz,surname,,,subject,nsubj,JUDGE,3,,36.8,10.71,,False,JUDGE,33.862
tv_pool_20250907-M-US_Open-F-Jannik_Sinner-Carlos_Alcaraz,tv_pool_20250907-M-US_Open-F-Jannik_Sinner-Carlos_Alcaraz:0010,10,34,32,alcaraz,alcaraz,surname,,,possessive,poss,SHOT,4,,37.67,36.8,,False,SHOT,35.771
tv_pool_20250907-M-US_Open-F-Jannik_Sinner-Carlos_Alcaraz,tv_pool_20250907-M-US_Open-F-Jannik_Sinner-Carlos_Alcaraz:0010,10,56,52,sinner,sinner,surname,,,subject,nsubj,STAT,2,,37.67,36.8,,False,STAT,35.771
tv_pool_20250907-M-US_Open-F-Jannik_Sinner-Carlos_Alcaraz,tv_pool_20250907-M-US_Open-F-Jannik_Sinner-Carlos_Alcaraz:0010,10,70,65,alcaraz,alcaraz,surname,,,object,dative,OTHER,3,,37.67,36.8,,False,OTHER,35.771
tv_pool_20250907-M-US_Open-F-Jannik_Sinner-Carlos_Alcaraz,tv_pool_20250907-M-US_Open-F-Jannik_Sinner-Carlos_Alcaraz:0011,11,13,11,alcaraz,alcaraz,surname,,,after_preposition,pobj,JUDGE,3,,83.38,37.67,,False,JUDGE,81.446
tv_pool_20250907-M-US_Open-F-Jannik_Sinner-Carlos_Alcaraz,tv_pool_20250907-M-US_Open-F-Jannik_Sinner-Carlos_Alcaraz:0012,12,4,4,alcaraz,the spaniard,epithet,epithet_nationality,nationality,after_preposition,pobj,OTHER,3,,35.5,83.38,,False,OTHER,33.596
tv_pool_20250907-M-US_Open-F-Jannik_Sinner-Carlos_Alcaraz,tv_pool_20250907-M-US_Open-F-Jannik_Sinner-Carlos_Alcaraz:0012,12,17,16,sinner,the italian,epithet,epithet_nationality,nationality,after_preposition,pobj,SHOT,4,,35.5,83.38,,False,SHOT,33.596
tv_pool_20250907-M-US_Open-F-Jannik_Sinner-Carlos_Alcaraz,tv_pool_20250907-M-US_Open-F-Jannik_Sinner-Carlos_Alcaraz:0014,14,2,2,UNRESOLVED,the 22 year old,epithet,epithet_descriptive,unresolved,after_preposition,pobj,OTHER,6,,39.54,10.98,,False,STAT,37.167
tv_pool_20250907-M-US_Open-F-Jannik_Sinner-Carlos_Alcaraz,tv_pool_20250907-M-US_Open-F-Jannik_Sinner-Carlos_Alcaraz:0022,22,9,8,sinner,jannik,first_name,,,subject,nsubj,CROWD,2,,29.07,11.71,,False,CROWD,27.165
tv_pool_20250907-M-US_Open-F-Jannik_Sinner-Carlos_Alcaraz,tv_pool_20250907-M-US_Open-F-Jannik_Sinner-Carlos_Alcaraz:0022,22,21,19,sinner,jannik,first_name,,,after_preposition,pobj,OTHER,2,,29.07,11.71,,False,OTHER,27.165
tv_pool_20250907-M-US_Open-F-Jannik_Sinner-Carlos_Alcaraz,tv_pool_20250907-M-US_Open-F-Jannik_Sinner-Carlos_Alcaraz:0026,26,11,10,alcaraz,alcaraz,surname,,,subject,nsubj,JUDGE,3,,29.19,10.71,,False,JUDGE,27.256
tv_pool_20250907-M-US_Open-F-Jannik_Sinner-Carlos_Alcaraz,tv_pool_20250907-M-US_Open-F-Jannik_Sinner-Carlos_Alcaraz:0026,26,47,43,alcaraz,carlos,first_name,,,other,ROOT,OTHER,2,,29.19,10.71,,False,OTHER,27.256
tv_pool_20250907-M-US_Open-F-Jannik_Sinner-Carlos_Alcaraz,tv_pool_20250907-M-US_Open-F-Jannik_Sinner-Carlos_Alcaraz:0026,26,51,47,sinner,jannik,first_name,,,object,dative,OTHER,2,,29.19,10.71,,False,OTHER,27.256
tv_pool_20250907-M-US_Open-F-Jannik_Sinner-Carlos_Alcaraz,tv_pool_20250907-M-US_Open-F-Jannik_Sinner-Carlos_Alcaraz:0027,27,0,0,alcaraz,alcaraz,surname,,,subject,nsubj,SCORE,3,leads_games,20.99,29.19,,False,SCORE,19.084
tv_pool_20250907-M-US_Open-F-Jannik_Sinner-Carlos_Alcaraz,tv_pool_20250907-M-US_Open-F-Jannik_Sinner-Carlos_Alcaraz:0027,27,105,96,alcaraz,alcaraz,surname,,,subject,nsubj,SHOT,3,,20.99,29.19,,False,SHOT,19.084
tv_pool_20250907-M-US_Open-F-Jannik_Sinner-Carlos_Alcaraz,tv_pool_20250907-M-US_Open-F-Jannik_Sinner-Carlos_Alcaraz:0031,31,9,9,alcaraz,alcaraz,surname,,,subject,nsubj,OTHER,3,,9.58,27.96,,False,OTHER,7.708
tv_pool_20250907-M-US_Open-F-Jannik_Sinner-Carlos_Alcaraz,tv_pool_20250907-M-US_Open-F-Jannik_Sinner-Carlos_Alcaraz:0031,31,89,80,alcaraz,alcaraz,surname,,,subject,nsubj,JUDGE,3,,9.58,27.96,,False,JUDGE,7.708
tv_pool_20250907-M-US_Open-F-Jannik_Sinner-Carlos_Alcaraz,tv_pool_20250907-M-US_Open-F-Jannik_Sinner-Carlos_Alcaraz:0031,31,118,107,alcaraz,alcaraz,surname,,,subject,nsubj,OTHER,3,,9.58,27.96,,False,OTHER,7.708
tv_pool_20250907-M-US_Open-F-Jannik_Sinner-Carlos_Alcaraz,tv_pool_20250907-M-US_Open-F-Jannik_Sinner-Carlos_Alcaraz:0035,35,44,39,alcaraz,alcaraz,surname,,,after_preposition,pobj,OTHER,3,,32.17,45.71,,False,OTHER,30.302
tv_pool_20250907-M-US_Open-F-Jannik_Sinner-Carlos_Alcaraz,tv_pool_20250907-M-US_Open-F-Jannik_Sinner-Carlos_Alcaraz:0035,35,63,55,alcaraz,carlos alcaraz,full_name,,,object,dobj,JUDGE,5,,32.17,45.71,,False,JUDGE,30.302
tv_pool_20250907-M-US_Open-F-Jannik_Sinner-Carlos_Alcaraz,tv_pool_20250907-M-US_Open-F-Jannik_Sinner-Carlos_Alcaraz:0038,38,43,36,alcaraz,alcaraz,surname,,,after_preposition,pobj,JUDGE,3,,33.5,45.25,,False,JUDGE,31.598
tv_pool_20250907-M-US_Open-F-Jannik_Sinner-Carlos_Alcaraz,tv_pool_20250907-M-US_Open-F-Jannik_Sinner-Carlos_Alcaraz:0038,38,85,70,alcaraz,carlos,first_name,,,subject,nsubj,SHOT,2,,33.5,45.25,,False,SHOT,31.598
tv_pool_20250907-M-US_Open-F-Jannik_Sinner-Carlos_Alcaraz,tv_pool_20250907-M-US_Open-F-Jannik_Sinner-Carlos_Alcaraz:0041,41,7,7,alcaraz,alcaraz,surname,,,other,compound,SHOT,3,,31.6,35.61,,False,SHOT,29.766
tv_pool_20250907-M-US_Open-F-Jannik_Sinner-Carlos_Alcaraz,tv_pool_20250907-M-US_Open-F-Jannik_Sinner-Carlos_Alcaraz:0041,41,17,15,alcaraz,alcaraz,surname,,,other,compound,SHOT,3,,31.6,35.61,,False,SHOT,29.766
tv_pool_20250907-M-US_Open-F-Jannik_Sinner-Carlos_Alcaraz,tv_pool_20250907-M-US_Open-F-Jannik_Sinner-Carlos_Alcaraz:0041,41,47,44,alcaraz,alcaraz,surname,,,after_preposition,pobj,SHOT,3,,31.6,35.61,,False,SHOT,29.766
tv_pool_20250907-M-US_Open-F-Jannik_Sinner-Carlos_Alcaraz,tv_pool_20250907-M-US_Open-F-Jannik_Sinner-Carlos_Alcaraz:0041,41,58,53,alcaraz,alcaraz,surname,,,subject,nsubj,JUDGE,3,,31.6,35.61,,False,JUDGE,29.766
tv_pool_20250907-M-US_Open-F-Jannik_Sinner-Carlos_Alcaraz,tv_pool_20250907-M-US_Open-F-Jannik_Sinner-Carlos_Alcaraz:0042,42,0,0,alcaraz,alcaraz,surname,,,subject,nsubj,SCORE,3,leads_games,132.1,31.6,,False,SCORE,130.227
tv_pool_20250907-M-US_Open-F-Jannik_Sinner-Carlos_Alcaraz,tv_pool_20250907-M-US_Open-F-Jannik_Sinner-Carlos_Alcaraz:0044,44,35,33,alcaraz,alcaraz,surname,,,other,nmod,OTHER,3,,20.22,23.79,,False,OTHER,18.381
tv_pool_20250907-M-US_Open-F-Jannik_Sinner-Carlos_Alcaraz,tv_pool_20250907-M-US_Open-F-Jannik_Sinner-Carlos_Alcaraz:0046,46,2,2,alcaraz,carlos,first_name,,,subject,nsubj,OTHER,2,,28.63,74.91,,False,OTHER,26.797
tv_pool_20250907-M-US_Open-F-Jannik_Sinner-Carlos_Alcaraz,tv_pool_20250907-M-US_Open-F-Jannik_Sinner-Carlos_Alcaraz:0050,50,23,22,alcaraz,alcaraz,surname,,,after_preposition,pobj,SHOT,3,,34.1,11.78,,False,SHOT,31.502
tv_pool_20250907-M-US_Open-F-Jannik_Sinner-Carlos_Alcaraz,tv_pool_20250907-M-US_Open-F-Jannik_Sinner-Carlos_Alcaraz:0050,50,35,32,alcaraz,carlos,first_name,,,subject,nsubj,SHOT,2,,34.1,11.78,,False,SHOT,31.502
tv_pool_20250907-M-US_Open-F-Jannik_Sinner-Carlos_Alcaraz,tv_pool_20250907-M-US_Open-F-Jannik_Sinner-Carlos_Alcaraz:0051,51,22,20,alcaraz,alcaraz,surname,,,after_preposition,pobj,OTHER,3,,11.21,34.1,,False,OTHER,9.279
tv_pool_20250907-M-US_Open-F-Jannik_Sinner-Carlos_Alcaraz,tv_pool_20250907-M-US_Open-F-Jannik_Sinner-Carlos_Alcaraz:0051,51,30,27,alcaraz,alcaraz,surname,,,subject,nsubj,STAT,3,,11.21,34.1,,False,STAT,9.279
tv_pool_20250907-M-US_Open-F-Jannik_Sinner-Carlos_Alcaraz,tv_pool_20250907-M-US_Open-F-Jannik_Sinner-Carlos_Alcaraz:0053,53,26,21,alcaraz,carlos alcaraz,full_name,,,object,dobj,SHOT,5,,24.16,30.03,,False,SHOT,22.289
tv_pool_20250907-M-US_Open-F-Jannik_Sinner-Carlos_Alcaraz,tv_pool_20250907-M-US_Open-F-Jannik_Sinner-Carlos_Alcaraz:0055,55,12,12,alcaraz,alcaraz,surname,,,after_preposition,pobj,OTHER,3,,26.59,9.78,,False,OTHER,24.687
tv_pool_20250907-M-US_Open-F-Jannik_Sinner-Carlos_Alcaraz,tv_pool_20250907-M-US_Open-F-Jannik_Sinner-Carlos_Alcaraz:0059,59,16,16,alcaraz,alcaraz,surname,,,subject,nsubj,OTHER,3,,25.66,16.41,,False,OTHER,23.821
tv_pool_20250907-M-US_Open-F-Jannik_Sinner-Carlos_Alcaraz,tv_pool_20250907-M-US_Open-F-Jannik_Sinner-Carlos_Alcaraz:0059,59,73,67,alcaraz,alcaraz,surname,,,subject,nsubj,OTHER,3,,25.66,16.41,,False,OTHER,23.821
tv_pool_20250907-M-US_Open-F-Jannik_Sinner-Carlos_Alcaraz,tv_pool_20250907-M-US_Open-F-Jannik_Sinner-Carlos_Alcaraz:0063,63,52,48,alcaraz,alcaraz,surname,,,subject,nsubj,SHOT,3,,38.4,42.95,,False,SHOT,36.535
tv_pool_20250907-M-US_Open-F-Jannik_Sinner-Carlos_Alcaraz,tv_pool_20250907-M-US_Open-F-Jannik_Sinner-Carlos_Alcaraz:0066,66,24,20,sinner,sinner,surname,,,after_preposition,pobj,SHOT,2,,27.9,28.43,,False,SHOT,25.963
tv_pool_20250907-M-US_Open-F-Jannik_Sinner-Carlos_Alcaraz,tv_pool_20250907-M-US_Open-F-Jannik_Sinner-Carlos_Alcaraz:0066,66,38,32,sinner,sinner,surname,,,after_preposition,pobj,OTHER,2,,27.9,28.43,,False,OTHER,25.963
tv_pool_20250907-M-US_Open-F-Jannik_Sinner-Carlos_Alcaraz,tv_pool_20250907-M-US_Open-F-Jannik_Sinner-Carlos_Alcaraz:0067,67,2,1,sinner,sinner,surname,,,vocative_exclamation,npadvmod,JUDGE,2,,12.88,27.9,,False,JUDGE,11.011
tv_pool_20250907-M-US_Open-F-Jannik_Sinner-Carlos_Alcaraz,tv_pool_20250907-M-US_Open-F-Jannik_Sinner-Carlos_Alcaraz:0068,68,40,35,alcaraz,alcaraz,surname,,,after_preposition,pobj,STAT,3,,21.69,12.88,,False,STAT,18.653
tv_pool_20250907-M-US_Open-F-Jannik_Sinner-Carlos_Alcaraz,tv_pool_20250907-M-US_Open-F-Jannik_Sinner-Carlos_Alcaraz:0069,69,53,47,alcaraz,carlos,first_name,,,after_preposition,pobj,SHOT,2,,23.65,21.69,,False,SHOT,21.818
tv_pool_20250907-M-US_Open-F-Jannik_Sinner-Carlos_Alcaraz,tv_pool_20250907-M-US_Open-F-Jannik_Sinner-Carlos_Alcaraz:0071,71,5,5,alcaraz,carlos,first_name,,,subject,nsubj,OTHER,2,,10.44,19.59,,False,OTHER,8.571
tv_pool_20250907-M-US_Open-F-Jannik_Sinner-Carlos_Alcaraz,tv_pool_20250907-M-US_Open-F-Jannik_Sinner-Carlos_Alcaraz:0073,73,6,6,alcaraz,alcaraz,surname,,,after_preposition,pobj,OTHER,3,,10.65,41.27,,False,OTHER,8.712
tv_pool_20250907-M-US_Open-F-Jannik_Sinner-Carlos_Alcaraz,tv_pool_20250907-M-US_Open-F-Jannik_Sinner-Carlos_Alcaraz:0073,73,32,31,alcaraz,alcaraz,surname,,,other,compound,SHOT,3,,10.65,41.27,,False,SHOT,8.712
tv_pool_20250907-M-US_Open-F-Jannik_Sinner-Carlos_Alcaraz,tv_pool_20250907-M-US_Open-F-Jannik_Sinner-Carlos_Alcaraz:0077,77,37,33,alcaraz,carlos,first_name,,,after_preposition,pobj,SHOT,2,,40.27,66.5,,False,SHOT,38.305
tv_pool_20250907-M-US_Open-F-Jannik_Sinner-Carlos_Alcaraz,tv_pool_20250907-M-US_Open-F-Jannik_Sinner-Carlos_Alcaraz:0077,77,61,54,alcaraz,alcaraz,surname,,,subject,conj,OTHER,3,,40.27,66.5,,False,OTHER,38.305
tv_pool_20250907-M-US_Open-F-Jannik_Sinner-Carlos_Alcaraz,tv_pool_20250907-M-US_Open-F-Jannik_Sinner-Carlos_Alcaraz:0077,77,105,94,alcaraz,alcaraz,surname,,,object,dobj,OTHER,3,,40.27,66.5,,False,OTHER,38.305
tv_pool_20250907-M-US_Open-F-Jannik_Sinner-Carlos_Alcaraz,tv_pool_20250907-M-US_Open-F-Jannik_Sinner-Carlos_Alcaraz:0078,78,22,20,alcaraz,alcaraz,surname,,,subject,nsubj,SHOT,3,,15.65,40.27,,False,SHOT,13.814
tv_pool_20250907-M-US_Open-F-Jannik_Sinner-Carlos_Alcaraz,tv_pool_20250907-M-US_Open-F-Jannik_Sinner-Carlos_Alcaraz:0078,78,51,47,sinner,sinner,surname,,,after_preposition,pobj,OTHER,2,,15.65,40.27,,False,OTHER,13.814
tv_pool_20250907-M-US_Open-F-Jannik_Sinner-Carlos_Alcaraz,tv_pool_20250907-M-US_Open-F-Jannik_Sinner-Carlos_Alcaraz:0078,78,66,59,sinner,sinner,surname,,,subject,nsubj,SCORE,2,leads_games,15.65,40.27,,False,SCORE,13.814
tv_pool_20250907-M-US_Open-F-Jannik_Sinner-Carlos_Alcaraz,tv_pool_20250907-M-US_Open-F-Jannik_Sinner-Carlos_Alcaraz:0081,81,38,35,alcaraz,carlos,first_name,,,object,dobj,OTHER,2,,44.65,11.27,,False,OTHER,43.946
tv_pool_20250907-M-US_Open-F-Jannik_Sinner-Carlos_Alcaraz,tv_pool_20250907-M-US_Open-F-Jannik_Sinner-Carlos_Alcaraz:0081,81,52,48,alcaraz,alcaraz,surname,,,other,compound,OFFICIAL,3,,44.65,11.27,,False,OFFICIAL,43.946
tv_pool_20250907-M-US_Open-F-Jannik_Sinner-Carlos_Alcaraz,tv_pool_20250907-M-US_Open-F-Jannik_Sinner-Carlos_Alcaraz:0084,84,7,5,sinner,the italian,epithet,epithet_nationality,nationality,after_preposition,pobj,OTHER,4,,45.92,9.48,,False,OTHER,44.014
tv_pool_20250907-M-US_Open-F-Jannik_Sinner-Carlos_Alcaraz,tv_pool_20250907-M-US_Open-F-Jannik_Sinner-Carlos_Alcaraz:0084,84,23,19,sinner,sinner,surname,,,after_preposition,pobj,JUDGE,2,,45.92,9.48,,False,JUDGE,44.014
tv_pool_20250907-M-US_Open-F-Jannik_Sinner-Carlos_Alcaraz,tv_pool_20250907-M-US_Open-F-Jannik_Sinner-Carlos_Alcaraz:0084,84,28,23,alcaraz,alcaraz,surname,,,subject,nsubj,SCORE,3,,45.92,9.48,,False,SCORE,44.014
tv_pool_20250907-M-US_Open-F-Jannik_Sinner-Carlos_Alcaraz,tv_pool_20250907-M-US_Open-F-Jannik_Sinner-Carlos_Alcaraz:0084,84,51,42,sinner,sinner,surname,,,subject,nsubj,STAT,2,,45.92,9.48,,False,STAT,44.014
tv_pool_20250907-M-US_Open-F-Jannik_Sinner-Carlos_Alcaraz,tv_pool_20250907-M-US_Open-F-Jannik_Sinner-Carlos_Alcaraz:0088,88,20,19,alcaraz,alcaraz,surname,,,subject,nsubj,STAT,3,,30.36,14.98,,False,STAT,28.459
tv_pool_20250907-M-US_Open-F-Jannik_Sinner-Carlos_Alcaraz,tv_pool_20250907-M-US_Open-F-Jannik_Sinner-Carlos_Alcaraz:0088,88,28,27,sinner,sinner,surname,,,after_preposition,pobj,SHOT,2,,30.36,14.98,,False,SHOT,28.459
tv_pool_20250907-M-US_Open-F-Jannik_Sinner-Carlos_Alcaraz,tv_pool_20250907-M-US_Open-F-Jannik_Sinner-Carlos_Alcaraz:0088,88,47,43,sinner,sinner,surname,,,subject,nsubj,OTHER,2,,30.36,14.98,,False,OTHER,28.459
tv_pool_20250907-M-US_Open-F-Jannik_Sinner-Carlos_Alcaraz,tv_pool_20250907-M-US_Open-F-Jannik_Sinner-Carlos_Alcaraz:0089,89,35,32,alcaraz,alcaraz,surname,,,subject,nsubj,OTHER,3,,35.63,30.36,,False,OTHER,33.799
tv_pool_20250907-M-US_Open-F-Jannik_Sinner-Carlos_Alcaraz,tv_pool_20250907-M-US_Open-F-Jannik_Sinner-Carlos_Alcaraz:0099,99,12,12,alcaraz,alcaraz,surname,,,subject,nsubj,JUDGE,3,,66.2,29.96,,False,JUDGE,64.331
tv_pool_20250907-M-US_Open-F-Jannik_Sinner-Carlos_Alcaraz,tv_pool_20250907-M-US_Open-F-Jannik_Sinner-Carlos_Alcaraz:0104,104,10,8,alcaraz,alcaraz,surname,,,subject,nsubj,CROWD,3,,37.54,10.71,,False,CROWD,35.669
tv_pool_20250907-M-US_Open-F-Jannik_Sinner-Carlos_Alcaraz,tv_pool_20250907-M-US_Open-F-Jannik_Sinner-Carlos_Alcaraz:0106,106,56,54,alcaraz,alcaraz,surname,,,object,dobj,OTHER,3,,11.31,46.85,,False,OTHER,9.442
tv_pool_20250907-M-US_Open-F-Jannik_Sinner-Carlos_Alcaraz,tv_pool_20250907-M-US_Open-F-Jannik_Sinner-Carlos_Alcaraz:0112,112,11,9,alcaraz,alcaraz,surname,,,after_preposition,pobj,OTHER,3,,21.89,18.98,,False,OTHER,20.087
tv_pool_20250907-M-US_Open-F-Jannik_Sinner-Carlos_Alcaraz,tv_pool_20250907-M-US_Open-F-Jannik_Sinner-Carlos_Alcaraz:0116,116,21,21,sinner,sinner,surname,,,other,acomp,STAT,2,,27.26,74.31,,False,STAT,24.428
tv_pool_20250907-M-US_Open-F-Jannik_Sinner-Carlos_Alcaraz,tv_pool_20250907-M-US_Open-F-Jannik_Sinner-Carlos_Alcaraz:0118,118,59,59,alcaraz,alcaraz,surname,,,subject,nsubj,SHOT,3,,33.2,10.71,,False,SHOT,31.333
tv_pool_20250907-M-US_Open-F-Jannik_Sinner-Carlos_Alcaraz,tv_pool_20250907-M-US_Open-F-Jannik_Sinner-Carlos_Alcaraz:0119,119,4,4,alcaraz,alcaraz,surname,,,after_preposition,conj,SHOT,3,,10.98,33.2,,False,SHOT,4.308
tv_pool_20250907-M-US_Open-F-Jannik_Sinner-Carlos_Alcaraz,tv_pool_20250907-M-US_Open-F-Jannik_Sinner-Carlos_Alcaraz:0120,120,22,22,sinner,the italian,epithet,epithet_nationality,nationality,after_preposition,pobj,OFFICIAL,4,,46.91,10.98,,False,OFFICIAL,46.347
tv_pool_20250907-M-US_Open-F-Jannik_Sinner-Carlos_Alcaraz,tv_pool_20250907-M-US_Open-F-Jannik_Sinner-Carlos_Alcaraz:0123,123,6,6,sinner,jannik sinner,full_name,,,subject,nsubj,SHOT,4,,38.5,11.24,,False,SHOT,36.667
tv_pool_20250907-M-US_Open-F-Jannik_Sinner-Carlos_Alcaraz,tv_pool_20250907-M-US_Open-F-Jannik_Sinner-Carlos_Alcaraz:0123,123,12,12,alcaraz,alcaraz,surname,,,after_preposition,pobj,OTHER,3,,38.5,11.24,,False,OTHER,36.667
tv_pool_20250907-M-US_Open-F-Jannik_Sinner-Carlos_Alcaraz,tv_pool_20250907-M-US_Open-F-Jannik_Sinner-Carlos_Alcaraz:0124,124,19,17,alcaraz,alcaraz,surname,,,object,dobj,JUDGE,3,,55.06,38.5,,False,JUDGE,53.254
tv_pool_20250907-M-US_Open-F-Jannik_Sinner-Carlos_Alcaraz,tv_pool_20250907-M-US_Open-F-Jannik_Sinner-Carlos_Alcaraz:0137,137,32,29,alcaraz,alcaraz,surname,,,subject,nsubj,OTHER,3,,40.11,37.67,,False,OTHER,38.272
tv_pool_20250907-M-US_Open-F-Jannik_Sinner-Carlos_Alcaraz,tv_pool_20250907-M-US_Open-F-Jannik_Sinner-Carlos_Alcaraz:0139,139,18,16,alcaraz,alcaraz,surname,,,subject,nsubj,OTHER,3,,38.94,9.84,,False,OTHER,38.472
tv_pool_20250907-M-US_Open-F-Jannik_Sinner-Carlos_Alcaraz,tv_pool_20250907-M-US_Open-F-Jannik_Sinner-Carlos_Alcaraz:0139,139,27,24,sinner,jannik,first_name,,,object,dative,JUDGE,2,,38.94,9.84,,False,JUDGE,38.472
tv_pool_20250907-M-US_Open-F-Jannik_Sinner-Carlos_Alcaraz,tv_pool_20250907-M-US_Open-F-Jannik_Sinner-Carlos_Alcaraz:0140,140,7,7,sinner,sinner,surname,,,possessive,poss,OTHER,2,,31.6,38.94,,False,OTHER,29.797
tv_pool_20250907-M-US_Open-F-Jannik_Sinner-Carlos_Alcaraz,tv_pool_20250907-M-US_Open-F-Jannik_Sinner-Carlos_Alcaraz:0148,148,49,45,sinner,jannik,first_name,,,other,compound,OTHER,2,,31.87,10.81,,False,OTHER,30.067
tv_pool_20250907-M-US_Open-F-Jannik_Sinner-Carlos_Alcaraz,tv_pool_20250907-M-US_Open-F-Jannik_Sinner-Carlos_Alcaraz:0149,149,5,4,alcaraz,alcaraz,surname,,,subject,nsubj,JUDGE,3,,30.83,31.87,,False,JUDGE,29.03
tv_pool_20250907-M-US_Open-F-Jannik_Sinner-Carlos_Alcaraz,tv_pool_20250907-M-US_Open-F-Jannik_Sinner-Carlos_Alcaraz:0153,153,10,10,sinner,jannik,first_name,,,other,compound,SHOT,2,,41.74,10.91,,False,SHOT,39.937
tv_pool_20250907-M-US_Open-F-Jannik_Sinner-Carlos_Alcaraz,tv_pool_20250907-M-US_Open-F-Jannik_Sinner-Carlos_Alcaraz:0153,153,23,22,alcaraz,alcaraz,surname,,,after_preposition,pobj,CROWD,3,,41.74,10.91,,False,CROWD,39.937
tv_pool_20250907-M-US_Open-F-Jannik_Sinner-Carlos_Alcaraz,tv_pool_20250907-M-US_Open-F-Jannik_Sinner-Carlos_Alcaraz:0166,166,12,11,sinner,jannik,first_name,,,other,compound,JUDGE,2,,31.2,38,,False,JUDGE,29.362
tv_pool_20250907-M-US_Open-F-Jannik_Sinner-Carlos_Alcaraz,tv_pool_20250907-M-US_Open-F-Jannik_Sinner-Carlos_Alcaraz:0166,166,28,24,alcaraz,alcaraz,surname,,,after_preposition,pobj,JUDGE,3,,31.2,38,,False,JUDGE,29.362
tv_pool_20250907-M-US_Open-F-Jannik_Sinner-Carlos_Alcaraz,tv_pool_20250907-M-US_Open-F-Jannik_Sinner-Carlos_Alcaraz:0166,166,30,26,alcaraz,carlos,first_name,,,subject,nsubj,OTHER,2,,31.2,38,,False,OTHER,29.362
tv_pool_20250907-M-US_Open-F-Jannik_Sinner-Carlos_Alcaraz,tv_pool_20250907-M-US_Open-F-Jannik_Sinner-Carlos_Alcaraz:0166,166,48,41,alcaraz,carlos,first_name,,,subject,nsubj,CROWD,2,,31.2,38,,False,CROWD,29.362
tv_pool_20250907-M-US_Open-F-Jannik_Sinner-Carlos_Alcaraz,tv_pool_20250907-M-US_Open-F-Jannik_Sinner-Carlos_Alcaraz:0167,167,0,0,sinner,sinner,surname,,,subject,nsubjpass,OTHER,2,,23.49,31.2,,False,OTHER,21.724
tv_pool_20250907-M-US_Open-F-Jannik_Sinner-Carlos_Alcaraz,tv_pool_20250907-M-US_Open-F-Jannik_Sinner-Carlos_Alcaraz:0167,167,24,23,alcaraz,alcaraz,surname,,,subject,nsubjpass,OTHER,3,,23.49,31.2,,False,OTHER,21.724
tv_pool_20250907-M-US_Open-F-Jannik_Sinner-Carlos_Alcaraz,tv_pool_20250907-M-US_Open-F-Jannik_Sinner-Carlos_Alcaraz:0168,168,52,48,alcaraz,alcaraz,surname,,,subject,nsubj,OTHER,3,,60.96,23.49,,False,OTHER,59.096
tv_pool_20250907-M-US_Open-F-Jannik_Sinner-Carlos_Alcaraz,tv_pool_20250907-M-US_Open-F-Jannik_Sinner-Carlos_Alcaraz:0169,169,19,17,alcaraz,alcaraz,surname,,,subject,nsubj,JUDGE,3,,22.33,60.96,,False,JUDGE,21.192
tv_pool_20250907-M-US_Open-F-Jannik_Sinner-Carlos_Alcaraz,tv_pool_20250907-M-US_Open-F-Jannik_Sinner-Carlos_Alcaraz:0169,169,25,22,alcaraz,carlos,first_name,,,subject,nsubj,JUDGE,2,,22.33,60.96,,False,JUDGE,21.192
tv_pool_20250907-M-US_Open-F-Jannik_Sinner-Carlos_Alcaraz,tv_pool_20250907-M-US_Open-F-Jannik_Sinner-Carlos_Alcaraz:0171,171,4,4,UNRESOLVED,the 22 year old,epithet,epithet_descriptive,unresolved,after_preposition,pobj,OTHER,6,,26.39,41.28,,False,STAT,24.655
tv_pool_20250907-M-US_Open-F-Jannik_Sinner-Carlos_Alcaraz,tv_pool_20250907-M-US_Open-F-Jannik_Sinner-Carlos_Alcaraz:0175,175,3,2,alcaraz,alcaraz,surname,,,vocative_exclamation,ROOT,SHOT,3,,31.13,10.54,,False,SHOT,29.328
tv_pool_20250907-M-US_Open-F-Jannik_Sinner-Carlos_Alcaraz,tv_pool_20250907-M-US_Open-F-Jannik_Sinner-Carlos_Alcaraz:0177,177,1,1,alcaraz,carlos alcaraz,full_name,,,after_preposition,pobj,OTHER,5,,10.88,32.03,,False,OTHER,9.077
tv_pool_20250907-M-US_Open-F-Jannik_Sinner-Carlos_Alcaraz,tv_pool_20250907-M-US_Open-F-Jannik_Sinner-Carlos_Alcaraz:0179,179,14,12,alcaraz,alcaraz,surname,,,subject,nsubj,OTHER,3,,10.51,38.9,,False,OTHER,8.704
tv_pool_20250907-M-US_Open-F-Jannik_Sinner-Carlos_Alcaraz,tv_pool_20250907-M-US_Open-F-Jannik_Sinner-Carlos_Alcaraz:0179,179,36,34,alcaraz,carlos,first_name,,,other,compound,OTHER,2,,10.51,38.9,,False,OTHER,8.704
tv_pool_20250907-M-US_Open-F-Jannik_Sinner-Carlos_Alcaraz,tv_pool_20250907-M-US_Open-F-Jannik_Sinner-Carlos_Alcaraz:0184,184,25,22,sinner,jannik,first_name,,,other,compound,STAT,2,,10.47,41.55,,False,STAT,8.672
tv_pool_20250907-M-US_Open-F-Jannik_Sinner-Carlos_Alcaraz,tv_pool_20250907-M-US_Open-F-Jannik_Sinner-Carlos_Alcaraz:0184,184,72,63,sinner,jannik,first_name,,,possessive,poss,JUDGE,2,,10.47,41.55,,False,JUDGE,8.672
tv_pool_20250907-M-US_Open-F-Jannik_Sinner-Carlos_Alcaraz,tv_pool_20250907-M-US_Open-F-Jannik_Sinner-Carlos_Alcaraz:0191,191,137,118,sinner,jannik,first_name,,,after_preposition,pobj,OTHER,2,,11.08,31.87,,False,OTHER,9.279
tv_pool_20250907-M-US_Open-F-Jannik_Sinner-Carlos_Alcaraz,tv_pool_20250907-M-US_Open-F-Jannik_Sinner-Carlos_Alcaraz:0193,193,16,14,alcaraz,alcaraz,surname,,,after_preposition,pobj,SHOT,3,,21.36,80.21,,False,SHOT,19.756
tv_pool_20250907-M-US_Open-F-Jannik_Sinner-Carlos_Alcaraz,tv_pool_20250907-M-US_Open-F-Jannik_Sinner-Carlos_Alcaraz:0194,194,45,39,alcaraz,alcaraz,surname,,,subject,nsubj,OTHER,3,,11.24,21.36,,False,OTHER,9.375
tv_pool_20250907-M-US_Open-F-Jannik_Sinner-Carlos_Alcaraz,tv_pool_20250907-M-US_Open-F-Jannik_Sinner-Carlos_Alcaraz:0203,203,26,23,alcaraz,alcaraz,surname,,,after_preposition,pobj,OTHER,3,,129.59,47.61,,False,OTHER,128.791
tv_pool_20250907-M-US_Open-F-Jannik_Sinner-Carlos_Alcaraz,tv_pool_20250907-M-US_Open-F-Jannik_Sinner-Carlos_Alcaraz:0203,203,41,35,sinner,sinner,surname,,,object,dobj,OTHER,2,,129.59,47.61,,False,OTHER,128.791
tv_pool_20250907-M-US_Open-F-Jannik_Sinner-Carlos_Alcaraz,tv_pool_20250907-M-US_Open-F-Jannik_Sinner-Carlos_Alcaraz:0206,206,12,12,alcaraz,alcaraz,surname,,,object,dobj,OTHER,3,,26.79,25.22,,False,OTHER,24.186
tv_pool_20250907-M-US_Open-F-Jannik_Sinner-Carlos_Alcaraz,tv_pool_20250907-M-US_Open-F-Jannik_Sinner-Carlos_Alcaraz:0206,206,37,35,alcaraz,alcaraz,surname,,,subject,nsubj,SHOT,3,,26.79,25.22,,False,SHOT,24.186
tv_pool_20250907-M-US_Open-F-Jannik_Sinner-Carlos_Alcaraz,tv_pool_20250907-M-US_Open-F-Jannik_Sinner-Carlos_Alcaraz:0206,206,104,96,alcaraz,alcaraz,surname,,,subject,nsubj,OTHER,3,,26.79,25.22,,False,OTHER,24.186
tv_pool_20250907-M-US_Open-F-Jannik_Sinner-Carlos_Alcaraz,tv_pool_20250907-M-US_Open-F-Jannik_Sinner-Carlos_Alcaraz:0216,216,7,4,alcaraz,alcaraz,surname,,,subject,nsubj,SCORE,3,leads_games,115.85,11.84,,False,SCORE,113.383
tv_pool_20250907-M-US_Open-F-Jannik_Sinner-Carlos_Alcaraz,tv_pool_20250907-M-US_Open-F-Jannik_Sinner-Carlos_Alcaraz:0217,217,3,3,alcaraz,alcaraz,surname,,,after_preposition,pobj,SHOT,3,,22.56,115.85,,False,SHOT,20.757
tv_pool_20250907-M-US_Open-F-Jannik_Sinner-Carlos_Alcaraz,tv_pool_20250907-M-US_Open-F-Jannik_Sinner-Carlos_Alcaraz:0220,220,26,23,alcaraz,alcaraz,surname,,,subject,nsubjpass,OTHER,3,,26.29,35.03,,False,OTHER,24.421
tv_pool_20250907-M-US_Open-F-Jannik_Sinner-Carlos_Alcaraz,tv_pool_20250907-M-US_Open-F-Jannik_Sinner-Carlos_Alcaraz:0234,234,66,64,alcaraz,alcaraz,surname,,,subject,nsubj,SCORE,3,,21.76,23.69,,False,SCORE,19.122
