S,tokens,measure,statistic,estimate,ci_lo,ci_hi,n_pairs,uncertainty
1500,norm,cov_base,TV->TV mean obs,0.0869949,0.0803969,0.0945733,380,"vertex bootstrap over TV streams, B = 2000"
1500,norm,cov_base,cornell->TV mean obs,0.0816909,0.0758879,0.0876782,20,"bootstrap over TV streams, B = 2000"
1500,norm,cov_base,TV->cornell mean obs,0.0914026,0.0861044,0.0966936,20,"bootstrap over TV streams, B = 2000"
1500,norm,cov_base,press_pooled->TV mean obs,0.0560208,0.0529965,0.0591784,20,"bootstrap over TV streams, B = 2000"
1500,norm,cov_base,TV->press_pooled mean obs,0.0703413,0.0663293,0.0742961,20,"bootstrap over TV streams, B = 2000"
1500,norm,cov_base,press_federer->TV mean obs,0.0522581,0.0492086,0.0555779,20,"bootstrap over TV streams, B = 2000"
1500,norm,cov_base,TV->press_federer mean obs,0.0637901,0.059639,0.0683719,20,"bootstrap over TV streams, B = 2000"
1500,norm,cov_base,press_djokovic->TV mean obs,0.0564112,0.0538083,0.0591743,20,"bootstrap over TV streams, B = 2000"
1500,norm,cov_base,TV->press_djokovic mean obs,0.0655316,0.0620123,0.0692487,20,"bootstrap over TV streams, B = 2000"
1500,norm,cov_base,press_murray->TV mean obs,0.065339,0.0618605,0.0690063,20,"bootstrap over TV streams, B = 2000"
1500,norm,cov_base,TV->press_murray mean obs,0.0805625,0.075299,0.0860243,20,"bootstrap over TV streams, B = 2000"
1500,norm,cov_base,press_nadal->TV mean obs,0.053435,0.050865,0.056144,20,"bootstrap over TV streams, B = 2000"
1500,norm,cov_base,TV->press_nadal mean obs,0.0648753,0.0624083,0.0674865,20,"bootstrap over TV streams, B = 2000"
1500,norm,cov_base,cornell->press_pooled obs,0.033887,,,1,replicate mean (no CI)
1500,norm,cov_base,cornell->press_federer obs,0.030362,,,1,replicate mean (no CI)
1500,norm,cov_base,cornell->press_djokovic obs,0.0379367,,,1,replicate mean (no CI)
1500,norm,cov_base,cornell->press_murray obs,0.0437157,,,1,replicate mean (no CI)
1500,norm,cov_base,cornell->press_nadal obs,0.0390835,,,1,replicate mean (no CI)
1500,norm,cov_base,press_pooled->cornell obs,0.0339785,,,1,replicate mean (no CI)
1500,norm,cov_base,press_pooled->press_federer obs,0.113782,,,1,replicate mean (no CI)
1500,norm,cov_base,press_pooled->press_djokovic obs,0.115693,,,1,replicate mean (no CI)
1500,norm,cov_base,press_pooled->press_murray obs,0.147028,,,1,replicate mean (no CI)
1500,norm,cov_base,press_pooled->press_nadal obs,0.107511,,,1,replicate mean (no CI)
1500,norm,cov_base,press_federer->cornell obs,0.0312792,,,1,replicate mean (no CI)
1500,norm,cov_base,press_federer->press_pooled obs,0.116795,,,1,replicate mean (no CI)
1500,norm,cov_base,press_federer->press_djokovic obs,0.103316,,,1,replicate mean (no CI)
1500,norm,cov_base,press_federer->press_murray obs,0.137866,,,1,replicate mean (no CI)
1500,norm,cov_base,press_federer->press_nadal obs,0.0919547,,,1,replicate mean (no CI)
1500,norm,cov_base,press_djokovic->cornell obs,0.0388853,,,1,replicate mean (no CI)
1500,norm,cov_base,press_djokovic->press_pooled obs,0.120657,,,1,replicate mean (no CI)
1500,norm,cov_base,press_djokovic->press_federer obs,0.10605,,,1,replicate mean (no CI)
1500,norm,cov_base,press_djokovic->press_murray obs,0.139406,,,1,replicate mean (no CI)
1500,norm,cov_base,press_djokovic->press_nadal obs,0.101714,,,1,replicate mean (no CI)
1500,norm,cov_base,press_murray->cornell obs,0.0454602,,,1,replicate mean (no CI)
1500,norm,cov_base,press_murray->press_pooled obs,0.133585,,,1,replicate mean (no CI)
1500,norm,cov_base,press_murray->press_federer obs,0.121897,,,1,replicate mean (no CI)
1500,norm,cov_base,press_murray->press_djokovic obs,0.122196,,,1,replicate mean (no CI)
1500,norm,cov_base,press_murray->press_nadal obs,0.112499,,,1,replicate mean (no CI)
1500,norm,cov_base,press_nadal->cornell obs,0.0396856,,,1,replicate mean (no CI)
1500,norm,cov_base,press_nadal->press_pooled obs,0.114779,,,1,replicate mean (no CI)
1500,norm,cov_base,press_nadal->press_federer obs,0.0983156,,,1,replicate mean (no CI)
1500,norm,cov_base,press_nadal->press_djokovic obs,0.104722,,,1,replicate mean (no CI)
1500,norm,cov_base,press_nadal->press_murray obs,0.126741,,,1,replicate mean (no CI)
1500,norm,cov_base,TV->TV mean null,0.0113953,0.00901923,0.0140337,380,"vertex bootstrap over TV streams, B = 2000"
1500,norm,cov_base,cornell->TV mean null,0.024539,0.0220149,0.0275417,20,"bootstrap over TV streams, B = 2000"
1500,norm,cov_base,TV->cornell mean null,0.0249835,0.0215679,0.0288794,20,"bootstrap over TV streams, B = 2000"
1500,norm,cov_base,press_pooled->TV mean null,0.00179445,0.00164959,0.00192665,20,"bootstrap over TV streams, B = 2000"
1500,norm,cov_base,TV->press_pooled mean null,0.00218469,0.00197774,0.00240025,20,"bootstrap over TV streams, B = 2000"
1500,norm,cov_base,press_federer->TV mean null,0.00170623,0.00156522,0.0018393,20,"bootstrap over TV streams, B = 2000"
1500,norm,cov_base,TV->press_federer mean null,0.00213379,0.00191913,0.00235611,20,"bootstrap over TV streams, B = 2000"
1500,norm,cov_base,press_djokovic->TV mean null,0.00178393,0.00165103,0.0019093,20,"bootstrap over TV streams, B = 2000"
1500,norm,cov_base,TV->press_djokovic mean null,0.00229977,0.0020812,0.00253729,20,"bootstrap over TV streams, B = 2000"
1500,norm,cov_base,press_murray->TV mean null,0.00232254,0.00213697,0.00249143,20,"bootstrap over TV streams, B = 2000"
1500,norm,cov_base,TV->press_murray mean null,0.00241518,0.00219611,0.00264689,20,"bootstrap over TV streams, B = 2000"
1500,norm,cov_base,press_nadal->TV mean null,0.00310567,0.00288385,0.00335813,20,"bootstrap over TV streams, B = 2000"
1500,norm,cov_base,TV->press_nadal mean null,0.0032655,0.002942,0.00360964,20,"bootstrap over TV streams, B = 2000"
1500,norm,cov_base,cornell->press_pooled null,0.00322353,,,1,replicate mean (no CI)
1500,norm,cov_base,cornell->press_federer null,0.00330796,,,1,replicate mean (no CI)
1500,norm,cov_base,cornell->press_djokovic null,0.00377589,,,1,replicate mean (no CI)
1500,norm,cov_base,cornell->press_murray null,0.00380072,,,1,replicate mean (no CI)
1500,norm,cov_base,cornell->press_nadal null,0.00540562,,,1,replicate mean (no CI)
1500,norm,cov_base,press_pooled->cornell null,0.00135369,,,1,replicate mean (no CI)
1500,norm,cov_base,press_pooled->press_federer null,0.00535222,,,1,replicate mean (no CI)
1500,norm,cov_base,press_pooled->press_djokovic null,0.0049666,,,1,replicate mean (no CI)
1500,norm,cov_base,press_pooled->press_murray null,0.00642139,,,1,replicate mean (no CI)
1500,norm,cov_base,press_pooled->press_nadal null,0.00521754,,,1,replicate mean (no CI)
1500,norm,cov_base,press_federer->cornell null,0.0014554,,,1,replicate mean (no CI)
1500,norm,cov_base,press_federer->press_pooled null,0.00488029,,,1,replicate mean (no CI)
1500,norm,cov_base,press_federer->press_djokovic null,0.00441163,,,1,replicate mean (no CI)
1500,norm,cov_base,press_federer->press_murray null,0.00570876,,,1,replicate mean (no CI)
1500,norm,cov_base,press_federer->press_nadal null,0.00429717,,,1,replicate mean (no CI)
1500,norm,cov_base,press_djokovic->cornell null,0.00150106,,,1,replicate mean (no CI)
1500,norm,cov_base,press_djokovic->press_pooled null,0.00463043,,,1,replicate mean (no CI)
1500,norm,cov_base,press_djokovic->press_federer null,0.00427303,,,1,replicate mean (no CI)
1500,norm,cov_base,press_djokovic->press_murray null,0.00552152,,,1,replicate mean (no CI)
1500,norm,cov_base,press_djokovic->press_nadal null,0.00432257,,,1,replicate mean (no CI)
1500,norm,cov_base,press_murray->cornell null,0.00174412,,,1,replicate mean (no CI)
1500,norm,cov_base,press_murray->press_pooled null,0.00726405,,,1,replicate mean (no CI)
1500,norm,cov_base,press_murray->press_federer null,0.00689994,,,1,replicate mean (no CI)
1500,norm,cov_base,press_murray->press_djokovic null,0.00658546,,,1,replicate mean (no CI)
1500,norm,cov_base,press_murray->press_nadal null,0.00571829,,,1,replicate mean (no CI)
1500,norm,cov_base,press_nadal->cornell null,0.00340267,,,1,replicate mean (no CI)
1500,norm,cov_base,press_nadal->press_pooled null,0.00593664,,,1,replicate mean (no CI)
1500,norm,cov_base,press_nadal->press_federer null,0.00515621,,,1,replicate mean (no CI)
1500,norm,cov_base,press_nadal->press_djokovic null,0.00519099,,,1,replicate mean (no CI)
1500,norm,cov_base,press_nadal->press_murray null,0.00589159,,,1,replicate mean (no CI)
1500,norm,cov_base,TV->TV mean excess,0.0755996,0.0699526,0.0820632,380,"vertex bootstrap over TV streams, B = 2000"
1500,norm,cov_base,cornell->TV mean excess,0.0571519,0.0536067,0.0609949,20,"bootstrap over TV streams, B = 2000"
1500,norm,cov_base,TV->cornell mean excess,0.0664191,0.0634568,0.0698005,20,"bootstrap over TV streams, B = 2000"
1500,norm,cov_base,press_pooled->TV mean excess,0.0542263,0.0512105,0.057345,20,"bootstrap over TV streams, B = 2000"
1500,norm,cov_base,TV->press_pooled mean excess,0.0681566,0.0644767,0.0724023,20,"bootstrap over TV streams, B = 2000"
1500,norm,cov_base,press_federer->TV mean excess,0.0505519,0.0475058,0.0537409,20,"bootstrap over TV streams, B = 2000"
1500,norm,cov_base,TV->press_federer mean excess,0.0616563,0.0572958,0.0661874,20,"bootstrap over TV streams, B = 2000"
1500,norm,cov_base,press_djokovic->TV mean excess,0.0546272,0.0520875,0.0573088,20,"bootstrap over TV streams, B = 2000"
1500,norm,cov_base,TV->press_djokovic mean excess,0.0632318,0.0598418,0.0669693,20,"bootstrap over TV streams, B = 2000"
1500,norm,cov_base,press_murray->TV mean excess,0.0630165,0.0597447,0.0664932,20,"bootstrap over TV streams, B = 2000"
1500,norm,cov_base,TV->press_murray mean excess,0.0781473,0.0730676,0.0837639,20,"bootstrap over TV streams, B = 2000"
1500,norm,cov_base,press_nadal->TV mean excess,0.0503294,0.047794,0.0528455,20,"bootstrap over TV streams, B = 2000"
1500,norm,cov_base,TV->press_nadal mean excess,0.0616098,0.0591791,0.0640201,20,"bootstrap over TV streams, B = 2000"
1500,norm,cov_base,cornell->press_pooled excess,0.0306635,,,1,replicate mean (no CI)
1500,norm,cov_base,cornell->press_federer excess,0.027054,,,1,replicate mean (no CI)
1500,norm,cov_base,cornell->press_djokovic excess,0.0341608,,,1,replicate mean (no CI)
1500,norm,cov_base,cornell->press_murray excess,0.039915,,,1,replicate mean (no CI)
1500,norm,cov_base,cornell->press_nadal excess,0.0336778,,,1,replicate mean (no CI)
1500,norm,cov_base,press_pooled->cornell excess,0.0326248,,,1,replicate mean (no CI)
1500,norm,cov_base,press_pooled->press_federer excess,0.10843,,,1,replicate mean (no CI)
1500,norm,cov_base,press_pooled->press_djokovic excess,0.110726,,,1,replicate mean (no CI)
1500,norm,cov_base,press_pooled->press_murray excess,0.140606,,,1,replicate mean (no CI)
1500,norm,cov_base,press_pooled->press_nadal excess,0.102293,,,1,replicate mean (no CI)
1500,norm,cov_base,press_federer->cornell excess,0.0298238,,,1,replicate mean (no CI)
1500,norm,cov_base,press_federer->press_pooled excess,0.111915,,,1,replicate mean (no CI)
1500,norm,cov_base,press_federer->press_djokovic excess,0.0989043,,,1,replicate mean (no CI)
1500,norm,cov_base,press_federer->press_murray excess,0.132157,,,1,replicate mean (no CI)
1500,norm,cov_base,press_federer->press_nadal excess,0.0876576,,,1,replicate mean (no CI)
1500,norm,cov_base,press_djokovic->cornell excess,0.0373843,,,1,replicate mean (no CI)
1500,norm,cov_base,press_djokovic->press_pooled excess,0.116026,,,1,replicate mean (no CI)
1500,norm,cov_base,press_djokovic->press_federer excess,0.101777,,,1,replicate mean (no CI)
1500,norm,cov_base,press_djokovic->press_murray excess,0.133884,,,1,replicate mean (no CI)
1500,norm,cov_base,press_djokovic->press_nadal excess,0.0973917,,,1,replicate mean (no CI)
1500,norm,cov_base,press_murray->cornell excess,0.0437161,,,1,replicate mean (no CI)
1500,norm,cov_base,press_murray->press_pooled excess,0.126321,,,1,replicate mean (no CI)
1500,norm,cov_base,press_murray->press_federer excess,0.114998,,,1,replicate mean (no CI)
1500,norm,cov_base,press_murray->press_djokovic excess,0.11561,,,1,replicate mean (no CI)
1500,norm,cov_base,press_murray->press_nadal excess,0.106781,,,1,replicate mean (no CI)
1500,norm,cov_base,press_nadal->cornell excess,0.036283,,,1,replicate mean (no CI)
1500,norm,cov_base,press_nadal->press_pooled excess,0.108843,,,1,replicate mean (no CI)
1500,norm,cov_base,press_nadal->press_federer excess,0.0931594,,,1,replicate mean (no CI)
1500,norm,cov_base,press_nadal->press_djokovic excess,0.0995312,,,1,replicate mean (no CI)
1500,norm,cov_base,press_nadal->press_murray excess,0.120849,,,1,replicate mean (no CI)
1500,norm,cov_base,TV->TV minus cornell->TV excess,0.0184478,0.0141817,0.0233107,20,"vertex bootstrap over TV streams, B = 10000"
1500,norm,cov_base,TV->TV minus press_pooled->TV excess,0.0213733,0.0166181,0.0270852,20,"vertex bootstrap over TV streams, B = 10000"
1500,norm,cov_n3,TV->TV mean obs,0.0102182,0.00870512,0.0118245,380,"vertex bootstrap over TV streams, B = 2000"
1500,norm,cov_n3,cornell->TV mean obs,0.0105891,0.00947881,0.0117995,20,"bootstrap over TV streams, B = 2000"
1500,norm,cov_n3,TV->cornell mean obs,0.00738534,0.00632728,0.00854745,20,"bootstrap over TV streams, B = 2000"
1500,norm,cov_n3,press_pooled->TV mean obs,0.0103891,0.009331,0.0115153,20,"bootstrap over TV streams, B = 2000"
1500,norm,cov_n3,TV->press_pooled mean obs,0.0108438,0.00967213,0.011988,20,"bootstrap over TV streams, B = 2000"
1500,norm,cov_n3,press_federer->TV mean obs,0.00815278,0.00738268,0.00894139,20,"bootstrap over TV streams, B = 2000"
1500,norm,cov_n3,TV->press_federer mean obs,0.0076684,0.00688158,0.0084548,20,"bootstrap over TV streams, B = 2000"
1500,norm,cov_n3,press_djokovic->TV mean obs,0.0104015,0.00935468,0.0113553,20,"bootstrap over TV streams, B = 2000"
1500,norm,cov_n3,TV->press_djokovic mean obs,0.0107057,0.00940054,0.0119363,20,"bootstrap over TV streams, B = 2000"
1500,norm,cov_n3,press_murray->TV mean obs,0.0131991,0.0119169,0.0145777,20,"bootstrap over TV streams, B = 2000"
1500,norm,cov_n3,TV->press_murray mean obs,0.0136836,0.0120214,0.0151691,20,"bootstrap over TV streams, B = 2000"
1500,norm,cov_n3,press_nadal->TV mean obs,0.0100791,0.00895648,0.0111689,20,"bootstrap over TV streams, B = 2000"
1500,norm,cov_n3,TV->press_nadal mean obs,0.0127363,0.0111846,0.0142312,20,"bootstrap over TV streams, B = 2000"
1500,norm,cov_n3,cornell->press_pooled obs,0.00436624,,,1,replicate mean (no CI)
1500,norm,cov_n3,cornell->press_federer obs,0.00392879,,,1,replicate mean (no CI)
1500,norm,cov_n3,cornell->press_djokovic obs,0.00506937,,,1,replicate mean (no CI)
1500,norm,cov_n3,cornell->press_murray obs,0.00722942,,,1,replicate mean (no CI)
1500,norm,cov_n3,cornell->press_nadal obs,0.00479409,,,1,replicate mean (no CI)
1500,norm,cov_n3,press_pooled->cornell obs,0.00244674,,,1,replicate mean (no CI)
1500,norm,cov_n3,press_pooled->press_federer obs,0.0239843,,,1,replicate mean (no CI)
1500,norm,cov_n3,press_pooled->press_djokovic obs,0.0279874,,,1,replicate mean (no CI)
1500,norm,cov_n3,press_pooled->press_murray obs,0.0369044,,,1,replicate mean (no CI)
1500,norm,cov_n3,press_pooled->press_nadal obs,0.0290409,,,1,replicate mean (no CI)
1500,norm,cov_n3,press_federer->cornell obs,0.0022891,,,1,replicate mean (no CI)
1500,norm,cov_n3,press_federer->press_pooled obs,0.0246582,,,1,replicate mean (no CI)
1500,norm,cov_n3,press_federer->press_djokovic obs,0.019513,,,1,replicate mean (no CI)
1500,norm,cov_n3,press_federer->press_murray obs,0.0304833,,,1,replicate mean (no CI)
1500,norm,cov_n3,press_federer->press_nadal obs,0.0221301,,,1,replicate mean (no CI)
1500,norm,cov_n3,press_djokovic->cornell obs,0.00349234,,,1,replicate mean (no CI)
1500,norm,cov_n3,press_djokovic->press_pooled obs,0.0280399,,,1,replicate mean (no CI)
1500,norm,cov_n3,press_djokovic->press_federer obs,0.0196628,,,1,replicate mean (no CI)
1500,norm,cov_n3,press_djokovic->press_murray obs,0.0354064,,,1,replicate mean (no CI)
1500,norm,cov_n3,press_djokovic->press_nadal obs,0.0250069,,,1,replicate mean (no CI)
1500,norm,cov_n3,press_murray->cornell obs,0.00560517,,,1,replicate mean (no CI)
1500,norm,cov_n3,press_murray->press_pooled obs,0.0370019,,,1,replicate mean (no CI)
1500,norm,cov_n3,press_murray->press_federer obs,0.0294334,,,1,replicate mean (no CI)
1500,norm,cov_n3,press_murray->press_djokovic obs,0.0346466,,,1,replicate mean (no CI)
1500,norm,cov_n3,press_murray->press_nadal obs,0.0316833,,,1,replicate mean (no CI)
1500,norm,cov_n3,press_nadal->cornell obs,0.00292376,,,1,replicate mean (no CI)
1500,norm,cov_n3,press_nadal->press_pooled obs,0.0257566,,,1,replicate mean (no CI)
1500,norm,cov_n3,press_nadal->press_federer obs,0.0186133,,,1,replicate mean (no CI)
1500,norm,cov_n3,press_nadal->press_djokovic obs,0.0218488,,,1,replicate mean (no CI)
1500,norm,cov_n3,press_nadal->press_murray obs,0.0291919,,,1,replicate mean (no CI)
1500,norm,cov_n3,TV->TV mean null,1.19936e-05,7.24199e-06,1.82665e-05,380,"vertex bootstrap over TV streams, B = 2000"
1500,norm,cov_n3,cornell->TV mean null,0.000117534,9.43344e-05,0.000141171,20,"bootstrap over TV streams, B = 2000"
1500,norm,cov_n3,TV->cornell mean null,3.40247e-05,2.20723e-05,4.75981e-05,20,"bootstrap over TV streams, B = 2000"
1500,norm,cov_n3,press_pooled->TV mean null,7.91576e-07,1.96464e-07,1.58212e-06,20,"bootstrap over TV streams, B = 2000"
1500,norm,cov_n3,TV->press_pooled mean null,2.15104e-06,5.88619e-07,4.11106e-06,20,"bootstrap over TV streams, B = 2000"
1500,norm,cov_n3,press_federer->TV mean null,3.91791e-07,0,9.80821e-07,20,"bootstrap over TV streams, B = 2000"
1500,norm,cov_n3,TV->press_federer mean null,7.61781e-07,1.76887e-07,1.51737e-06,20,"bootstrap over TV streams, B = 2000"
1500,norm,cov_n3,press_djokovic->TV mean null,2.16627e-06,1.18062e-06,3.15448e-06,20,"bootstrap over TV streams, B = 2000"
1500,norm,cov_n3,TV->press_djokovic mean null,1.74175e-06,3.9541e-07,3.65198e-06,20,"bootstrap over TV streams, B = 2000"
1500,norm,cov_n3,press_murray->TV mean null,3.94568e-06,2.55654e-06,5.34712e-06,20,"bootstrap over TV streams, B = 2000"
1500,norm,cov_n3,TV->press_murray mean null,9.73161e-07,1.95695e-07,1.94339e-06,20,"bootstrap over TV streams, B = 2000"
1500,norm,cov_n3,press_nadal->TV mean null,1.94698e-06,7.76675e-07,3.30515e-06,20,"bootstrap over TV streams, B = 2000"
1500,norm,cov_n3,TV->press_nadal mean null,4.38902e-06,2.48529e-06,6.53481e-06,20,"bootstrap over TV streams, B = 2000"
1500,norm,cov_n3,cornell->press_pooled null,1.16324e-05,,,1,replicate mean (no CI)
1500,norm,cov_n3,cornell->press_federer null,3.62538e-06,,,1,replicate mean (no CI)
1500,norm,cov_n3,cornell->press_djokovic null,1.09967e-05,,,1,replicate mean (no CI)
1500,norm,cov_n3,cornell->press_murray null,3.90117e-06,,,1,replicate mean (no CI)
1500,norm,cov_n3,cornell->press_nadal null,3.60144e-06,,,1,replicate mean (no CI)
1500,norm,cov_n3,press_pooled->cornell null,0,,,1,replicate mean (no CI)
1500,norm,cov_n3,press_pooled->press_federer null,3.81437e-06,,,1,replicate mean (no CI)
1500,norm,cov_n3,press_pooled->press_djokovic null,0,,,1,replicate mean (no CI)
1500,norm,cov_n3,press_pooled->press_murray null,1.56122e-05,,,1,replicate mean (no CI)
1500,norm,cov_n3,press_pooled->press_nadal null,7.24254e-06,,,1,replicate mean (no CI)
1500,norm,cov_n3,press_federer->cornell null,0,,,1,replicate mean (no CI)
1500,norm,cov_n3,press_federer->press_pooled null,0,,,1,replicate mean (no CI)
1500,norm,cov_n3,press_federer->press_djokovic null,7.75423e-06,,,1,replicate mean (no CI)
1500,norm,cov_n3,press_federer->press_murray null,3.89358e-06,,,1,replicate mean (no CI)
1500,norm,cov_n3,press_federer->press_nadal null,7.93434e-06,,,1,replicate mean (no CI)
1500,norm,cov_n3,press_djokovic->cornell null,0,,,1,replicate mean (no CI)
1500,norm,cov_n3,press_djokovic->press_pooled null,0,,,1,replicate mean (no CI)
1500,norm,cov_n3,press_djokovic->press_federer null,3.90879e-06,,,1,replicate mean (no CI)
1500,norm,cov_n3,press_djokovic->press_murray null,0,,,1,replicate mean (no CI)
1500,norm,cov_n3,press_djokovic->press_nadal null,1.14202e-05,,,1,replicate mean (no CI)
1500,norm,cov_n3,press_murray->cornell null,0,,,1,replicate mean (no CI)
1500,norm,cov_n3,press_murray->press_pooled null,0,,,1,replicate mean (no CI)
1500,norm,cov_n3,press_murray->press_federer null,7.00594e-06,,,1,replicate mean (no CI)
1500,norm,cov_n3,press_murray->press_djokovic null,4e-06,,,1,replicate mean (no CI)
1500,norm,cov_n3,press_murray->press_nadal null,3.7594e-06,,,1,replicate mean (no CI)
1500,norm,cov_n3,press_nadal->cornell null,0,,,1,replicate mean (no CI)
1500,norm,cov_n3,press_nadal->press_pooled null,7.31769e-06,,,1,replicate mean (no CI)
1500,norm,cov_n3,press_nadal->press_federer null,0,,,1,replicate mean (no CI)
1500,norm,cov_n3,press_nadal->press_djokovic null,1.1306e-05,,,1,replicate mean (no CI)
1500,norm,cov_n3,press_nadal->press_murray null,1.17887e-05,,,1,replicate mean (no CI)
1500,norm,cov_n3,TV->TV mean excess,0.0102062,0.00877868,0.0117624,380,"vertex bootstrap over TV streams, B = 2000"
1500,norm,cov_n3,cornell->TV mean excess,0.0104715,0.00937024,0.0116493,20,"bootstrap over TV streams, B = 2000"
1500,norm,cov_n3,TV->cornell mean excess,0.00735132,0.00631969,0.0085191,20,"bootstrap over TV streams, B = 2000"
1500,norm,cov_n3,press_pooled->TV mean excess,0.0103883,0.00933714,0.0114606,20,"bootstrap over TV streams, B = 2000"
1500,norm,cov_n3,TV->press_pooled mean excess,0.0108417,0.00967911,0.0119827,20,"bootstrap over TV streams, B = 2000"
1500,norm,cov_n3,press_federer->TV mean excess,0.00815238,0.0073816,0.00898583,20,"bootstrap over TV streams, B = 2000"
1500,norm,cov_n3,TV->press_federer mean excess,0.00766764,0.00690302,0.00847805,20,"bootstrap over TV streams, B = 2000"
1500,norm,cov_n3,press_djokovic->TV mean excess,0.0103994,0.00931059,0.0113984,20,"bootstrap over TV streams, B = 2000"
1500,norm,cov_n3,TV->press_djokovic mean excess,0.010704,0.00946748,0.0119291,20,"bootstrap over TV streams, B = 2000"
1500,norm,cov_n3,press_murray->TV mean excess,0.0131951,0.0118722,0.0143902,20,"bootstrap over TV streams, B = 2000"
1500,norm,cov_n3,TV->press_murray mean excess,0.0136826,0.0120541,0.0152181,20,"bootstrap over TV streams, B = 2000"
1500,norm,cov_n3,press_nadal->TV mean excess,0.0100772,0.00897776,0.0112865,20,"bootstrap over TV streams, B = 2000"
1500,norm,cov_n3,TV->press_nadal mean excess,0.0127319,0.0112328,0.014192,20,"bootstrap over TV streams, B = 2000"
1500,norm,cov_n3,cornell->press_pooled excess,0.00435461,,,1,replicate mean (no CI)
1500,norm,cov_n3,cornell->press_federer excess,0.00392516,,,1,replicate mean (no CI)
1500,norm,cov_n3,cornell->press_djokovic excess,0.00505838,,,1,replicate mean (no CI)
1500,norm,cov_n3,cornell->press_murray excess,0.00722551,,,1,replicate mean (no CI)
1500,norm,cov_n3,cornell->press_nadal excess,0.00479049,,,1,replicate mean (no CI)
1500,norm,cov_n3,press_pooled->cornell excess,0.00244674,,,1,replicate mean (no CI)
1500,norm,cov_n3,press_pooled->press_federer excess,0.0239805,,,1,replicate mean (no CI)
1500,norm,cov_n3,press_pooled->press_djokovic excess,0.0279874,,,1,replicate mean (no CI)
1500,norm,cov_n3,press_pooled->press_murray excess,0.0368888,,,1,replicate mean (no CI)
1500,norm,cov_n3,press_pooled->press_nadal excess,0.0290337,,,1,replicate mean (no CI)
1500,norm,cov_n3,press_federer->cornell excess,0.0022891,,,1,replicate mean (no CI)
1500,norm,cov_n3,press_federer->press_pooled excess,0.0246582,,,1,replicate mean (no CI)
1500,norm,cov_n3,press_federer->press_djokovic excess,0.0195052,,,1,replicate mean (no CI)
1500,norm,cov_n3,press_federer->press_murray excess,0.0304794,,,1,replicate mean (no CI)
1500,norm,cov_n3,press_federer->press_nadal excess,0.0221222,,,1,replicate mean (no CI)
1500,norm,cov_n3,press_djokovic->cornell excess,0.00349234,,,1,replicate mean (no CI)
1500,norm,cov_n3,press_djokovic->press_pooled excess,0.0280399,,,1,replicate mean (no CI)
1500,norm,cov_n3,press_djokovic->press_federer excess,0.0196589,,,1,replicate mean (no CI)
1500,norm,cov_n3,press_djokovic->press_murray excess,0.0354064,,,1,replicate mean (no CI)
1500,norm,cov_n3,press_djokovic->press_nadal excess,0.0249955,,,1,replicate mean (no CI)
1500,norm,cov_n3,press_murray->cornell excess,0.00560517,,,1,replicate mean (no CI)
1500,norm,cov_n3,press_murray->press_pooled excess,0.0370019,,,1,replicate mean (no CI)
1500,norm,cov_n3,press_murray->press_federer excess,0.0294264,,,1,replicate mean (no CI)
1500,norm,cov_n3,press_murray->press_djokovic excess,0.0346426,,,1,replicate mean (no CI)
1500,norm,cov_n3,press_murray->press_nadal excess,0.0316795,,,1,replicate mean (no CI)
1500,norm,cov_n3,press_nadal->cornell excess,0.00292376,,,1,replicate mean (no CI)
1500,norm,cov_n3,press_nadal->press_pooled excess,0.0257493,,,1,replicate mean (no CI)
1500,norm,cov_n3,press_nadal->press_federer excess,0.0186133,,,1,replicate mean (no CI)
1500,norm,cov_n3,press_nadal->press_djokovic excess,0.0218375,,,1,replicate mean (no CI)
1500,norm,cov_n3,press_nadal->press_murray excess,0.0291801,,,1,replicate mean (no CI)
1500,norm,cov_n3,TV->TV minus cornell->TV excess,-0.000265355,-0.00208389,0.00165983,20,"vertex bootstrap over TV streams, B = 2000"
1500,norm,cov_n3,TV->TV minus press_pooled->TV excess,-0.000182109,-0.00115802,0.000999502,20,"vertex bootstrap over TV streams, B = 2000"
1500,norm,cov_content,TV->TV mean obs,0.0696085,0.0632141,0.0770764,380,"vertex bootstrap over TV streams, B = 2000"
1500,norm,cov_content,cornell->TV mean obs,0.0616833,0.0569452,0.0663772,20,"bootstrap over TV streams, B = 2000"
1500,norm,cov_content,TV->cornell mean obs,0.0619084,0.0570197,0.0670448,20,"bootstrap over TV streams, B = 2000"
1500,norm,cov_content,press_pooled->TV mean obs,0.04941,0.0462699,0.0527627,20,"bootstrap over TV streams, B = 2000"
1500,norm,cov_content,TV->press_pooled mean obs,0.0643978,0.0605834,0.0686723,20,"bootstrap over TV streams, B = 2000"
1500,norm,cov_content,press_federer->TV mean obs,0.0460751,0.0428169,0.0495951,20,"bootstrap over TV streams, B = 2000"
1500,norm,cov_content,TV->press_federer mean obs,0.058197,0.0542503,0.0626539,20,"bootstrap over TV streams, B = 2000"
1500,norm,cov_content,press_djokovic->TV mean obs,0.0498084,0.0469638,0.0528412,20,"bootstrap over TV streams, B = 2000"
1500,norm,cov_content,TV->press_djokovic mean obs,0.059555,0.0558432,0.0635844,20,"bootstrap over TV streams, B = 2000"
1500,norm,cov_content,press_murray->TV mean obs,0.0563342,0.0526776,0.0601559,20,"bootstrap over TV streams, B = 2000"
1500,norm,cov_content,TV->press_murray mean obs,0.0733287,0.0676616,0.0789248,20,"bootstrap over TV streams, B = 2000"
1500,norm,cov_content,press_nadal->TV mean obs,0.0431754,0.0407739,0.0458609,20,"bootstrap over TV streams, B = 2000"
1500,norm,cov_content,TV->press_nadal mean obs,0.0557565,0.0532211,0.0583131,20,"bootstrap over TV streams, B = 2000"
1500,norm,cov_content,cornell->press_pooled obs,0.0266536,,,1,replicate mean (no CI)
1500,norm,cov_content,cornell->press_federer obs,0.0235089,,,1,replicate mean (no CI)
1500,norm,cov_content,cornell->press_djokovic obs,0.0316179,,,1,replicate mean (no CI)
1500,norm,cov_content,cornell->press_murray obs,0.0353502,,,1,replicate mean (no CI)
1500,norm,cov_content,cornell->press_nadal obs,0.0277185,,,1,replicate mean (no CI)
1500,norm,cov_content,press_pooled->cornell obs,0.0233117,,,1,replicate mean (no CI)
1500,norm,cov_content,press_pooled->press_federer obs,0.110666,,,1,replicate mean (no CI)
1500,norm,cov_content,press_pooled->press_djokovic obs,0.111901,,,1,replicate mean (no CI)
1500,norm,cov_content,press_pooled->press_murray obs,0.142604,,,1,replicate mean (no CI)
1500,norm,cov_content,press_pooled->press_nadal obs,0.10251,,,1,replicate mean (no CI)
1500,norm,cov_content,press_federer->cornell obs,0.021316,,,1,replicate mean (no CI)
1500,norm,cov_content,press_federer->press_pooled obs,0.113611,,,1,replicate mean (no CI)
1500,norm,cov_content,press_federer->press_djokovic obs,0.0999443,,,1,replicate mean (no CI)
1500,norm,cov_content,press_federer->press_murray obs,0.133894,,,1,replicate mean (no CI)
1500,norm,cov_content,press_federer->press_nadal obs,0.0873423,,,1,replicate mean (no CI)
1500,norm,cov_content,press_djokovic->cornell obs,0.0291542,,,1,replicate mean (no CI)
1500,norm,cov_content,press_djokovic->press_pooled obs,0.116674,,,1,replicate mean (no CI)
1500,norm,cov_content,press_djokovic->press_federer obs,0.10252,,,1,replicate mean (no CI)
1500,norm,cov_content,press_djokovic->press_murray obs,0.134464,,,1,replicate mean (no CI)
1500,norm,cov_content,press_djokovic->press_nadal obs,0.0962748,,,1,replicate mean (no CI)
1500,norm,cov_content,press_murray->cornell obs,0.0308549,,,1,replicate mean (no CI)
1500,norm,cov_content,press_murray->press_pooled obs,0.129175,,,1,replicate mean (no CI)
1500,norm,cov_content,press_murray->press_federer obs,0.117762,,,1,replicate mean (no CI)
1500,norm,cov_content,press_murray->press_djokovic obs,0.117201,,,1,replicate mean (no CI)
1500,norm,cov_content,press_murray->press_nadal obs,0.105829,,,1,replicate mean (no CI)
1500,norm,cov_content,press_nadal->cornell obs,0.0226095,,,1,replicate mean (no CI)
1500,norm,cov_content,press_nadal->press_pooled obs,0.110004,,,1,replicate mean (no CI)
1500,norm,cov_content,press_nadal->press_federer obs,0.0940089,,,1,replicate mean (no CI)
1500,norm,cov_content,press_nadal->press_djokovic obs,0.0998631,,,1,replicate mean (no CI)
1500,norm,cov_content,press_nadal->press_murray obs,0.120876,,,1,replicate mean (no CI)
1500,norm,cov_content,TV->TV mean null,0.0072909,0.0055147,0.00932485,380,"vertex bootstrap over TV streams, B = 2000"
1500,norm,cov_content,cornell->TV mean null,0.0175993,0.015486,0.0198088,20,"bootstrap over TV streams, B = 2000"
1500,norm,cov_content,TV->cornell mean null,0.0182623,0.0155203,0.0213503,20,"bootstrap over TV streams, B = 2000"
1500,norm,cov_content,press_pooled->TV mean null,0.00127089,0.00116651,0.00138777,20,"bootstrap over TV streams, B = 2000"
1500,norm,cov_content,TV->press_pooled mean null,0.00113656,0.00101029,0.00127695,20,"bootstrap over TV streams, B = 2000"
1500,norm,cov_content,press_federer->TV mean null,0.00116943,0.0010626,0.00128307,20,"bootstrap over TV streams, B = 2000"
1500,norm,cov_content,TV->press_federer mean null,0.00108865,0.000960184,0.00123723,20,"bootstrap over TV streams, B = 2000"
1500,norm,cov_content,press_djokovic->TV mean null,0.00133497,0.00122232,0.00144527,20,"bootstrap over TV streams, B = 2000"
1500,norm,cov_content,TV->press_djokovic mean null,0.00127458,0.00112993,0.00142712,20,"bootstrap over TV streams, B = 2000"
1500,norm,cov_content,press_murray->TV mean null,0.00179876,0.00164229,0.00194854,20,"bootstrap over TV streams, B = 2000"
1500,norm,cov_content,TV->press_murray mean null,0.0014066,0.00124516,0.0015895,20,"bootstrap over TV streams, B = 2000"
1500,norm,cov_content,press_nadal->TV mean null,0.00174229,0.00160413,0.00189171,20,"bootstrap over TV streams, B = 2000"
1500,norm,cov_content,TV->press_nadal mean null,0.00148166,0.0012958,0.00167551,20,"bootstrap over TV streams, B = 2000"
1500,norm,cov_content,cornell->press_pooled null,0.00157058,,,1,replicate mean (no CI)
1500,norm,cov_content,cornell->press_federer null,0.00152028,,,1,replicate mean (no CI)
1500,norm,cov_content,cornell->press_djokovic null,0.00206583,,,1,replicate mean (no CI)
1500,norm,cov_content,cornell->press_murray null,0.0021471,,,1,replicate mean (no CI)
1500,norm,cov_content,cornell->press_nadal null,0.00251113,,,1,replicate mean (no CI)
1500,norm,cov_content,press_pooled->cornell null,0.00066473,,,1,replicate mean (no CI)
1500,norm,cov_content,press_pooled->press_federer null,0.00509119,,,1,replicate mean (no CI)
1500,norm,cov_content,press_pooled->press_djokovic null,0.00464689,,,1,replicate mean (no CI)
1500,norm,cov_content,press_pooled->press_murray null,0.00620602,,,1,replicate mean (no CI)
1500,norm,cov_content,press_pooled->press_nadal null,0.00473506,,,1,replicate mean (no CI)
1500,norm,cov_content,press_federer->cornell null,0.000636039,,,1,replicate mean (no CI)
1500,norm,cov_content,press_federer->press_pooled null,0.00466277,,,1,replicate mean (no CI)
1500,norm,cov_content,press_federer->press_djokovic null,0.00422039,,,1,replicate mean (no CI)
1500,norm,cov_content,press_federer->press_murray null,0.00552104,,,1,replicate mean (no CI)
1500,norm,cov_content,press_federer->press_nadal null,0.00388758,,,1,replicate mean (no CI)
1500,norm,cov_content,press_djokovic->cornell null,0.000832341,,,1,replicate mean (no CI)
1500,norm,cov_content,press_djokovic->press_pooled null,0.00442682,,,1,replicate mean (no CI)
1500,norm,cov_content,press_djokovic->press_federer null,0.00410413,,,1,replicate mean (no CI)
1500,norm,cov_content,press_djokovic->press_murray null,0.00533344,,,1,replicate mean (no CI)
1500,norm,cov_content,press_djokovic->press_nadal null,0.0039846,,,1,replicate mean (no CI)
1500,norm,cov_content,press_murray->cornell null,0.00100895,,,1,replicate mean (no CI)
1500,norm,cov_content,press_murray->press_pooled null,0.00706616,,,1,replicate mean (no CI)
1500,norm,cov_content,press_murray->press_federer null,0.00669323,,,1,replicate mean (no CI)
1500,norm,cov_content,press_murray->press_djokovic null,0.00637675,,,1,replicate mean (no CI)
1500,norm,cov_content,press_murray->press_nadal null,0.005308,,,1,replicate mean (no CI)
1500,norm,cov_content,press_nadal->cornell null,0.00133613,,,1,replicate mean (no CI)
1500,norm,cov_content,press_nadal->press_pooled null,0.00527,,,1,replicate mean (no CI)
1500,norm,cov_content,press_nadal->press_federer null,0.00453226,,,1,replicate mean (no CI)
1500,norm,cov_content,press_nadal->press_djokovic null,0.0046543,,,1,replicate mean (no CI)
1500,norm,cov_content,press_nadal->press_murray null,0.00538691,,,1,replicate mean (no CI)
1500,norm,cov_content,TV->TV mean excess,0.0623176,0.0565945,0.0692336,380,"vertex bootstrap over TV streams, B = 2000"
1500,norm,cov_content,cornell->TV mean excess,0.0440839,0.0409404,0.047522,20,"bootstrap over TV streams, B = 2000"
1500,norm,cov_content,TV->cornell mean excess,0.0436461,0.0406072,0.0465803,20,"bootstrap over TV streams, B = 2000"
1500,norm,cov_content,press_pooled->TV mean excess,0.0481391,0.0451781,0.0514793,20,"bootstrap over TV streams, B = 2000"
1500,norm,cov_content,TV->press_pooled mean excess,0.0632613,0.0593087,0.0674417,20,"bootstrap over TV streams, B = 2000"
1500,norm,cov_content,press_federer->TV mean excess,0.0449057,0.0416381,0.048195,20,"bootstrap over TV streams, B = 2000"
1500,norm,cov_content,TV->press_federer mean excess,0.0571084,0.0529239,0.061643,20,"bootstrap over TV streams, B = 2000"
1500,norm,cov_content,press_djokovic->TV mean excess,0.0484735,0.0455848,0.0514341,20,"bootstrap over TV streams, B = 2000"
1500,norm,cov_content,TV->press_djokovic mean excess,0.0582804,0.0544757,0.0619889,20,"bootstrap over TV streams, B = 2000"
1500,norm,cov_content,press_murray->TV mean excess,0.0545355,0.0508263,0.0583297,20,"bootstrap over TV streams, B = 2000"
1500,norm,cov_content,TV->press_murray mean excess,0.0719221,0.0667209,0.077486,20,"bootstrap over TV streams, B = 2000"
1500,norm,cov_content,press_nadal->TV mean excess,0.0414331,0.0389094,0.0440424,20,"bootstrap over TV streams, B = 2000"
1500,norm,cov_content,TV->press_nadal mean excess,0.0542748,0.0518116,0.0567724,20,"bootstrap over TV streams, B = 2000"
1500,norm,cov_content,cornell->press_pooled excess,0.025083,,,1,replicate mean (no CI)
1500,norm,cov_content,cornell->press_federer excess,0.0219886,,,1,replicate mean (no CI)
1500,norm,cov_content,cornell->press_djokovic excess,0.029552,,,1,replicate mean (no CI)
1500,norm,cov_content,cornell->press_murray excess,0.0332031,,,1,replicate mean (no CI)
1500,norm,cov_content,cornell->press_nadal excess,0.0252074,,,1,replicate mean (no CI)
1500,norm,cov_content,press_pooled->cornell excess,0.022647,,,1,replicate mean (no CI)
1500,norm,cov_content,press_pooled->press_federer excess,0.105575,,,1,replicate mean (no CI)
1500,norm,cov_content,press_pooled->press_djokovic excess,0.107254,,,1,replicate mean (no CI)
1500,norm,cov_content,press_pooled->press_murray excess,0.136398,,,1,replicate mean (no CI)
1500,norm,cov_content,press_pooled->press_nadal excess,0.0977754,,,1,replicate mean (no CI)
1500,norm,cov_content,press_federer->cornell excess,0.02068,,,1,replicate mean (no CI)
1500,norm,cov_content,press_federer->press_pooled excess,0.108948,,,1,replicate mean (no CI)
1500,norm,cov_content,press_federer->press_djokovic excess,0.0957239,,,1,replicate mean (no CI)
1500,norm,cov_content,press_federer->press_murray excess,0.128373,,,1,replicate mean (no CI)
1500,norm,cov_content,press_federer->press_nadal excess,0.0834547,,,1,replicate mean (no CI)
1500,norm,cov_content,press_djokovic->cornell excess,0.0283218,,,1,replicate mean (no CI)
1500,norm,cov_content,press_djokovic->press_pooled excess,0.112247,,,1,replicate mean (no CI)
1500,norm,cov_content,press_djokovic->press_federer excess,0.0984162,,,1,replicate mean (no CI)
1500,norm,cov_content,press_djokovic->press_murray excess,0.129131,,,1,replicate mean (no CI)
1500,norm,cov_content,press_djokovic->press_nadal excess,0.0922902,,,1,replicate mean (no CI)
1500,norm,cov_content,press_murray->cornell excess,0.029846,,,1,replicate mean (no CI)
1500,norm,cov_content,press_murray->press_pooled excess,0.122109,,,1,replicate mean (no CI)
1500,norm,cov_content,press_murray->press_federer excess,0.111069,,,1,replicate mean (no CI)
1500,norm,cov_content,press_murray->press_djokovic excess,0.110824,,,1,replicate mean (no CI)
1500,norm,cov_content,press_murray->press_nadal excess,0.100521,,,1,replicate mean (no CI)
1500,norm,cov_content,press_nadal->cornell excess,0.0212733,,,1,replicate mean (no CI)
1500,norm,cov_content,press_nadal->press_pooled excess,0.104734,,,1,replicate mean (no CI)
1500,norm,cov_content,press_nadal->press_federer excess,0.0894767,,,1,replicate mean (no CI)
1500,norm,cov_content,press_nadal->press_djokovic excess,0.0952088,,,1,replicate mean (no CI)
1500,norm,cov_content,press_nadal->press_murray excess,0.115489,,,1,replicate mean (no CI)
1500,norm,cov_content,TV->TV minus cornell->TV excess,0.0182336,0.0141945,0.0227943,20,"vertex bootstrap over TV streams, B = 2000"
1500,norm,cov_content,TV->TV minus press_pooled->TV excess,0.0141784,0.00934084,0.0196437,20,"vertex bootstrap over TV streams, B = 2000"
1500,norm,jac_base,TV->TV mean obs,0.0876978,0.0835829,0.0920019,380,"vertex bootstrap over TV streams, B = 2000"
1500,norm,jac_base,cornell->TV mean obs,0.0500412,0.0468348,0.0535689,20,"bootstrap over TV streams, B = 2000"
1500,norm,jac_base,press_pooled->TV mean obs,0.0616249,0.0578347,0.0655839,20,"bootstrap over TV streams, B = 2000"
1500,norm,jac_base,press_federer->TV mean obs,0.054059,0.0506354,0.057868,20,"bootstrap over TV streams, B = 2000"
1500,norm,jac_base,press_djokovic->TV mean obs,0.0578228,0.054458,0.0611845,20,"bootstrap over TV streams, B = 2000"
1500,norm,jac_base,press_murray->TV mean obs,0.0625928,0.0591423,0.0663784,20,"bootstrap over TV streams, B = 2000"
1500,norm,jac_base,press_nadal->TV mean obs,0.0487984,0.0462351,0.0513773,20,"bootstrap over TV streams, B = 2000"
1500,norm,jac_base,cornell->press_pooled obs,0.0183908,,,1,replicate mean (no CI)
1500,norm,jac_base,cornell->press_federer obs,0.0155909,,,1,replicate mean (no CI)
1500,norm,jac_base,cornell->press_djokovic obs,0.0209463,,,1,replicate mean (no CI)
1500,norm,jac_base,cornell->press_murray obs,0.024085,,,1,replicate mean (no CI)
1500,norm,jac_base,cornell->press_nadal obs,0.0177805,,,1,replicate mean (no CI)
1500,norm,jac_base,press_pooled->press_federer obs,0.118368,,,1,replicate mean (no CI)
1500,norm,jac_base,press_pooled->press_djokovic obs,0.116485,,,1,replicate mean (no CI)
1500,norm,jac_base,press_pooled->press_murray obs,0.128726,,,1,replicate mean (no CI)
1500,norm,jac_base,press_pooled->press_nadal obs,0.0998988,,,1,replicate mean (no CI)
1500,norm,jac_base,press_federer->press_djokovic obs,0.0951072,,,1,replicate mean (no CI)
1500,norm,jac_base,press_federer->press_murray obs,0.114518,,,1,replicate mean (no CI)
1500,norm,jac_base,press_federer->press_nadal obs,0.0808927,,,1,replicate mean (no CI)
1500,norm,jac_base,press_djokovic->press_murray obs,0.110089,,,1,replicate mean (no CI)
1500,norm,jac_base,press_djokovic->press_nadal obs,0.0860245,,,1,replicate mean (no CI)
1500,norm,jac_base,press_murray->press_nadal obs,0.0928638,,,1,replicate mean (no CI)
1500,norm,jac_base,TV->TV mean null,0.0445864,0.0368677,0.0535212,380,"vertex bootstrap over TV streams, B = 2000"
1500,norm,jac_base,cornell->TV mean null,0.0594682,0.0516541,0.0676683,20,"bootstrap over TV streams, B = 2000"
1500,norm,jac_base,press_pooled->TV mean null,0.00340956,0.00306152,0.00376129,20,"bootstrap over TV streams, B = 2000"
1500,norm,jac_base,press_federer->TV mean null,0.00390601,0.00351898,0.00430703,20,"bootstrap over TV streams, B = 2000"
1500,norm,jac_base,press_djokovic->TV mean null,0.00369317,0.00333951,0.00406333,20,"bootstrap over TV streams, B = 2000"
1500,norm,jac_base,press_murray->TV mean null,0.00388169,0.00349908,0.00421201,20,"bootstrap over TV streams, B = 2000"
1500,norm,jac_base,press_nadal->TV mean null,0.00676591,0.00617746,0.00734292,20,"bootstrap over TV streams, B = 2000"
1500,norm,jac_base,cornell->press_pooled null,0.00237005,,,1,replicate mean (no CI)
1500,norm,jac_base,cornell->press_federer null,0.00320169,,,1,replicate mean (no CI)
1500,norm,jac_base,cornell->press_djokovic null,0.00262793,,,1,replicate mean (no CI)
1500,norm,jac_base,cornell->press_murray null,0.00343148,,,1,replicate mean (no CI)
1500,norm,jac_base,cornell->press_nadal null,0.00632339,,,1,replicate mean (no CI)
1500,norm,jac_base,press_pooled->press_federer null,0.0168111,,,1,replicate mean (no CI)
1500,norm,jac_base,press_pooled->press_djokovic null,0.0146602,,,1,replicate mean (no CI)
1500,norm,jac_base,press_pooled->press_murray null,0.0211131,,,1,replicate mean (no CI)
1500,norm,jac_base,press_pooled->press_nadal null,0.0135006,,,1,replicate mean (no CI)
1500,norm,jac_base,press_federer->press_djokovic null,0.0144099,,,1,replicate mean (no CI)
1500,norm,jac_base,press_federer->press_murray null,0.0199924,,,1,replicate mean (no CI)
1500,norm,jac_base,press_federer->press_nadal null,0.0118987,,,1,replicate mean (no CI)
1500,norm,jac_base,press_djokovic->press_murray null,0.0193762,,,1,replicate mean (no CI)
1500,norm,jac_base,press_djokovic->press_nadal null,0.0110349,,,1,replicate mean (no CI)
1500,norm,jac_base,press_murray->press_nadal null,0.0130794,,,1,replicate mean (no CI)
1500,norm,jac_base,TV->TV mean excess,0.0431114,0.0333653,0.0523094,380,"vertex bootstrap over TV streams, B = 2000"
1500,norm,jac_base,cornell->TV mean excess,-0.00942703,-0.0150989,-0.00409026,20,"bootstrap over TV streams, B = 2000"
1500,norm,jac_base,press_pooled->TV mean excess,0.0582154,0.0543843,0.0619388,20,"bootstrap over TV streams, B = 2000"
1500,norm,jac_base,press_federer->TV mean excess,0.050153,0.0466268,0.0541491,20,"bootstrap over TV streams, B = 2000"
1500,norm,jac_base,press_djokovic->TV mean excess,0.0541297,0.0508616,0.0575027,20,"bootstrap over TV streams, B = 2000"
1500,norm,jac_base,press_murray->TV mean excess,0.0587111,0.0549682,0.0622924,20,"bootstrap over TV streams, B = 2000"
1500,norm,jac_base,press_nadal->TV mean excess,0.0420325,0.0394716,0.04469,20,"bootstrap over TV streams, B = 2000"
1500,norm,jac_base,cornell->press_pooled excess,0.0160208,,,1,replicate mean (no CI)
1500,norm,jac_base,cornell->press_federer excess,0.0123892,,,1,replicate mean (no CI)
1500,norm,jac_base,cornell->press_djokovic excess,0.0183183,,,1,replicate mean (no CI)
1500,norm,jac_base,cornell->press_murray excess,0.0206536,,,1,replicate mean (no CI)
1500,norm,jac_base,cornell->press_nadal excess,0.0114571,,,1,replicate mean (no CI)
1500,norm,jac_base,press_pooled->press_federer excess,0.101557,,,1,replicate mean (no CI)
1500,norm,jac_base,press_pooled->press_djokovic excess,0.101825,,,1,replicate mean (no CI)
1500,norm,jac_base,press_pooled->press_murray excess,0.107613,,,1,replicate mean (no CI)
1500,norm,jac_base,press_pooled->press_nadal excess,0.0863982,,,1,replicate mean (no CI)
1500,norm,jac_base,press_federer->press_djokovic excess,0.0806972,,,1,replicate mean (no CI)
1500,norm,jac_base,press_federer->press_murray excess,0.0945257,,,1,replicate mean (no CI)
1500,norm,jac_base,press_federer->press_nadal excess,0.0689941,,,1,replicate mean (no CI)
1500,norm,jac_base,press_djokovic->press_murray excess,0.0907133,,,1,replicate mean (no CI)
1500,norm,jac_base,press_djokovic->press_nadal excess,0.0749896,,,1,replicate mean (no CI)
1500,norm,jac_base,press_murray->press_nadal excess,0.0797845,,,1,replicate mean (no CI)
1500,norm,jac_n3,TV->TV mean obs,0.0229545,0.0191582,0.0272401,380,"vertex bootstrap over TV streams, B = 2000"
1500,norm,jac_n3,cornell->TV mean obs,0.00981914,0.0081831,0.0114005,20,"bootstrap over TV streams, B = 2000"
1500,norm,jac_n3,press_pooled->TV mean obs,0.023463,0.0203712,0.0265796,20,"bootstrap over TV streams, B = 2000"
1500,norm,jac_n3,press_federer->TV mean obs,0.015952,0.013849,0.0180571,20,"bootstrap over TV streams, B = 2000"
1500,norm,jac_n3,press_djokovic->TV mean obs,0.0204314,0.0175773,0.0232617,20,"bootstrap over TV streams, B = 2000"
1500,norm,jac_n3,press_murray->TV mean obs,0.0219839,0.019282,0.0245797,20,"bootstrap over TV streams, B = 2000"
1500,norm,jac_n3,press_nadal->TV mean obs,0.019657,0.0168908,0.0225408,20,"bootstrap over TV streams, B = 2000"
1500,norm,jac_n3,cornell->press_pooled obs,0.00263419,,,1,replicate mean (no CI)
1500,norm,jac_n3,cornell->press_federer obs,0.00195498,,,1,replicate mean (no CI)
1500,norm,jac_n3,cornell->press_djokovic obs,0.00337322,,,1,replicate mean (no CI)
1500,norm,jac_n3,cornell->press_murray obs,0.00613364,,,1,replicate mean (no CI)
1500,norm,jac_n3,cornell->press_nadal obs,0.00256452,,,1,replicate mean (no CI)
1500,norm,jac_n3,press_pooled->press_federer obs,0.0574898,,,1,replicate mean (no CI)
1500,norm,jac_n3,press_pooled->press_djokovic obs,0.058203,,,1,replicate mean (no CI)
1500,norm,jac_n3,press_pooled->press_murray obs,0.0698794,,,1,replicate mean (no CI)
1500,norm,jac_n3,press_pooled->press_nadal obs,0.0486094,,,1,replicate mean (no CI)
1500,norm,jac_n3,press_federer->press_djokovic obs,0.0383233,,,1,replicate mean (no CI)
1500,norm,jac_n3,press_federer->press_murray obs,0.0559651,,,1,replicate mean (no CI)
1500,norm,jac_n3,press_federer->press_nadal obs,0.0352175,,,1,replicate mean (no CI)
1500,norm,jac_n3,press_djokovic->press_murray obs,0.0564537,,,1,replicate mean (no CI)
1500,norm,jac_n3,press_djokovic->press_nadal obs,0.0353881,,,1,replicate mean (no CI)
1500,norm,jac_n3,press_murray->press_nadal obs,0.0422697,,,1,replicate mean (no CI)
1500,norm,jac_n3,TV->TV mean null,,,,380,"vertex bootstrap over TV streams, B = 2000"
1500,norm,jac_n3,cornell->TV mean null,,,,20,"bootstrap over TV streams, B = 2000"
1500,norm,jac_n3,press_pooled->TV mean null,,,,20,"bootstrap over TV streams, B = 2000"
1500,norm,jac_n3,press_federer->TV mean null,,,,20,"bootstrap over TV streams, B = 2000"
1500,norm,jac_n3,press_djokovic->TV mean null,,,,20,"bootstrap over TV streams, B = 2000"
1500,norm,jac_n3,press_murray->TV mean null,,,,20,"bootstrap over TV streams, B = 2000"
1500,norm,jac_n3,press_nadal->TV mean null,,,,20,"bootstrap over TV streams, B = 2000"
1500,norm,jac_n3,cornell->press_pooled null,,,,1,replicate mean (no CI)
1500,norm,jac_n3,cornell->press_federer null,,,,1,replicate mean (no CI)
1500,norm,jac_n3,cornell->press_djokovic null,,,,1,replicate mean (no CI)
1500,norm,jac_n3,cornell->press_murray null,,,,1,replicate mean (no CI)
1500,norm,jac_n3,cornell->press_nadal null,,,,1,replicate mean (no CI)
1500,norm,jac_n3,press_pooled->press_federer null,,,,1,replicate mean (no CI)
1500,norm,jac_n3,press_pooled->press_djokovic null,,,,1,replicate mean (no CI)
1500,norm,jac_n3,press_pooled->press_murray null,,,,1,replicate mean (no CI)
1500,norm,jac_n3,press_pooled->press_nadal null,,,,1,replicate mean (no CI)
1500,norm,jac_n3,press_federer->press_djokovic null,,,,1,replicate mean (no CI)
1500,norm,jac_n3,press_federer->press_murray null,,,,1,replicate mean (no CI)
1500,norm,jac_n3,press_federer->press_nadal null,,,,1,replicate mean (no CI)
1500,norm,jac_n3,press_djokovic->press_murray null,,,,1,replicate mean (no CI)
1500,norm,jac_n3,press_djokovic->press_nadal null,,,,1,replicate mean (no CI)
1500,norm,jac_n3,press_murray->press_nadal null,,,,1,replicate mean (no CI)
1500,norm,jac_n3,TV->TV mean excess,,,,380,"vertex bootstrap over TV streams, B = 2000"
1500,norm,jac_n3,cornell->TV mean excess,,,,20,"bootstrap over TV streams, B = 2000"
1500,norm,jac_n3,press_pooled->TV mean excess,,,,20,"bootstrap over TV streams, B = 2000"
1500,norm,jac_n3,press_federer->TV mean excess,,,,20,"bootstrap over TV streams, B = 2000"
1500,norm,jac_n3,press_djokovic->TV mean excess,,,,20,"bootstrap over TV streams, B = 2000"
1500,norm,jac_n3,press_murray->TV mean excess,,,,20,"bootstrap over TV streams, B = 2000"
1500,norm,jac_n3,press_nadal->TV mean excess,,,,20,"bootstrap over TV streams, B = 2000"
1500,norm,jac_n3,cornell->press_pooled excess,,,,1,replicate mean (no CI)
1500,norm,jac_n3,cornell->press_federer excess,,,,1,replicate mean (no CI)
1500,norm,jac_n3,cornell->press_djokovic excess,,,,1,replicate mean (no CI)
1500,norm,jac_n3,cornell->press_murray excess,,,,1,replicate mean (no CI)
1500,norm,jac_n3,cornell->press_nadal excess,,,,1,replicate mean (no CI)
1500,norm,jac_n3,press_pooled->press_federer excess,,,,1,replicate mean (no CI)
1500,norm,jac_n3,press_pooled->press_djokovic excess,,,,1,replicate mean (no CI)
1500,norm,jac_n3,press_pooled->press_murray excess,,,,1,replicate mean (no CI)
1500,norm,jac_n3,press_pooled->press_nadal excess,,,,1,replicate mean (no CI)
1500,norm,jac_n3,press_federer->press_djokovic excess,,,,1,replicate mean (no CI)
1500,norm,jac_n3,press_federer->press_murray excess,,,,1,replicate mean (no CI)
1500,norm,jac_n3,press_federer->press_nadal excess,,,,1,replicate mean (no CI)
1500,norm,jac_n3,press_djokovic->press_murray excess,,,,1,replicate mean (no CI)
1500,norm,jac_n3,press_djokovic->press_nadal excess,,,,1,replicate mean (no CI)
1500,norm,jac_n3,press_murray->press_nadal excess,,,,1,replicate mean (no CI)
1500,raw,cov_base,TV->TV mean obs,0.0601329,0.0546937,0.0663798,380,"vertex bootstrap over TV streams, B = 2000"
1500,raw,cov_base,cornell->TV mean obs,0.0487474,0.0459974,0.0516205,20,"bootstrap over TV streams, B = 2000"
1500,raw,cov_base,TV->cornell mean obs,0.04734,0.0440753,0.0507496,20,"bootstrap over TV streams, B = 2000"
1500,raw,cov_base,press_pooled->TV mean obs,0.0527313,0.049724,0.0559831,20,"bootstrap over TV streams, B = 2000"
1500,raw,cov_base,TV->press_pooled mean obs,0.0674573,0.0635696,0.0716921,20,"bootstrap over TV streams, B = 2000"
1500,raw,cov_base,press_federer->TV mean obs,0.0489794,0.0456402,0.0523397,20,"bootstrap over TV streams, B = 2000"
1500,raw,cov_base,TV->press_federer mean obs,0.0609975,0.0568276,0.0655936,20,"bootstrap over TV streams, B = 2000"
1500,raw,cov_base,press_djokovic->TV mean obs,0.0536183,0.0509003,0.0564977,20,"bootstrap over TV streams, B = 2000"
1500,raw,cov_base,TV->press_djokovic mean obs,0.0629708,0.0595791,0.0666983,20,"bootstrap over TV streams, B = 2000"
1500,raw,cov_base,press_murray->TV mean obs,0.0607359,0.0570536,0.0644025,20,"bootstrap over TV streams, B = 2000"
1500,raw,cov_base,TV->press_murray mean obs,0.0773712,0.0719406,0.0829892,20,"bootstrap over TV streams, B = 2000"
1500,raw,cov_base,press_nadal->TV mean obs,0.047368,0.0448941,0.0499982,20,"bootstrap over TV streams, B = 2000"
1500,raw,cov_base,TV->press_nadal mean obs,0.059922,0.0574397,0.0626372,20,"bootstrap over TV streams, B = 2000"
1500,raw,cov_base,cornell->press_pooled obs,0.0301741,,,1,replicate mean (no CI)
1500,raw,cov_base,cornell->press_federer obs,0.0268551,,,1,replicate mean (no CI)
1500,raw,cov_base,cornell->press_djokovic obs,0.0349476,,,1,replicate mean (no CI)
1500,raw,cov_base,cornell->press_murray obs,0.0396823,,,1,replicate mean (no CI)
1500,raw,cov_base,cornell->press_nadal obs,0.0329947,,,1,replicate mean (no CI)
1500,raw,cov_base,press_pooled->cornell obs,0.0284184,,,1,replicate mean (no CI)
1500,raw,cov_base,press_pooled->press_federer obs,0.112973,,,1,replicate mean (no CI)
1500,raw,cov_base,press_pooled->press_djokovic obs,0.115175,,,1,replicate mean (no CI)
1500,raw,cov_base,press_pooled->press_murray obs,0.146258,,,1,replicate mean (no CI)
1500,raw,cov_base,press_pooled->press_nadal obs,0.106155,,,1,replicate mean (no CI)
1500,raw,cov_base,press_federer->cornell obs,0.0259125,,,1,replicate mean (no CI)
1500,raw,cov_base,press_federer->press_pooled obs,0.115985,,,1,replicate mean (no CI)
1500,raw,cov_base,press_federer->press_djokovic obs,0.10274,,,1,replicate mean (no CI)
1500,raw,cov_base,press_federer->press_murray obs,0.137128,,,1,replicate mean (no CI)
1500,raw,cov_base,press_federer->press_nadal obs,0.0906593,,,1,replicate mean (no CI)
1500,raw,cov_base,press_djokovic->cornell obs,0.0343109,,,1,replicate mean (no CI)
1500,raw,cov_base,press_djokovic->press_pooled obs,0.120052,,,1,replicate mean (no CI)
1500,raw,cov_base,press_djokovic->press_federer obs,0.105399,,,1,replicate mean (no CI)
1500,raw,cov_base,press_djokovic->press_murray obs,0.138741,,,1,replicate mean (no CI)
1500,raw,cov_base,press_djokovic->press_nadal obs,0.100538,,,1,replicate mean (no CI)
1500,raw,cov_base,press_murray->cornell obs,0.0375815,,,1,replicate mean (no CI)
1500,raw,cov_base,press_murray->press_pooled obs,0.132731,,,1,replicate mean (no CI)
1500,raw,cov_base,press_murray->press_federer obs,0.120982,,,1,replicate mean (no CI)
1500,raw,cov_base,press_murray->press_djokovic obs,0.121488,,,1,replicate mean (no CI)
1500,raw,cov_base,press_murray->press_nadal obs,0.110822,,,1,replicate mean (no CI)
1500,raw,cov_base,press_nadal->cornell obs,0.0293838,,,1,replicate mean (no CI)
1500,raw,cov_base,press_nadal->press_pooled obs,0.113449,,,1,replicate mean (no CI)
1500,raw,cov_base,press_nadal->press_federer obs,0.0970672,,,1,replicate mean (no CI)
1500,raw,cov_base,press_nadal->press_djokovic obs,0.103603,,,1,replicate mean (no CI)
1500,raw,cov_base,press_nadal->press_murray obs,0.12537,,,1,replicate mean (no CI)
1500,raw,cov_base,TV->TV mean null,0.00162684,0.00132137,0.0020202,380,"vertex bootstrap over TV streams, B = 2000"
1500,raw,cov_base,cornell->TV mean null,0.00368374,0.00334424,0.00403036,20,"bootstrap over TV streams, B = 2000"
1500,raw,cov_base,TV->cornell mean null,0.00231771,0.001933,0.00270667,20,"bootstrap over TV streams, B = 2000"
1500,raw,cov_base,press_pooled->TV mean null,0.00139002,0.0012861,0.00150348,20,"bootstrap over TV streams, B = 2000"
1500,raw,cov_base,TV->press_pooled mean null,0.00105022,0.000927349,0.00118295,20,"bootstrap over TV streams, B = 2000"
1500,raw,cov_base,press_federer->TV mean null,0.00125731,0.00113842,0.00137287,20,"bootstrap over TV streams, B = 2000"
1500,raw,cov_base,TV->press_federer mean null,0.00100719,0.000880232,0.00113352,20,"bootstrap over TV streams, B = 2000"
1500,raw,cov_base,press_djokovic->TV mean null,0.00141771,0.00130167,0.00153225,20,"bootstrap over TV streams, B = 2000"
1500,raw,cov_base,TV->press_djokovic mean null,0.0011055,0.000974065,0.00124888,20,"bootstrap over TV streams, B = 2000"
1500,raw,cov_base,press_murray->TV mean null,0.00187639,0.00171667,0.00203367,20,"bootstrap over TV streams, B = 2000"
1500,raw,cov_base,TV->press_murray mean null,0.00129977,0.00114006,0.00146931,20,"bootstrap over TV streams, B = 2000"
1500,raw,cov_base,press_nadal->TV mean null,0.00187834,0.00174054,0.00202019,20,"bootstrap over TV streams, B = 2000"
1500,raw,cov_base,TV->press_nadal mean null,0.00133439,0.00118029,0.00150349,20,"bootstrap over TV streams, B = 2000"
1500,raw,cov_base,cornell->press_pooled null,0.00143207,,,1,replicate mean (no CI)
1500,raw,cov_base,cornell->press_federer null,0.00136233,,,1,replicate mean (no CI)
1500,raw,cov_base,cornell->press_djokovic null,0.00170897,,,1,replicate mean (no CI)
1500,raw,cov_base,cornell->press_murray null,0.00184449,,,1,replicate mean (no CI)
1500,raw,cov_base,cornell->press_nadal null,0.00196976,,,1,replicate mean (no CI)
1500,raw,cov_base,press_pooled->cornell null,0.000693992,,,1,replicate mean (no CI)
1500,raw,cov_base,press_pooled->press_federer null,0.00548854,,,1,replicate mean (no CI)
1500,raw,cov_base,press_pooled->press_djokovic null,0.00503202,,,1,replicate mean (no CI)
1500,raw,cov_base,press_pooled->press_murray null,0.00652736,,,1,replicate mean (no CI)
1500,raw,cov_base,press_pooled->press_nadal null,0.00515077,,,1,replicate mean (no CI)
1500,raw,cov_base,press_federer->cornell null,0.000678099,,,1,replicate mean (no CI)
1500,raw,cov_base,press_federer->press_pooled null,0.00511074,,,1,replicate mean (no CI)
1500,raw,cov_base,press_federer->press_djokovic null,0.00432247,,,1,replicate mean (no CI)
1500,raw,cov_base,press_federer->press_murray null,0.00563731,,,1,replicate mean (no CI)
1500,raw,cov_base,press_federer->press_nadal null,0.00427937,,,1,replicate mean (no CI)
1500,raw,cov_base,press_djokovic->cornell null,0.000959278,,,1,replicate mean (no CI)
1500,raw,cov_base,press_djokovic->press_pooled null,0.00464036,,,1,replicate mean (no CI)
1500,raw,cov_base,press_djokovic->press_federer null,0.00428686,,,1,replicate mean (no CI)
1500,raw,cov_base,press_djokovic->press_murray null,0.00570528,,,1,replicate mean (no CI)
1500,raw,cov_base,press_djokovic->press_nadal null,0.00421231,,,1,replicate mean (no CI)
1500,raw,cov_base,press_murray->cornell null,0.00107171,,,1,replicate mean (no CI)
1500,raw,cov_base,press_murray->press_pooled null,0.00686223,,,1,replicate mean (no CI)
1500,raw,cov_base,press_murray->press_federer null,0.00654728,,,1,replicate mean (no CI)
1500,raw,cov_base,press_murray->press_djokovic null,0.00653186,,,1,replicate mean (no CI)
1500,raw,cov_base,press_murray->press_nadal null,0.00550582,,,1,replicate mean (no CI)
1500,raw,cov_base,press_nadal->cornell null,0.00144762,,,1,replicate mean (no CI)
1500,raw,cov_base,press_nadal->press_pooled null,0.00553641,,,1,replicate mean (no CI)
1500,raw,cov_base,press_nadal->press_federer null,0.00490242,,,1,replicate mean (no CI)
1500,raw,cov_base,press_nadal->press_djokovic null,0.00484169,,,1,replicate mean (no CI)
1500,raw,cov_base,press_nadal->press_murray null,0.00565174,,,1,replicate mean (no CI)
1500,raw,cov_base,TV->TV mean excess,0.058506,0.0533298,0.0646655,380,"vertex bootstrap over TV streams, B = 2000"
1500,raw,cov_base,cornell->TV mean excess,0.0450637,0.0425345,0.0477428,20,"bootstrap over TV streams, B = 2000"
1500,raw,cov_base,TV->cornell mean excess,0.0450223,0.0420528,0.0479898,20,"bootstrap over TV streams, B = 2000"
1500,raw,cov_base,press_pooled->TV mean excess,0.0513413,0.0482719,0.0544578,20,"bootstrap over TV streams, B = 2000"
1500,raw,cov_base,TV->press_pooled mean excess,0.0664071,0.0626828,0.0704722,20,"bootstrap over TV streams, B = 2000"
1500,raw,cov_base,press_federer->TV mean excess,0.0477221,0.044431,0.051091,20,"bootstrap over TV streams, B = 2000"
1500,raw,cov_base,TV->press_federer mean excess,0.0599903,0.0558654,0.0644271,20,"bootstrap over TV streams, B = 2000"
1500,raw,cov_base,press_djokovic->TV mean excess,0.0522006,0.0496099,0.054935,20,"bootstrap over TV streams, B = 2000"
1500,raw,cov_base,TV->press_djokovic mean excess,0.0618653,0.0584838,0.0655638,20,"bootstrap over TV streams, B = 2000"
1500,raw,cov_base,press_murray->TV mean excess,0.0588595,0.055481,0.0624667,20,"bootstrap over TV streams, B = 2000"
1500,raw,cov_base,TV->press_murray mean excess,0.0760714,0.0707813,0.081565,20,"bootstrap over TV streams, B = 2000"
1500,raw,cov_base,press_nadal->TV mean excess,0.0454896,0.043143,0.0479931,20,"bootstrap over TV streams, B = 2000"
1500,raw,cov_base,TV->press_nadal mean excess,0.0585876,0.0560001,0.0612909,20,"bootstrap over TV streams, B = 2000"
1500,raw,cov_base,cornell->press_pooled excess,0.028742,,,1,replicate mean (no CI)
1500,raw,cov_base,cornell->press_federer excess,0.0254927,,,1,replicate mean (no CI)
1500,raw,cov_base,cornell->press_djokovic excess,0.0332386,,,1,replicate mean (no CI)
1500,raw,cov_base,cornell->press_murray excess,0.0378378,,,1,replicate mean (no CI)
1500,raw,cov_base,cornell->press_nadal excess,0.031025,,,1,replicate mean (no CI)
1500,raw,cov_base,press_pooled->cornell excess,0.0277244,,,1,replicate mean (no CI)
1500,raw,cov_base,press_pooled->press_federer excess,0.107484,,,1,replicate mean (no CI)
1500,raw,cov_base,press_pooled->press_djokovic excess,0.110143,,,1,replicate mean (no CI)
1500,raw,cov_base,press_pooled->press_murray excess,0.13973,,,1,replicate mean (no CI)
1500,raw,cov_base,press_pooled->press_nadal excess,0.101005,,,1,replicate mean (no CI)
1500,raw,cov_base,press_federer->cornell excess,0.0252344,,,1,replicate mean (no CI)
1500,raw,cov_base,press_federer->press_pooled excess,0.110874,,,1,replicate mean (no CI)
1500,raw,cov_base,press_federer->press_djokovic excess,0.0984177,,,1,replicate mean (no CI)
1500,raw,cov_base,press_federer->press_murray excess,0.13149,,,1,replicate mean (no CI)
1500,raw,cov_base,press_federer->press_nadal excess,0.08638,,,1,replicate mean (no CI)
1500,raw,cov_base,press_djokovic->cornell excess,0.0333517,,,1,replicate mean (no CI)
1500,raw,cov_base,press_djokovic->press_pooled excess,0.115412,,,1,replicate mean (no CI)
1500,raw,cov_base,press_djokovic->press_federer excess,0.101112,,,1,replicate mean (no CI)
1500,raw,cov_base,press_djokovic->press_murray excess,0.133035,,,1,replicate mean (no CI)
1500,raw,cov_base,press_djokovic->press_nadal excess,0.0963252,,,1,replicate mean (no CI)
1500,raw,cov_base,press_murray->cornell excess,0.0365098,,,1,replicate mean (no CI)
1500,raw,cov_base,press_murray->press_pooled excess,0.125869,,,1,replicate mean (no CI)
1500,raw,cov_base,press_murray->press_federer excess,0.114435,,,1,replicate mean (no CI)
1500,raw,cov_base,press_murray->press_djokovic excess,0.114956,,,1,replicate mean (no CI)
1500,raw,cov_base,press_murray->press_nadal excess,0.105316,,,1,replicate mean (no CI)
1500,raw,cov_base,press_nadal->cornell excess,0.0279361,,,1,replicate mean (no CI)
1500,raw,cov_base,press_nadal->press_pooled excess,0.107912,,,1,replicate mean (no CI)
1500,raw,cov_base,press_nadal->press_federer excess,0.0921647,,,1,replicate mean (no CI)
1500,raw,cov_base,press_nadal->press_djokovic excess,0.0987609,,,1,replicate mean (no CI)
1500,raw,cov_base,press_nadal->press_murray excess,0.119718,,,1,replicate mean (no CI)
1500,raw,cov_base,TV->TV minus cornell->TV excess,0.0134424,0.00879644,0.018752,20,"vertex bootstrap over TV streams, B = 2000"
1500,raw,cov_base,TV->TV minus press_pooled->TV excess,0.00716476,0.00306264,0.0122406,20,"vertex bootstrap over TV streams, B = 2000"
1500,raw,cov_n3,TV->TV mean obs,0.00925944,0.00775326,0.0109581,380,"vertex bootstrap over TV streams, B = 2000"
1500,raw,cov_n3,cornell->TV mean obs,0.00829606,0.00742458,0.0091987,20,"bootstrap over TV streams, B = 2000"
1500,raw,cov_n3,TV->cornell mean obs,0.00615609,0.00528117,0.00704987,20,"bootstrap over TV streams, B = 2000"
1500,raw,cov_n3,press_pooled->TV mean obs,0.0102956,0.00916788,0.0113709,20,"bootstrap over TV streams, B = 2000"
1500,raw,cov_n3,TV->press_pooled mean obs,0.0106114,0.00939915,0.0117228,20,"bootstrap over TV streams, B = 2000"
1500,raw,cov_n3,press_federer->TV mean obs,0.00805684,0.00731814,0.00883584,20,"bootstrap over TV streams, B = 2000"
1500,raw,cov_n3,TV->press_federer mean obs,0.00741981,0.00661277,0.00820263,20,"bootstrap over TV streams, B = 2000"
1500,raw,cov_n3,press_djokovic->TV mean obs,0.0103486,0.00930915,0.0113832,20,"bootstrap over TV streams, B = 2000"
1500,raw,cov_n3,TV->press_djokovic mean obs,0.010551,0.00928975,0.0117208,20,"bootstrap over TV streams, B = 2000"
1500,raw,cov_n3,press_murray->TV mean obs,0.0131029,0.0117711,0.0144307,20,"bootstrap over TV streams, B = 2000"
1500,raw,cov_n3,TV->press_murray mean obs,0.0134746,0.0118123,0.015071,20,"bootstrap over TV streams, B = 2000"
1500,raw,cov_n3,press_nadal->TV mean obs,0.00987109,0.00874937,0.0109913,20,"bootstrap over TV streams, B = 2000"
1500,raw,cov_n3,TV->press_nadal mean obs,0.0123615,0.0108659,0.0138618,20,"bootstrap over TV streams, B = 2000"
1500,raw,cov_n3,cornell->press_pooled obs,0.00389736,,,1,replicate mean (no CI)
1500,raw,cov_n3,cornell->press_federer obs,0.00337496,,,1,replicate mean (no CI)
1500,raw,cov_n3,cornell->press_djokovic obs,0.00476531,,,1,replicate mean (no CI)
1500,raw,cov_n3,cornell->press_murray obs,0.00662231,,,1,replicate mean (no CI)
1500,raw,cov_n3,cornell->press_nadal obs,0.00417389,,,1,replicate mean (no CI)
1500,raw,cov_n3,press_pooled->cornell obs,0.00231752,,,1,replicate mean (no CI)
1500,raw,cov_n3,press_pooled->press_federer obs,0.0239095,,,1,replicate mean (no CI)
1500,raw,cov_n3,press_pooled->press_djokovic obs,0.0279426,,,1,replicate mean (no CI)
1500,raw,cov_n3,press_pooled->press_murray obs,0.0368398,,,1,replicate mean (no CI)
1500,raw,cov_n3,press_pooled->press_nadal obs,0.028932,,,1,replicate mean (no CI)
1500,raw,cov_n3,press_federer->cornell obs,0.0021947,,,1,replicate mean (no CI)
1500,raw,cov_n3,press_federer->press_pooled obs,0.0245877,,,1,replicate mean (no CI)
1500,raw,cov_n3,press_federer->press_djokovic obs,0.0194565,,,1,replicate mean (no CI)
1500,raw,cov_n3,press_federer->press_murray obs,0.0304198,,,1,replicate mean (no CI)
1500,raw,cov_n3,press_federer->press_nadal obs,0.0220798,,,1,replicate mean (no CI)
1500,raw,cov_n3,press_djokovic->cornell obs,0.00344379,,,1,replicate mean (no CI)
1500,raw,cov_n3,press_djokovic->press_pooled obs,0.0280119,,,1,replicate mean (no CI)
1500,raw,cov_n3,press_djokovic->press_federer obs,0.0196308,,,1,replicate mean (no CI)
1500,raw,cov_n3,press_djokovic->press_murray obs,0.0353456,,,1,replicate mean (no CI)
1500,raw,cov_n3,press_djokovic->press_nadal obs,0.0249455,,,1,replicate mean (no CI)
1500,raw,cov_n3,press_murray->cornell obs,0.00542815,,,1,replicate mean (no CI)
1500,raw,cov_n3,press_murray->press_pooled obs,0.0369511,,,1,replicate mean (no CI)
1500,raw,cov_n3,press_murray->press_federer obs,0.0293561,,,1,replicate mean (no CI)
1500,raw,cov_n3,press_murray->press_djokovic obs,0.0346311,,,1,replicate mean (no CI)
1500,raw,cov_n3,press_murray->press_nadal obs,0.031606,,,1,replicate mean (no CI)
1500,raw,cov_n3,press_nadal->cornell obs,0.00282928,,,1,replicate mean (no CI)
1500,raw,cov_n3,press_nadal->press_pooled obs,0.0256425,,,1,replicate mean (no CI)
1500,raw,cov_n3,press_nadal->press_federer obs,0.01854,,,1,replicate mean (no CI)
1500,raw,cov_n3,press_nadal->press_djokovic obs,0.0217468,,,1,replicate mean (no CI)
1500,raw,cov_n3,press_nadal->press_murray obs,0.0291113,,,1,replicate mean (no CI)
1500,raw,cov_n3,TV->TV mean null,7.85069e-07,4.56276e-07,1.17845e-06,380,"vertex bootstrap over TV streams, B = 2000"
1500,raw,cov_n3,cornell->TV mean null,2.55731e-06,1.37551e-06,3.92119e-06,20,"bootstrap over TV streams, B = 2000"
1500,raw,cov_n3,TV->cornell mean null,1.37719e-06,3.90767e-07,2.56021e-06,20,"bootstrap over TV streams, B = 2000"
1500,raw,cov_n3,press_pooled->TV mean null,1.18158e-06,3.88672e-07,2.17288e-06,20,"bootstrap over TV streams, B = 2000"
1500,raw,cov_n3,TV->press_pooled mean null,7.77787e-07,1.96464e-07,1.557e-06,20,"bootstrap over TV streams, B = 2000"
1500,raw,cov_n3,press_federer->TV mean null,1.96078e-07,0,5.88235e-07,20,"bootstrap over TV streams, B = 2000"
1500,raw,cov_n3,TV->press_federer mean null,3.80337e-07,0,9.57524e-07,20,"bootstrap over TV streams, B = 2000"
1500,raw,cov_n3,press_djokovic->TV mean null,1.37226e-06,3.96434e-07,2.3565e-06,20,"bootstrap over TV streams, B = 2000"
1500,raw,cov_n3,TV->press_djokovic mean null,9.4844e-07,1.99203e-07,1.71784e-06,20,"bootstrap over TV streams, B = 2000"
1500,raw,cov_n3,press_murray->TV mean null,2.17362e-06,9.87296e-07,3.5503e-06,20,"bootstrap over TV streams, B = 2000"
1500,raw,cov_n3,TV->press_murray mean null,9.71908e-07,1.9698e-07,1.75467e-06,20,"bootstrap over TV streams, B = 2000"
1500,raw,cov_n3,press_nadal->TV mean null,7.81062e-07,1.91449e-07,1.55492e-06,20,"bootstrap over TV streams, B = 2000"
1500,raw,cov_n3,TV->press_nadal mean null,5.80534e-07,0,1.55003e-06,20,"bootstrap over TV streams, B = 2000"
1500,raw,cov_n3,cornell->press_pooled null,3.92927e-06,,,1,replicate mean (no CI)
1500,raw,cov_n3,cornell->press_federer null,0,,,1,replicate mean (no CI)
1500,raw,cov_n3,cornell->press_djokovic null,0,,,1,replicate mean (no CI)
1500,raw,cov_n3,cornell->press_murray null,3.72208e-06,,,1,replicate mean (no CI)
1500,raw,cov_n3,cornell->press_nadal null,0,,,1,replicate mean (no CI)
1500,raw,cov_n3,press_pooled->cornell null,0,,,1,replicate mean (no CI)
1500,raw,cov_n3,press_pooled->press_federer null,7.48416e-06,,,1,replicate mean (no CI)
1500,raw,cov_n3,press_pooled->press_djokovic null,0,,,1,replicate mean (no CI)
1500,raw,cov_n3,press_pooled->press_murray null,3.87597e-06,,,1,replicate mean (no CI)
1500,raw,cov_n3,press_pooled->press_nadal null,7.14179e-06,,,1,replicate mean (no CI)
1500,raw,cov_n3,press_federer->cornell null,0,,,1,replicate mean (no CI)
1500,raw,cov_n3,press_federer->press_pooled null,3.90371e-06,,,1,replicate mean (no CI)
1500,raw,cov_n3,press_federer->press_djokovic null,0,,,1,replicate mean (no CI)
1500,raw,cov_n3,press_federer->press_murray null,1.14616e-05,,,1,replicate mean (no CI)
1500,raw,cov_n3,press_federer->press_nadal null,0,,,1,replicate mean (no CI)
1500,raw,cov_n3,press_djokovic->cornell null,3.94218e-06,,,1,replicate mean (no CI)
1500,raw,cov_n3,press_djokovic->press_pooled null,3.99734e-06,,,1,replicate mean (no CI)
1500,raw,cov_n3,press_djokovic->press_federer null,3.93185e-06,,,1,replicate mean (no CI)
1500,raw,cov_n3,press_djokovic->press_murray null,7.68802e-06,,,1,replicate mean (no CI)
1500,raw,cov_n3,press_djokovic->press_nadal null,7.91881e-06,,,1,replicate mean (no CI)
1500,raw,cov_n3,press_murray->cornell null,3.86847e-06,,,1,replicate mean (no CI)
1500,raw,cov_n3,press_murray->press_pooled null,1.17241e-05,,,1,replicate mean (no CI)
1500,raw,cov_n3,press_murray->press_federer null,3.88098e-06,,,1,replicate mean (no CI)
1500,raw,cov_n3,press_murray->press_djokovic null,1.55538e-05,,,1,replicate mean (no CI)
1500,raw,cov_n3,press_murray->press_nadal null,7.67129e-06,,,1,replicate mean (no CI)
1500,raw,cov_n3,press_nadal->cornell null,0,,,1,replicate mean (no CI)
1500,raw,cov_n3,press_nadal->press_pooled null,0,,,1,replicate mean (no CI)
1500,raw,cov_n3,press_nadal->press_federer null,0,,,1,replicate mean (no CI)
1500,raw,cov_n3,press_nadal->press_djokovic null,0,,,1,replicate mean (no CI)
1500,raw,cov_n3,press_nadal->press_murray null,1.12583e-05,,,1,replicate mean (no CI)
1500,raw,cov_n3,TV->TV mean excess,0.00925866,0.00782024,0.0109245,380,"vertex bootstrap over TV streams, B = 2000"
1500,raw,cov_n3,cornell->TV mean excess,0.00829351,0.00741558,0.00917926,20,"bootstrap over TV streams, B = 2000"
1500,raw,cov_n3,TV->cornell mean excess,0.00615471,0.00530899,0.00707322,20,"bootstrap over TV streams, B = 2000"
1500,raw,cov_n3,press_pooled->TV mean excess,0.0102944,0.00915087,0.0114078,20,"bootstrap over TV streams, B = 2000"
1500,raw,cov_n3,TV->press_pooled mean excess,0.0106106,0.00941224,0.0117109,20,"bootstrap over TV streams, B = 2000"
1500,raw,cov_n3,press_federer->TV mean excess,0.00805665,0.0073096,0.00884593,20,"bootstrap over TV streams, B = 2000"
1500,raw,cov_n3,TV->press_federer mean excess,0.00741943,0.00656192,0.00824517,20,"bootstrap over TV streams, B = 2000"
1500,raw,cov_n3,press_djokovic->TV mean excess,0.0103472,0.00924726,0.0113462,20,"bootstrap over TV streams, B = 2000"
1500,raw,cov_n3,TV->press_djokovic mean excess,0.01055,0.00931163,0.0118132,20,"bootstrap over TV streams, B = 2000"
1500,raw,cov_n3,press_murray->TV mean excess,0.0131008,0.0117741,0.0143807,20,"bootstrap over TV streams, B = 2000"
1500,raw,cov_n3,TV->press_murray mean excess,0.0134736,0.0119217,0.0151016,20,"bootstrap over TV streams, B = 2000"
1500,raw,cov_n3,press_nadal->TV mean excess,0.00987031,0.00879403,0.0110044,20,"bootstrap over TV streams, B = 2000"
1500,raw,cov_n3,TV->press_nadal mean excess,0.012361,0.0108315,0.013805,20,"bootstrap over TV streams, B = 2000"
1500,raw,cov_n3,cornell->press_pooled excess,0.00389343,,,1,replicate mean (no CI)
1500,raw,cov_n3,cornell->press_federer excess,0.00337496,,,1,replicate mean (no CI)
1500,raw,cov_n3,cornell->press_djokovic excess,0.00476531,,,1,replicate mean (no CI)
1500,raw,cov_n3,cornell->press_murray excess,0.00661859,,,1,replicate mean (no CI)
1500,raw,cov_n3,cornell->press_nadal excess,0.00417389,,,1,replicate mean (no CI)
1500,raw,cov_n3,press_pooled->cornell excess,0.00231752,,,1,replicate mean (no CI)
1500,raw,cov_n3,press_pooled->press_federer excess,0.023902,,,1,replicate mean (no CI)
1500,raw,cov_n3,press_pooled->press_djokovic excess,0.0279426,,,1,replicate mean (no CI)
1500,raw,cov_n3,press_pooled->press_murray excess,0.0368359,,,1,replicate mean (no CI)
1500,raw,cov_n3,press_pooled->press_nadal excess,0.0289248,,,1,replicate mean (no CI)
1500,raw,cov_n3,press_federer->cornell excess,0.0021947,,,1,replicate mean (no CI)
1500,raw,cov_n3,press_federer->press_pooled excess,0.0245838,,,1,replicate mean (no CI)
1500,raw,cov_n3,press_federer->press_djokovic excess,0.0194565,,,1,replicate mean (no CI)
1500,raw,cov_n3,press_federer->press_murray excess,0.0304084,,,1,replicate mean (no CI)
1500,raw,cov_n3,press_federer->press_nadal excess,0.0220798,,,1,replicate mean (no CI)
1500,raw,cov_n3,press_djokovic->cornell excess,0.00343985,,,1,replicate mean (no CI)
1500,raw,cov_n3,press_djokovic->press_pooled excess,0.0280079,,,1,replicate mean (no CI)
1500,raw,cov_n3,press_djokovic->press_federer excess,0.0196268,,,1,replicate mean (no CI)
1500,raw,cov_n3,press_djokovic->press_murray excess,0.0353379,,,1,replicate mean (no CI)
1500,raw,cov_n3,press_djokovic->press_nadal excess,0.0249376,,,1,replicate mean (no CI)
1500,raw,cov_n3,press_murray->cornell excess,0.00542428,,,1,replicate mean (no CI)
1500,raw,cov_n3,press_murray->press_pooled excess,0.0369394,,,1,replicate mean (no CI)
1500,raw,cov_n3,press_murray->press_federer excess,0.0293522,,,1,replicate mean (no CI)
1500,raw,cov_n3,press_murray->press_djokovic excess,0.0346156,,,1,replicate mean (no CI)
1500,raw,cov_n3,press_murray->press_nadal excess,0.0315984,,,1,replicate mean (no CI)
1500,raw,cov_n3,press_nadal->cornell excess,0.00282928,,,1,replicate mean (no CI)
1500,raw,cov_n3,press_nadal->press_pooled excess,0.0256425,,,1,replicate mean (no CI)
1500,raw,cov_n3,press_nadal->press_federer excess,0.01854,,,1,replicate mean (no CI)
1500,raw,cov_n3,press_nadal->press_djokovic excess,0.0217468,,,1,replicate mean (no CI)
1500,raw,cov_n3,press_nadal->press_murray excess,0.0291001,,,1,replicate mean (no CI)
1500,raw,cov_n3,TV->TV minus cornell->TV excess,0.000965149,-0.000802704,0.00281715,20,"vertex bootstrap over TV streams, B = 2000"
1500,raw,cov_n3,TV->TV minus press_pooled->TV excess,-0.00103574,-0.00204383,0.000287507,20,"vertex bootstrap over TV streams, B = 2000"
1500,raw,cov_content,TV->TV mean obs,0.0550258,0.049386,0.0617391,380,"vertex bootstrap over TV streams, B = 2000"
1500,raw,cov_content,cornell->TV mean obs,0.0419394,0.0393943,0.0443513,20,"bootstrap over TV streams, B = 2000"
1500,raw,cov_content,TV->cornell mean obs,0.039382,0.0363691,0.0423634,20,"bootstrap over TV streams, B = 2000"
1500,raw,cov_content,press_pooled->TV mean obs,0.0493313,0.0463374,0.0527436,20,"bootstrap over TV streams, B = 2000"
1500,raw,cov_content,TV->press_pooled mean obs,0.0639108,0.0601052,0.0680519,20,"bootstrap over TV streams, B = 2000"
1500,raw,cov_content,press_federer->TV mean obs,0.0459987,0.0428115,0.0495046,20,"bootstrap over TV streams, B = 2000"
1500,raw,cov_content,TV->press_federer mean obs,0.0578351,0.0533614,0.0624589,20,"bootstrap over TV streams, B = 2000"
1500,raw,cov_content,press_djokovic->TV mean obs,0.0495924,0.0466948,0.0526992,20,"bootstrap over TV streams, B = 2000"
1500,raw,cov_content,TV->press_djokovic mean obs,0.0589193,0.0553991,0.0627712,20,"bootstrap over TV streams, B = 2000"
1500,raw,cov_content,press_murray->TV mean obs,0.0561615,0.0524703,0.0598507,20,"bootstrap over TV streams, B = 2000"
1500,raw,cov_content,TV->press_murray mean obs,0.0727269,0.0671748,0.0780506,20,"bootstrap over TV streams, B = 2000"
1500,raw,cov_content,press_nadal->TV mean obs,0.0430182,0.0404687,0.0457547,20,"bootstrap over TV streams, B = 2000"
1500,raw,cov_content,TV->press_nadal mean obs,0.0550625,0.0524461,0.0579618,20,"bootstrap over TV streams, B = 2000"
1500,raw,cov_content,cornell->press_pooled obs,0.0260195,,,1,replicate mean (no CI)
1500,raw,cov_content,cornell->press_federer obs,0.0229722,,,1,replicate mean (no CI)
1500,raw,cov_content,cornell->press_djokovic obs,0.0308082,,,1,replicate mean (no CI)
1500,raw,cov_content,cornell->press_murray obs,0.0344487,,,1,replicate mean (no CI)
1500,raw,cov_content,cornell->press_nadal obs,0.0268511,,,1,replicate mean (no CI)
1500,raw,cov_content,press_pooled->cornell obs,0.0232552,,,1,replicate mean (no CI)
1500,raw,cov_content,press_pooled->press_federer obs,0.11059,,,1,replicate mean (no CI)
1500,raw,cov_content,press_pooled->press_djokovic obs,0.111837,,,1,replicate mean (no CI)
1500,raw,cov_content,press_pooled->press_murray obs,0.142533,,,1,replicate mean (no CI)
1500,raw,cov_content,press_pooled->press_nadal obs,0.102441,,,1,replicate mean (no CI)
1500,raw,cov_content,press_federer->cornell obs,0.0212291,,,1,replicate mean (no CI)
1500,raw,cov_content,press_federer->press_pooled obs,0.113528,,,1,replicate mean (no CI)
1500,raw,cov_content,press_federer->press_djokovic obs,0.0998865,,,1,replicate mean (no CI)
1500,raw,cov_content,press_federer->press_murray obs,0.133862,,,1,replicate mean (no CI)
1500,raw,cov_content,press_federer->press_nadal obs,0.0872844,,,1,replicate mean (no CI)
1500,raw,cov_content,press_djokovic->cornell obs,0.0289148,,,1,replicate mean (no CI)
1500,raw,cov_content,press_djokovic->press_pooled obs,0.116579,,,1,replicate mean (no CI)
1500,raw,cov_content,press_djokovic->press_federer obs,0.102481,,,1,replicate mean (no CI)
1500,raw,cov_content,press_djokovic->press_murray obs,0.13437,,,1,replicate mean (no CI)
1500,raw,cov_content,press_djokovic->press_nadal obs,0.0962196,,,1,replicate mean (no CI)
1500,raw,cov_content,press_murray->cornell obs,0.0306831,,,1,replicate mean (no CI)
1500,raw,cov_content,press_murray->press_pooled obs,0.129111,,,1,replicate mean (no CI)
1500,raw,cov_content,press_murray->press_federer obs,0.117722,,,1,replicate mean (no CI)
1500,raw,cov_content,press_murray->press_djokovic obs,0.117154,,,1,replicate mean (no CI)
1500,raw,cov_content,press_murray->press_nadal obs,0.105771,,,1,replicate mean (no CI)
1500,raw,cov_content,press_nadal->cornell obs,0.0224279,,,1,replicate mean (no CI)
1500,raw,cov_content,press_nadal->press_pooled obs,0.109929,,,1,replicate mean (no CI)
1500,raw,cov_content,press_nadal->press_federer obs,0.0939525,,,1,replicate mean (no CI)
1500,raw,cov_content,press_nadal->press_djokovic obs,0.0997752,,,1,replicate mean (no CI)
1500,raw,cov_content,press_nadal->press_murray obs,0.120823,,,1,replicate mean (no CI)
1500,raw,cov_content,TV->TV mean null,0.00129323,0.001005,0.00165864,380,"vertex bootstrap over TV streams, B = 2000"
1500,raw,cov_content,cornell->TV mean null,0.00287828,0.00259981,0.0031762,20,"bootstrap over TV streams, B = 2000"
1500,raw,cov_content,TV->cornell mean null,0.00176915,0.00146681,0.00209229,20,"bootstrap over TV streams, B = 2000"
1500,raw,cov_content,press_pooled->TV mean null,0.00130143,0.00119234,0.00140599,20,"bootstrap over TV streams, B = 2000"
1500,raw,cov_content,TV->press_pooled mean null,0.000914486,0.000796397,0.00103488,20,"bootstrap over TV streams, B = 2000"
1500,raw,cov_content,press_federer->TV mean null,0.00117396,0.00105761,0.00128597,20,"bootstrap over TV streams, B = 2000"
1500,raw,cov_content,TV->press_federer mean null,0.000875131,0.000763126,0.0010038,20,"bootstrap over TV streams, B = 2000"
1500,raw,cov_content,press_djokovic->TV mean null,0.00131197,0.00120641,0.00141929,20,"bootstrap over TV streams, B = 2000"
1500,raw,cov_content,TV->press_djokovic mean null,0.000953264,0.000831151,0.00109306,20,"bootstrap over TV streams, B = 2000"
1500,raw,cov_content,press_murray->TV mean null,0.00178296,0.00162314,0.00195305,20,"bootstrap over TV streams, B = 2000"
1500,raw,cov_content,TV->press_murray mean null,0.00114358,0.000992191,0.00131508,20,"bootstrap over TV streams, B = 2000"
1500,raw,cov_content,press_nadal->TV mean null,0.00167892,0.00154432,0.00182139,20,"bootstrap over TV streams, B = 2000"
1500,raw,cov_content,TV->press_nadal mean null,0.00111359,0.000966092,0.00127898,20,"bootstrap over TV streams, B = 2000"
1500,raw,cov_content,cornell->press_pooled null,0.00114498,,,1,replicate mean (no CI)
1500,raw,cov_content,cornell->press_federer null,0.00109566,,,1,replicate mean (no CI)
1500,raw,cov_content,cornell->press_djokovic null,0.00139017,,,1,replicate mean (no CI)
1500,raw,cov_content,cornell->press_murray null,0.00155726,,,1,replicate mean (no CI)
1500,raw,cov_content,cornell->press_nadal null,0.00154892,,,1,replicate mean (no CI)
1500,raw,cov_content,press_pooled->cornell null,0.000618049,,,1,replicate mean (no CI)
1500,raw,cov_content,press_pooled->press_federer null,0.00544484,,,1,replicate mean (no CI)
1500,raw,cov_content,press_pooled->press_djokovic null,0.00496007,,,1,replicate mean (no CI)
1500,raw,cov_content,press_pooled->press_murray null,0.00644025,,,1,replicate mean (no CI)
1500,raw,cov_content,press_pooled->press_nadal null,0.00504498,,,1,replicate mean (no CI)
1500,raw,cov_content,press_federer->cornell null,0.000584567,,,1,replicate mean (no CI)
1500,raw,cov_content,press_federer->press_pooled null,0.00504904,,,1,replicate mean (no CI)
1500,raw,cov_content,press_federer->press_djokovic null,0.00424985,,,1,replicate mean (no CI)
1500,raw,cov_content,press_federer->press_murray null,0.00556048,,,1,replicate mean (no CI)
1500,raw,cov_content,press_federer->press_nadal null,0.00420361,,,1,replicate mean (no CI)
1500,raw,cov_content,press_djokovic->cornell null,0.000834225,,,1,replicate mean (no CI)
1500,raw,cov_content,press_djokovic->press_pooled null,0.00456193,,,1,replicate mean (no CI)
1500,raw,cov_content,press_djokovic->press_federer null,0.00418951,,,1,replicate mean (no CI)
1500,raw,cov_content,press_djokovic->press_murray null,0.00562391,,,1,replicate mean (no CI)
1500,raw,cov_content,press_djokovic->press_nadal null,0.00408834,,,1,replicate mean (no CI)
1500,raw,cov_content,press_murray->cornell null,0.000964698,,,1,replicate mean (no CI)
1500,raw,cov_content,press_murray->press_pooled null,0.00676019,,,1,replicate mean (no CI)
1500,raw,cov_content,press_murray->press_federer null,0.00648828,,,1,replicate mean (no CI)
1500,raw,cov_content,press_murray->press_djokovic null,0.00644208,,,1,replicate mean (no CI)
1500,raw,cov_content,press_murray->press_nadal null,0.00538294,,,1,replicate mean (no CI)
1500,raw,cov_content,press_nadal->cornell null,0.00118222,,,1,replicate mean (no CI)
1500,raw,cov_content,press_nadal->press_pooled null,0.00539617,,,1,replicate mean (no CI)
1500,raw,cov_content,press_nadal->press_federer null,0.0047453,,,1,replicate mean (no CI)
1500,raw,cov_content,press_nadal->press_djokovic null,0.00461798,,,1,replicate mean (no CI)
1500,raw,cov_content,press_nadal->press_murray null,0.00547545,,,1,replicate mean (no CI)
1500,raw,cov_content,TV->TV mean excess,0.0537326,0.0481781,0.06062,380,"vertex bootstrap over TV streams, B = 2000"
1500,raw,cov_content,cornell->TV mean excess,0.0390611,0.0367928,0.041391,20,"bootstrap over TV streams, B = 2000"
1500,raw,cov_content,TV->cornell mean excess,0.0376129,0.0349706,0.0403744,20,"bootstrap over TV streams, B = 2000"
1500,raw,cov_content,press_pooled->TV mean excess,0.0480298,0.0449553,0.0513771,20,"bootstrap over TV streams, B = 2000"
1500,raw,cov_content,TV->press_pooled mean excess,0.0629964,0.0590978,0.0669911,20,"bootstrap over TV streams, B = 2000"
1500,raw,cov_content,press_federer->TV mean excess,0.0448247,0.0416601,0.0480418,20,"bootstrap over TV streams, B = 2000"
1500,raw,cov_content,TV->press_federer mean excess,0.0569599,0.0528744,0.0611533,20,"bootstrap over TV streams, B = 2000"
1500,raw,cov_content,press_djokovic->TV mean excess,0.0482805,0.0455242,0.0511657,20,"bootstrap over TV streams, B = 2000"
1500,raw,cov_content,TV->press_djokovic mean excess,0.0579661,0.0544157,0.0616343,20,"bootstrap over TV streams, B = 2000"
1500,raw,cov_content,press_murray->TV mean excess,0.0543785,0.0508554,0.058205,20,"bootstrap over TV streams, B = 2000"
1500,raw,cov_content,TV->press_murray mean excess,0.0715833,0.0661298,0.0769467,20,"bootstrap over TV streams, B = 2000"
1500,raw,cov_content,press_nadal->TV mean excess,0.0413393,0.03885,0.0439339,20,"bootstrap over TV streams, B = 2000"
1500,raw,cov_content,TV->press_nadal mean excess,0.0539489,0.051509,0.0567001,20,"bootstrap over TV streams, B = 2000"
1500,raw,cov_content,cornell->press_pooled excess,0.0248745,,,1,replicate mean (no CI)
1500,raw,cov_content,cornell->press_federer excess,0.0218766,,,1,replicate mean (no CI)
1500,raw,cov_content,cornell->press_djokovic excess,0.029418,,,1,replicate mean (no CI)
1500,raw,cov_content,cornell->press_murray excess,0.0328915,,,1,replicate mean (no CI)
1500,raw,cov_content,cornell->press_nadal excess,0.0253022,,,1,replicate mean (no CI)
1500,raw,cov_content,press_pooled->cornell excess,0.0226371,,,1,replicate mean (no CI)
1500,raw,cov_content,press_pooled->press_federer excess,0.105145,,,1,replicate mean (no CI)
1500,raw,cov_content,press_pooled->press_djokovic excess,0.106877,,,1,replicate mean (no CI)
1500,raw,cov_content,press_pooled->press_murray excess,0.136093,,,1,replicate mean (no CI)
1500,raw,cov_content,press_pooled->press_nadal excess,0.0973961,,,1,replicate mean (no CI)
1500,raw,cov_content,press_federer->cornell excess,0.0206445,,,1,replicate mean (no CI)
1500,raw,cov_content,press_federer->press_pooled excess,0.108479,,,1,replicate mean (no CI)
1500,raw,cov_content,press_federer->press_djokovic excess,0.0956366,,,1,replicate mean (no CI)
1500,raw,cov_content,press_federer->press_murray excess,0.128301,,,1,replicate mean (no CI)
1500,raw,cov_content,press_federer->press_nadal excess,0.0830808,,,1,replicate mean (no CI)
1500,raw,cov_content,press_djokovic->cornell excess,0.0280806,,,1,replicate mean (no CI)
1500,raw,cov_content,press_djokovic->press_pooled excess,0.112017,,,1,replicate mean (no CI)
1500,raw,cov_content,press_djokovic->press_federer excess,0.0982912,,,1,replicate mean (no CI)
1500,raw,cov_content,press_djokovic->press_murray excess,0.128746,,,1,replicate mean (no CI)
1500,raw,cov_content,press_djokovic->press_nadal excess,0.0921313,,,1,replicate mean (no CI)
1500,raw,cov_content,press_murray->cornell excess,0.0297184,,,1,replicate mean (no CI)
1500,raw,cov_content,press_murray->press_pooled excess,0.122351,,,1,replicate mean (no CI)
1500,raw,cov_content,press_murray->press_federer excess,0.111233,,,1,replicate mean (no CI)
1500,raw,cov_content,press_murray->press_djokovic excess,0.110712,,,1,replicate mean (no CI)
1500,raw,cov_content,press_murray->press_nadal excess,0.100388,,,1,replicate mean (no CI)
1500,raw,cov_content,press_nadal->cornell excess,0.0212457,,,1,replicate mean (no CI)
1500,raw,cov_content,press_nadal->press_pooled excess,0.104533,,,1,replicate mean (no CI)
1500,raw,cov_content,press_nadal->press_federer excess,0.0892072,,,1,replicate mean (no CI)
1500,raw,cov_content,press_nadal->press_djokovic excess,0.0951573,,,1,replicate mean (no CI)
1500,raw,cov_content,press_nadal->press_murray excess,0.115347,,,1,replicate mean (no CI)
1500,raw,cov_content,TV->TV minus cornell->TV excess,0.0146715,0.0101797,0.0198852,20,"vertex bootstrap over TV streams, B = 2000"
1500,raw,cov_content,TV->TV minus press_pooled->TV excess,0.00570278,0.00164617,0.0104201,20,"vertex bootstrap over TV streams, B = 2000"
1500,raw,jac_base,TV->TV mean obs,0.0704341,0.0665614,0.0752304,380,"vertex bootstrap over TV streams, B = 2000"
1500,raw,jac_base,cornell->TV mean obs,0.0377062,0.0350056,0.0403394,20,"bootstrap over TV streams, B = 2000"
1500,raw,jac_base,press_pooled->TV mean obs,0.0629462,0.0594068,0.0667434,20,"bootstrap over TV streams, B = 2000"
1500,raw,jac_base,press_federer->TV mean obs,0.0548848,0.0513323,0.058646,20,"bootstrap over TV streams, B = 2000"
1500,raw,jac_base,press_djokovic->TV mean obs,0.0590462,0.0557752,0.0624317,20,"bootstrap over TV streams, B = 2000"
1500,raw,jac_base,press_murray->TV mean obs,0.0631652,0.0594173,0.067046,20,"bootstrap over TV streams, B = 2000"
1500,raw,jac_base,press_nadal->TV mean obs,0.0481923,0.0457037,0.0507149,20,"bootstrap over TV streams, B = 2000"
1500,raw,jac_base,cornell->press_pooled obs,0.0199089,,,1,replicate mean (no CI)
1500,raw,jac_base,cornell->press_federer obs,0.0167493,,,1,replicate mean (no CI)
1500,raw,jac_base,cornell->press_djokovic obs,0.0232634,,,1,replicate mean (no CI)
1500,raw,jac_base,cornell->press_murray obs,0.0259538,,,1,replicate mean (no CI)
1500,raw,jac_base,cornell->press_nadal obs,0.0181197,,,1,replicate mean (no CI)
1500,raw,jac_base,press_pooled->press_federer obs,0.119258,,,1,replicate mean (no CI)
1500,raw,jac_base,press_pooled->press_djokovic obs,0.117631,,,1,replicate mean (no CI)
1500,raw,jac_base,press_pooled->press_murray obs,0.129841,,,1,replicate mean (no CI)
1500,raw,jac_base,press_pooled->press_nadal obs,0.100753,,,1,replicate mean (no CI)
1500,raw,jac_base,press_federer->press_djokovic obs,0.0957851,,,1,replicate mean (no CI)
1500,raw,jac_base,press_federer->press_murray obs,0.115319,,,1,replicate mean (no CI)
1500,raw,jac_base,press_federer->press_nadal obs,0.0814806,,,1,replicate mean (no CI)
1500,raw,jac_base,press_djokovic->press_murray obs,0.110899,,,1,replicate mean (no CI)
1500,raw,jac_base,press_djokovic->press_nadal obs,0.0866882,,,1,replicate mean (no CI)
1500,raw,jac_base,press_murray->press_nadal obs,0.0932942,,,1,replicate mean (no CI)
1500,raw,jac_base,TV->TV mean null,0.00444723,0.00330146,0.00596698,380,"vertex bootstrap over TV streams, B = 2000"
1500,raw,jac_base,cornell->TV mean null,0.00687868,0.00587663,0.0080347,20,"bootstrap over TV streams, B = 2000"
1500,raw,jac_base,press_pooled->TV mean null,0.00212699,0.00182349,0.0024232,20,"bootstrap over TV streams, B = 2000"
1500,raw,jac_base,press_federer->TV mean null,0.00210948,0.00171643,0.00254196,20,"bootstrap over TV streams, B = 2000"
1500,raw,jac_base,press_djokovic->TV mean null,0.00245919,0.00211184,0.00284641,20,"bootstrap over TV streams, B = 2000"
1500,raw,jac_base,press_murray->TV mean null,0.00280716,0.0023912,0.00323335,20,"bootstrap over TV streams, B = 2000"
1500,raw,jac_base,press_nadal->TV mean null,0.00292716,0.00247251,0.00346009,20,"bootstrap over TV streams, B = 2000"
1500,raw,jac_base,cornell->press_pooled null,0.00114731,,,1,replicate mean (no CI)
1500,raw,jac_base,cornell->press_federer null,0.00129054,,,1,replicate mean (no CI)
1500,raw,jac_base,cornell->press_djokovic null,0.00200927,,,1,replicate mean (no CI)
1500,raw,jac_base,cornell->press_murray null,0.00203438,,,1,replicate mean (no CI)
1500,raw,jac_base,cornell->press_nadal null,0.0027098,,,1,replicate mean (no CI)
1500,raw,jac_base,press_pooled->press_federer null,0.0188208,,,1,replicate mean (no CI)
1500,raw,jac_base,press_pooled->press_djokovic null,0.0163998,,,1,replicate mean (no CI)
1500,raw,jac_base,press_pooled->press_murray null,0.020902,,,1,replicate mean (no CI)
1500,raw,jac_base,press_pooled->press_nadal null,0.0137918,,,1,replicate mean (no CI)
1500,raw,jac_base,press_federer->press_djokovic null,0.0157775,,,1,replicate mean (no CI)
1500,raw,jac_base,press_federer->press_murray null,0.0200685,,,1,replicate mean (no CI)
1500,raw,jac_base,press_federer->press_nadal null,0.011358,,,1,replicate mean (no CI)
1500,raw,jac_base,press_djokovic->press_murray null,0.0198141,,,1,replicate mean (no CI)
1500,raw,jac_base,press_djokovic->press_nadal null,0.0110558,,,1,replicate mean (no CI)
1500,raw,jac_base,press_murray->press_nadal null,0.013451,,,1,replicate mean (no CI)
1500,raw,jac_base,TV->TV mean excess,0.0659869,0.0616057,0.0706429,380,"vertex bootstrap over TV streams, B = 2000"
1500,raw,jac_base,cornell->TV mean excess,0.0308275,0.0290298,0.0326009,20,"bootstrap over TV streams, B = 2000"
1500,raw,jac_base,press_pooled->TV mean excess,0.0608192,0.0569509,0.0646346,20,"bootstrap over TV streams, B = 2000"
1500,raw,jac_base,press_federer->TV mean excess,0.0527753,0.049444,0.0562509,20,"bootstrap over TV streams, B = 2000"
1500,raw,jac_base,press_djokovic->TV mean excess,0.056587,0.0532855,0.0599308,20,"bootstrap over TV streams, B = 2000"
1500,raw,jac_base,press_murray->TV mean excess,0.060358,0.0566625,0.0639435,20,"bootstrap over TV streams, B = 2000"
1500,raw,jac_base,press_nadal->TV mean excess,0.0452652,0.0429058,0.0476288,20,"bootstrap over TV streams, B = 2000"
1500,raw,jac_base,cornell->press_pooled excess,0.0187615,,,1,replicate mean (no CI)
1500,raw,jac_base,cornell->press_federer excess,0.0154587,,,1,replicate mean (no CI)
1500,raw,jac_base,cornell->press_djokovic excess,0.0212542,,,1,replicate mean (no CI)
1500,raw,jac_base,cornell->press_murray excess,0.0239194,,,1,replicate mean (no CI)
1500,raw,jac_base,cornell->press_nadal excess,0.0154099,,,1,replicate mean (no CI)
1500,raw,jac_base,press_pooled->press_federer excess,0.100437,,,1,replicate mean (no CI)
1500,raw,jac_base,press_pooled->press_djokovic excess,0.101231,,,1,replicate mean (no CI)
1500,raw,jac_base,press_pooled->press_murray excess,0.108939,,,1,replicate mean (no CI)
1500,raw,jac_base,press_pooled->press_nadal excess,0.0869611,,,1,replicate mean (no CI)
1500,raw,jac_base,press_federer->press_djokovic excess,0.0800076,,,1,replicate mean (no CI)
1500,raw,jac_base,press_federer->press_murray excess,0.095251,,,1,replicate mean (no CI)
1500,raw,jac_base,press_federer->press_nadal excess,0.0701226,,,1,replicate mean (no CI)
1500,raw,jac_base,press_djokovic->press_murray excess,0.0910848,,,1,replicate mean (no CI)
1500,raw,jac_base,press_djokovic->press_nadal excess,0.0756324,,,1,replicate mean (no CI)
1500,raw,jac_base,press_murray->press_nadal excess,0.0798432,,,1,replicate mean (no CI)
1500,raw,jac_n3,TV->TV mean obs,0.0234302,0.0191561,0.0281217,380,"vertex bootstrap over TV streams, B = 2000"
1500,raw,jac_n3,cornell->TV mean obs,0.0108745,0.00911599,0.0127805,20,"bootstrap over TV streams, B = 2000"
1500,raw,jac_n3,press_pooled->TV mean obs,0.0246792,0.0215402,0.0279508,20,"bootstrap over TV streams, B = 2000"
1500,raw,jac_n3,press_federer->TV mean obs,0.016564,0.014418,0.0187215,20,"bootstrap over TV streams, B = 2000"
1500,raw,jac_n3,press_djokovic->TV mean obs,0.0213555,0.0185747,0.0242074,20,"bootstrap over TV streams, B = 2000"
1500,raw,jac_n3,press_murray->TV mean obs,0.022837,0.0200085,0.025444,20,"bootstrap over TV streams, B = 2000"
1500,raw,jac_n3,press_nadal->TV mean obs,0.0203508,0.0174395,0.0231271,20,"bootstrap over TV streams, B = 2000"
1500,raw,jac_n3,cornell->press_pooled obs,0.00313748,,,1,replicate mean (no CI)
1500,raw,jac_n3,cornell->press_federer obs,0.00226416,,,1,replicate mean (no CI)
1500,raw,jac_n3,cornell->press_djokovic obs,0.00414616,,,1,replicate mean (no CI)
1500,raw,jac_n3,cornell->press_murray obs,0.00729251,,,1,replicate mean (no CI)
1500,raw,jac_n3,cornell->press_nadal obs,0.0030535,,,1,replicate mean (no CI)
1500,raw,jac_n3,press_pooled->press_federer obs,0.0581092,,,1,replicate mean (no CI)
1500,raw,jac_n3,press_pooled->press_djokovic obs,0.0587475,,,1,replicate mean (no CI)
1500,raw,jac_n3,press_pooled->press_murray obs,0.0707172,,,1,replicate mean (no CI)
1500,raw,jac_n3,press_pooled->press_nadal obs,0.0492482,,,1,replicate mean (no CI)
1500,raw,jac_n3,press_federer->press_djokovic obs,0.0386632,,,1,replicate mean (no CI)
1500,raw,jac_n3,press_federer->press_murray obs,0.0564604,,,1,replicate mean (no CI)
1500,raw,jac_n3,press_federer->press_nadal obs,0.0357676,,,1,replicate mean (no CI)
1500,raw,jac_n3,press_djokovic->press_murray obs,0.0569693,,,1,replicate mean (no CI)
1500,raw,jac_n3,press_djokovic->press_nadal obs,0.0357412,,,1,replicate mean (no CI)
1500,raw,jac_n3,press_murray->press_nadal obs,0.0427147,,,1,replicate mean (no CI)
1500,raw,jac_n3,TV->TV mean null,,,,380,"vertex bootstrap over TV streams, B = 2000"
1500,raw,jac_n3,cornell->TV mean null,,,,20,"bootstrap over TV streams, B = 2000"
1500,raw,jac_n3,press_pooled->TV mean null,,,,20,"bootstrap over TV streams, B = 2000"
1500,raw,jac_n3,press_federer->TV mean null,,,,20,"bootstrap over TV streams, B = 2000"
1500,raw,jac_n3,press_djokovic->TV mean null,,,,20,"bootstrap over TV streams, B = 2000"
1500,raw,jac_n3,press_murray->TV mean null,,,,20,"bootstrap over TV streams, B = 2000"
1500,raw,jac_n3,press_nadal->TV mean null,,,,20,"bootstrap over TV streams, B = 2000"
1500,raw,jac_n3,cornell->press_pooled null,,,,1,replicate mean (no CI)
1500,raw,jac_n3,cornell->press_federer null,,,,1,replicate mean (no CI)
1500,raw,jac_n3,cornell->press_djokovic null,,,,1,replicate mean (no CI)
1500,raw,jac_n3,cornell->press_murray null,,,,1,replicate mean (no CI)
1500,raw,jac_n3,cornell->press_nadal null,,,,1,replicate mean (no CI)
1500,raw,jac_n3,press_pooled->press_federer null,,,,1,replicate mean (no CI)
1500,raw,jac_n3,press_pooled->press_djokovic null,,,,1,replicate mean (no CI)
1500,raw,jac_n3,press_pooled->press_murray null,,,,1,replicate mean (no CI)
1500,raw,jac_n3,press_pooled->press_nadal null,,,,1,replicate mean (no CI)
1500,raw,jac_n3,press_federer->press_djokovic null,,,,1,replicate mean (no CI)
1500,raw,jac_n3,press_federer->press_murray null,,,,1,replicate mean (no CI)
1500,raw,jac_n3,press_federer->press_nadal null,,,,1,replicate mean (no CI)
1500,raw,jac_n3,press_djokovic->press_murray null,,,,1,replicate mean (no CI)
1500,raw,jac_n3,press_djokovic->press_nadal null,,,,1,replicate mean (no CI)
1500,raw,jac_n3,press_murray->press_nadal null,,,,1,replicate mean (no CI)
1500,raw,jac_n3,TV->TV mean excess,,,,380,"vertex bootstrap over TV streams, B = 2000"
1500,raw,jac_n3,cornell->TV mean excess,,,,20,"bootstrap over TV streams, B = 2000"
1500,raw,jac_n3,press_pooled->TV mean excess,,,,20,"bootstrap over TV streams, B = 2000"
1500,raw,jac_n3,press_federer->TV mean excess,,,,20,"bootstrap over TV streams, B = 2000"
1500,raw,jac_n3,press_djokovic->TV mean excess,,,,20,"bootstrap over TV streams, B = 2000"
1500,raw,jac_n3,press_murray->TV mean excess,,,,20,"bootstrap over TV streams, B = 2000"
1500,raw,jac_n3,press_nadal->TV mean excess,,,,20,"bootstrap over TV streams, B = 2000"
1500,raw,jac_n3,cornell->press_pooled excess,,,,1,replicate mean (no CI)
1500,raw,jac_n3,cornell->press_federer excess,,,,1,replicate mean (no CI)
1500,raw,jac_n3,cornell->press_djokovic excess,,,,1,replicate mean (no CI)
1500,raw,jac_n3,cornell->press_murray excess,,,,1,replicate mean (no CI)
1500,raw,jac_n3,cornell->press_nadal excess,,,,1,replicate mean (no CI)
1500,raw,jac_n3,press_pooled->press_federer excess,,,,1,replicate mean (no CI)
1500,raw,jac_n3,press_pooled->press_djokovic excess,,,,1,replicate mean (no CI)
1500,raw,jac_n3,press_pooled->press_murray excess,,,,1,replicate mean (no CI)
1500,raw,jac_n3,press_pooled->press_nadal excess,,,,1,replicate mean (no CI)
1500,raw,jac_n3,press_federer->press_djokovic excess,,,,1,replicate mean (no CI)
1500,raw,jac_n3,press_federer->press_murray excess,,,,1,replicate mean (no CI)
1500,raw,jac_n3,press_federer->press_nadal excess,,,,1,replicate mean (no CI)
1500,raw,jac_n3,press_djokovic->press_murray excess,,,,1,replicate mean (no CI)
1500,raw,jac_n3,press_djokovic->press_nadal excess,,,,1,replicate mean (no CI)
1500,raw,jac_n3,press_murray->press_nadal excess,,,,1,replicate mean (no CI)
3000,norm,cov_base,TV->TV mean obs,0.145851,0.137717,0.154642,272,"vertex bootstrap over TV streams, B = 2000"
3000,norm,cov_base,cornell->TV mean obs,0.124983,0.116776,0.133065,17,"bootstrap over TV streams, B = 2000"
3000,norm,cov_base,TV->cornell mean obs,0.158384,0.150174,0.166425,17,"bootstrap over TV streams, B = 2000"
3000,norm,cov_base,press_pooled->TV mean obs,0.0952184,0.0909308,0.099909,17,"bootstrap over TV streams, B = 2000"
3000,norm,cov_base,TV->press_pooled mean obs,0.120624,0.115144,0.12597,17,"bootstrap over TV streams, B = 2000"
3000,norm,cov_base,press_federer->TV mean obs,0.0932096,0.08847,0.0978654,17,"bootstrap over TV streams, B = 2000"
3000,norm,cov_base,TV->press_federer mean obs,0.112746,0.106447,0.118762,17,"bootstrap over TV streams, B = 2000"
3000,norm,cov_base,press_djokovic->TV mean obs,0.0970808,0.0932387,0.101162,17,"bootstrap over TV streams, B = 2000"
3000,norm,cov_base,TV->press_djokovic mean obs,0.11636,0.110437,0.121883,17,"bootstrap over TV streams, B = 2000"
3000,norm,cov_base,press_murray->TV mean obs,0.104302,0.0989718,0.109158,17,"bootstrap over TV streams, B = 2000"
3000,norm,cov_base,TV->press_murray mean obs,0.141273,0.132472,0.14996,17,"bootstrap over TV streams, B = 2000"
3000,norm,cov_base,press_nadal->TV mean obs,0.0876069,0.0838324,0.0914755,17,"bootstrap over TV streams, B = 2000"
3000,norm,cov_base,TV->press_nadal mean obs,0.109352,0.10621,0.112386,17,"bootstrap over TV streams, B = 2000"
3000,norm,cov_base,cornell->press_pooled obs,0.0564972,,,1,replicate mean (no CI)
3000,norm,cov_base,cornell->press_federer obs,0.0520971,,,1,replicate mean (no CI)
3000,norm,cov_base,cornell->press_djokovic obs,0.0628246,,,1,replicate mean (no CI)
3000,norm,cov_base,cornell->press_murray obs,0.0708311,,,1,replicate mean (no CI)
3000,norm,cov_base,cornell->press_nadal obs,0.0609095,,,1,replicate mean (no CI)
3000,norm,cov_base,press_pooled->cornell obs,0.0722641,,,1,replicate mean (no CI)
3000,norm,cov_base,press_pooled->press_federer obs,0.17238,,,1,replicate mean (no CI)
3000,norm,cov_base,press_pooled->press_djokovic obs,0.177996,,,1,replicate mean (no CI)
3000,norm,cov_base,press_pooled->press_murray obs,0.218909,,,1,replicate mean (no CI)
3000,norm,cov_base,press_pooled->press_nadal obs,0.17291,,,1,replicate mean (no CI)
3000,norm,cov_base,press_federer->cornell obs,0.069033,,,1,replicate mean (no CI)
3000,norm,cov_base,press_federer->press_pooled obs,0.180614,,,1,replicate mean (no CI)
3000,norm,cov_base,press_federer->press_djokovic obs,0.164639,,,1,replicate mean (no CI)
3000,norm,cov_base,press_federer->press_murray obs,0.21008,,,1,replicate mean (no CI)
3000,norm,cov_base,press_federer->press_nadal obs,0.158105,,,1,replicate mean (no CI)
3000,norm,cov_base,press_djokovic->cornell obs,0.0776579,,,1,replicate mean (no CI)
3000,norm,cov_base,press_djokovic->press_pooled obs,0.185889,,,1,replicate mean (no CI)
3000,norm,cov_base,press_djokovic->press_federer obs,0.166089,,,1,replicate mean (no CI)
3000,norm,cov_base,press_djokovic->press_murray obs,0.208331,,,1,replicate mean (no CI)
3000,norm,cov_base,press_djokovic->press_nadal obs,0.167702,,,1,replicate mean (no CI)
3000,norm,cov_base,press_murray->cornell obs,0.0846069,,,1,replicate mean (no CI)
3000,norm,cov_base,press_murray->press_pooled obs,0.19582,,,1,replicate mean (no CI)
3000,norm,cov_base,press_murray->press_federer obs,0.179598,,,1,replicate mean (no CI)
3000,norm,cov_base,press_murray->press_djokovic obs,0.180618,,,1,replicate mean (no CI)
3000,norm,cov_base,press_murray->press_nadal obs,0.173709,,,1,replicate mean (no CI)
3000,norm,cov_base,press_nadal->cornell obs,0.0735316,,,1,replicate mean (no CI)
3000,norm,cov_base,press_nadal->press_pooled obs,0.175745,,,1,replicate mean (no CI)
3000,norm,cov_base,press_nadal->press_federer obs,0.151859,,,1,replicate mean (no CI)
3000,norm,cov_base,press_nadal->press_djokovic obs,0.16288,,,1,replicate mean (no CI)
3000,norm,cov_base,press_nadal->press_murray obs,0.18947,,,1,replicate mean (no CI)
3000,norm,cov_base,TV->TV mean null,0.0264088,0.0218305,0.0316508,272,"vertex bootstrap over TV streams, B = 2000"
3000,norm,cov_base,cornell->TV mean null,0.0423621,0.0378887,0.0474435,17,"bootstrap over TV streams, B = 2000"
3000,norm,cov_base,TV->cornell mean null,0.0526478,0.0475624,0.0581632,17,"bootstrap over TV streams, B = 2000"
3000,norm,cov_base,press_pooled->TV mean null,0.00599633,0.00552308,0.00649079,17,"bootstrap over TV streams, B = 2000"
3000,norm,cov_base,TV->press_pooled mean null,0.00618255,0.0057113,0.00668591,17,"bootstrap over TV streams, B = 2000"
3000,norm,cov_base,press_federer->TV mean null,0.00547084,0.00502038,0.00590255,17,"bootstrap over TV streams, B = 2000"
3000,norm,cov_base,TV->press_federer mean null,0.00571054,0.00523822,0.00621171,17,"bootstrap over TV streams, B = 2000"
3000,norm,cov_base,press_djokovic->TV mean null,0.00582017,0.00543219,0.00624022,17,"bootstrap over TV streams, B = 2000"
3000,norm,cov_base,TV->press_djokovic mean null,0.00633884,0.00587871,0.00680435,17,"bootstrap over TV streams, B = 2000"
3000,norm,cov_base,press_murray->TV mean null,0.00709758,0.00655143,0.00764671,17,"bootstrap over TV streams, B = 2000"
3000,norm,cov_base,TV->press_murray mean null,0.00677606,0.0062525,0.00733501,17,"bootstrap over TV streams, B = 2000"
3000,norm,cov_base,press_nadal->TV mean null,0.00875384,0.00809717,0.00943774,17,"bootstrap over TV streams, B = 2000"
3000,norm,cov_base,TV->press_nadal mean null,0.00813851,0.00750371,0.00878263,17,"bootstrap over TV streams, B = 2000"
3000,norm,cov_base,cornell->press_pooled null,0.00757667,,,1,replicate mean (no CI)
3000,norm,cov_base,cornell->press_federer null,0.00703972,,,1,replicate mean (no CI)
3000,norm,cov_base,cornell->press_djokovic null,0.00823775,,,1,replicate mean (no CI)
3000,norm,cov_base,cornell->press_murray null,0.00821832,,,1,replicate mean (no CI)
3000,norm,cov_base,cornell->press_nadal null,0.0108072,,,1,replicate mean (no CI)
3000,norm,cov_base,press_pooled->cornell null,0.00494566,,,1,replicate mean (no CI)
3000,norm,cov_base,press_pooled->press_federer null,0.015423,,,1,replicate mean (no CI)
3000,norm,cov_base,press_pooled->press_djokovic null,0.0145311,,,1,replicate mean (no CI)
3000,norm,cov_base,press_pooled->press_murray null,0.0192777,,,1,replicate mean (no CI)
3000,norm,cov_base,press_pooled->press_nadal null,0.0155699,,,1,replicate mean (no CI)
3000,norm,cov_base,press_federer->cornell null,0.00450227,,,1,replicate mean (no CI)
3000,norm,cov_base,press_federer->press_pooled null,0.0151214,,,1,replicate mean (no CI)
3000,norm,cov_base,press_federer->press_djokovic null,0.013116,,,1,replicate mean (no CI)
3000,norm,cov_base,press_federer->press_murray null,0.0172369,,,1,replicate mean (no CI)
3000,norm,cov_base,press_federer->press_nadal null,0.0132071,,,1,replicate mean (no CI)
3000,norm,cov_base,press_djokovic->cornell null,0.0054642,,,1,replicate mean (no CI)
3000,norm,cov_base,press_djokovic->press_pooled null,0.0143747,,,1,replicate mean (no CI)
3000,norm,cov_base,press_djokovic->press_federer null,0.0131889,,,1,replicate mean (no CI)
3000,norm,cov_base,press_djokovic->press_murray null,0.0165536,,,1,replicate mean (no CI)
3000,norm,cov_base,press_djokovic->press_nadal null,0.0133461,,,1,replicate mean (no CI)
3000,norm,cov_base,press_murray->cornell null,0.00597296,,,1,replicate mean (no CI)
3000,norm,cov_base,press_murray->press_pooled null,0.0200542,,,1,replicate mean (no CI)
3000,norm,cov_base,press_murray->press_federer null,0.0182727,,,1,replicate mean (no CI)
3000,norm,cov_base,press_murray->press_djokovic null,0.0175903,,,1,replicate mean (no CI)
3000,norm,cov_base,press_murray->press_nadal null,0.0164296,,,1,replicate mean (no CI)
3000,norm,cov_base,press_nadal->cornell null,0.00930021,,,1,replicate mean (no CI)
3000,norm,cov_base,press_nadal->press_pooled null,0.0174959,,,1,replicate mean (no CI)
3000,norm,cov_base,press_nadal->press_federer null,0.0150253,,,1,replicate mean (no CI)
3000,norm,cov_base,press_nadal->press_djokovic null,0.0151169,,,1,replicate mean (no CI)
3000,norm,cov_base,press_nadal->press_murray null,0.0173916,,,1,replicate mean (no CI)
3000,norm,cov_base,TV->TV mean excess,0.119442,0.112763,0.126772,272,"vertex bootstrap over TV streams, B = 2000"
3000,norm,cov_base,cornell->TV mean excess,0.0826208,0.0774164,0.0877688,17,"bootstrap over TV streams, B = 2000"
3000,norm,cov_base,TV->cornell mean excess,0.105736,0.101318,0.110449,17,"bootstrap over TV streams, B = 2000"
3000,norm,cov_base,press_pooled->TV mean excess,0.0892221,0.0854225,0.0932417,17,"bootstrap over TV streams, B = 2000"
3000,norm,cov_base,TV->press_pooled mean excess,0.114442,0.109216,0.11977,17,"bootstrap over TV streams, B = 2000"
3000,norm,cov_base,press_federer->TV mean excess,0.0877388,0.0833983,0.0920456,17,"bootstrap over TV streams, B = 2000"
3000,norm,cov_base,TV->press_federer mean excess,0.107036,0.101114,0.113068,17,"bootstrap over TV streams, B = 2000"
3000,norm,cov_base,press_djokovic->TV mean excess,0.0912607,0.0874187,0.0950733,17,"bootstrap over TV streams, B = 2000"
3000,norm,cov_base,TV->press_djokovic mean excess,0.110021,0.104507,0.115333,17,"bootstrap over TV streams, B = 2000"
3000,norm,cov_base,press_murray->TV mean excess,0.0972042,0.0926507,0.101947,17,"bootstrap over TV streams, B = 2000"
3000,norm,cov_base,TV->press_murray mean excess,0.134497,0.12638,0.143551,17,"bootstrap over TV streams, B = 2000"
3000,norm,cov_base,press_nadal->TV mean excess,0.0788531,0.0753232,0.0821267,17,"bootstrap over TV streams, B = 2000"
3000,norm,cov_base,TV->press_nadal mean excess,0.101214,0.0984281,0.103983,17,"bootstrap over TV streams, B = 2000"
3000,norm,cov_base,cornell->press_pooled excess,0.0489206,,,1,replicate mean (no CI)
3000,norm,cov_base,cornell->press_federer excess,0.0450574,,,1,replicate mean (no CI)
3000,norm,cov_base,cornell->press_djokovic excess,0.0545869,,,1,replicate mean (no CI)
3000,norm,cov_base,cornell->press_murray excess,0.0626128,,,1,replicate mean (no CI)
3000,norm,cov_base,cornell->press_nadal excess,0.0501024,,,1,replicate mean (no CI)
3000,norm,cov_base,press_pooled->cornell excess,0.0673184,,,1,replicate mean (no CI)
3000,norm,cov_base,press_pooled->press_federer excess,0.156957,,,1,replicate mean (no CI)
3000,norm,cov_base,press_pooled->press_djokovic excess,0.163465,,,1,replicate mean (no CI)
3000,norm,cov_base,press_pooled->press_murray excess,0.199632,,,1,replicate mean (no CI)
3000,norm,cov_base,press_pooled->press_nadal excess,0.15734,,,1,replicate mean (no CI)
3000,norm,cov_base,press_federer->cornell excess,0.0645307,,,1,replicate mean (no CI)
3000,norm,cov_base,press_federer->press_pooled excess,0.165493,,,1,replicate mean (no CI)
3000,norm,cov_base,press_federer->press_djokovic excess,0.151523,,,1,replicate mean (no CI)
3000,norm,cov_base,press_federer->press_murray excess,0.192843,,,1,replicate mean (no CI)
3000,norm,cov_base,press_federer->press_nadal excess,0.144898,,,1,replicate mean (no CI)
3000,norm,cov_base,press_djokovic->cornell excess,0.0721937,,,1,replicate mean (no CI)
3000,norm,cov_base,press_djokovic->press_pooled excess,0.171514,,,1,replicate mean (no CI)
3000,norm,cov_base,press_djokovic->press_federer excess,0.1529,,,1,replicate mean (no CI)
3000,norm,cov_base,press_djokovic->press_murray excess,0.191778,,,1,replicate mean (no CI)
3000,norm,cov_base,press_djokovic->press_nadal excess,0.154356,,,1,replicate mean (no CI)
3000,norm,cov_base,press_murray->cornell excess,0.0786339,,,1,replicate mean (no CI)
3000,norm,cov_base,press_murray->press_pooled excess,0.175765,,,1,replicate mean (no CI)
3000,norm,cov_base,press_murray->press_federer excess,0.161325,,,1,replicate mean (no CI)
3000,norm,cov_base,press_murray->press_djokovic excess,0.163028,,,1,replicate mean (no CI)
3000,norm,cov_base,press_murray->press_nadal excess,0.157279,,,1,replicate mean (no CI)
3000,norm,cov_base,press_nadal->cornell excess,0.0642314,,,1,replicate mean (no CI)
3000,norm,cov_base,press_nadal->press_pooled excess,0.158249,,,1,replicate mean (no CI)
3000,norm,cov_base,press_nadal->press_federer excess,0.136834,,,1,replicate mean (no CI)
3000,norm,cov_base,press_nadal->press_djokovic excess,0.147763,,,1,replicate mean (no CI)
3000,norm,cov_base,press_nadal->press_murray excess,0.172078,,,1,replicate mean (no CI)
3000,norm,cov_base,TV->TV minus cornell->TV excess,0.0368213,0.0321482,0.0420129,17,"vertex bootstrap over TV streams, B = 2000"
3000,norm,cov_base,TV->TV minus press_pooled->TV excess,0.03022,0.0251635,0.0362107,17,"vertex bootstrap over TV streams, B = 2000"
3000,norm,cov_n3,TV->TV mean obs,0.0237522,0.0214169,0.0261707,272,"vertex bootstrap over TV streams, B = 2000"
3000,norm,cov_n3,cornell->TV mean obs,0.0222323,0.0198452,0.0247337,17,"bootstrap over TV streams, B = 2000"
3000,norm,cov_n3,TV->cornell mean obs,0.0197732,0.0172221,0.0223586,17,"bootstrap over TV streams, B = 2000"
3000,norm,cov_n3,press_pooled->TV mean obs,0.0189704,0.017239,0.020762,17,"bootstrap over TV streams, B = 2000"
3000,norm,cov_n3,TV->press_pooled mean obs,0.0232147,0.0211733,0.0248692,17,"bootstrap over TV streams, B = 2000"
3000,norm,cov_n3,press_federer->TV mean obs,0.0182474,0.0167145,0.0197947,17,"bootstrap over TV streams, B = 2000"
3000,norm,cov_n3,TV->press_federer mean obs,0.0178161,0.0165515,0.0191241,17,"bootstrap over TV streams, B = 2000"
3000,norm,cov_n3,press_djokovic->TV mean obs,0.0199567,0.0182862,0.0217904,17,"bootstrap over TV streams, B = 2000"
3000,norm,cov_n3,TV->press_djokovic mean obs,0.0228931,0.0209545,0.0246229,17,"bootstrap over TV streams, B = 2000"
3000,norm,cov_n3,press_murray->TV mean obs,0.0242389,0.0221949,0.0263162,17,"bootstrap over TV streams, B = 2000"
3000,norm,cov_n3,TV->press_murray mean obs,0.0292213,0.0264439,0.0316587,17,"bootstrap over TV streams, B = 2000"
3000,norm,cov_n3,press_nadal->TV mean obs,0.0176243,0.0161123,0.0191303,17,"bootstrap over TV streams, B = 2000"
3000,norm,cov_n3,TV->press_nadal mean obs,0.0254723,0.0233854,0.0270864,17,"bootstrap over TV streams, B = 2000"
3000,norm,cov_n3,cornell->press_pooled obs,0.00932598,,,1,replicate mean (no CI)
3000,norm,cov_n3,cornell->press_federer obs,0.00891975,,,1,replicate mean (no CI)
3000,norm,cov_n3,cornell->press_djokovic obs,0.0109901,,,1,replicate mean (no CI)
3000,norm,cov_n3,cornell->press_murray obs,0.0148471,,,1,replicate mean (no CI)
3000,norm,cov_n3,cornell->press_nadal obs,0.00982194,,,1,replicate mean (no CI)
3000,norm,cov_n3,press_pooled->cornell obs,0.00677096,,,1,replicate mean (no CI)
3000,norm,cov_n3,press_pooled->press_federer obs,0.0446922,,,1,replicate mean (no CI)
3000,norm,cov_n3,press_pooled->press_djokovic obs,0.0511858,,,1,replicate mean (no CI)
3000,norm,cov_n3,press_pooled->press_murray obs,0.0665691,,,1,replicate mean (no CI)
3000,norm,cov_n3,press_pooled->press_nadal obs,0.0496277,,,1,replicate mean (no CI)
3000,norm,cov_n3,press_federer->cornell obs,0.00689409,,,1,replicate mean (no CI)
3000,norm,cov_n3,press_federer->press_pooled obs,0.0509967,,,1,replicate mean (no CI)
3000,norm,cov_n3,press_federer->press_djokovic obs,0.0423061,,,1,replicate mean (no CI)
3000,norm,cov_n3,press_federer->press_murray obs,0.0625928,,,1,replicate mean (no CI)
3000,norm,cov_n3,press_federer->press_nadal obs,0.0442165,,,1,replicate mean (no CI)
3000,norm,cov_n3,press_djokovic->cornell obs,0.00955642,,,1,replicate mean (no CI)
3000,norm,cov_n3,press_djokovic->press_pooled obs,0.0529123,,,1,replicate mean (no CI)
3000,norm,cov_n3,press_djokovic->press_federer obs,0.0395668,,,1,replicate mean (no CI)
3000,norm,cov_n3,press_djokovic->press_murray obs,0.063084,,,1,replicate mean (no CI)
3000,norm,cov_n3,press_djokovic->press_nadal obs,0.0469603,,,1,replicate mean (no CI)
3000,norm,cov_n3,press_murray->cornell obs,0.0144297,,,1,replicate mean (no CI)
3000,norm,cov_n3,press_murray->press_pooled obs,0.0631135,,,1,replicate mean (no CI)
3000,norm,cov_n3,press_murray->press_federer obs,0.0531551,,,1,replicate mean (no CI)
3000,norm,cov_n3,press_murray->press_djokovic obs,0.0599837,,,1,replicate mean (no CI)
3000,norm,cov_n3,press_murray->press_nadal obs,0.0528576,,,1,replicate mean (no CI)
3000,norm,cov_n3,press_nadal->cornell obs,0.00778417,,,1,replicate mean (no CI)
3000,norm,cov_n3,press_nadal->press_pooled obs,0.0472837,,,1,replicate mean (no CI)
3000,norm,cov_n3,press_nadal->press_federer obs,0.0357675,,,1,replicate mean (no CI)
3000,norm,cov_n3,press_nadal->press_djokovic obs,0.0408511,,,1,replicate mean (no CI)
3000,norm,cov_n3,press_nadal->press_murray obs,0.051039,,,1,replicate mean (no CI)
3000,norm,cov_n3,TV->TV mean null,4.50657e-05,2.8054e-05,6.87286e-05,272,"vertex bootstrap over TV streams, B = 2000"
3000,norm,cov_n3,cornell->TV mean null,0.000386215,0.000319338,0.00045833,17,"bootstrap over TV streams, B = 2000"
3000,norm,cov_n3,TV->cornell mean null,0.000149517,0.000101564,0.000208406,17,"bootstrap over TV streams, B = 2000"
3000,norm,cov_n3,press_pooled->TV mean null,4.62691e-06,2.61008e-06,6.92508e-06,17,"bootstrap over TV streams, B = 2000"
3000,norm,cov_n3,TV->press_pooled mean null,4.34305e-06,2.30853e-06,6.66279e-06,17,"bootstrap over TV streams, B = 2000"
3000,norm,cov_n3,press_federer->TV mean null,1.74473e-06,5.76796e-07,3.20161e-06,17,"bootstrap over TV streams, B = 2000"
3000,norm,cov_n3,TV->press_federer mean null,5.17534e-06,3.43943e-06,7.18076e-06,17,"bootstrap over TV streams, B = 2000"
3000,norm,cov_n3,press_djokovic->TV mean null,2.91532e-06,1.45163e-06,4.66851e-06,17,"bootstrap over TV streams, B = 2000"
3000,norm,cov_n3,TV->press_djokovic mean null,7.24922e-06,3.47188e-06,1.18958e-05,17,"bootstrap over TV streams, B = 2000"
3000,norm,cov_n3,press_murray->TV mean null,4.65207e-06,2.03503e-06,7.57683e-06,17,"bootstrap over TV streams, B = 2000"
3000,norm,cov_n3,TV->press_murray mean null,5.48038e-06,3.75447e-06,7.4757e-06,17,"bootstrap over TV streams, B = 2000"
3000,norm,cov_n3,press_nadal->TV mean null,9.58284e-06,6.38008e-06,1.33575e-05,17,"bootstrap over TV streams, B = 2000"
3000,norm,cov_n3,TV->press_nadal mean null,9.78647e-06,6.082e-06,1.41009e-05,17,"bootstrap over TV streams, B = 2000"
3000,norm,cov_n3,cornell->press_pooled null,1.45385e-05,,,1,replicate mean (no CI)
3000,norm,cov_n3,cornell->press_federer null,2.43269e-05,,,1,replicate mean (no CI)
3000,norm,cov_n3,cornell->press_djokovic null,3.45687e-05,,,1,replicate mean (no CI)
3000,norm,cov_n3,cornell->press_murray null,1.46891e-05,,,1,replicate mean (no CI)
3000,norm,cov_n3,cornell->press_nadal null,4.88354e-05,,,1,replicate mean (no CI)
3000,norm,cov_n3,press_pooled->cornell null,1.47639e-05,,,1,replicate mean (no CI)
3000,norm,cov_n3,press_pooled->press_federer null,1.94649e-05,,,1,replicate mean (no CI)
3000,norm,cov_n3,press_pooled->press_djokovic null,1.9777e-05,,,1,replicate mean (no CI)
3000,norm,cov_n3,press_pooled->press_murray null,2.46799e-05,,,1,replicate mean (no CI)
3000,norm,cov_n3,press_pooled->press_nadal null,2.43956e-05,,,1,replicate mean (no CI)
3000,norm,cov_n3,press_federer->cornell null,0,,,1,replicate mean (no CI)
3000,norm,cov_n3,press_federer->press_pooled null,9.87927e-06,,,1,replicate mean (no CI)
3000,norm,cov_n3,press_federer->press_djokovic null,9.82318e-06,,,1,replicate mean (no CI)
3000,norm,cov_n3,press_federer->press_murray null,9.91137e-06,,,1,replicate mean (no CI)
3000,norm,cov_n3,press_federer->press_nadal null,9.91108e-06,,,1,replicate mean (no CI)
3000,norm,cov_n3,press_djokovic->cornell null,4.91642e-06,,,1,replicate mean (no CI)
3000,norm,cov_n3,press_djokovic->press_pooled null,1.45932e-05,,,1,replicate mean (no CI)
3000,norm,cov_n3,press_djokovic->press_federer null,9.81559e-06,,,1,replicate mean (no CI)
3000,norm,cov_n3,press_djokovic->press_murray null,2.94587e-05,,,1,replicate mean (no CI)
3000,norm,cov_n3,press_djokovic->press_nadal null,3.4252e-05,,,1,replicate mean (no CI)
3000,norm,cov_n3,press_murray->cornell null,4.99667e-06,,,1,replicate mean (no CI)
3000,norm,cov_n3,press_murray->press_pooled null,2.45905e-05,,,1,replicate mean (no CI)
3000,norm,cov_n3,press_murray->press_federer null,2.43204e-05,,,1,replicate mean (no CI)
3000,norm,cov_n3,press_murray->press_djokovic null,3.9112e-05,,,1,replicate mean (no CI)
3000,norm,cov_n3,press_murray->press_nadal null,2.95188e-05,,,1,replicate mean (no CI)
3000,norm,cov_n3,press_nadal->cornell null,2.47934e-05,,,1,replicate mean (no CI)
3000,norm,cov_n3,press_nadal->press_pooled null,2.97181e-05,,,1,replicate mean (no CI)
3000,norm,cov_n3,press_nadal->press_federer null,1.94334e-05,,,1,replicate mean (no CI)
3000,norm,cov_n3,press_nadal->press_djokovic null,2.94679e-05,,,1,replicate mean (no CI)
3000,norm,cov_n3,press_nadal->press_murray null,1.96856e-05,,,1,replicate mean (no CI)
3000,norm,cov_n3,TV->TV mean excess,0.0237071,0.0214674,0.0262004,272,"vertex bootstrap over TV streams, B = 2000"
3000,norm,cov_n3,cornell->TV mean excess,0.0218461,0.0193365,0.0243302,17,"bootstrap over TV streams, B = 2000"
3000,norm,cov_n3,TV->cornell mean excess,0.0196237,0.0171029,0.0223264,17,"bootstrap over TV streams, B = 2000"
3000,norm,cov_n3,press_pooled->TV mean excess,0.0189658,0.0171874,0.0207351,17,"bootstrap over TV streams, B = 2000"
3000,norm,cov_n3,TV->press_pooled mean excess,0.0232103,0.0213044,0.0249566,17,"bootstrap over TV streams, B = 2000"
3000,norm,cov_n3,press_federer->TV mean excess,0.0182457,0.0166533,0.0198089,17,"bootstrap over TV streams, B = 2000"
3000,norm,cov_n3,TV->press_federer mean excess,0.0178109,0.0165763,0.0191263,17,"bootstrap over TV streams, B = 2000"
3000,norm,cov_n3,press_djokovic->TV mean excess,0.0199538,0.0182553,0.0216527,17,"bootstrap over TV streams, B = 2000"
3000,norm,cov_n3,TV->press_djokovic mean excess,0.0228859,0.0208547,0.0245619,17,"bootstrap over TV streams, B = 2000"
3000,norm,cov_n3,press_murray->TV mean excess,0.0242343,0.0221593,0.0262855,17,"bootstrap over TV streams, B = 2000"
3000,norm,cov_n3,TV->press_murray mean excess,0.0292158,0.0265253,0.0316146,17,"bootstrap over TV streams, B = 2000"
3000,norm,cov_n3,press_nadal->TV mean excess,0.0176147,0.0160319,0.0191949,17,"bootstrap over TV streams, B = 2000"
3000,norm,cov_n3,TV->press_nadal mean excess,0.0254626,0.0234546,0.0271232,17,"bootstrap over TV streams, B = 2000"
3000,norm,cov_n3,cornell->press_pooled excess,0.00931144,,,1,replicate mean (no CI)
3000,norm,cov_n3,cornell->press_federer excess,0.00889543,,,1,replicate mean (no CI)
3000,norm,cov_n3,cornell->press_djokovic excess,0.0109555,,,1,replicate mean (no CI)
3000,norm,cov_n3,cornell->press_murray excess,0.0148325,,,1,replicate mean (no CI)
3000,norm,cov_n3,cornell->press_nadal excess,0.0097731,,,1,replicate mean (no CI)
3000,norm,cov_n3,press_pooled->cornell excess,0.00675619,,,1,replicate mean (no CI)
3000,norm,cov_n3,press_pooled->press_federer excess,0.0446728,,,1,replicate mean (no CI)
3000,norm,cov_n3,press_pooled->press_djokovic excess,0.051166,,,1,replicate mean (no CI)
3000,norm,cov_n3,press_pooled->press_murray excess,0.0665444,,,1,replicate mean (no CI)
3000,norm,cov_n3,press_pooled->press_nadal excess,0.0496033,,,1,replicate mean (no CI)
3000,norm,cov_n3,press_federer->cornell excess,0.00689409,,,1,replicate mean (no CI)
3000,norm,cov_n3,press_federer->press_pooled excess,0.0509868,,,1,replicate mean (no CI)
3000,norm,cov_n3,press_federer->press_djokovic excess,0.0422962,,,1,replicate mean (no CI)
3000,norm,cov_n3,press_federer->press_murray excess,0.0625829,,,1,replicate mean (no CI)
3000,norm,cov_n3,press_federer->press_nadal excess,0.0442065,,,1,replicate mean (no CI)
3000,norm,cov_n3,press_djokovic->cornell excess,0.00955151,,,1,replicate mean (no CI)
3000,norm,cov_n3,press_djokovic->press_pooled excess,0.0528977,,,1,replicate mean (no CI)
3000,norm,cov_n3,press_djokovic->press_federer excess,0.039557,,,1,replicate mean (no CI)
3000,norm,cov_n3,press_djokovic->press_murray excess,0.0630546,,,1,replicate mean (no CI)
3000,norm,cov_n3,press_djokovic->press_nadal excess,0.046926,,,1,replicate mean (no CI)
3000,norm,cov_n3,press_murray->cornell excess,0.0144247,,,1,replicate mean (no CI)
3000,norm,cov_n3,press_murray->press_pooled excess,0.0630889,,,1,replicate mean (no CI)
3000,norm,cov_n3,press_murray->press_federer excess,0.0531308,,,1,replicate mean (no CI)
3000,norm,cov_n3,press_murray->press_djokovic excess,0.0599446,,,1,replicate mean (no CI)
3000,norm,cov_n3,press_murray->press_nadal excess,0.0528281,,,1,replicate mean (no CI)
3000,norm,cov_n3,press_nadal->cornell excess,0.00775937,,,1,replicate mean (no CI)
3000,norm,cov_n3,press_nadal->press_pooled excess,0.047254,,,1,replicate mean (no CI)
3000,norm,cov_n3,press_nadal->press_federer excess,0.0357481,,,1,replicate mean (no CI)
3000,norm,cov_n3,press_nadal->press_djokovic excess,0.0408216,,,1,replicate mean (no CI)
3000,norm,cov_n3,press_nadal->press_murray excess,0.0510193,,,1,replicate mean (no CI)
3000,norm,cov_n3,TV->TV minus cornell->TV excess,0.00186104,-0.00138457,0.0052585,17,"vertex bootstrap over TV streams, B = 2000"
3000,norm,cov_n3,TV->TV minus press_pooled->TV excess,0.00474134,0.00317561,0.00674948,17,"vertex bootstrap over TV streams, B = 2000"
3000,norm,cov_content,TV->TV mean obs,0.123644,0.116138,0.131934,272,"vertex bootstrap over TV streams, B = 2000"
3000,norm,cov_content,cornell->TV mean obs,0.102971,0.0956896,0.110417,17,"bootstrap over TV streams, B = 2000"
3000,norm,cov_content,TV->cornell mean obs,0.121532,0.113774,0.128636,17,"bootstrap over TV streams, B = 2000"
3000,norm,cov_content,press_pooled->TV mean obs,0.0808468,0.0762674,0.0857449,17,"bootstrap over TV streams, B = 2000"
3000,norm,cov_content,TV->press_pooled mean obs,0.111579,0.106418,0.116884,17,"bootstrap over TV streams, B = 2000"
3000,norm,cov_content,press_federer->TV mean obs,0.0792272,0.0745511,0.0844137,17,"bootstrap over TV streams, B = 2000"
3000,norm,cov_content,TV->press_federer mean obs,0.104288,0.0982736,0.110066,17,"bootstrap over TV streams, B = 2000"
3000,norm,cov_content,press_djokovic->TV mean obs,0.0835413,0.0792199,0.0879349,17,"bootstrap over TV streams, B = 2000"
3000,norm,cov_content,TV->press_djokovic mean obs,0.106993,0.101413,0.112739,17,"bootstrap over TV streams, B = 2000"
3000,norm,cov_content,press_murray->TV mean obs,0.0885568,0.0831265,0.0940839,17,"bootstrap over TV streams, B = 2000"
3000,norm,cov_content,TV->press_murray mean obs,0.131321,0.122151,0.140204,17,"bootstrap over TV streams, B = 2000"
3000,norm,cov_content,press_nadal->TV mean obs,0.0710248,0.0675322,0.0747523,17,"bootstrap over TV streams, B = 2000"
3000,norm,cov_content,TV->press_nadal mean obs,0.0976372,0.0947353,0.100613,17,"bootstrap over TV streams, B = 2000"
3000,norm,cov_content,cornell->press_pooled obs,0.0476825,,,1,replicate mean (no CI)
3000,norm,cov_content,cornell->press_federer obs,0.0438943,,,1,replicate mean (no CI)
3000,norm,cov_content,cornell->press_djokovic obs,0.0550172,,,1,replicate mean (no CI)
3000,norm,cov_content,cornell->press_murray obs,0.0615516,,,1,replicate mean (no CI)
3000,norm,cov_content,cornell->press_nadal obs,0.0491149,,,1,replicate mean (no CI)
3000,norm,cov_content,press_pooled->cornell obs,0.0499331,,,1,replicate mean (no CI)
3000,norm,cov_content,press_pooled->press_federer obs,0.165571,,,1,replicate mean (no CI)
3000,norm,cov_content,press_pooled->press_djokovic obs,0.170456,,,1,replicate mean (no CI)
3000,norm,cov_content,press_pooled->press_murray obs,0.210788,,,1,replicate mean (no CI)
3000,norm,cov_content,press_pooled->press_nadal obs,0.163538,,,1,replicate mean (no CI)
3000,norm,cov_content,press_federer->cornell obs,0.046747,,,1,replicate mean (no CI)
3000,norm,cov_content,press_federer->press_pooled obs,0.173493,,,1,replicate mean (no CI)
3000,norm,cov_content,press_federer->press_djokovic obs,0.157631,,,1,replicate mean (no CI)
3000,norm,cov_content,press_federer->press_murray obs,0.202142,,,1,replicate mean (no CI)
3000,norm,cov_content,press_federer->press_nadal obs,0.149258,,,1,replicate mean (no CI)
3000,norm,cov_content,press_djokovic->cornell obs,0.0578446,,,1,replicate mean (no CI)
3000,norm,cov_content,press_djokovic->press_pooled obs,0.178746,,,1,replicate mean (no CI)
3000,norm,cov_content,press_djokovic->press_federer obs,0.159643,,,1,replicate mean (no CI)
3000,norm,cov_content,press_djokovic->press_murray obs,0.200183,,,1,replicate mean (no CI)
3000,norm,cov_content,press_djokovic->press_nadal obs,0.158326,,,1,replicate mean (no CI)
3000,norm,cov_content,press_murray->cornell obs,0.0596804,,,1,replicate mean (no CI)
3000,norm,cov_content,press_murray->press_pooled obs,0.188608,,,1,replicate mean (no CI)
3000,norm,cov_content,press_murray->press_federer obs,0.172809,,,1,replicate mean (no CI)
3000,norm,cov_content,press_murray->press_djokovic obs,0.172718,,,1,replicate mean (no CI)
3000,norm,cov_content,press_murray->press_nadal obs,0.164549,,,1,replicate mean (no CI)
3000,norm,cov_content,press_nadal->cornell obs,0.0475296,,,1,replicate mean (no CI)
3000,norm,cov_content,press_nadal->press_pooled obs,0.167705,,,1,replicate mean (no CI)
3000,norm,cov_content,press_nadal->press_federer obs,0.144618,,,1,replicate mean (no CI)
3000,norm,cov_content,press_nadal->press_djokovic obs,0.154609,,,1,replicate mean (no CI)
3000,norm,cov_content,press_nadal->press_murray obs,0.180703,,,1,replicate mean (no CI)
3000,norm,cov_content,TV->TV mean null,0.0170798,0.0136073,0.0208901,272,"vertex bootstrap over TV streams, B = 2000"
3000,norm,cov_content,cornell->TV mean null,0.0302406,0.0263678,0.034104,17,"bootstrap over TV streams, B = 2000"
3000,norm,cov_content,TV->cornell mean null,0.0387054,0.0341705,0.0431528,17,"bootstrap over TV streams, B = 2000"
3000,norm,cov_content,press_pooled->TV mean null,0.00406218,0.00367626,0.00448157,17,"bootstrap over TV streams, B = 2000"
3000,norm,cov_content,TV->press_pooled mean null,0.00347433,0.00310927,0.00392452,17,"bootstrap over TV streams, B = 2000"
3000,norm,cov_content,press_federer->TV mean null,0.00385009,0.0034957,0.0042326,17,"bootstrap over TV streams, B = 2000"
3000,norm,cov_content,TV->press_federer mean null,0.00321503,0.00285928,0.00363526,17,"bootstrap over TV streams, B = 2000"
3000,norm,cov_content,press_djokovic->TV mean null,0.00418061,0.00385596,0.00453991,17,"bootstrap over TV streams, B = 2000"
3000,norm,cov_content,TV->press_djokovic mean null,0.00381745,0.00340935,0.00424473,17,"bootstrap over TV streams, B = 2000"
3000,norm,cov_content,press_murray->TV mean null,0.0054291,0.00495422,0.00591929,17,"bootstrap over TV streams, B = 2000"
3000,norm,cov_content,TV->press_murray mean null,0.00435556,0.00385439,0.00487888,17,"bootstrap over TV streams, B = 2000"
3000,norm,cov_content,press_nadal->TV mean null,0.00539554,0.00495763,0.00583545,17,"bootstrap over TV streams, B = 2000"
3000,norm,cov_content,TV->press_nadal mean null,0.00432246,0.00386828,0.00483882,17,"bootstrap over TV streams, B = 2000"
3000,norm,cov_content,cornell->press_pooled null,0.00419949,,,1,replicate mean (no CI)
3000,norm,cov_content,cornell->press_federer null,0.00382402,,,1,replicate mean (no CI)
3000,norm,cov_content,cornell->press_djokovic null,0.00494343,,,1,replicate mean (no CI)
3000,norm,cov_content,cornell->press_murray null,0.005123,,,1,replicate mean (no CI)
3000,norm,cov_content,cornell->press_nadal null,0.00574323,,,1,replicate mean (no CI)
3000,norm,cov_content,press_pooled->cornell null,0.00230998,,,1,replicate mean (no CI)
3000,norm,cov_content,press_pooled->press_federer null,0.0145241,,,1,replicate mean (no CI)
3000,norm,cov_content,press_pooled->press_djokovic null,0.0137075,,,1,replicate mean (no CI)
3000,norm,cov_content,press_pooled->press_murray null,0.0183246,,,1,replicate mean (no CI)
3000,norm,cov_content,press_pooled->press_nadal null,0.014216,,,1,replicate mean (no CI)
3000,norm,cov_content,press_federer->cornell null,0.00225043,,,1,replicate mean (no CI)
3000,norm,cov_content,press_federer->press_pooled null,0.0143217,,,1,replicate mean (no CI)
3000,norm,cov_content,press_federer->press_djokovic null,0.0125095,,,1,replicate mean (no CI)
3000,norm,cov_content,press_federer->press_murray null,0.0164712,,,1,replicate mean (no CI)
3000,norm,cov_content,press_federer->press_nadal null,0.0119473,,,1,replicate mean (no CI)
3000,norm,cov_content,press_djokovic->cornell null,0.00313898,,,1,replicate mean (no CI)
3000,norm,cov_content,press_djokovic->press_pooled null,0.0136692,,,1,replicate mean (no CI)
3000,norm,cov_content,press_djokovic->press_federer null,0.0125216,,,1,replicate mean (no CI)
3000,norm,cov_content,press_djokovic->press_murray null,0.0159082,,,1,replicate mean (no CI)
3000,norm,cov_content,press_djokovic->press_nadal null,0.0121962,,,1,replicate mean (no CI)
3000,norm,cov_content,press_murray->cornell null,0.00354535,,,1,replicate mean (no CI)
3000,norm,cov_content,press_murray->press_pooled null,0.0191397,,,1,replicate mean (no CI)
3000,norm,cov_content,press_murray->press_federer null,0.017516,,,1,replicate mean (no CI)
3000,norm,cov_content,press_murray->press_djokovic null,0.0169384,,,1,replicate mean (no CI)
3000,norm,cov_content,press_murray->press_nadal null,0.015396,,,1,replicate mean (no CI)
3000,norm,cov_content,press_nadal->cornell null,0.0043173,,,1,replicate mean (no CI)
3000,norm,cov_content,press_nadal->press_pooled null,0.0157145,,,1,replicate mean (no CI)
3000,norm,cov_content,press_nadal->press_federer null,0.0135744,,,1,replicate mean (no CI)
3000,norm,cov_content,press_nadal->press_djokovic null,0.013657,,,1,replicate mean (no CI)
3000,norm,cov_content,press_nadal->press_murray null,0.0161443,,,1,replicate mean (no CI)
3000,norm,cov_content,TV->TV mean excess,0.106565,0.100081,0.113732,272,"vertex bootstrap over TV streams, B = 2000"
3000,norm,cov_content,cornell->TV mean excess,0.0727299,0.0680631,0.0774539,17,"bootstrap over TV streams, B = 2000"
3000,norm,cov_content,TV->cornell mean excess,0.0828267,0.0780687,0.0868335,17,"bootstrap over TV streams, B = 2000"
3000,norm,cov_content,press_pooled->TV mean excess,0.0767846,0.0726282,0.0813455,17,"bootstrap over TV streams, B = 2000"
3000,norm,cov_content,TV->press_pooled mean excess,0.108105,0.102815,0.113335,17,"bootstrap over TV streams, B = 2000"
3000,norm,cov_content,press_federer->TV mean excess,0.0753771,0.0707109,0.0803972,17,"bootstrap over TV streams, B = 2000"
3000,norm,cov_content,TV->press_federer mean excess,0.101073,0.0951936,0.107215,17,"bootstrap over TV streams, B = 2000"
3000,norm,cov_content,press_djokovic->TV mean excess,0.0793607,0.0754299,0.0835364,17,"bootstrap over TV streams, B = 2000"
3000,norm,cov_content,TV->press_djokovic mean excess,0.103176,0.0977905,0.108691,17,"bootstrap over TV streams, B = 2000"
3000,norm,cov_content,press_murray->TV mean excess,0.0831277,0.078267,0.0880866,17,"bootstrap over TV streams, B = 2000"
3000,norm,cov_content,TV->press_murray mean excess,0.126966,0.118394,0.135338,17,"bootstrap over TV streams, B = 2000"
3000,norm,cov_content,press_nadal->TV mean excess,0.0656293,0.0624137,0.068849,17,"bootstrap over TV streams, B = 2000"
3000,norm,cov_content,TV->press_nadal mean excess,0.0933148,0.0905645,0.0961496,17,"bootstrap over TV streams, B = 2000"
3000,norm,cov_content,cornell->press_pooled excess,0.0434831,,,1,replicate mean (no CI)
3000,norm,cov_content,cornell->press_federer excess,0.0400702,,,1,replicate mean (no CI)
3000,norm,cov_content,cornell->press_djokovic excess,0.0500738,,,1,replicate mean (no CI)
3000,norm,cov_content,cornell->press_murray excess,0.0564286,,,1,replicate mean (no CI)
3000,norm,cov_content,cornell->press_nadal excess,0.0433717,,,1,replicate mean (no CI)
3000,norm,cov_content,press_pooled->cornell excess,0.0476231,,,1,replicate mean (no CI)
3000,norm,cov_content,press_pooled->press_federer excess,0.151046,,,1,replicate mean (no CI)
3000,norm,cov_content,press_pooled->press_djokovic excess,0.156748,,,1,replicate mean (no CI)
3000,norm,cov_content,press_pooled->press_murray excess,0.192464,,,1,replicate mean (no CI)
3000,norm,cov_content,press_pooled->press_nadal excess,0.149322,,,1,replicate mean (no CI)
3000,norm,cov_content,press_federer->cornell excess,0.0444965,,,1,replicate mean (no CI)
3000,norm,cov_content,press_federer->press_pooled excess,0.159171,,,1,replicate mean (no CI)
3000,norm,cov_content,press_federer->press_djokovic excess,0.145122,,,1,replicate mean (no CI)
3000,norm,cov_content,press_federer->press_murray excess,0.185671,,,1,replicate mean (no CI)
3000,norm,cov_content,press_federer->press_nadal excess,0.13731,,,1,replicate mean (no CI)
3000,norm,cov_content,press_djokovic->cornell excess,0.0547056,,,1,replicate mean (no CI)
3000,norm,cov_content,press_djokovic->press_pooled excess,0.165077,,,1,replicate mean (no CI)
3000,norm,cov_content,press_djokovic->press_federer excess,0.147122,,,1,replicate mean (no CI)
3000,norm,cov_content,press_djokovic->press_murray excess,0.184275,,,1,replicate mean (no CI)
3000,norm,cov_content,press_djokovic->press_nadal excess,0.14613,,,1,replicate mean (no CI)
3000,norm,cov_content,press_murray->cornell excess,0.056135,,,1,replicate mean (no CI)
3000,norm,cov_content,press_murray->press_pooled excess,0.169468,,,1,replicate mean (no CI)
3000,norm,cov_content,press_murray->press_federer excess,0.155293,,,1,replicate mean (no CI)
3000,norm,cov_content,press_murray->press_djokovic excess,0.15578,,,1,replicate mean (no CI)
3000,norm,cov_content,press_murray->press_nadal excess,0.149153,,,1,replicate mean (no CI)
3000,norm,cov_content,press_nadal->cornell excess,0.0432123,,,1,replicate mean (no CI)
3000,norm,cov_content,press_nadal->press_pooled excess,0.151991,,,1,replicate mean (no CI)
3000,norm,cov_content,press_nadal->press_federer excess,0.131043,,,1,replicate mean (no CI)
3000,norm,cov_content,press_nadal->press_djokovic excess,0.140952,,,1,replicate mean (no CI)
3000,norm,cov_content,press_nadal->press_murray excess,0.164559,,,1,replicate mean (no CI)
3000,norm,cov_content,TV->TV minus cornell->TV excess,0.0338348,0.0291789,0.0391138,17,"vertex bootstrap over TV streams, B = 2000"
3000,norm,cov_content,TV->TV minus press_pooled->TV excess,0.0297801,0.0245428,0.0353005,17,"vertex bootstrap over TV streams, B = 2000"
3000,norm,jac_base,TV->TV mean obs,0.106673,0.101204,0.111809,272,"vertex bootstrap over TV streams, B = 2000"
3000,norm,jac_base,cornell->TV mean obs,0.0620484,0.0582259,0.0659955,17,"bootstrap over TV streams, B = 2000"
3000,norm,jac_base,press_pooled->TV mean obs,0.0702642,0.066417,0.0740596,17,"bootstrap over TV streams, B = 2000"
3000,norm,jac_base,press_federer->TV mean obs,0.0667761,0.0628768,0.0706856,17,"bootstrap over TV streams, B = 2000"
3000,norm,jac_base,press_djokovic->TV mean obs,0.0660399,0.0625497,0.0694252,17,"bootstrap over TV streams, B = 2000"
3000,norm,jac_base,press_murray->TV mean obs,0.0682607,0.0646352,0.0718906,17,"bootstrap over TV streams, B = 2000"
3000,norm,jac_base,press_nadal->TV mean obs,0.0532175,0.0509882,0.0552011,17,"bootstrap over TV streams, B = 2000"
3000,norm,jac_base,cornell->press_pooled obs,0.0250175,,,1,replicate mean (no CI)
3000,norm,jac_base,cornell->press_federer obs,0.0235374,,,1,replicate mean (no CI)
3000,norm,jac_base,cornell->press_djokovic obs,0.0268735,,,1,replicate mean (no CI)
3000,norm,jac_base,cornell->press_murray obs,0.0288335,,,1,replicate mean (no CI)
3000,norm,jac_base,cornell->press_nadal obs,0.0220848,,,1,replicate mean (no CI)
3000,norm,jac_base,press_pooled->press_federer obs,0.137621,,,1,replicate mean (no CI)
3000,norm,jac_base,press_pooled->press_djokovic obs,0.128684,,,1,replicate mean (no CI)
3000,norm,jac_base,press_pooled->press_murray obs,0.136625,,,1,replicate mean (no CI)
3000,norm,jac_base,press_pooled->press_nadal obs,0.108622,,,1,replicate mean (no CI)
3000,norm,jac_base,press_federer->press_djokovic obs,0.112596,,,1,replicate mean (no CI)
3000,norm,jac_base,press_federer->press_murray obs,0.125994,,,1,replicate mean (no CI)
3000,norm,jac_base,press_federer->press_nadal obs,0.0927582,,,1,replicate mean (no CI)
3000,norm,jac_base,press_djokovic->press_murray obs,0.115231,,,1,replicate mean (no CI)
3000,norm,jac_base,press_djokovic->press_nadal obs,0.0930749,,,1,replicate mean (no CI)
3000,norm,jac_base,press_murray->press_nadal obs,0.0950924,,,1,replicate mean (no CI)
3000,norm,jac_base,TV->TV mean null,0.0750585,0.0659261,0.0849871,272,"vertex bootstrap over TV streams, B = 2000"
3000,norm,jac_base,cornell->TV mean null,0.0757814,0.0682304,0.0841483,17,"bootstrap over TV streams, B = 2000"
3000,norm,jac_base,press_pooled->TV mean null,0.0103845,0.00950826,0.0113209,17,"bootstrap over TV streams, B = 2000"
3000,norm,jac_base,press_federer->TV mean null,0.00971103,0.00886548,0.0105506,17,"bootstrap over TV streams, B = 2000"
3000,norm,jac_base,press_djokovic->TV mean null,0.010391,0.00953203,0.0112403,17,"bootstrap over TV streams, B = 2000"
3000,norm,jac_base,press_murray->TV mean null,0.0104854,0.00958263,0.011437,17,"bootstrap over TV streams, B = 2000"
3000,norm,jac_base,press_nadal->TV mean null,0.0147101,0.0136896,0.0158148,17,"bootstrap over TV streams, B = 2000"
3000,norm,jac_base,cornell->press_pooled null,0.00658669,,,1,replicate mean (no CI)
3000,norm,jac_base,cornell->press_federer null,0.00603891,,,1,replicate mean (no CI)
3000,norm,jac_base,cornell->press_djokovic null,0.00739167,,,1,replicate mean (no CI)
3000,norm,jac_base,cornell->press_murray null,0.00673044,,,1,replicate mean (no CI)
3000,norm,jac_base,cornell->press_nadal null,0.0115845,,,1,replicate mean (no CI)
3000,norm,jac_base,press_pooled->press_federer null,0.0419534,,,1,replicate mean (no CI)
3000,norm,jac_base,press_pooled->press_djokovic null,0.0394114,,,1,replicate mean (no CI)
3000,norm,jac_base,press_pooled->press_murray null,0.0483083,,,1,replicate mean (no CI)
3000,norm,jac_base,press_pooled->press_nadal null,0.0362597,,,1,replicate mean (no CI)
3000,norm,jac_base,press_federer->press_djokovic null,0.0360082,,,1,replicate mean (no CI)
3000,norm,jac_base,press_federer->press_murray null,0.0435098,,,1,replicate mean (no CI)
3000,norm,jac_base,press_federer->press_nadal null,0.031713,,,1,replicate mean (no CI)
3000,norm,jac_base,press_djokovic->press_murray null,0.0421145,,,1,replicate mean (no CI)
3000,norm,jac_base,press_djokovic->press_nadal null,0.0306665,,,1,replicate mean (no CI)
3000,norm,jac_base,press_murray->press_nadal null,0.0329264,,,1,replicate mean (no CI)
3000,norm,jac_base,TV->TV mean excess,0.031615,0.0197644,0.0431438,272,"vertex bootstrap over TV streams, B = 2000"
3000,norm,jac_base,cornell->TV mean excess,-0.0137331,-0.0197477,-0.00849764,17,"bootstrap over TV streams, B = 2000"
3000,norm,jac_base,press_pooled->TV mean excess,0.0598797,0.0560813,0.0637023,17,"bootstrap over TV streams, B = 2000"
3000,norm,jac_base,press_federer->TV mean excess,0.0570651,0.0534303,0.0606547,17,"bootstrap over TV streams, B = 2000"
3000,norm,jac_base,press_djokovic->TV mean excess,0.0556489,0.0524629,0.058924,17,"bootstrap over TV streams, B = 2000"
3000,norm,jac_base,press_murray->TV mean excess,0.0577753,0.0545895,0.060973,17,"bootstrap over TV streams, B = 2000"
3000,norm,jac_base,press_nadal->TV mean excess,0.0385074,0.0363562,0.0407896,17,"bootstrap over TV streams, B = 2000"
3000,norm,jac_base,cornell->press_pooled excess,0.0184308,,,1,replicate mean (no CI)
3000,norm,jac_base,cornell->press_federer excess,0.0174985,,,1,replicate mean (no CI)
3000,norm,jac_base,cornell->press_djokovic excess,0.0194818,,,1,replicate mean (no CI)
3000,norm,jac_base,cornell->press_murray excess,0.0221031,,,1,replicate mean (no CI)
3000,norm,jac_base,cornell->press_nadal excess,0.0105002,,,1,replicate mean (no CI)
3000,norm,jac_base,press_pooled->press_federer excess,0.095668,,,1,replicate mean (no CI)
3000,norm,jac_base,press_pooled->press_djokovic excess,0.0892722,,,1,replicate mean (no CI)
3000,norm,jac_base,press_pooled->press_murray excess,0.0883172,,,1,replicate mean (no CI)
3000,norm,jac_base,press_pooled->press_nadal excess,0.0723618,,,1,replicate mean (no CI)
3000,norm,jac_base,press_federer->press_djokovic excess,0.0765882,,,1,replicate mean (no CI)
3000,norm,jac_base,press_federer->press_murray excess,0.0824839,,,1,replicate mean (no CI)
3000,norm,jac_base,press_federer->press_nadal excess,0.0610451,,,1,replicate mean (no CI)
3000,norm,jac_base,press_djokovic->press_murray excess,0.0731161,,,1,replicate mean (no CI)
3000,norm,jac_base,press_djokovic->press_nadal excess,0.0624084,,,1,replicate mean (no CI)
3000,norm,jac_base,press_murray->press_nadal excess,0.062166,,,1,replicate mean (no CI)
3000,norm,jac_n3,TV->TV mean obs,0.0360673,0.031801,0.0407082,272,"vertex bootstrap over TV streams, B = 2000"
3000,norm,jac_n3,cornell->TV mean obs,0.0174514,0.014847,0.0200609,17,"bootstrap over TV streams, B = 2000"
3000,norm,jac_n3,press_pooled->TV mean obs,0.0277763,0.0247329,0.0306862,17,"bootstrap over TV streams, B = 2000"
3000,norm,jac_n3,press_federer->TV mean obs,0.0242147,0.0219156,0.0267305,17,"bootstrap over TV streams, B = 2000"
3000,norm,jac_n3,press_djokovic->TV mean obs,0.0249804,0.0225502,0.0278436,17,"bootstrap over TV streams, B = 2000"
3000,norm,jac_n3,press_murray->TV mean obs,0.027395,0.0250072,0.029785,17,"bootstrap over TV streams, B = 2000"
3000,norm,jac_n3,press_nadal->TV mean obs,0.0208145,0.0187957,0.0228154,17,"bootstrap over TV streams, B = 2000"
3000,norm,jac_n3,cornell->press_pooled obs,0.00527713,,,1,replicate mean (no CI)
3000,norm,jac_n3,cornell->press_federer obs,0.00525465,,,1,replicate mean (no CI)
3000,norm,jac_n3,cornell->press_djokovic obs,0.0069156,,,1,replicate mean (no CI)
3000,norm,jac_n3,cornell->press_murray obs,0.0102563,,,1,replicate mean (no CI)
3000,norm,jac_n3,cornell->press_nadal obs,0.00517708,,,1,replicate mean (no CI)
3000,norm,jac_n3,press_pooled->press_federer obs,0.0751253,,,1,replicate mean (no CI)
3000,norm,jac_n3,press_pooled->press_djokovic obs,0.066327,,,1,replicate mean (no CI)
3000,norm,jac_n3,press_pooled->press_murray obs,0.0737944,,,1,replicate mean (no CI)
3000,norm,jac_n3,press_pooled->press_nadal obs,0.0503021,,,1,replicate mean (no CI)
3000,norm,jac_n3,press_federer->press_djokovic obs,0.0506133,,,1,replicate mean (no CI)
3000,norm,jac_n3,press_federer->press_murray obs,0.0676742,,,1,replicate mean (no CI)
3000,norm,jac_n3,press_federer->press_nadal obs,0.0422285,,,1,replicate mean (no CI)
3000,norm,jac_n3,press_djokovic->press_murray obs,0.0599127,,,1,replicate mean (no CI)
3000,norm,jac_n3,press_djokovic->press_nadal obs,0.0387258,,,1,replicate mean (no CI)
3000,norm,jac_n3,press_murray->press_nadal obs,0.043372,,,1,replicate mean (no CI)
3000,norm,jac_n3,TV->TV mean null,,,,272,"vertex bootstrap over TV streams, B = 2000"
3000,norm,jac_n3,cornell->TV mean null,0.0018315,0.00111533,0.00262185,17,"bootstrap over TV streams, B = 2000"
3000,norm,jac_n3,press_pooled->TV mean null,,,,17,"bootstrap over TV streams, B = 2000"
3000,norm,jac_n3,press_federer->TV mean null,,,,17,"bootstrap over TV streams, B = 2000"
3000,norm,jac_n3,press_djokovic->TV mean null,,,,17,"bootstrap over TV streams, B = 2000"
3000,norm,jac_n3,press_murray->TV mean null,,,,17,"bootstrap over TV streams, B = 2000"
3000,norm,jac_n3,press_nadal->TV mean null,,,,17,"bootstrap over TV streams, B = 2000"
3000,norm,jac_n3,cornell->press_pooled null,0,,,1,replicate mean (no CI)
3000,norm,jac_n3,cornell->press_federer null,0,,,1,replicate mean (no CI)
3000,norm,jac_n3,cornell->press_djokovic null,0,,,1,replicate mean (no CI)
3000,norm,jac_n3,cornell->press_murray null,0,,,1,replicate mean (no CI)
3000,norm,jac_n3,cornell->press_nadal null,0,,,1,replicate mean (no CI)
3000,norm,jac_n3,press_pooled->press_federer null,,,,1,replicate mean (no CI)
3000,norm,jac_n3,press_pooled->press_djokovic null,,,,1,replicate mean (no CI)
3000,norm,jac_n3,press_pooled->press_murray null,,,,1,replicate mean (no CI)
3000,norm,jac_n3,press_pooled->press_nadal null,,,,1,replicate mean (no CI)
3000,norm,jac_n3,press_federer->press_djokovic null,,,,1,replicate mean (no CI)
3000,norm,jac_n3,press_federer->press_murray null,,,,1,replicate mean (no CI)
3000,norm,jac_n3,press_federer->press_nadal null,,,,1,replicate mean (no CI)
3000,norm,jac_n3,press_djokovic->press_murray null,,,,1,replicate mean (no CI)
3000,norm,jac_n3,press_djokovic->press_nadal null,,,,1,replicate mean (no CI)
3000,norm,jac_n3,press_murray->press_nadal null,,,,1,replicate mean (no CI)
3000,norm,jac_n3,TV->TV mean excess,,,,272,"vertex bootstrap over TV streams, B = 2000"
3000,norm,jac_n3,cornell->TV mean excess,0.0156199,0.0134747,0.0179248,17,"bootstrap over TV streams, B = 2000"
3000,norm,jac_n3,press_pooled->TV mean excess,,,,17,"bootstrap over TV streams, B = 2000"
3000,norm,jac_n3,press_federer->TV mean excess,,,,17,"bootstrap over TV streams, B = 2000"
3000,norm,jac_n3,press_djokovic->TV mean excess,,,,17,"bootstrap over TV streams, B = 2000"
3000,norm,jac_n3,press_murray->TV mean excess,,,,17,"bootstrap over TV streams, B = 2000"
3000,norm,jac_n3,press_nadal->TV mean excess,,,,17,"bootstrap over TV streams, B = 2000"
3000,norm,jac_n3,cornell->press_pooled excess,0.00527713,,,1,replicate mean (no CI)
3000,norm,jac_n3,cornell->press_federer excess,0.00525465,,,1,replicate mean (no CI)
3000,norm,jac_n3,cornell->press_djokovic excess,0.0069156,,,1,replicate mean (no CI)
3000,norm,jac_n3,cornell->press_murray excess,0.0102563,,,1,replicate mean (no CI)
3000,norm,jac_n3,cornell->press_nadal excess,0.00517708,,,1,replicate mean (no CI)
3000,norm,jac_n3,press_pooled->press_federer excess,,,,1,replicate mean (no CI)
3000,norm,jac_n3,press_pooled->press_djokovic excess,,,,1,replicate mean (no CI)
3000,norm,jac_n3,press_pooled->press_murray excess,,,,1,replicate mean (no CI)
3000,norm,jac_n3,press_pooled->press_nadal excess,,,,1,replicate mean (no CI)
3000,norm,jac_n3,press_federer->press_djokovic excess,,,,1,replicate mean (no CI)
3000,norm,jac_n3,press_federer->press_murray excess,,,,1,replicate mean (no CI)
3000,norm,jac_n3,press_federer->press_nadal excess,,,,1,replicate mean (no CI)
3000,norm,jac_n3,press_djokovic->press_murray excess,,,,1,replicate mean (no CI)
3000,norm,jac_n3,press_djokovic->press_nadal excess,,,,1,replicate mean (no CI)
3000,norm,jac_n3,press_murray->press_nadal excess,,,,1,replicate mean (no CI)
