point_idx,variant,syll,ntok
3,base,4,2
3,base,4,2
3,base,4,2
3,X4,4,2
3,X4,4,2
3,X4,4,2
5,base,2,2
5,base,2,2
5,base,3,2
5,base,3,2
5,base,2,2
5,base,2,2
5,base,2,2
5,base,2,2
5,base,5,2
5,base,4,2
5,base,2,2
5,base,3,2
5,base,2,2
5,base,2,2
5,base,2,2
5,base,3,2
5,base,3,2
5,base,3,2
5,base,3,3
5,R1,2,2
5,R1,2,2
5,R1,3,2
5,R1,3,2
5,R1,2,2
5,R1,2,2
5,R1,2,2
5,R1,2,2
5,R1,5,2
5,R1,4,2
5,R1,2,2
5,R1,3,2
5,R1,2,2
5,R1,2,2
5,R1,2,2
5,R1,3,2
5,R1,3,2
5,R1,3,2
5,R1,3,3
5,X4,2,2
5,X4,2,2
5,X4,3,2
5,X4,3,2
5,X4,2,2
5,X4,2,2
5,X4,2,2
5,X4,2,2
5,X4,3,2
5,X4,2,2
5,X4,2,2
5,X4,2,2
5,X4,3,2
5,X4,3,2
5,X4,3,2
5,X4,3,3
5,X4,3,3
5,X4,3,3
6,base,3,2
6,X4,3,2
7,base,3,2
7,base,3,2
7,base,3,2
7,X4,3,2
7,X4,3,2
7,X4,3,2
9,base,2,2
9,base,3,2
9,base,3,2
9,base,2,2
9,base,4,2
9,base,4,2
9,base,2,2
9,base,2,2
9,base,3,3
9,base,4,3
9,base,4,4
9,R1,2,2
9,R1,3,2
9,R1,3,2
9,R1,2,2
9,R1,4,2
9,R1,4,2
9,R1,2,2
9,R1,2,2
9,R1,3,3
9,R1,4,3
9,R1,4,4
9,R2,3,3
9,X4,2,2
9,X4,3,2
9,X4,3,2
9,X4,2,2
9,X4,3,2
9,X4,2,2
9,X4,2,2
9,X4,3,3
9,X4,3,3
9,X4,4,3
9,X4,4,4
10,base,2,2
10,base,2,2
10,base,2,2
10,base,2,2
10,base,2,2
10,base,4,2
10,base,2,2
10,base,3,2
10,base,2,2
10,base,3,2
10,base,2,2
10,base,2,2
10,base,2,2
10,base,2,2
10,base,2,2
10,base,2,2
10,base,5,4
10,base,5,4
10,base,5,4
10,R1,2,2
10,R1,2,2
10,R1,2,2
10,R1,2,2
10,R1,2,2
10,R1,4,2
10,R1,2,2
10,R1,3,2
10,R1,2,2
10,R1,3,2
10,R1,2,2
10,R1,2,2
10,R1,2,2
10,R1,2,2
10,R1,2,2
10,R1,2,2
10,R1,5,4
10,R1,5,4
10,R1,5,4
10,R2,4,3
10,R2,5,4
10,R2,5,4
10,X4,2,2
10,X4,2,2
10,X4,2,2
10,X4,2,2
10,X4,2,2
10,X4,3,2
10,X4,2,2
10,X4,3,2
10,X4,2,2
10,X4,2,2
10,X4,2,2
10,X4,2,2
10,X4,2,2
10,X4,2,2
10,X4,3,3
10,X4,3,3
10,X4,5,4
10,X4,5,4
10,X4,5,4
11,base,3,2
11,base,4,2
11,X4,3,2
11,X4,4,2
13,base,4,2
13,base,4,2
13,base,4,2
13,X4,4,2
13,X4,4,2
13,X4,4,2
15,base,2,2
15,base,2,2
15,base,2,2
15,base,2,2
15,base,2,2
15,base,2,2
15,base,2,2
15,base,2,2
15,base,2,2
15,base,2,2
15,base,2,2
15,base,2,2
15,base,3,2
15,base,2,2
15,base,3,2
15,base,2,2
15,base,2,2
15,base,3,2
15,base,3,2
15,base,2,2
15,base,3,2
15,base,2,2
15,base,2,2
15,base,3,2
15,base,2,2
15,base,2,2
15,base,2,2
15,base,2,2
15,base,2,2
15,base,2,2
15,base,2,2
15,base,2,2
15,base,3,2
15,base,2,2
15,base,2,2
15,base,2,2
15,base,2,2
15,base,2,2
15,base,2,2
15,base,2,2
15,base,3,2
15,base,4,2
15,base,4,2
15,base,3,2
15,base,2,2
15,base,3,2
15,base,4,2
15,base,2,2
15,base,2,2
15,base,2,2
15,base,2,2
15,base,2,2
15,base,3,2
15,base,2,2
15,base,2,2
15,base,2,2
15,base,2,2
15,base,2,2
15,base,2,2
15,base,3,2
15,base,3,3
15,base,3,3
15,base,3,3
15,base,3,3
15,base,4,3
15,base,3,3
15,base,3,3
15,base,4,3
15,base,3,3
15,base,3,3
15,base,5,3
15,base,3,3
15,base,3,3
15,base,3,3
15,base,3,3
15,base,3,3
15,base,3,3
15,base,3,3
15,base,3,3
15,base,5,4
15,base,5,4
15,base,4,4
15,base,6,6
15,R1,2,2
15,R1,2,2
15,R1,2,2
15,R1,2,2
15,R1,2,2
15,R1,2,2
15,R1,2,2
15,R1,2,2
15,R1,2,2
15,R1,2,2
15,R1,2,2
15,R1,2,2
15,R1,3,2
15,R1,2,2
15,R1,3,2
15,R1,2,2
15,R1,2,2
15,R1,3,2
15,R1,3,2
15,R1,2,2
15,R1,3,2
15,R1,2,2
15,R1,2,2
15,R1,3,2
15,R1,2,2
15,R1,2,2
15,R1,2,2
15,R1,2,2
15,R1,2,2
15,R1,2,2
15,R1,2,2
15,R1,2,2
15,R1,3,2
15,R1,2,2
15,R1,2,2
15,R1,2,2
15,R1,2,2
15,R1,2,2
15,R1,2,2
15,R1,2,2
15,R1,3,2
15,R1,4,2
15,R1,4,2
15,R1,3,2
15,R1,2,2
15,R1,3,2
15,R1,4,2
15,R1,2,2
15,R1,2,2
15,R1,2,2
15,R1,2,2
15,R1,2,2
15,R1,3,2
15,R1,2,2
15,R1,2,2
15,R1,2,2
15,R1,2,2
15,R1,2,2
15,R1,2,2
15,R1,3,2
15,R1,3,3
15,R1,3,3
15,R1,3,3
15,R1,3,3
15,R1,4,3
15,R1,3,3
15,R1,3,3
15,R1,4,3
15,R1,3,3
15,R1,3,3
15,R1,5,3
15,R1,3,3
15,R1,3,3
15,R1,3,3
15,R1,3,3
15,R1,3,3
15,R1,3,3
15,R1,3,3
15,R1,3,3
15,R1,5,4
15,R1,5,4
15,R1,4,4
15,R1,6,6
15,R2,3,3
15,R2,3,3
15,R2,3,3
15,R2,4,3
15,R2,3,3
15,R2,3,3
15,R2,3,3
15,R2,3,3
15,R2,3,3
15,R2,3,3
15,R2,3,3
15,R2,3,3
15,R2,5,4
15,R2,5,4
15,R2,4,4
15,R2,5,5
15,X4,2,2
15,X4,2,2
15,X4,2,2
15,X4,2,2
15,X4,2,2
15,X4,2,2
15,X4,2,2
15,X4,2,2
15,X4,2,2
15,X4,2,2
15,X4,2,2
15,X4,2,2
15,X4,2,2
15,X4,3,2
15,X4,2,2
15,X4,2,2
15,X4,2,2
15,X4,3,2
15,X4,3,2
15,X4,2,2
15,X4,3,2
15,X4,2,2
15,X4,2,2
15,X4,3,2
15,X4,2,2
15,X4,2,2
15,X4,2,2
15,X4,2,2
15,X4,2,2
15,X4,2,2
15,X4,2,2
15,X4,2,2
15,X4,3,2
15,X4,2,2
15,X4,2,2
15,X4,2,2
15,X4,2,2
15,X4,2,2
15,X4,2,2
15,X4,2,2
15,X4,3,2
15,X4,2,2
15,X4,2,2
15,X4,3,2
15,X4,2,2
15,X4,3,2
15,X4,4,2
15,X4,2,2
15,X4,2,2
15,X4,2,2
15,X4,2,2
15,X4,2,2
15,X4,2,2
15,X4,3,2
15,X4,2,2
15,X4,2,2
15,X4,2,2
15,X4,2,2
15,X4,2,2
15,X4,2,2
15,X4,2,2
15,X4,2,2
15,X4,2,2
15,X4,3,3
15,X4,3,3
15,X4,3,3
15,X4,3,3
15,X4,4,3
15,X4,3,3
15,X4,3,3
15,X4,4,3
15,X4,3,3
15,X4,3,3
15,X4,5,3
15,X4,3,3
15,X4,3,3
15,X4,3,3
15,X4,3,3
15,X4,3,3
15,X4,3,3
15,X4,3,3
15,X4,3,3
15,X4,5,4
15,X4,5,4
15,X4,5,4
15,X4,4,4
15,X4,7,7
18,base,2,2
18,base,5,2
18,base,3,2
18,base,2,2
18,base,4,2
18,base,4,2
18,base,2,2
18,base,4,2
18,base,2,2
18,base,3,2
18,base,3,2
18,base,2,2
18,base,3,2
18,R1,2,2
18,R1,5,2
18,R1,3,2
18,R1,2,2
18,R1,4,2
18,R1,4,2
18,R1,2,2
18,R1,4,2
18,R1,2,2
18,R1,3,2
18,R1,3,2
18,R1,2,2
18,R1,3,2
18,X4,2,2
18,X4,3,2
18,X4,2,2
18,X4,4,2
18,X4,4,2
18,X4,2,2
18,X4,4,2
18,X4,2,2
18,X4,3,2
18,X4,3,2
18,X4,2,2
18,X4,3,2
18,X4,3,3
20,base,4,2
20,base,2,2
20,base,2,2
20,base,2,2
20,base,4,2
20,base,2,2
20,base,2,2
20,base,4,3
20,base,4,3
20,base,3,3
20,base,5,4
20,R1,4,2
20,R1,2,2
20,R1,2,2
20,R1,2,2
20,R1,4,2
20,R1,2,2
20,R1,2,2
20,R1,4,3
20,R1,4,3
20,R1,3,3
20,R1,5,4
20,R2,3,3
20,R2,4,3
20,R2,3,3
20,X4,2,2
20,X4,2,2
20,X4,2,2
20,X4,2,2
20,X4,2,2
20,X4,4,2
20,X4,2,2
20,X4,2,2
20,X4,4,3
20,X4,3,3
20,X4,5,4
20,X4,5,4
21,base,4,2
21,base,2,2
21,base,2,2
21,base,3,2
21,base,3,2
21,base,2,2
21,base,2,2
21,base,2,2
21,base,3,2
21,base,2,2
21,base,2,2
21,R1,4,2
21,R1,2,2
21,R1,2,2
21,R1,3,2
21,R1,3,2
21,R1,2,2
21,R1,2,2
21,R1,2,2
21,R1,3,2
21,R1,2,2
21,R1,2,2
21,X4,4,2
21,X4,2,2
21,X4,2,2
21,X4,2,2
21,X4,2,2
21,X4,3,2
21,X4,3,2
21,X4,2,2
21,X4,2,2
21,X4,2,2
21,X4,3,2
21,X4,2,2
21,X4,2,2
23,base,3,2
23,base,2,2
23,base,3,2
23,base,2,2
23,base,2,2
23,base,3,2
23,base,2,2
23,base,2,2
23,base,2,2
23,base,2,2
23,base,3,3
23,base,4,3
23,base,3,3
23,base,3,3
23,base,3,3
23,base,3,3
23,R1,3,2
23,R1,2,2
23,R1,3,2
23,R1,2,2
23,R1,2,2
23,R1,3,2
23,R1,2,2
23,R1,2,2
23,R1,2,2
23,R1,2,2
23,R1,3,3
23,R1,4,3
23,R1,3,3
23,R1,3,3
23,R1,3,3
23,R1,3,3
23,R2,4,3
23,R2,3,3
23,R2,3,3
23,R2,3,3
23,R2,3,3
23,X4,2,2
23,X4,3,2
23,X4,3,2
23,X4,2,2
23,X4,3,2
23,X4,2,2
23,X4,2,2
23,X4,3,2
23,X4,2,2
23,X4,2,2
23,X4,2,2
23,X4,2,2
23,X4,3,3
23,X4,4,3
23,X4,3,3
23,X4,3,3
23,X4,3,3
23,X4,3,3
24,base,3,2
24,base,3,2
24,base,4,2
24,base,3,2
24,base,3,2
24,base,2,2
24,base,2,2
24,base,2,2
24,base,3,2
24,base,3,3
24,base,3,3
24,base,3,3
24,base,3,3
24,base,4,3
24,base,4,3
24,base,4,3
24,base,4,3
24,base,3,3
24,base,3,3
24,base,3,3
24,base,3,3
24,base,4,3
24,R1,3,2
24,R1,3,2
24,R1,4,2
24,R1,3,2
24,R1,3,2
24,R1,2,2
24,R1,2,2
24,R1,2,2
24,R1,3,2
24,R1,3,3
24,R1,3,3
24,R1,3,3
24,R1,3,3
24,R1,4,3
24,R1,4,3
24,R1,4,3
24,R1,4,3
24,R1,3,3
24,R1,3,3
24,R1,3,3
24,R1,3,3
24,R1,4,3
24,R2,3,3
24,R2,3,3
24,R2,4,3
24,R2,4,3
24,R2,4,3
24,R2,3,3
24,R2,3,3
24,R2,3,3
24,R2,4,3
24,X4,3,2
24,X4,3,2
24,X4,3,2
24,X4,3,2
24,X4,2,2
24,X4,2,2
24,X4,2,2
24,X4,3,2
24,X4,3,3
24,X4,3,3
24,X4,3,3
24,X4,3,3
24,X4,4,3
24,X4,4,3
24,X4,4,3
24,X4,4,3
24,X4,3,3
24,X4,3,3
24,X4,3,3
24,X4,3,3
24,X4,4,3
24,X4,4,4
26,base,3,2
26,base,3,2
26,base,2,2
26,base,2,2
26,base,2,2
26,base,2,2
26,base,3,3
26,base,3,3
26,R1,3,2
26,R1,3,2
26,R1,2,2
26,R1,2,2
26,R1,2,2
26,R1,2,2
26,R1,3,3
26,R1,3,3
26,X4,3,2
26,X4,3,2
26,X4,2,2
26,X4,2,2
26,X4,2,2
26,X4,2,2
26,X4,2,2
26,X4,3,3
26,X4,3,3
26,X4,3,3
28,base,2,2
28,base,3,2
28,base,2,2
28,base,2,2
28,base,3,3
28,R1,2,2
28,R1,3,2
28,R1,2,2
28,R1,2,2
28,R1,3,3
28,X4,2,2
28,X4,3,2
28,X4,2,2
28,X4,2,2
28,X4,3,3
29,base,2,2
29,base,2,2
29,base,2,2
29,base,2,2
29,base,2,2
29,base,3,2
29,base,4,2
29,base,2,2
29,base,3,2
29,base,2,2
29,base,3,2
29,base,3,3
29,base,4,3
29,base,4,3
29,R1,2,2
29,R1,2,2
29,R1,2,2
29,R1,2,2
29,R1,2,2
29,R1,3,2
29,R1,4,2
29,R1,2,2
29,R1,3,2
29,R1,2,2
29,R1,3,2
29,R1,3,3
29,R1,4,3
29,R1,4,3
29,R2,3,3
29,R2,4,3
29,X4,2,2
29,X4,2,2
29,X4,2,2
29,X4,3,2
29,X4,2,2
29,X4,2,2
29,X4,3,2
29,X4,2,2
29,X4,2,2
29,X4,2,2
29,X4,2,2
29,X4,3,2
29,X4,3,3
29,X4,4,3
29,X4,4,3
31,base,2,2
31,base,2,2
31,base,2,2
31,base,2,2
31,base,4,2
31,base,3,2
31,base,2,2
31,base,2,2
31,base,2,2
31,base,2,2
31,base,2,2
31,base,3,3
31,base,3,3
31,base,3,3
31,base,3,3
31,R1,2,2
31,R1,2,2
31,R1,2,2
31,R1,2,2
31,R1,4,2
31,R1,3,2
31,R1,2,2
31,R1,2,2
31,R1,2,2
31,R1,2,2
31,R1,2,2
31,R1,3,3
31,R1,3,3
31,R1,3,3
31,R1,3,3
31,R2,3,3
31,X4,2,2
31,X4,2,2
31,X4,2,2
31,X4,2,2
31,X4,4,2
31,X4,2,2
31,X4,3,2
31,X4,2,2
31,X4,2,2
31,X4,2,2
31,X4,2,2
31,X4,2,2
31,X4,3,3
31,X4,3,3
31,X4,3,3
31,X4,3,3
32,base,4,2
32,X4,4,2
33,base,3,2
33,base,2,2
33,base,2,2
33,base,4,2
33,base,2,2
33,base,2,2
33,base,2,2
33,base,2,2
33,base,4,2
33,base,4,2
33,base,2,2
33,base,2,2
33,base,2,2
33,base,2,2
33,base,3,3
33,R1,2,2
33,R1,2,2
33,R1,4,2
33,R1,2,2
33,R1,2,2
33,R1,2,2
33,R1,2,2
33,R1,4,2
33,R1,4,2
33,R1,2,2
33,R1,2,2
33,R1,2,2
33,R1,2,2
33,R1,3,3
33,R2,3,3
33,X4,3,2
33,X4,2,2
33,X4,2,2
33,X4,4,2
33,X4,2,2
33,X4,2,2
33,X4,2,2
33,X4,2,2
33,X4,2,2
33,X4,4,2
33,X4,4,2
33,X4,2,2
33,X4,2,2
33,X4,2,2
33,X4,2,2
33,X4,2,2
33,X4,3,3
33,X4,3,3
35,base,3,2
35,base,2,2
35,base,2,2
35,base,2,2
35,base,2,2
35,base,2,2
35,base,2,2
35,base,2,2
35,base,2,2
35,base,2,2
35,base,2,2
35,base,2,2
35,base,2,2
35,base,2,2
35,base,2,2
35,base,3,2
35,base,2,2
35,base,2,2
35,base,2,2
35,base,2,2
35,base,2,2
35,base,2,2
35,base,2,2
35,base,2,2
35,base,2,2
35,base,2,2
35,base,2,2
35,base,2,2
35,base,2,2
35,base,2,2
35,base,2,2
35,base,2,2
35,base,2,2
35,base,2,2
35,base,2,2
35,base,3,2
35,base,3,2
35,base,3,3
35,base,3,3
35,base,3,3
35,base,3,3
35,base,3,3
35,base,3,3
35,base,3,3
35,base,3,3
35,R1,3,2
35,R1,2,2
35,R1,2,2
35,R1,2,2
35,R1,2,2
35,R1,2,2
35,R1,2,2
35,R1,2,2
35,R1,2,2
35,R1,2,2
35,R1,2,2
35,R1,2,2
35,R1,2,2
35,R1,2,2
35,R1,2,2
35,R1,3,2
35,R1,2,2
35,R1,2,2
35,R1,2,2
35,R1,2,2
35,R1,2,2
35,R1,2,2
35,R1,2,2
35,R1,2,2
35,R1,2,2
35,R1,2,2
35,R1,2,2
35,R1,2,2
35,R1,2,2
35,R1,2,2
35,R1,2,2
35,R1,2,2
35,R1,2,2
35,R1,2,2
35,R1,2,2
35,R1,3,2
35,R1,3,2
35,R1,3,3
35,R1,3,3
35,R1,3,3
35,R1,3,3
35,R1,3,3
35,R1,3,3
35,R1,3,3
35,R1,3,3
35,R2,3,3
35,R2,3,3
35,R2,3,3
35,R2,3,3
35,R2,3,3
35,X4,2,2
35,X4,2,2
35,X4,2,2
35,X4,2,2
35,X4,2,2
35,X4,2,2
35,X4,2,2
35,X4,2,2
35,X4,2,2
35,X4,2,2
35,X4,2,2
35,X4,2,2
35,X4,2,2
35,X4,2,2
35,X4,2,2
35,X4,3,2
35,X4,2,2
35,X4,2,2
35,X4,2,2
35,X4,2,2
35,X4,2,2
35,X4,2,2
35,X4,2,2
35,X4,2,2
35,X4,2,2
35,X4,2,2
35,X4,2,2
35,X4,2,2
35,X4,2,2
35,X4,2,2
35,X4,2,2
35,X4,2,2
35,X4,2,2
35,X4,2,2
35,X4,2,2
35,X4,2,2
35,X4,2,2
35,X4,3,2
35,X4,3,3
35,X4,3,3
35,X4,3,3
35,X4,3,3
35,X4,3,3
35,X4,3,3
35,X4,3,3
35,X4,3,3
36,base,2,2
36,base,2,2
36,base,2,2
36,base,2,2
36,base,2,2
36,base,2,2
36,base,2,2
36,base,5,2
36,R1,2,2
36,R1,2,2
36,R1,2,2
36,R1,2,2
36,R1,2,2
36,R1,2,2
36,R1,2,2
36,R1,5,2
36,X4,2,2
36,X4,2,2
36,X4,2,2
36,X4,2,2
36,X4,2,2
36,X4,2,2
36,X4,2,2
36,X4,2,2
36,X4,2,2
36,X4,3,2
36,X4,2,2
36,X4,5,2
38,base,4,2
38,base,2,2
38,base,3,2
38,base,4,2
38,base,3,2
38,base,3,2
38,base,4,2
38,base,5,3
38,R1,2,2
38,R1,3,2
38,R1,4,2
38,R1,3,2
38,R1,3,2
38,R1,5,3
38,X4,4,2
38,X4,2,2
38,X4,2,2
38,X4,2,2
38,X4,3,2
38,X4,4,2
38,X4,3,2
38,X4,3,2
38,X4,4,2
38,X4,5,3
40,base,2,2
40,base,2,2
40,base,2,2
40,base,2,2
40,base,5,2
40,base,2,2
40,base,2,2
40,base,6,3
40,base,4,3
40,base,5,3
40,R1,2,2
40,R1,2,2
40,R1,2,2
40,R1,2,2
40,R1,5,2
40,R1,2,2
40,R1,2,2
40,R1,6,3
40,R1,4,3
40,R1,5,3
40,X4,2,2
40,X4,2,2
40,X4,2,2
40,X4,2,2
40,X4,5,2
40,X4,2,2
40,X4,2,2
40,X4,2,2
40,X4,3,3
40,X4,4,3
40,X4,5,3
41,base,3,2
41,base,2,2
41,base,4,2
41,base,2,2
41,base,2,2
41,base,2,2
41,base,2,2
41,base,3,2
41,base,2,2
41,base,2,2
41,base,2,2
41,base,3,3
41,base,4,3
41,base,3,3
41,base,3,3
41,R1,3,2
41,R1,2,2
41,R1,4,2
41,R1,2,2
41,R1,2,2
41,R1,2,2
41,R1,2,2
41,R1,3,2
41,R1,2,2
41,R1,2,2
41,R1,2,2
41,R1,3,3
41,R1,4,3
41,R1,3,3
41,R1,3,3
41,R2,3,3
41,R2,3,3
41,X4,3,2
41,X4,2,2
41,X4,4,2
41,X4,2,2
41,X4,2,2
41,X4,2,2
41,X4,2,2
41,X4,2,2
41,X4,2,2
41,X4,2,2
41,X4,3,3
41,X4,4,3
41,X4,3,3
41,X4,3,3
42,base,2,2
42,base,2,2
42,base,2,2
42,base,2,2
42,base,2,2
42,base,2,2
42,base,3,2
42,base,3,2
42,base,4,3
42,base,4,3
42,base,4,3
42,base,3,3
42,base,3,3
42,base,3,3
42,R1,2,2
42,R1,2,2
42,R1,2,2
42,R1,2,2
42,R1,2,2
42,R1,2,2
42,R1,3,2
42,R1,3,2
42,R1,4,3
42,R1,4,3
42,R1,4,3
42,R1,3,3
42,R1,3,3
42,R1,3,3
42,R2,4,3
42,R2,4,3
42,R2,3,3
42,R2,3,3
42,R2,3,3
42,X4,2,2
42,X4,2,2
42,X4,2,2
42,X4,2,2
42,X4,2,2
42,X4,2,2
42,X4,2,2
42,X4,3,2
42,X4,3,2
42,X4,4,3
42,X4,4,3
42,X4,3,3
42,X4,3,3
42,X4,3,3
42,X4,5,4
46,base,2,2
46,base,2,2
46,base,2,2
46,base,2,2
46,base,3,2
46,base,2,2
46,base,2,2
46,base,2,2
46,base,3,2
46,base,2,2
46,base,3,2
46,base,4,3
46,base,3,3
46,R1,2,2
46,R1,2,2
46,R1,2,2
46,R1,2,2
46,R1,3,2
46,R1,2,2
46,R1,2,2
46,R1,2,2
46,R1,3,2
46,R1,2,2
46,R1,3,2
46,R1,4,3
46,R1,3,3
46,R2,4,3
46,X4,2,2
46,X4,2,2
46,X4,2,2
46,X4,2,2
46,X4,2,2
46,X4,2,2
46,X4,3,2
46,X4,2,2
46,X4,2,2
46,X4,2,2
46,X4,3,2
46,X4,2,2
46,X4,3,2
46,X4,4,3
46,X4,3,3
47,base,2,2
47,base,2,2
47,base,2,2
47,base,2,2
47,base,2,2
47,base,2,2
47,base,2,2
47,base,2,2
47,base,2,2
47,base,2,2
47,base,4,3
47,base,3,3
47,R1,2,2
47,R1,2,2
47,R1,2,2
47,R1,2,2
47,R1,2,2
47,R1,2,2
47,R1,2,2
47,R1,2,2
47,R1,2,2
47,R1,2,2
47,R1,4,3
47,R1,3,3
47,R2,4,3
47,R2,3,3
47,X4,2,2
47,X4,2,2
47,X4,2,2
47,X4,2,2
47,X4,2,2
47,X4,2,2
47,X4,2,2
47,X4,2,2
47,X4,2,2
47,X4,2,2
47,X4,4,3
47,X4,3,3
48,base,4,2
48,X4,4,2
50,base,3,2
50,base,2,2
50,base,3,2
50,base,4,3
50,base,4,4
50,R1,2,2
50,R1,3,2
50,R1,4,3
50,R1,4,4
50,R2,4,4
50,X4,3,2
50,X4,2,2
50,X4,2,2
50,X4,3,2
50,X4,4,3
50,X4,4,4
52,base,4,2
52,base,2,2
52,base,3,2
52,base,2,2
52,base,3,3
52,R1,4,2
52,R1,2,2
52,R1,3,2
52,R1,2,2
52,R1,3,3
52,X4,3,2
52,X4,2,2
52,X4,2,2
52,X4,3,2
52,X4,2,2
52,X4,3,3
54,base,3,2
54,base,3,2
54,base,2,2
54,base,3,2
54,base,3,3
54,R1,3,2
54,R1,3,2
54,R1,2,2
54,R1,3,2
54,R1,3,3
54,R2,3,3
54,X4,2,2
54,X4,3,2
54,X4,3,2
54,X4,2,2
54,X4,3,2
54,X4,2,2
54,X4,3,2
54,X4,3,3
55,base,2,2
55,base,2,2
55,base,2,2
55,base,2,2
55,base,3,2
55,base,2,2
55,base,2,2
55,base,2,2
55,base,2,2
55,base,2,2
55,base,2,2
55,base,2,2
55,base,3,2
55,base,2,2
55,base,5,2
55,base,2,2
55,base,2,2
55,base,2,2
55,base,2,2
55,base,3,2
55,base,2,2
55,base,3,2
55,base,4,2
55,base,2,2
55,base,2,2
55,base,3,2
55,base,2,2
55,base,2,2
55,base,2,2
55,base,2,2
55,base,2,2
55,base,2,2
55,base,2,2
55,base,2,2
55,base,2,2
55,base,2,2
55,base,2,2
55,base,2,2
55,base,2,2
55,base,2,2
55,base,3,2
55,base,2,2
55,base,2,2
55,base,2,2
55,base,3,2
55,base,3,2
55,base,3,2
55,base,2,2
55,base,2,2
55,base,2,2
55,base,3,2
55,base,2,2
55,base,3,2
55,base,2,2
55,base,2,2
55,base,2,2
55,base,2,2
55,base,2,2
55,base,2,2
55,base,2,2
55,base,2,2
55,base,2,2
55,base,2,2
55,base,2,2
55,base,2,2
55,base,3,2
55,base,3,3
55,base,3,3
55,base,3,3
55,base,3,3
55,base,3,3
55,base,3,3
55,base,3,3
55,base,3,3
55,base,3,3
55,base,3,3
55,R1,2,2
55,R1,2,2
55,R1,2,2
55,R1,2,2
55,R1,3,2
55,R1,2,2
55,R1,2,2
55,R1,2,2
55,R1,2,2
55,R1,2,2
55,R1,2,2
55,R1,2,2
55,R1,3,2
55,R1,2,2
55,R1,5,2
55,R1,2,2
55,R1,2,2
55,R1,2,2
55,R1,2,2
55,R1,3,2
55,R1,2,2
55,R1,3,2
55,R1,4,2
55,R1,2,2
55,R1,2,2
55,R1,3,2
55,R1,2,2
55,R1,2,2
55,R1,2,2
55,R1,2,2
55,R1,2,2
55,R1,2,2
55,R1,2,2
55,R1,2,2
55,R1,2,2
55,R1,2,2
55,R1,2,2
55,R1,2,2
55,R1,2,2
55,R1,2,2
55,R1,3,2
55,R1,3,3
55,R1,3,3
55,R1,3,3
55,R1,3,3
55,R1,3,3
55,R1,2,2
55,R1,3,2
55,R1,3,2
55,R1,3,2
55,R1,2,2
55,R1,2,2
55,R1,2,2
55,R1,3,2
55,R1,2,2
55,R1,3,2
55,R1,2,2
55,R1,2,2
55,R1,2,2
55,R1,2,2
55,R1,2,2
55,R1,2,2
55,R1,2,2
55,R1,2,2
55,R1,2,2
55,R1,2,2
55,R1,2,2
55,R1,2,2
55,R1,3,2
55,R1,3,3
55,R1,3,3
55,R1,3,3
55,R1,3,3
55,R1,3,3
55,R2,3,3
55,R2,3,3
55,R2,3,3
55,R2,3,3
55,R2,3,3
55,X4,2,2
55,X4,2,2
55,X4,2,2
55,X4,2,2
55,X4,2,2
55,X4,2,2
55,X4,2,2
55,X4,2,2
55,X4,2,2
55,X4,2,2
55,X4,2,2
55,X4,2,2
55,X4,3,2
55,X4,2,2
55,X4,2,2
55,X4,2,2
55,X4,2,2
55,X4,2,2
55,X4,2,2
55,X4,2,2
55,X4,2,2
55,X4,2,2
55,X4,3,2
55,X4,2,2
55,X4,3,2
55,X4,2,2
55,X4,2,2
55,X4,2,2
55,X4,3,2
55,X4,2,2
55,X4,2,2
55,X4,2,2
55,X4,2,2
55,X4,2,2
55,X4,2,2
55,X4,2,2
55,X4,2,2
55,X4,2,2
55,X4,2,2
55,X4,2,2
55,X4,2,2
55,X4,2,2
55,X4,2,2
55,X4,3,2
55,X4,2,2
55,X4,2,2
55,X4,2,2
55,X4,3,2
55,X4,3,2
55,X4,3,2
55,X4,2,2
55,X4,2,2
55,X4,2,2
55,X4,3,2
55,X4,2,2
55,X4,2,2
55,X4,2,2
55,X4,2,2
55,X4,2,2
55,X4,2,2
55,X4,2,2
55,X4,2,2
55,X4,2,2
55,X4,2,2
55,X4,2,2
55,X4,2,2
55,X4,2,2
55,X4,3,2
55,X4,3,3
55,X4,3,3
55,X4,3,3
55,X4,3,3
55,X4,3,3
55,X4,3,3
55,X4,3,3
55,X4,3,3
55,X4,3,3
55,X4,3,3
56,base,2,2
56,base,3,2
56,base,2,2
56,base,2,2
56,base,2,2
56,base,2,2
56,base,2,2
56,base,2,2
56,base,3,2
56,base,5,2
56,base,2,2
56,base,2,2
56,base,3,2
56,base,3,3
56,base,3,3
56,base,3,3
56,base,4,4
56,base,6,5
56,R1,2,2
56,R1,3,2
56,R1,2,2
56,R1,2,2
56,R1,2,2
56,R1,2,2
56,R1,2,2
56,R1,2,2
56,R1,3,2
56,R1,5,2
56,R1,2,2
56,R1,2,2
56,R1,3,2
56,R1,3,3
56,R1,3,3
56,R1,3,3
56,R1,4,4
56,R1,6,5
56,R2,3,3
56,R2,3,3
56,R2,5,4
56,R2,4,4
56,R2,4,4
56,X4,2,2
56,X4,3,2
56,X4,2,2
56,X4,2,2
56,X4,2,2
56,X4,2,2
56,X4,2,2
56,X4,2,2
56,X4,3,2
56,X4,2,2
56,X4,2,2
56,X4,2,2
56,X4,2,2
56,X4,3,2
56,X4,3,3
56,X4,3,3
56,X4,3,3
56,X4,4,3
56,X4,4,4
56,X4,6,5
57,base,2,2
57,base,3,2
57,base,4,2
57,base,2,2
57,base,3,2
57,base,2,2
57,base,2,2
57,base,2,2
57,base,2,2
57,base,2,2
57,base,2,2
57,base,4,3
57,R1,2,2
57,R1,3,2
57,R1,4,2
57,R1,2,2
57,R1,3,2
57,R1,2,2
57,R1,2,2
57,R1,2,2
57,R1,2,2
57,R1,2,2
57,R1,2,2
57,R1,4,3
57,X4,2,2
57,X4,3,2
57,X4,4,2
57,X4,2,2
57,X4,3,2
57,X4,2,2
57,X4,2,2
57,X4,2,2
57,X4,2,2
57,X4,2,2
57,X4,2,2
57,X4,2,2
57,X4,4,3
59,base,3,2
59,base,4,2
59,base,4,2
59,base,2,2
59,base,2,2
59,base,2,2
59,base,3,2
59,base,3,2
59,base,2,2
59,base,3,2
59,R1,3,2
59,R1,4,2
59,R1,4,2
59,R1,2,2
59,R1,2,2
59,R1,2,2
59,R1,3,2
59,R1,2,2
59,R1,3,2
59,X4,3,2
59,X4,2,2
59,X4,2,2
59,X4,3,2
59,X4,3,2
59,X4,2,2
59,X4,3,2
59,X4,3,3
59,X4,3,3
62,base,4,2
62,base,4,2
62,base,2,2
62,base,3,2
62,base,3,2
62,base,2,2
62,base,2,2
62,base,3,2
62,base,2,2
62,base,2,2
62,base,3,3
62,base,3,3
62,base,3,3
62,R1,4,2
62,R1,4,2
62,R1,2,2
62,R1,3,2
62,R1,3,2
62,R1,2,2
62,R1,2,2
62,R1,3,2
62,R1,2,2
62,R1,2,2
62,R1,3,3
62,R1,3,3
62,R1,3,3
62,R2,3,3
62,X4,2,2
62,X4,4,2
62,X4,2,2
62,X4,3,2
62,X4,3,2
62,X4,2,2
62,X4,2,2
62,X4,2,2
62,X4,3,2
62,X4,2,2
62,X4,2,2
62,X4,3,3
62,X4,3,3
62,X4,3,3
62,X4,3,3
63,base,2,2
63,base,3,2
63,base,5,2
63,base,4,2
63,base,2,2
63,base,3,2
63,base,2,2
63,base,2,2
63,base,2,2
63,base,2,2
63,base,3,2
63,base,3,2
63,base,2,2
63,base,2,2
63,base,2,2
63,base,2,2
63,base,2,2
63,base,2,2
63,base,2,2
63,base,2,2
63,base,3,3
63,base,3,3
63,base,6,5
63,R1,2,2
63,R1,3,2
63,R1,5,2
63,R1,4,2
63,R1,2,2
63,R1,3,3
63,R1,2,2
63,R1,2,2
63,R1,2,2
63,R1,2,2
63,R1,3,2
63,R1,3,2
63,R1,2,2
63,R1,2,2
63,R1,2,2
63,R1,2,2
63,R1,2,2
63,R1,2,2
63,R1,2,2
63,R1,2,2
63,R1,3,3
63,R1,6,5
63,R2,3,3
63,R2,6,5
63,X4,2,2
63,X4,2,2
63,X4,3,2
63,X4,2,2
63,X4,2,2
63,X4,2,2
63,X4,2,2
63,X4,3,2
63,X4,3,2
63,X4,2,2
63,X4,2,2
63,X4,2,2
63,X4,2,2
63,X4,2,2
63,X4,2,2
63,X4,2,2
63,X4,2,2
63,X4,3,3
63,X4,3,3
63,X4,3,3
63,X4,3,3
63,X4,6,5
64,base,4,2
64,base,3,2
64,base,2,2
64,base,2,2
64,base,2,2
64,base,3,3
64,R1,4,2
64,R1,3,2
64,R1,2,2
64,R1,2,2
64,R1,2,2
64,R1,3,3
64,X4,3,2
64,X4,2,2
64,X4,3,2
64,X4,2,2
64,X4,2,2
64,X4,2,2
64,X4,3,3
66,base,2,2
66,base,2,2
66,base,3,2
66,base,3,2
66,base,2,2
66,base,2,2
66,base,4,2
66,base,4,2
66,base,4,2
66,base,2,2
66,base,4,3
66,base,4,3
66,base,4,4
66,base,4,4
66,base,4,4
66,R1,2,2
66,R1,2,2
66,R1,3,2
66,R1,3,2
66,R1,2,2
66,R1,2,2
66,R1,4,2
66,R1,4,2
66,R1,4,2
66,R1,2,2
66,R1,4,3
66,R1,4,3
66,R1,4,4
66,R1,4,4
66,R1,4,4
66,R2,4,3
66,R2,3,3
66,R2,3,3
66,R2,3,3
66,R2,4,3
66,X4,3,2
66,X4,2,2
66,X4,2,2
66,X4,3,2
66,X4,3,2
66,X4,2,2
66,X4,2,2
66,X4,2,2
66,X4,2,2
66,X4,2,2
66,X4,2,2
66,X4,4,3
66,X4,4,3
66,X4,4,4
66,X4,4,4
66,X4,4,4
67,base,4,2
67,base,4,2
67,base,2,2
67,base,3,2
67,base,3,2
67,base,2,2
67,base,2,2
67,base,2,2
67,base,3,3
67,base,3,3
67,base,4,4
67,base,4,4
67,base,4,4
67,R1,4,2
67,R1,4,2
67,R1,2,2
67,R1,3,2
67,R1,3,2
67,R1,2,2
67,R1,2,2
67,R1,2,2
67,R1,3,3
67,R1,3,3
67,R1,4,4
67,R1,4,4
67,R1,4,4
67,R2,3,3
67,R2,3,3
67,R2,3,3
67,R2,3,3
67,R2,3,3
67,R2,3,3
67,X4,2,2
67,X4,2,2
67,X4,2,2
67,X4,3,2
67,X4,3,2
67,X4,2,2
67,X4,2,2
67,X4,2,2
67,X4,3,3
67,X4,3,3
67,X4,3,3
67,X4,4,4
67,X4,4,4
67,X4,4,4
68,base,2,2
68,base,2,2
68,base,2,2
68,base,2,2
68,base,4,2
68,base,3,2
68,base,2,2
68,base,3,2
68,base,2,2
68,base,2,2
68,base,2,2
68,base,2,2
68,base,3,2
68,base,2,2
68,base,3,2
68,base,3,3
68,base,3,3
68,base,3,3
68,base,3,3
68,base,3,3
68,base,4,4
68,base,6,6
68,R1,2,2
68,R1,2,2
68,R1,2,2
68,R1,2,2
68,R1,4,2
68,R1,3,2
68,R1,2,2
68,R1,3,2
68,R1,2,2
68,R1,2,2
68,R1,2,2
68,R1,2,2
68,R1,3,2
68,R1,2,2
68,R1,3,2
68,R1,3,3
68,R1,3,3
68,R1,3,3
68,R1,3,3
68,R1,3,3
68,R1,4,4
68,R1,6,6
68,R2,3,3
68,R2,3,3
68,R2,3,3
68,R2,5,5
68,X4,2,2
68,X4,2,2
68,X4,2,2
68,X4,2,2
68,X4,2,2
68,X4,3,2
68,X4,2,2
68,X4,3,2
68,X4,2,2
68,X4,2,2
68,X4,2,2
68,X4,2,2
68,X4,3,2
68,X4,2,2
68,X4,3,2
68,X4,3,3
68,X4,3,3
68,X4,3,3
68,X4,3,3
68,X4,3,3
68,X4,4,4
68,X4,6,6
70,base,3,2
70,base,2,2
70,base,3,2
70,base,2,2
70,base,2,2
70,base,3,2
70,base,2,2
70,base,2,2
70,base,3,2
70,base,2,2
70,base,2,2
70,base,3,2
70,base,3,2
70,base,2,2
70,base,2,2
70,base,2,2
70,base,2,2
70,base,2,2
70,base,2,2
70,base,2,2
70,base,2,2
70,base,2,2
70,base,3,2
70,base,2,2
70,base,2,2
70,base,3,2
70,base,3,2
70,base,2,2
70,base,2,2
70,base,2,2
70,base,3,2
70,base,2,2
70,base,2,2
70,base,2,2
70,base,2,2
70,base,2,2
70,base,2,2
70,base,3,2
70,base,2,2
70,base,2,2
70,base,2,2
70,base,2,2
70,base,2,2
70,base,2,2
70,base,3,2
70,base,3,2
70,base,2,2
70,base,2,2
70,base,4,2
70,base,3,2
70,base,2,2
70,base,2,2
70,base,4,2
70,base,3,2
70,base,2,2
70,base,2,2
70,base,2,2
70,base,2,2
70,base,3,2
70,base,3,2
70,base,2,2
70,base,2,2
70,base,2,2
70,base,2,2
70,base,2,2
70,base,4,2
70,base,2,2
70,base,2,2
70,base,2,2
70,base,4,3
70,base,4,3
70,base,4,3
70,base,3,3
70,base,3,3
70,base,3,3
70,base,4,3
70,base,3,3
70,base,6,3
70,base,4,4
70,base,4,4
70,base,4,4
70,base,4,4
70,base,6,6
70,R1,3,2
70,R1,2,2
70,R1,3,2
70,R1,2,2
70,R1,2,2
70,R1,3,2
70,R1,2,2
70,R1,2,2
70,R1,3,2
70,R1,2,2
70,R1,2,2
70,R1,3,2
70,R1,3,2
70,R1,2,2
70,R1,2,2
70,R1,2,2
70,R1,2,2
70,R1,2,2
70,R1,2,2
70,R1,2,2
70,R1,2,2
70,R1,2,2
70,R1,3,2
70,R1,2,2
70,R1,2,2
70,R1,3,2
70,R1,3,2
70,R1,2,2
70,R1,2,2
70,R1,2,2
70,R1,3,2
70,R1,2,2
70,R1,2,2
70,R1,2,2
70,R1,2,2
70,R1,2,2
70,R1,2,2
70,R1,3,2
70,R1,2,2
70,R1,2,2
70,R1,2,2
70,R1,2,2
70,R1,2,2
70,R1,2,2
70,R1,3,2
70,R1,3,2
70,R1,2,2
70,R1,2,2
70,R1,4,2
70,R1,3,2
70,R1,2,2
70,R1,2,2
70,R1,4,2
70,R1,3,2
70,R1,2,2
70,R1,2,2
70,R1,2,2
70,R1,2,2
70,R1,3,2
70,R1,3,2
70,R1,2,2
70,R1,2,2
70,R1,2,2
70,R1,2,2
70,R1,2,2
70,R1,4,2
70,R1,2,2
70,R1,2,2
70,R1,2,2
70,R1,4,3
70,R1,4,3
70,R1,4,3
70,R1,3,3
70,R1,3,3
70,R1,3,3
70,R1,4,3
70,R1,3,3
70,R1,6,3
70,R1,4,4
70,R1,4,4
70,R1,4,4
70,R1,4,4
70,R1,6,6
70,R2,3,3
70,R2,3,3
70,R2,3,3
70,R2,3,3
70,R2,4,3
70,R2,3,3
70,R2,3,3
70,R2,3,3
70,R2,4,3
70,R2,3,3
70,R2,3,3
70,R2,4,4
70,R2,6,6
70,X4,3,2
70,X4,2,2
70,X4,3,2
70,X4,2,2
70,X4,2,2
70,X4,3,2
70,X4,2,2
70,X4,2,2
70,X4,3,2
70,X4,2,2
70,X4,2,2
70,X4,3,2
70,X4,3,2
70,X4,2,2
70,X4,2,2
70,X4,2,2
70,X4,2,2
70,X4,2,2
70,X4,2,2
70,X4,2,2
70,X4,2,2
70,X4,3,2
70,X4,2,2
70,X4,2,2
70,X4,3,2
70,X4,3,2
70,X4,2,2
70,X4,2,2
70,X4,2,2
70,X4,3,2
70,X4,2,2
70,X4,2,2
70,X4,2,2
70,X4,2,2
70,X4,2,2
70,X4,2,2
70,X4,3,2
70,X4,2,2
70,X4,2,2
70,X4,2,2
70,X4,2,2
70,X4,2,2
70,X4,2,2
70,X4,3,2
70,X4,3,2
70,X4,2,2
70,X4,2,2
70,X4,2,2
70,X4,2,2
70,X4,2,2
70,X4,4,2
70,X4,3,2
70,X4,2,2
70,X4,2,2
70,X4,2,2
70,X4,2,2
70,X4,3,2
70,X4,3,2
70,X4,2,2
70,X4,2,2
70,X4,2,2
70,X4,2,2
70,X4,2,2
70,X4,2,2
70,X4,2,2
70,X4,2,2
70,X4,2,2
70,X4,2,2
70,X4,2,2
70,X4,4,3
70,X4,3,3
70,X4,4,3
70,X4,4,3
70,X4,4,3
70,X4,3,3
70,X4,3,3
70,X4,3,3
70,X4,4,3
70,X4,3,3
70,X4,6,3
70,X4,4,4
70,X4,4,4
70,X4,4,4
70,X4,4,4
70,X4,6,6
72,base,4,2
72,base,2,2
72,base,2,2
72,base,4,3
72,R1,4,2
72,R1,2,2
72,R1,2,2
72,R1,4,3
72,X4,2,2
72,X4,2,2
72,X4,2,2
72,X4,4,3
74,base,2,2
74,base,2,2
74,base,2,2
74,base,3,2
74,base,3,2
74,base,2,2
74,base,3,2
74,base,3,3
74,base,5,4
74,R1,2,2
74,R1,2,2
74,R1,2,2
74,R1,3,2
74,R1,3,2
74,R1,2,2
74,R1,3,2
74,R1,3,3
74,R1,5,4
74,R2,5,4
74,X4,2,2
74,X4,2,2
74,X4,2,2
74,X4,3,2
74,X4,3,2
74,X4,2,2
74,X4,3,2
74,X4,3,3
74,X4,5,4
75,base,3,2
75,base,3,2
75,base,2,2
75,base,3,3
75,R1,3,2
75,R1,3,2
75,R1,2,2
75,R1,3,3
75,R2,3,3
75,X4,2,2
75,X4,3,2
75,X4,2,2
75,X4,3,2
75,X4,2,2
75,X4,3,3
76,base,2,2
76,base,2,2
76,base,2,2
76,base,2,2
76,base,3,2
76,base,2,2
76,base,3,2
76,base,2,2
76,base,3,3
76,base,3,3
76,R1,2,2
76,R1,2,2
76,R1,2,2
76,R1,2,2
76,R1,3,2
76,R1,2,2
76,R1,3,2
76,R1,2,2
76,R1,3,3
76,R1,3,3
76,R2,3,3
76,R2,3,3
76,X4,2,2
76,X4,2,2
76,X4,2,2
76,X4,2,2
76,X4,2,2
76,X4,3,2
76,X4,2,2
76,X4,3,2
76,X4,2,2
76,X4,3,3
76,X4,3,3
88,base,3,2
88,base,2,2
88,base,3,2
88,base,2,2
88,base,3,2
88,base,5,3
88,base,3,3
88,R1,3,2
88,R1,2,2
88,R1,3,2
88,R1,2,2
88,R1,3,2
88,R1,5,3
88,R1,3,3
88,R2,3,3
88,X4,3,2
88,X4,2,2
88,X4,2,2
88,X4,2,2
88,X4,3,2
88,X4,2,2
88,X4,3,2
88,X4,5,3
88,X4,3,3
89,base,3,2
89,base,2,2
89,base,2,2
89,base,2,2
89,base,3,2
89,base,3,3
89,base,3,3
89,R1,3,2
89,R1,2,2
89,R1,2,2
89,R1,2,2
89,R1,3,2
89,R1,3,3
89,R1,3,3
89,R2,3,3
89,R2,3,3
89,X4,3,2
89,X4,2,2
89,X4,2,2
89,X4,2,2
89,X4,3,2
89,X4,3,3
89,X4,3,3
89,base,3,2
89,base,3,2
89,base,2,2
89,base,2,2
89,base,2,2
89,base,2,2
89,base,2,2
89,base,3,2
89,base,2,2
89,base,2,2
89,base,2,2
89,base,2,2
89,base,2,2
89,base,3,3
89,R1,3,2
89,R1,3,2
89,R1,2,2
89,R1,2,2
89,R1,2,2
89,R1,2,2
89,R1,2,2
89,R1,3,2
89,R1,2,2
89,R1,2,2
89,R1,2,2
89,R1,2,2
89,R1,2,2
89,R1,3,3
89,R2,3,3
89,X4,3,2
89,X4,3,2
89,X4,2,2
89,X4,2,2
89,X4,2,2
89,X4,2,2
89,X4,2,2
89,X4,3,2
89,X4,2,2
89,X4,2,2
89,X4,2,2
89,X4,2,2
89,X4,2,2
89,X4,3,3
90,base,4,2
90,base,2,2
90,base,2,2
90,base,2,2
90,base,3,2
90,base,2,2
90,base,2,2
90,base,2,2
90,base,2,2
90,base,3,2
90,base,3,3
90,base,3,3
90,base,4,3
90,R1,2,2
90,R1,2,2
90,R1,2,2
90,R1,3,2
90,R1,2,2
90,R1,2,2
90,R1,2,2
90,R1,2,2
90,R1,3,2
90,R1,3,3
90,R1,3,3
90,R1,4,3
90,R2,3,3
90,R2,3,3
90,X4,4,2
90,X4,2,2
90,X4,2,2
90,X4,2,2
90,X4,2,2
90,X4,2,2
90,X4,3,2
90,X4,2,2
90,X4,2,2
90,X4,2,2
90,X4,2,2
90,X4,3,2
90,X4,3,3
90,X4,3,3
90,X4,4,3
91,base,2,2
91,base,2,2
91,base,2,2
91,base,2,2
91,base,2,2
91,base,2,2
91,base,2,2
91,base,3,2
91,base,2,2
91,base,2,2
91,base,2,2
91,base,2,2
91,base,3,2
91,base,2,2
91,base,2,2
91,base,2,2
91,base,2,2
91,base,2,2
91,base,3,2
91,base,3,2
91,base,2,2
91,base,3,2
91,base,2,2
91,base,3,2
91,base,3,2
91,base,2,2
91,base,4,2
91,base,3,2
91,base,2,2
91,base,3,2
91,base,3,2
91,base,3,3
91,base,3,3
91,base,3,3
91,base,3,3
91,base,4,3
91,base,4,4
91,base,4,4
91,base,5,4
91,R1,2,2
91,R1,2,2
91,R1,2,2
91,R1,2,2
91,R1,2,2
91,R1,2,2
91,R1,2,2
91,R1,3,2
91,R1,2,2
91,R1,2,2
91,R1,2,2
91,R1,2,2
91,R1,3,2
91,R1,2,2
91,R1,2,2
91,R1,2,2
91,R1,2,2
91,R1,2,2
91,R1,3,2
91,R1,3,2
91,R1,2,2
91,R1,3,2
91,R1,2,2
91,R1,3,2
91,R1,3,2
91,R1,2,2
91,R1,4,2
91,R1,3,2
91,R1,2,2
91,R1,3,3
91,R1,3,3
91,R1,3,3
91,R1,3,3
91,R1,4,3
91,R1,4,3
91,R1,4,4
91,R1,4,4
91,R2,3,3
91,R2,3,3
91,R2,3,3
91,R2,3,3
91,R2,4,3
91,R2,4,4
91,X4,2,2
91,X4,2,2
91,X4,2,2
91,X4,2,2
91,X4,2,2
91,X4,2,2
91,X4,2,2
91,X4,3,2
91,X4,2,2
91,X4,2,2
91,X4,2,2
91,X4,2,2
91,X4,3,2
91,X4,2,2
91,X4,2,2
91,X4,2,2
91,X4,2,2
91,X4,2,2
91,X4,3,2
91,X4,3,2
91,X4,2,2
91,X4,2,2
91,X4,2,2
91,X4,3,2
91,X4,2,2
91,X4,3,2
91,X4,3,2
91,X4,3,2
91,X4,2,2
91,X4,2,2
91,X4,2,2
91,X4,3,2
91,X4,3,2
91,X4,3,3
91,X4,3,3
91,X4,3,3
91,X4,3,3
91,X4,3,3
91,X4,3,3
91,X4,3,3
91,X4,3,3
91,X4,4,3
91,X4,4,4
91,X4,4,4
91,X4,5,4
97,base,4,2
97,base,2,2
97,base,2,2
97,base,2,2
97,base,2,2
97,base,2,2
97,base,3,2
97,base,2,2
97,base,2,2
97,base,3,3
97,base,3,3
97,base,3,3
97,base,4,3
97,base,3,3
97,R1,2,2
97,R1,2,2
97,R1,2,2
97,R1,2,2
97,R1,2,2
97,R1,3,2
97,R1,2,2
97,R1,2,2
97,R1,3,3
97,R1,3,3
97,R1,3,3
97,R1,4,3
97,R1,3,3
97,R2,3,3
97,R2,3,3
97,R2,3,3
97,R2,3,3
97,X4,4,2
97,X4,2,2
97,X4,2,2
97,X4,2,2
97,X4,2,2
97,X4,2,2
97,X4,3,2
97,X4,2,2
97,X4,2,2
97,X4,3,3
97,X4,3,3
97,X4,3,3
97,X4,3,3
97,X4,4,3
97,X4,3,3
98,base,2,2
98,base,2,2
98,base,4,2
98,base,2,2
98,base,2,2
98,base,2,2
98,base,3,2
98,base,2,2
98,base,4,2
98,base,2,2
98,base,2,2
98,base,3,2
98,base,2,2
98,base,2,2
98,base,2,2
98,base,2,2
98,base,2,2
98,base,2,2
98,base,2,2
98,base,2,2
98,base,2,2
98,base,2,2
98,base,4,2
98,base,2,2
98,base,3,2
98,base,2,2
98,base,2,2
98,base,2,2
98,base,5,2
98,base,4,2
98,base,2,2
98,base,2,2
98,base,2,2
98,base,2,2
98,base,3,3
98,base,3,3
98,base,3,3
98,base,3,3
98,base,3,3
98,R1,2,2
98,R1,2,2
98,R1,4,2
98,R1,2,2
98,R1,2,2
98,R1,2,2
98,R1,3,2
98,R1,2,2
98,R1,4,2
98,R1,2,2
98,R1,2,2
98,R1,3,2
98,R1,2,2
98,R1,2,2
98,R1,2,2
98,R1,2,2
98,R1,2,2
98,R1,2,2
98,R1,2,2
98,R1,2,2
98,R1,2,2
98,R1,2,2
98,R1,4,2
98,R1,2,2
98,R1,3,2
98,R1,2,2
98,R1,2,2
98,R1,2,2
98,R1,5,2
98,R1,4,2
98,R1,2,2
98,R1,2,2
98,R1,2,2
98,R1,2,2
98,R1,3,3
98,R1,3,3
98,R1,3,3
98,R1,3,3
98,R1,3,3
98,R2,3,3
98,R2,3,3
98,R2,3,3
98,R2,3,3
98,X4,2,2
98,X4,2,2
98,X4,4,2
98,X4,2,2
98,X4,2,2
98,X4,2,2
98,X4,2,2
98,X4,3,2
98,X4,2,2
98,X4,2,2
98,X4,2,2
98,X4,2,2
98,X4,2,2
98,X4,3,2
98,X4,2,2
98,X4,2,2
98,X4,2,2
98,X4,2,2
98,X4,2,2
98,X4,2,2
98,X4,2,2
98,X4,2,2
98,X4,2,2
98,X4,2,2
98,X4,4,2
98,X4,2,2
98,X4,3,2
98,X4,2,2
98,X4,2,2
98,X4,2,2
98,X4,2,2
98,X4,2,2
98,X4,2,2
98,X4,2,2
98,X4,2,2
98,X4,2,2
98,X4,2,2
98,X4,2,2
98,X4,3,3
98,X4,3,3
98,X4,3,3
98,X4,3,3
98,X4,3,3
99,base,2,2
99,base,2,2
99,base,3,2
99,base,2,2
99,base,2,2
99,base,2,2
99,base,2,2
99,base,2,2
99,base,2,2
99,base,2,2
99,base,2,2
99,base,3,3
99,base,3,3
99,R1,2,2
99,R1,2,2
99,R1,3,2
99,R1,2,2
99,R1,2,2
99,R1,2,2
99,R1,2,2
99,R1,2,2
99,R1,2,2
99,R1,2,2
99,R1,2,2
99,R1,3,3
99,R1,3,3
99,R2,3,3
99,R2,3,3
99,X4,2,2
99,X4,2,2
99,X4,3,2
99,X4,2,2
99,X4,2,2
99,X4,2,2
99,X4,2,2
99,X4,2,2
99,X4,2,2
99,X4,2,2
99,X4,2,2
99,X4,3,3
99,X4,3,3
100,base,3,2
100,base,2,2
100,base,2,2
100,base,2,2
100,base,2,2
100,base,3,2
100,base,2,2
100,base,3,3
100,R1,3,2
100,R1,2,2
100,R1,2,2
100,R1,2,2
100,R1,2,2
100,R1,3,2
100,R1,2,2
100,R1,3,3
100,X4,2,2
100,X4,2,2
100,X4,2,2
100,X4,2,2
100,X4,2,2
100,X4,2,2
100,X4,3,2
100,X4,2,2
100,X4,3,3
100,base,2,2
100,base,2,2
100,base,4,2
100,base,5,4
100,R1,2,2
100,R1,2,2
100,R1,4,2
100,R1,5,4
100,R2,5,4
100,X4,2,2
100,X4,2,2
100,X4,2,2
100,X4,5,4
102,base,4,2
102,X4,4,2
103,base,2,2
103,base,2,2
103,base,2,2
103,base,2,2
103,base,2,2
103,R1,2,2
103,R1,2,2
103,R1,2,2
103,R1,2,2
103,R1,2,2
103,X4,2,2
103,X4,2,2
103,X4,2,2
103,X4,2,2
103,X4,2,2
104,base,2,2
104,base,2,2
104,base,3,2
104,base,2,2
104,base,2,2
104,base,2,2
104,base,3,2
104,base,3,2
104,base,2,2
104,base,3,3
104,base,3,3
104,base,5,3
104,base,4,3
104,base,4,3
104,R1,2,2
104,R1,2,2
104,R1,3,2
104,R1,2,2
104,R1,2,2
104,R1,2,2
104,R1,3,2
104,R1,3,2
104,R1,2,2
104,R1,3,3
104,R1,3,3
104,R1,5,3
104,R1,4,3
104,R1,4,3
104,R2,3,3
104,R2,3,3
104,R2,4,3
104,R2,4,3
104,X4,2,2
104,X4,2,2
104,X4,3,2
104,X4,2,2
104,X4,2,2
104,X4,2,2
104,X4,3,2
104,X4,3,2
104,X4,2,2
104,X4,2,2
104,X4,2,2
104,X4,3,3
104,X4,3,3
104,X4,5,3
104,X4,4,3
104,X4,4,3
105,base,4,2
105,base,4,2
105,base,3,2
105,base,4,2
105,base,3,2
105,base,2,2
105,base,2,2
105,base,3,3
105,base,4,3
105,R1,4,2
105,R1,4,2
105,R1,3,2
105,R1,4,2
105,R1,3,2
105,R1,2,2
105,R1,2,2
105,R1,3,3
105,R1,4,3
105,R2,3,3
105,X4,2,2
105,X4,4,2
105,X4,3,2
105,X4,2,2
105,X4,2,2
105,X4,4,3
105,X4,3,3
105,X4,4,3
107,base,4,2
107,base,4,2
107,X4,4,2
107,X4,4,2
109,base,2,2
109,base,2,2
109,base,3,2
109,base,4,2
109,base,2,2
109,base,3,2
109,base,3,2
109,base,3,2
109,base,2,2
109,base,2,2
109,base,3,3
109,base,4,3
109,base,4,3
109,base,3,3
109,base,3,3
109,base,4,4
109,base,4,4
109,R1,4,4
109,R1,3,2
109,R1,2,2
109,R1,2,2
109,R1,3,2
109,R1,4,2
109,R1,2,2
109,R1,3,2
109,R1,3,2
109,R1,3,2
109,R1,2,2
109,R1,2,2
109,R1,4,3
109,R1,3,3
109,R1,3,3
109,R1,4,4
109,R2,3,3
109,R2,3,3
109,R2,4,3
109,R2,4,4
109,X4,2,2
109,X4,2,2
109,X4,3,2
109,X4,4,2
109,X4,2,2
109,X4,3,2
109,X4,3,2
109,X4,3,2
109,X4,2,2
109,X4,2,2
109,X4,3,3
109,X4,4,3
109,X4,3,3
109,X4,4,3
109,X4,3,3
109,X4,3,3
109,X4,4,4
109,X4,4,4
111,base,3,2
111,base,2,2
111,base,2,2
111,base,2,2
111,base,2,2
111,base,2,2
111,base,2,2
111,base,2,2
111,R1,3,2
111,R1,2,2
111,R1,2,2
111,R1,2,2
111,R1,2,2
111,R1,2,2
111,R1,2,2
111,R1,2,2
111,X4,3,2
111,X4,2,2
111,X4,2,2
111,X4,2,2
111,X4,2,2
111,X4,2,2
111,X4,2,2
111,X4,2,2
112,base,4,2
112,X4,4,2
113,base,4,2
113,base,3,2
113,base,2,2
113,base,2,2
113,base,2,2
113,base,2,2
113,base,2,2
113,base,2,2
113,base,2,2
113,base,4,2
113,base,3,3
113,base,3,3
113,base,3,3
113,base,5,4
113,base,5,4
113,R1,2,2
113,R1,2,2
113,R1,2,2
113,R1,3,3
113,R1,5,4
113,R1,5,4
113,R1,2,2
113,R1,2,2
113,R1,3,3
113,R1,3,3
113,R2,3,3
113,R2,4,3
113,R2,3,3
113,R2,3,3
113,R2,5,4
113,X4,4,2
113,X4,3,2
113,X4,2,2
113,X4,2,2
113,X4,2,2
113,X4,2,2
113,X4,2,2
113,X4,2,2
113,X4,2,2
113,X4,2,2
113,X4,2,2
113,X4,2,2
113,X4,4,2
113,X4,3,3
113,X4,3,3
113,X4,3,3
113,X4,5,4
113,X4,5,4
115,base,4,2
115,base,2,2
115,base,2,2
115,base,2,2
115,base,3,2
115,base,3,2
115,base,2,2
115,base,3,2
115,base,2,2
115,base,2,2
115,base,2,2
115,base,2,2
115,base,2,2
115,base,2,2
115,base,2,2
115,base,2,2
115,base,2,2
115,base,2,2
115,base,2,2
115,base,3,2
115,base,3,2
115,base,3,2
115,base,3,2
115,base,3,2
115,base,2,2
115,base,2,2
115,base,2,2
115,base,2,2
115,base,2,2
115,base,2,2
115,base,2,2
115,base,2,2
115,base,2,2
115,base,2,2
115,base,2,2
115,base,2,2
115,base,2,2
115,base,2,2
115,base,3,2
115,base,2,2
115,base,2,2
115,base,2,2
115,base,5,3
115,base,3,3
115,base,3,3
115,base,5,3
115,base,3,3
115,base,3,3
115,base,3,3
115,base,3,3
115,R1,4,2
115,R1,2,2
115,R1,2,2
115,R1,2,2
115,R1,3,2
115,R1,3,2
115,R1,2,2
115,R1,3,2
115,R1,2,2
115,R1,2,2
115,R1,2,2
115,R1,2,2
115,R1,2,2
115,R1,2,2
115,R1,2,2
115,R1,2,2
115,R1,2,2
115,R1,2,2
115,R1,2,2
115,R1,3,2
115,R1,3,2
115,R1,3,2
115,R1,3,2
115,R1,3,2
115,R1,2,2
115,R1,2,2
115,R1,2,2
115,R1,2,2
115,R1,2,2
115,R1,2,2
115,R1,2,2
115,R1,2,2
115,R1,2,2
115,R1,2,2
115,R1,2,2
115,R1,2,2
115,R1,2,2
115,R1,2,2
115,R1,3,2
115,R1,2,2
115,R1,2,2
115,R1,2,2
115,R1,5,3
115,R1,3,3
115,R1,3,3
115,R1,5,3
115,R1,3,3
115,R1,3,3
115,R1,3,3
115,R1,3,3
115,R2,3,3
115,R2,5,3
115,R2,3,3
115,R2,3,3
115,R2,3,3
115,X4,2,2
115,X4,2,2
115,X4,2,2
115,X4,3,2
115,X4,3,2
115,X4,2,2
115,X4,3,2
115,X4,2,2
115,X4,2,2
115,X4,2,2
115,X4,2,2
115,X4,2,2
115,X4,2,2
115,X4,2,2
115,X4,2,2
115,X4,2,2
115,X4,2,2
115,X4,2,2
115,X4,3,2
115,X4,3,2
115,X4,3,2
115,X4,3,2
115,X4,3,2
115,X4,2,2
115,X4,2,2
115,X4,2,2
115,X4,2,2
115,X4,2,2
115,X4,2,2
115,X4,2,2
115,X4,2,2
115,X4,2,2
115,X4,2,2
115,X4,2,2
115,X4,2,2
115,X4,2,2
115,X4,2,2
115,X4,3,2
115,X4,2,2
115,X4,2,2
115,X4,2,2
115,X4,5,3
115,X4,3,3
115,X4,3,3
115,X4,3,3
115,X4,5,3
115,X4,3,3
115,X4,3,3
115,X4,3,3
115,X4,3,3
116,base,3,2
116,base,3,2
116,base,2,2
116,base,2,2
116,base,2,2
116,base,2,2
116,base,2,2
116,base,2,2
116,base,2,2
116,base,2,2
116,base,2,2
116,base,2,2
116,base,2,2
116,base,3,3
116,R1,3,2
116,R1,3,2
116,R1,2,2
116,R1,2,2
116,R1,2,2
116,R1,2,2
116,R1,2,2
116,R1,2,2
116,R1,2,2
116,R1,2,2
116,R1,2,2
116,R1,2,2
116,R1,2,2
116,R1,3,3
116,X4,3,2
116,X4,3,2
116,X4,2,2
116,X4,2,2
116,X4,2,2
116,X4,2,2
116,X4,2,2
116,X4,2,2
116,X4,2,2
116,X4,2,2
116,X4,2,2
116,X4,2,2
116,X4,2,2
116,X4,3,3
117,base,2,2
117,base,2,2
117,base,2,2
117,base,2,2
117,base,2,2
117,R1,2,2
117,R1,2,2
117,R1,2,2
117,R1,2,2
117,R1,2,2
117,X4,2,2
117,X4,2,2
117,X4,2,2
117,X4,2,2
117,X4,2,2
118,base,4,2
118,base,3,2
118,base,2,2
118,base,2,2
118,base,2,2
118,base,2,2
118,base,2,2
118,base,3,2
118,base,2,2
118,base,2,2
118,base,2,2
118,base,2,2
118,base,2,2
118,base,2,2
118,base,2,2
118,base,2,2
118,base,3,3
118,base,3,3
118,base,4,4
118,R1,4,2
118,R1,3,2
118,R1,2,2
118,R1,2,2
118,R1,2,2
118,R1,2,2
118,R1,2,2
118,R1,3,2
118,R1,2,2
118,R1,2,2
118,R1,2,2
118,R1,2,2
118,R1,2,2
118,R1,2,2
118,R1,2,2
118,R1,2,2
118,R1,3,3
118,R1,3,3
118,R1,4,4
118,R2,3,3
118,R2,4,4
118,X4,2,2
118,X4,3,2
118,X4,2,2
118,X4,2,2
118,X4,2,2
118,X4,2,2
118,X4,2,2
118,X4,3,2
118,X4,2,2
118,X4,2,2
118,X4,2,2
118,X4,2,2
118,X4,2,2
118,X4,2,2
118,X4,2,2
118,X4,2,2
118,X4,3,3
118,X4,3,3
118,X4,4,4
119,base,2,2
119,base,2,2
119,base,2,2
119,base,2,2
119,base,2,2
119,base,4,2
119,base,2,2
119,base,2,2
119,base,4,2
119,base,2,2
119,base,2,2
119,base,3,2
119,base,4,2
119,base,4,3
119,R1,2,2
119,R1,2,2
119,R1,2,2
119,R1,2,2
119,R1,2,2
119,R1,4,2
119,R1,2,2
119,R1,2,2
119,R1,4,2
119,R1,2,2
119,R1,2,2
119,R1,3,2
119,R1,4,2
119,R1,4,3
119,R2,4,3
119,X4,2,2
119,X4,2,2
119,X4,2,2
119,X4,2,2
119,X4,2,2
119,X4,4,2
119,X4,2,2
119,X4,2,2
119,X4,2,2
119,X4,2,2
119,X4,3,2
119,X4,4,2
119,X4,4,3
119,X4,3,3
120,base,3,2
120,base,3,3
120,base,4,3
120,R1,3,2
120,R1,3,3
120,R1,4,3
120,R2,3,3
120,R2,4,3
120,X4,2,2
120,X4,3,2
120,X4,3,3
120,X4,4,3
121,base,3,2
121,base,3,3
121,base,4,3
121,base,5,5
121,R1,3,2
121,R1,3,3
121,R1,4,3
121,R1,5,5
121,R2,3,3
121,R2,3,3
121,R2,3,3
121,X4,3,2
121,X4,3,3
121,X4,3,3
121,X4,3,3
121,X4,3,3
121,X4,4,3
121,X4,5,5
125,base,3,2
125,base,3,2
125,base,2,2
125,base,3,2
125,base,2,2
125,base,2,2
125,base,2,2
125,base,2,2
125,base,2,2
125,base,3,3
125,R1,3,2
125,R1,3,2
125,R1,2,2
125,R1,3,2
125,R1,2,2
125,R1,2,2
125,R1,2,2
125,R1,2,2
125,R1,2,2
125,R1,3,3
125,R2,3,3
125,X4,2,2
125,X4,3,2
125,X4,3,2
125,X4,2,2
125,X4,3,2
125,X4,2,2
125,X4,2,2
125,X4,2,2
125,X4,2,2
125,X4,2,2
125,X4,3,3
126,base,2,2
126,base,2,2
126,base,2,2
126,base,2,2
126,base,4,2
126,base,2,2
126,base,2,2
126,base,3,2
126,base,3,2
126,base,2,2
126,base,2,2
126,base,2,2
126,base,2,2
126,base,2,2
126,base,2,2
126,base,2,2
126,base,2,2
126,base,2,2
126,base,3,3
126,base,3,3
126,base,3,3
126,base,8,7
126,R1,2,2
126,R1,2,2
126,R1,2,2
126,R1,2,2
126,R1,4,2
126,R1,2,2
126,R1,2,2
126,R1,3,2
126,R1,3,2
126,R1,2,2
126,R1,2,2
126,R1,2,2
126,R1,2,2
126,R1,2,2
126,R1,2,2
126,R1,2,2
126,R1,2,2
126,R1,2,2
126,R1,3,3
126,R1,3,3
126,R1,3,3
126,R1,8,7
126,R2,3,3
126,R2,3,3
126,R2,5,5
126,R2,6,5
126,X4,2,2
126,X4,2,2
126,X4,2,2
126,X4,2,2
126,X4,2,2
126,X4,3,2
126,X4,2,2
126,X4,2,2
126,X4,3,2
126,X4,3,2
126,X4,2,2
126,X4,2,2
126,X4,2,2
126,X4,2,2
126,X4,2,2
126,X4,2,2
126,X4,2,2
126,X4,2,2
126,X4,2,2
126,X4,2,2
126,X4,3,3
126,X4,3,3
126,X4,3,3
126,X4,8,7
127,base,3,2
127,base,2,2
127,base,4,3
127,base,3,3
127,base,3,3
127,base,3,3
127,base,4,3
127,R1,3,2
127,R1,2,2
127,R1,4,3
127,R1,3,3
127,R1,3,3
127,R1,3,3
127,R1,4,3
127,R2,3,3
127,R2,3,3
127,R2,3,3
127,X4,2,2
127,X4,3,3
127,X4,4,3
127,X4,3,3
127,X4,3,3
127,X4,3,3
127,X4,4,3
128,base,3,2
128,base,2,2
128,base,2,2
128,base,2,2
128,base,4,4
128,R1,3,2
128,R1,2,2
128,R1,2,2
128,R1,2,2
128,R1,4,4
128,X4,3,2
128,X4,2,2
128,X4,3,2
128,X4,2,2
128,X4,2,2
128,X4,2,2
128,X4,4,4
128,base,4,2
128,base,5,3
128,R1,5,3
128,X4,4,2
128,X4,3,2
128,X4,2,2
128,X4,5,3
130,base,2,2
130,base,2,2
130,base,2,2
130,base,2,2
130,base,4,2
130,base,4,2
130,base,2,2
130,base,2,2
130,base,3,2
130,base,2,2
130,base,2,2
130,base,2,2
130,base,2,2
130,base,3,2
130,base,3,2
130,base,2,2
130,base,4,2
130,base,2,2
130,base,2,2
130,base,2,2
130,base,2,2
130,base,2,2
130,base,2,2
130,base,2,2
130,base,2,2
130,base,4,2
130,base,2,2
130,base,2,2
130,base,2,2
130,base,4,3
130,base,4,3
130,base,3,3
130,base,3,3
130,R1,2,2
130,R1,2,2
130,R1,2,2
130,R1,2,2
130,R1,4,2
130,R1,4,2
130,R1,2,2
130,R1,2,2
130,R1,3,2
130,R1,2,2
130,R1,2,2
130,R1,2,2
130,R1,2,2
130,R1,3,2
130,R1,3,2
130,R1,2,2
130,R1,4,2
130,R1,2,2
130,R1,2,2
130,R1,2,2
130,R1,2,2
130,R1,2,2
130,R1,2,2
130,R1,2,2
130,R1,4,2
130,R1,2,2
130,R1,2,2
130,R1,2,2
130,R1,4,3
130,R1,4,3
130,R1,3,3
130,R1,3,3
130,R2,4,3
130,R2,4,3
130,R2,3,3
130,X4,2,2
130,X4,2,2
130,X4,2,2
130,X4,2,2
130,X4,4,2
130,X4,4,2
130,X4,2,2
130,X4,2,2
130,X4,3,2
130,X4,2,2
130,X4,2,2
130,X4,2,2
130,X4,2,2
130,X4,3,2
130,X4,3,2
130,X4,2,2
130,X4,2,2
130,X4,2,2
130,X4,2,2
130,X4,2,2
130,X4,2,2
130,X4,2,2
130,X4,2,2
130,X4,2,2
130,X4,2,2
130,X4,4,2
130,X4,2,2
130,X4,2,2
130,X4,2,2
130,X4,4,3
130,X4,4,3
130,X4,3,3
130,X4,3,3
131,base,3,2
131,base,2,2
131,base,4,2
131,base,3,2
131,R1,3,2
131,R1,2,2
131,R1,4,2
131,R1,3,2
131,X4,3,2
131,X4,2,2
131,X4,2,2
131,X4,3,2
132,base,3,2
132,base,2,2
132,base,4,2
132,base,3,3
132,base,3,3
132,R1,3,2
132,R1,2,2
132,R1,4,2
132,R1,3,3
132,R1,3,3
132,R2,3,3
132,X4,3,2
132,X4,2,2
132,X4,3,3
132,X4,3,3
132,X4,3,3
132,X4,3,3
132,X4,3,3
134,base,2,2
134,base,3,2
134,base,2,2
134,base,2,2
134,base,3,2
134,base,4,2
134,base,4,2
134,base,4,2
134,base,3,3
134,R1,2,2
134,R1,3,2
134,R1,2,2
134,R1,2,2
134,R1,3,2
134,R1,4,2
134,R1,2,2
134,R2,3,3
134,X4,2,2
134,X4,3,2
134,X4,2,2
134,X4,2,2
134,X4,3,2
134,X4,4,2
134,X4,4,2
134,X4,4,2
134,X4,3,3
135,base,3,2
135,base,2,2
135,base,4,2
135,base,2,2
135,base,2,2
135,base,2,2
135,base,3,2
135,base,3,2
135,base,2,2
135,base,4,3
135,base,3,3
135,R1,3,2
135,R1,2,2
135,R1,4,2
135,R1,2,2
135,R1,2,2
135,R1,2,2
135,R1,3,2
135,R1,3,2
135,R1,2,2
135,R1,4,3
135,R1,3,3
135,R2,4,3
135,R2,3,3
135,X4,3,2
135,X4,2,2
135,X4,4,2
135,X4,2,2
135,X4,2,2
135,X4,2,2
135,X4,3,2
135,X4,3,2
135,X4,2,2
135,X4,4,3
135,X4,3,3
136,X4,2,2
137,base,2,2
137,base,3,2
137,base,2,2
137,base,2,2
137,base,2,2
137,base,2,2
137,base,2,2
137,base,2,2
137,base,2,2
137,base,2,2
137,R1,2,2
137,R1,3,2
137,R1,2,2
137,R1,2,2
137,R1,2,2
137,R1,2,2
137,R1,2,2
137,R1,2,2
137,R1,2,2
137,R1,2,2
137,X4,2,2
137,X4,3,2
137,X4,2,2
137,X4,2,2
137,X4,2,2
137,X4,2,2
137,X4,2,2
137,X4,2,2
137,X4,2,2
137,X4,2,2
138,base,3,2
138,base,3,2
138,R1,3,2
138,R1,3,2
138,X4,3,2
138,X4,3,2
139,base,2,2
139,base,3,2
139,base,3,2
139,base,3,3
139,base,3,3
139,base,3,3
139,R1,2,2
139,R1,3,2
139,R1,3,2
139,R1,3,3
139,R1,3,3
139,R1,3,3
139,R2,3,3
139,R2,3,3
139,X4,2,2
139,X4,2,2
139,X4,2,2
139,X4,3,2
139,X4,3,2
139,X4,3,3
139,X4,3,3
139,X4,3,3
140,base,2,2
140,base,2,2
140,base,2,2
140,base,2,2
140,base,3,2
140,base,2,2
140,base,2,2
140,base,4,2
140,base,4,2
140,base,3,2
140,base,2,2
140,base,2,2
140,base,2,2
140,base,2,2
140,base,2,2
140,base,2,2
140,base,2,2
140,base,3,2
140,base,2,2
140,base,2,2
140,base,2,2
140,base,2,2
140,base,2,2
140,base,4,2
140,base,2,2
140,base,3,2
140,base,3,2
140,base,2,2
140,base,2,2
140,base,3,2
140,base,2,2
140,base,2,2
140,base,2,2
140,base,2,2
140,base,2,2
140,base,3,2
140,base,2,2
140,base,2,2
140,base,2,2
140,base,3,2
140,base,3,2
140,base,2,2
140,base,2,2
140,base,2,2
140,base,3,2
140,base,2,2
140,base,2,2
140,base,2,2
140,base,3,3
140,base,4,3
140,base,3,3
140,base,3,3
140,base,4,3
140,base,3,3
140,base,3,3
140,base,3,3
140,base,4,4
140,base,5,4
140,base,5,4
140,base,5,5
140,base,6,5
140,base,6,5
140,R1,2,2
140,R1,2,2
140,R1,2,2
140,R1,2,2
140,R1,3,2
140,R1,2,2
140,R1,2,2
140,R1,4,2
140,R1,4,2
140,R1,3,2
140,R1,2,2
140,R1,2,2
140,R1,2,2
140,R1,2,2
140,R1,2,2
140,R1,2,2
140,R1,2,2
140,R1,3,2
140,R1,2,2
140,R1,3,3
140,R1,4,3
140,R1,3,3
140,R1,4,4
140,R1,5,5
140,R1,6,5
140,R1,2,2
140,R1,2,2
140,R1,2,2
140,R1,2,2
140,R1,4,2
140,R1,2,2
140,R1,3,2
140,R1,3,2
140,R1,2,2
140,R1,2,2
140,R1,3,2
140,R1,2,2
140,R1,2,2
140,R1,2,2
140,R1,2,2
140,R1,2,2
140,R1,3,2
140,R1,2,2
140,R1,2,2
140,R1,2,2
140,R1,3,2
140,R1,3,2
140,R1,2,2
140,R1,2,2
140,R1,2,2
140,R1,3,2
140,R1,2,2
140,R1,2,2
140,R1,2,2
140,R1,3,3
140,R1,4,3
140,R1,3,3
140,R1,3,3
140,R1,3,3
140,R1,5,4
140,R1,5,4
140,R1,6,5
140,R2,3,3
140,R2,3,3
140,R2,3,3
140,R2,4,3
140,R2,3,3
140,R2,3,3
140,R2,3,3
140,R2,4,3
140,R2,3,3
140,R2,4,3
140,R2,3,3
140,R2,3,3
140,R2,3,3
140,R2,3,3
140,R2,4,4
140,R2,5,4
140,R2,5,4
140,X4,2,2
140,X4,2,2
140,X4,2,2
140,X4,2,2
140,X4,3,2
140,X4,2,2
140,X4,2,2
140,X4,4,2
140,X4,4,2
140,X4,3,2
140,X4,2,2
140,X4,2,2
140,X4,2,2
140,X4,2,2
140,X4,2,2
140,X4,2,2
140,X4,2,2
140,X4,3,2
140,X4,2,2
140,X4,2,2
140,X4,2,2
140,X4,2,2
140,X4,2,2
140,X4,4,2
140,X4,2,2
140,X4,3,2
140,X4,3,2
140,X4,2,2
140,X4,2,2
140,X4,3,2
140,X4,2,2
140,X4,2,2
140,X4,2,2
140,X4,2,2
140,X4,2,2
140,X4,3,2
140,X4,2,2
140,X4,2,2
140,X4,2,2
140,X4,3,2
140,X4,3,2
140,X4,2,2
140,X4,2,2
140,X4,2,2
140,X4,3,2
140,X4,2,2
140,X4,2,2
140,X4,2,2
140,X4,3,3
140,X4,4,3
140,X4,3,3
140,X4,3,3
140,X4,4,3
140,X4,3,3
140,X4,3,3
140,X4,3,3
140,X4,4,4
140,X4,5,4
140,X4,5,4
140,X4,5,5
140,X4,6,5
140,X4,6,5
141,base,3,2
141,base,2,2
141,base,5,2
141,R1,5,2
141,X4,3,2
141,X4,2,2
141,X4,3,2
142,base,3,2
142,base,3,2
142,base,2,2
142,base,3,2
142,base,2,2
142,base,2,2
142,base,3,2
142,base,2,2
142,base,2,2
142,base,2,2
142,base,2,2
142,base,4,2
142,R1,3,2
142,R1,3,2
142,R1,2,2
142,R1,3,2
142,R1,2,2
142,R1,2,2
142,R1,3,2
142,R1,2,2
142,R1,2,2
142,R1,2,2
142,R1,2,2
142,R1,4,2
142,X4,3,2
142,X4,2,2
142,X4,2,2
142,X4,3,2
142,X4,2,2
142,X4,3,2
142,X4,2,2
142,X4,2,2
142,X4,3,2
142,X4,2,2
142,X4,2,2
142,X4,2,2
142,X4,2,2
142,X4,2,2
145,base,2,2
145,base,2,2
145,base,2,2
145,base,2,2
145,base,2,2
145,base,2,2
145,base,2,2
145,base,3,2
145,base,2,2
145,base,2,2
145,base,2,2
145,base,2,2
145,base,2,2
145,base,2,2
145,base,3,3
145,base,3,3
145,R1,2,2
145,R1,2,2
145,R1,2,2
145,R1,2,2
145,R1,2,2
145,R1,2,2
145,R1,2,2
145,R1,3,2
145,R1,2,2
145,R1,2,2
145,R1,2,2
145,R1,2,2
145,R1,2,2
145,R1,2,2
145,R1,3,3
145,R1,3,3
145,R2,3,3
145,X4,2,2
145,X4,2,2
145,X4,2,2
145,X4,2,2
145,X4,2,2
145,X4,2,2
145,X4,2,2
145,X4,3,2
145,X4,2,2
145,X4,2,2
145,X4,2,2
145,X4,2,2
145,X4,2,2
145,X4,2,2
145,X4,3,3
145,X4,3,3
146,base,3,2
146,X4,3,2
147,base,2,2
147,base,3,2
147,base,3,2
147,base,4,2
147,base,4,2
147,base,3,2
147,base,2,2
147,base,2,2
147,base,2,2
147,R1,2,2
147,R1,3,2
147,R1,3,2
147,R1,4,2
147,R1,4,2
147,R1,3,2
147,R1,2,2
147,R1,2,2
147,R1,2,2
147,X4,2,2
147,X4,3,2
147,X4,3,2
147,X4,3,2
147,X4,2,2
147,X4,2,2
147,X4,2,2
147,X4,3,3
148,base,3,2
148,base,3,2
148,base,3,2
148,base,2,2
148,base,2,2
148,base,2,2
148,R1,3,2
148,R1,3,2
148,R1,2,2
148,R1,2,2
148,R1,2,2
148,X4,3,2
148,X4,3,2
148,X4,3,2
148,X4,2,2
148,X4,2,2
148,X4,2,2
148,X4,2,2
148,X4,2,2
149,base,2,2
149,base,2,2
149,base,3,2
149,base,3,3
149,base,3,3
149,base,4,3
149,R1,2,2
149,R1,2,2
149,R1,3,2
149,R1,3,3
149,R1,3,3
149,R1,4,3
149,R2,3,3
149,X4,2,2
149,X4,2,2
149,X4,3,2
149,X4,3,3
149,X4,3,3
149,X4,4,3
150,base,2,2
150,base,2,2
150,base,2,2
150,base,3,2
150,base,3,2
150,base,3,2
150,base,2,2
150,base,2,2
150,base,3,2
150,base,2,2
150,base,2,2
150,base,2,2
150,base,2,2
150,base,2,2
150,base,2,2
150,base,2,2
150,base,2,2
150,base,2,2
150,base,5,2
150,base,2,2
150,base,2,2
150,base,3,2
150,base,2,2
150,base,2,2
150,base,2,2
150,base,2,2
150,base,5,2
150,base,2,2
150,base,3,2
150,base,4,2
150,base,2,2
150,base,2,2
150,base,3,2
150,base,2,2
150,base,3,2
150,base,2,2
150,base,2,2
150,base,3,2
150,base,2,2
150,base,2,2
150,base,2,2
150,base,3,2
150,base,2,2
150,base,3,2
150,base,2,2
150,base,2,2
150,base,2,2
150,base,5,2
150,base,2,2
150,base,2,2
150,base,4,2
150,base,3,2
150,base,3,2
150,base,2,2
150,base,2,2
150,base,3,2
150,base,2,2
150,base,4,2
150,base,3,2
150,base,2,2
150,base,2,2
150,base,2,2
150,base,2,2
150,base,2,2
150,base,2,2
150,base,4,2
150,base,2,2
150,base,2,2
150,base,3,2
150,base,2,2
150,base,2,2
150,base,2,2
150,base,2,2
150,base,2,2
150,base,2,2
150,base,3,2
150,base,3,2
150,base,3,2
150,base,2,2
150,base,2,2
150,base,3,2
150,base,4,2
150,base,2,2
150,base,3,3
150,base,3,3
150,base,3,3
150,base,3,3
150,base,3,3
150,base,3,3
150,base,3,3
150,base,3,3
150,base,3,3
150,base,3,3
150,base,3,3
150,base,4,3
150,base,4,3
150,base,3,3
150,base,4,3
150,base,3,3
150,base,3,3
150,base,3,3
150,base,4,3
150,base,3,3
150,base,4,3
150,base,4,3
150,base,4,4
150,R1,2,2
150,R1,2,2
150,R1,2,2
150,R1,3,2
150,R1,3,2
150,R1,3,2
150,R1,2,2
150,R1,2,2
150,R1,3,2
150,R1,2,2
150,R1,2,2
150,R1,2,2
150,R1,2,2
150,R1,2,2
150,R1,2,2
150,R1,2,2
150,R1,2,2
150,R1,2,2
150,R1,5,2
150,R1,2,2
150,R1,2,2
150,R1,3,2
150,R1,2,2
150,R1,2,2
150,R1,2,2
150,R1,2,2
150,R1,5,2
150,R1,2,2
150,R1,3,3
150,R1,3,3
150,R1,3,3
150,R1,3,3
150,R1,2,2
150,R1,2,2
150,R1,3,2
150,R1,2,2
150,R1,3,2
150,R1,2,2
150,R1,2,2
150,R1,3,2
150,R1,2,2
150,R1,2,2
150,R1,2,2
150,R1,3,2
150,R1,2,2
150,R1,3,2
150,R1,2,2
150,R1,2,2
150,R1,2,2
150,R1,5,2
150,R1,2,2
150,R1,2,2
150,R1,4,2
150,R1,3,2
150,R1,3,2
150,R1,2,2
150,R1,2,2
150,R1,3,2
150,R1,2,2
150,R1,4,2
150,R1,3,2
150,R1,2,2
150,R1,2,2
150,R1,2,2
150,R1,2,2
150,R1,2,2
150,R1,2,2
150,R1,4,2
150,R1,2,2
150,R1,2,2
150,R1,3,2
150,R1,2,2
150,R1,2,2
150,R1,2,2
150,R1,2,2
150,R1,2,2
150,R1,2,2
150,R1,3,2
150,R1,3,2
150,R1,3,2
150,R1,2,2
150,R1,2,2
150,R1,3,2
150,R1,4,2
150,R1,2,2
150,R1,3,3
150,R1,3,3
150,R1,3,3
150,R1,3,3
150,R1,3,3
150,R1,3,3
150,R1,3,3
150,R1,4,3
150,R1,4,3
150,R1,3,3
150,R1,4,3
150,R1,3,3
150,R1,3,3
150,R1,3,3
150,R1,4,3
150,R1,3,3
150,R1,4,3
150,R1,4,3
150,R1,4,4
150,R2,3,3
150,R2,3,3
150,R2,3,3
150,R2,3,3
150,R2,3,3
150,R2,3,3
150,R2,3,3
150,R2,3,3
150,R2,3,3
150,R2,3,3
150,R2,4,3
150,R2,3,3
150,R2,3,3
150,R2,3,3
150,R2,4,3
150,R2,3,3
150,X4,2,2
150,X4,2,2
150,X4,3,2
150,X4,2,2
150,X4,2,2
150,X4,2,2
150,X4,3,2
150,X4,3,2
150,X4,3,2
150,X4,2,2
150,X4,2,2
150,X4,3,2
150,X4,2,2
150,X4,2,2
150,X4,2,2
150,X4,2,2
150,X4,2,2
150,X4,2,2
150,X4,2,2
150,X4,2,2
150,X4,2,2
150,X4,5,2
150,X4,2,2
150,X4,2,2
150,X4,3,2
150,X4,2,2
150,X4,2,2
150,X4,2,2
150,X4,2,2
150,X4,5,2
150,X4,2,2
150,X4,3,2
150,X4,4,2
150,X4,2,2
150,X4,2,2
150,X4,3,2
150,X4,2,2
150,X4,3,2
150,X4,2,2
150,X4,2,2
150,X4,2,2
150,X4,3,2
150,X4,2,2
150,X4,2,2
150,X4,2,2
150,X4,3,2
150,X4,2,2
150,X4,3,2
150,X4,2,2
150,X4,2,2
150,X4,2,2
150,X4,2,2
150,X4,2,2
150,X4,2,2
150,X4,2,2
150,X4,2,2
150,X4,4,2
150,X4,3,2
150,X4,3,2
150,X4,2,2
150,X4,2,2
150,X4,2,2
150,X4,2,2
150,X4,4,2
150,X4,3,2
150,X4,2,2
150,X4,2,2
150,X4,2,2
150,X4,2,2
150,X4,2,2
150,X4,2,2
150,X4,4,2
150,X4,2,2
150,X4,2,2
150,X4,3,2
150,X4,2,2
150,X4,2,2
150,X4,2,2
150,X4,2,2
150,X4,2,2
150,X4,2,2
150,X4,3,2
150,X4,3,2
150,X4,3,2
150,X4,2,2
150,X4,2,2
150,X4,3,2
150,X4,4,2
150,X4,2,2
150,X4,3,3
150,X4,3,3
150,X4,3,3
150,X4,3,3
150,X4,3,3
150,X4,3,3
150,X4,3,3
150,X4,3,3
150,X4,3,3
150,X4,3,3
150,X4,3,3
150,X4,3,3
150,X4,4,3
150,X4,4,3
150,X4,3,3
150,X4,4,3
150,X4,3,3
150,X4,3,3
150,X4,3,3
150,X4,4,3
150,X4,3,3
150,X4,4,3
150,X4,4,3
150,X4,4,4
151,base,3,2
151,base,5,2
151,base,3,2
151,base,4,3
151,base,3,3
151,R1,5,2
151,R1,4,3
151,R1,3,3
151,R2,3,3
151,X4,3,2
151,X4,5,2
151,X4,3,2
151,X4,4,3
151,X4,4,3
151,X4,3,3
152,base,4,2
152,X4,4,2
154,base,4,2
154,base,3,3
154,base,3,3
154,R1,3,3
154,R1,3,3
154,R2,3,3
154,R2,3,3
154,X4,4,2
154,X4,3,3
154,X4,3,3
155,base,2,2
155,base,2,2
155,base,2,2
155,base,2,2
155,base,2,2
155,base,2,2
155,base,2,2
155,base,4,2
155,base,4,2
155,base,2,2
155,base,2,2
155,base,2,2
155,base,3,3
155,base,3,3
155,base,3,3
155,base,4,4
155,base,5,4
155,R1,2,2
155,R1,2,2
155,R1,2,2
155,R1,2,2
155,R1,2,2
155,R1,2,2
155,R1,2,2
155,R1,4,2
155,R1,4,2
155,R1,2,2
155,R1,2,2
155,R1,2,2
155,R1,3,3
155,R1,3,3
155,R1,3,3
155,R1,4,4
155,R1,5,4
155,R2,3,3
155,R2,3,3
155,R2,3,3
155,R2,3,3
155,R2,5,4
155,X4,2,2
155,X4,2,2
155,X4,2,2
155,X4,2,2
155,X4,2,2
155,X4,2,2
155,X4,2,2
155,X4,4,2
155,X4,2,2
155,X4,2,2
155,X4,2,2
155,X4,2,2
155,X4,2,2
155,X4,3,3
155,X4,3,3
155,X4,3,3
155,X4,4,4
155,X4,5,4
156,base,3,2
156,base,2,2
156,base,3,2
156,base,3,2
156,base,2,2
156,base,3,2
156,base,2,2
156,base,3,2
156,base,3,2
156,base,3,2
156,base,2,2
156,base,3,3
156,base,3,3
156,base,3,3
156,base,4,4
156,R1,2,2
156,R1,3,2
156,R1,3,2
156,R1,2,2
156,R1,3,2
156,R1,2,2
156,R1,3,2
156,R1,3,2
156,R1,3,2
156,R1,2,2
156,R1,3,3
156,R1,3,3
156,R1,3,3
156,R1,4,4
156,R2,3,3
156,R2,3,3
156,R2,3,3
156,R2,3,3
156,X4,3,2
156,X4,2,2
156,X4,3,2
156,X4,3,2
156,X4,2,2
156,X4,3,2
156,X4,2,2
156,X4,3,2
156,X4,3,2
156,X4,3,2
156,X4,2,2
156,X4,3,3
156,X4,3,3
156,X4,3,3
156,X4,4,4
159,base,2,2
159,base,2,2
159,base,2,2
159,base,2,2
159,base,2,2
159,base,2,2
159,base,2,2
159,base,2,2
159,base,2,2
159,base,2,2
159,base,4,2
159,base,3,2
159,base,3,2
159,base,2,2
159,base,2,2
159,base,4,2
159,base,4,2
159,base,2,2
159,base,2,2
159,base,2,2
159,base,2,2
159,base,3,2
159,base,2,2
159,base,2,2
159,base,4,2
159,base,4,2
159,base,3,2
159,base,2,2
159,base,2,2
159,base,2,2
159,base,2,2
159,base,3,2
159,base,2,2
159,base,3,2
159,base,3,2
159,base,5,2
159,base,3,2
159,base,2,2
159,base,2,2
159,base,3,3
159,base,4,3
159,base,3,3
159,base,3,3
159,base,3,3
159,base,3,3
159,base,3,3
159,base,3,3
159,base,3,3
159,base,3,3
159,base,3,3
159,base,3,3
159,base,4,4
159,base,5,5
159,R1,2,2
159,R1,4,4
159,R1,5,5
159,R1,2,2
159,R1,2,2
159,R1,2,2
159,R1,2,2
159,R1,2,2
159,R1,2,2
159,R1,2,2
159,R1,2,2
159,R1,2,2
159,R1,4,2
159,R1,3,2
159,R1,3,2
159,R1,2,2
159,R1,2,2
159,R1,4,2
159,R1,4,2
159,R1,2,2
159,R1,2,2
159,R1,2,2
159,R1,2,2
159,R1,3,2
159,R1,2,2
159,R1,2,2
159,R1,4,2
159,R1,4,2
159,R1,3,2
159,R1,2,2
159,R1,2,2
159,R1,2,2
159,R1,2,2
159,R1,3,2
159,R1,2,2
159,R1,3,2
159,R1,3,2
159,R1,5,2
159,R1,3,2
159,R1,2,2
159,R1,2,2
159,R1,3,3
159,R1,4,3
159,R1,3,3
159,R1,3,3
159,R1,3,3
159,R1,3,3
159,R1,3,3
159,R1,3,3
159,R1,3,3
159,R1,3,3
159,R1,3,3
159,R1,3,3
159,R2,3,3
159,R2,3,3
159,R2,4,3
159,R2,3,3
159,R2,3,3
159,R2,3,3
159,R2,3,3
159,R2,3,3
159,R2,3,3
159,R2,3,3
159,R2,3,3
159,X4,2,2
159,X4,2,2
159,X4,2,2
159,X4,2,2
159,X4,2,2
159,X4,2,2
159,X4,2,2
159,X4,2,2
159,X4,2,2
159,X4,2,2
159,X4,4,2
159,X4,3,2
159,X4,3,2
159,X4,2,2
159,X4,2,2
159,X4,3,2
159,X4,2,2
159,X4,4,2
159,X4,4,2
159,X4,2,2
159,X4,2,2
159,X4,2,2
159,X4,2,2
159,X4,2,2
159,X4,2,2
159,X4,3,2
159,X4,2,2
159,X4,2,2
159,X4,4,2
159,X4,4,2
159,X4,3,2
159,X4,2,2
159,X4,2,2
159,X4,2,2
159,X4,2,2
159,X4,3,2
159,X4,2,2
159,X4,3,2
159,X4,3,2
159,X4,3,2
159,X4,3,2
159,X4,2,2
159,X4,2,2
159,X4,3,3
159,X4,3,3
159,X4,4,3
159,X4,3,3
159,X4,3,3
159,X4,3,3
159,X4,3,3
159,X4,3,3
159,X4,3,3
159,X4,3,3
159,X4,3,3
159,X4,3,3
159,X4,3,3
159,X4,4,4
159,X4,5,5
160,base,2,2
160,X4,2,2
161,base,3,2
161,X4,3,2
162,base,2,2
162,base,2,2
162,base,2,2
162,base,2,2
162,R1,2,2
162,R1,2,2
162,R1,2,2
162,R1,2,2
162,X4,2,2
162,X4,2,2
162,X4,2,2
162,X4,2,2
163,base,2,2
163,base,4,2
163,R1,2,2
163,X4,2,2
163,X4,4,2
164,base,2,2
164,base,3,3
164,R1,2,2
164,R1,3,3
164,X4,2,2
164,X4,3,3
165,base,3,2
165,base,3,2
165,base,4,2
165,base,3,3
165,R1,3,2
165,R1,3,2
165,R1,4,2
165,R1,3,3
165,R2,3,3
165,X4,3,2
165,X4,3,2
165,X4,2,2
165,X4,3,3
166,base,2,2
166,base,2,2
166,base,2,2
166,base,4,2
166,base,4,2
166,base,2,2
166,base,3,2
166,base,3,2
166,base,3,2
166,base,3,3
166,base,3,3
166,base,3,3
166,R1,2,2
166,R1,2,2
166,R1,2,2
166,R1,4,2
166,R1,4,2
166,R1,2,2
166,R1,3,2
166,R1,3,2
166,R1,3,3
166,R1,3,3
166,R1,3,3
166,R2,3,3
166,R2,3,3
166,R2,3,3
166,X4,2,2
166,X4,2,2
166,X4,2,2
166,X4,2,2
166,X4,2,2
166,X4,2,2
166,X4,3,2
166,X4,3,2
166,X4,3,2
166,X4,2,2
166,X4,3,3
166,X4,3,3
166,X4,3,3
167,base,2,2
167,base,4,2
167,base,4,2
167,base,4,2
167,base,4,2
167,base,2,2
167,base,2,2
167,base,2,2
167,base,3,3
167,base,5,4
167,R1,2,2
167,R1,4,2
167,R1,2,2
167,R1,2,2
167,R1,2,2
167,R1,3,3
167,R1,5,4
167,R2,5,4
167,X4,2,2
167,X4,2,2
167,X4,3,2
167,X4,4,2
167,X4,4,2
167,X4,4,2
167,X4,2,2
167,X4,2,2
167,X4,2,2
167,X4,3,3
167,X4,5,4
168,base,2,2
168,base,2,2
168,base,2,2
168,base,2,2
168,base,2,2
168,base,2,2
168,base,2,2
168,base,4,2
168,base,4,2
168,base,2,2
168,base,2,2
168,base,2,2
168,base,2,2
168,base,2,2
168,base,3,2
168,base,2,2
168,base,3,3
168,base,3,3
168,base,5,4
168,R1,2,2
168,R1,2,2
168,R1,2,2
168,R1,2,2
168,R1,2,2
168,R1,2,2
168,R1,2,2
168,R1,4,2
168,R1,4,2
168,R1,2,2
168,R1,2,2
168,R1,2,2
168,R1,2,2
168,R1,2,2
168,R1,3,2
168,R1,2,2
168,R1,3,3
168,R1,3,3
168,R1,5,4
168,R2,3,3
168,R2,3,3
168,X4,2,2
168,X4,2,2
168,X4,2,2
168,X4,2,2
168,X4,2,2
168,X4,2,2
168,X4,2,2
168,X4,2,2
168,X4,2,2
168,X4,2,2
168,X4,2,2
168,X4,2,2
168,X4,2,2
168,X4,2,2
168,X4,2,2
168,X4,2,2
168,X4,3,2
168,X4,2,2
168,X4,3,3
168,X4,3,3
168,X4,3,3
168,X4,5,4
171,base,4,2
171,base,2,2
171,base,3,2
171,base,4,2
171,base,2,2
171,base,2,2
171,R1,4,2
171,R1,2,2
171,R1,2,2
171,X4,2,2
171,X4,2,2
171,X4,3,2
171,X4,4,2
171,X4,2,2
171,X4,2,2
171,X4,2,2
171,X4,2,2
172,base,3,2
172,base,2,2
172,base,2,2
172,base,3,2
172,base,2,2
172,base,3,2
172,base,3,2
172,base,3,3
172,base,8,7
172,R1,2,2
172,R1,2,2
172,R1,3,2
172,R1,2,2
172,R1,3,2
172,R1,3,2
172,R1,3,3
172,R1,8,7
172,R2,3,3
172,R2,5,5
172,R2,6,5
172,X4,3,2
172,X4,2,2
172,X4,2,2
172,X4,3,2
172,X4,2,2
172,X4,2,2
172,X4,3,2
172,X4,3,2
172,X4,3,3
172,X4,8,7
173,base,4,2
173,X4,4,2
176,base,2,2
176,base,3,2
176,base,2,2
176,base,2,2
176,base,4,2
176,base,2,2
176,base,2,2
176,base,2,2
176,base,3,2
176,base,2,2
176,base,2,2
176,base,2,2
176,base,3,2
176,base,2,2
176,base,3,2
176,R1,2,2
176,R1,3,2
176,R1,2,2
176,R1,2,2
176,R1,4,2
176,R1,2,2
176,R1,2,2
176,R1,2,2
176,R1,3,2
176,R1,2,2
176,R1,2,2
176,R1,2,2
176,R1,3,2
176,R1,2,2
176,R1,3,2
176,X4,2,2
176,X4,2,2
176,X4,3,2
176,X4,2,2
176,X4,2,2
176,X4,2,2
176,X4,2,2
176,X4,2,2
176,X4,2,2
176,X4,2,2
176,X4,3,2
176,X4,2,2
176,X4,2,2
176,X4,2,2
176,X4,3,2
176,X4,2,2
176,X4,3,2
178,base,2,2
178,base,5,2
178,base,2,2
178,base,2,2
178,base,2,2
178,base,2,2
178,base,2,2
178,base,2,2
178,base,2,2
178,base,2,2
178,base,2,2
178,base,2,2
178,base,2,2
178,base,2,2
178,base,3,3
178,base,3,3
178,base,3,3
178,base,3,3
178,base,4,4
178,base,4,4
178,R1,2,2
178,R1,5,2
178,R1,2,2
178,R1,2,2
178,R1,2,2
178,R1,2,2
178,R1,2,2
178,R1,2,2
178,R1,2,2
178,R1,2,2
178,R1,2,2
178,R1,2,2
178,R1,2,2
178,R1,2,2
178,R1,3,3
178,R1,3,3
178,R1,3,3
178,R1,3,3
178,R1,4,4
178,R1,4,4
178,R2,3,3
178,R2,4,4
178,R2,4,4
178,X4,2,2
178,X4,2,2
178,X4,2,2
178,X4,2,2
178,X4,2,2
178,X4,2,2
178,X4,2,2
178,X4,2,2
178,X4,2,2
178,X4,2,2
178,X4,2,2
178,X4,2,2
178,X4,2,2
178,X4,2,2
178,X4,2,2
178,X4,3,3
178,X4,3,3
178,X4,3,3
178,X4,3,3
178,X4,4,4
178,X4,4,4
179,base,2,2
179,base,4,2
179,base,4,2
179,base,2,2
179,base,2,2
179,base,2,2
179,base,2,2
179,base,2,2
179,base,2,2
179,base,2,2
179,base,4,2
179,base,2,2
179,base,2,2
179,base,3,2
179,base,3,3
179,base,4,4
179,R1,2,2
179,R1,4,2
179,R1,4,2
179,R1,2,2
179,R1,2,2
179,R1,2,2
179,R1,2,2
179,R1,2,2
179,R1,2,2
179,R1,2,2
179,R1,4,2
179,R1,2,2
179,R1,2,2
179,R1,3,2
179,R1,3,3
179,R1,4,4
179,R2,3,3
179,X4,2,2
179,X4,2,2
179,X4,2,2
179,X4,2,2
179,X4,2,2
179,X4,2,2
179,X4,2,2
179,X4,4,2
179,X4,2,2
179,X4,2,2
179,X4,2,2
179,X4,3,2
179,X4,3,3
179,X4,4,4
179,X4,4,4
180,base,2,2
180,base,2,2
180,base,2,2
180,base,2,2
180,base,2,2
180,base,3,3
180,base,5,3
180,base,3,3
180,R1,2,2
180,R1,2,2
180,R1,2,2
180,R1,2,2
180,R1,2,2
180,R1,3,3
180,R1,5,3
180,R1,3,3
180,X4,2,2
180,X4,2,2
180,X4,2,2
180,X4,2,2
180,X4,2,2
180,X4,2,2
180,X4,3,3
180,X4,3,3
180,X4,4,4
181,base,2,2
181,base,3,2
181,base,3,2
181,base,2,2
181,R1,2,2
181,R1,3,2
181,R1,3,2
181,R1,2,2
181,X4,3,2
181,X4,3,2
181,X4,2,2
181,X4,3,3
182,base,2,2
182,base,2,2
182,base,2,2
182,base,2,2
182,base,3,2
182,base,3,2
182,base,2,2
182,base,2,2
182,base,2,2
182,base,2,2
182,base,2,2
182,base,2,2
182,base,2,2
182,base,2,2
182,base,2,2
182,base,3,2
182,base,2,2
182,base,4,2
182,base,2,2
182,base,2,2
182,base,2,2
182,base,3,2
182,base,3,2
182,base,3,2
182,base,2,2
182,base,2,2
182,base,2,2
182,base,3,2
182,base,4,2
182,base,2,2
182,base,3,2
182,base,4,2
182,base,5,2
182,base,4,2
182,base,2,2
182,base,2,2
182,base,2,2
182,base,2,2
182,base,3,2
182,base,2,2
182,base,2,2
182,base,3,3
182,base,3,3
182,base,3,3
182,base,3,3
182,base,3,3
182,base,5,3
182,base,3,3
182,R1,2,2
182,R1,2,2
182,R1,2,2
182,R1,2,2
182,R1,3,2
182,R1,3,2
182,R1,2,2
182,R1,2,2
182,R1,2,2
182,R1,2,2
182,R1,2,2
182,R1,2,2
182,R1,2,2
182,R1,2,2
182,R1,2,2
182,R1,3,2
182,R1,2,2
182,R1,4,2
182,R1,2,2
182,R1,2,2
182,R1,2,2
182,R1,3,2
182,R1,3,2
182,R1,3,2
182,R1,2,2
182,R1,2,2
182,R1,2,2
182,R1,3,2
182,R1,4,2
182,R1,2,2
182,R1,3,2
182,R1,4,2
182,R1,5,2
182,R1,4,2
182,R1,2,2
182,R1,2,2
182,R1,2,2
182,R1,2,2
182,R1,3,2
182,R1,2,2
182,R1,2,2
182,R1,3,3
182,R1,3,3
182,R1,3,3
182,R1,3,3
182,R1,3,3
182,R1,5,3
182,R1,3,3
182,R2,3,3
182,R2,3,3
182,R2,3,3
182,R2,3,3
182,R2,3,3
182,R2,5,3
182,R2,3,3
182,X4,2,2
182,X4,2,2
182,X4,2,2
182,X4,2,2
182,X4,3,2
182,X4,3,2
182,X4,2,2
182,X4,2,2
182,X4,2,2
182,X4,2,2
182,X4,2,2
182,X4,2,2
182,X4,2,2
182,X4,2,2
182,X4,2,2
182,X4,3,2
182,X4,2,2
182,X4,4,2
182,X4,2,2
182,X4,2,2
182,X4,2,2
182,X4,3,2
182,X4,3,2
182,X4,3,2
182,X4,2,2
182,X4,2,2
182,X4,2,2
182,X4,3,2
182,X4,4,2
182,X4,2,2
182,X4,3,2
182,X4,2,2
182,X4,2,2
182,X4,2,2
182,X4,2,2
182,X4,2,2
182,X4,3,2
182,X4,2,2
182,X4,2,2
182,X4,3,3
182,X4,3,3
182,X4,3,3
182,X4,3,3
182,X4,3,3
182,X4,5,3
182,X4,4,3
182,X4,3,3
182,X4,3,3
183,base,2,2
183,base,2,2
183,base,3,3
183,base,4,3
183,base,3,3
183,base,3,3
183,base,3,3
183,base,4,3
183,R1,2,2
183,R1,2,2
183,R1,3,3
183,R1,4,3
183,R1,3,3
183,R1,3,3
183,R1,3,3
183,R1,4,3
183,R2,3,3
183,R2,3,3
183,R2,3,3
183,X4,2,2
183,X4,2,2
183,X4,3,3
183,X4,4,3
183,X4,4,3
183,X4,3,3
183,X4,3,3
183,X4,3,3
183,X4,4,3
184,base,3,2
184,base,2,2
184,base,3,2
184,base,2,2
184,base,2,2
184,base,3,2
184,base,2,2
184,base,3,2
184,base,3,2
184,base,2,2
184,base,2,2
184,base,2,2
184,base,2,2
184,base,2,2
184,base,2,2
184,base,2,2
184,base,4,2
184,base,3,2
184,base,4,3
184,base,3,3
184,base,3,3
184,base,3,3
184,base,3,3
184,base,3,3
184,base,3,3
184,base,3,3
184,base,3,3
184,base,3,3
184,base,6,4
184,R1,3,2
184,R1,2,2
184,R1,3,2
184,R1,2,2
184,R1,2,2
184,R1,3,2
184,R1,2,2
184,R1,3,2
184,R1,3,2
184,R1,2,2
184,R1,2,2
184,R1,2,2
184,R1,2,2
184,R1,2,2
184,R1,2,2
184,R1,2,2
184,R1,4,2
184,R1,3,2
184,R1,4,3
184,R1,3,3
184,R1,3,3
184,R1,3,3
184,R1,3,3
184,R1,3,3
184,R1,3,3
184,R1,3,3
184,R1,3,3
184,R1,3,3
184,R1,6,4
184,R2,4,3
184,R2,3,3
184,R2,3,3
184,R2,3,3
184,R2,3,3
184,R2,3,3
184,R2,3,3
184,X4,2,2
184,X4,2,2
184,X4,3,2
184,X4,2,2
184,X4,2,2
184,X4,3,2
184,X4,2,2
184,X4,3,2
184,X4,3,2
184,X4,2,2
184,X4,2,2
184,X4,2,2
184,X4,2,2
184,X4,2,2
184,X4,2,2
184,X4,2,2
184,X4,4,2
184,X4,3,2
184,X4,4,3
184,X4,3,3
184,X4,3,3
184,X4,3,3
184,X4,3,3
184,X4,3,3
184,X4,3,3
184,X4,3,3
184,X4,3,3
184,X4,3,3
184,X4,6,4
186,base,4,2
186,X4,4,2
187,base,2,2
187,base,2,2
187,base,2,2
187,base,2,2
187,base,2,2
187,base,2,2
187,base,2,2
187,base,2,2
187,base,2,2
187,base,2,2
187,base,2,2
187,base,4,2
187,base,2,2
187,base,3,2
187,base,2,2
187,base,2,2
187,base,2,2
187,base,2,2
187,base,3,3
187,R1,2,2
187,R1,2,2
187,R1,2,2
187,R1,2,2
187,R1,2,2
187,R1,2,2
187,R1,2,2
187,R1,2,2
187,R1,2,2
187,R1,2,2
187,R1,2,2
187,R1,4,2
187,R1,2,2
187,R1,3,2
187,R1,2,2
187,R1,2,2
187,R1,2,2
187,R1,2,2
187,R1,3,3
187,R2,3,3
187,X4,2,2
187,X4,2,2
187,X4,2,2
187,X4,2,2
187,X4,2,2
187,X4,2,2
187,X4,2,2
187,X4,2,2
187,X4,2,2
187,X4,2,2
187,X4,2,2
187,X4,2,2
187,X4,2,2
187,X4,2,2
187,X4,3,2
187,X4,2,2
187,X4,2,2
187,X4,2,2
187,X4,2,2
187,X4,3,3
188,base,2,2
188,base,3,2
188,base,3,2
188,base,4,2
188,base,4,2
188,base,3,3
188,base,4,3
188,base,6,5
188,R1,2,2
188,R1,3,2
188,R1,3,2
188,R1,4,2
188,R1,4,2
188,R1,3,3
188,R1,4,3
188,R1,6,5
188,R2,3,3
188,R2,5,4
188,X4,2,2
188,X4,3,2
188,X4,3,2
188,X4,2,2
188,X4,2,2
188,X4,3,3
188,X4,4,3
188,X4,6,5
199,base,2,2
199,base,5,2
199,base,2,2
199,base,2,2
199,base,2,2
199,base,2,2
199,base,2,2
199,base,2,2
199,base,2,2
199,base,2,2
199,base,3,2
199,base,2,2
199,base,2,2
199,base,2,2
199,base,2,2
199,base,2,2
199,base,2,2
199,base,2,2
199,base,2,2
199,base,2,2
199,base,4,2
199,base,3,2
199,base,3,2
199,base,3,2
199,base,2,2
199,base,3,2
199,base,2,2
199,base,2,2
199,base,3,2
199,base,3,2
199,base,2,2
199,base,2,2
199,base,5,2
199,base,4,3
199,base,3,3
199,base,4,3
199,base,4,4
199,R1,2,2
199,R1,5,2
199,R1,2,2
199,R1,2,2
199,R1,2,2
199,R1,2,2
199,R1,2,2
199,R1,2,2
199,R1,2,2
199,R1,2,2
199,R1,3,2
199,R1,2,2
199,R1,2,2
199,R1,2,2
199,R1,2,2
199,R1,2,2
199,R1,2,2
199,R1,2,2
199,R1,2,2
199,R1,2,2
199,R1,4,2
199,R1,3,2
199,R1,3,2
199,R1,3,2
199,R1,2,2
199,R1,3,2
199,R1,2,2
199,R1,2,2
199,R1,3,2
199,R1,3,2
199,R1,2,2
199,R1,2,2
199,R1,5,2
199,R1,4,3
199,R1,3,3
199,R1,4,3
199,R1,4,4
199,R2,4,3
199,R2,3,3
199,R2,4,4
199,X4,2,2
199,X4,2,2
199,X4,2,2
199,X4,2,2
199,X4,2,2
199,X4,2,2
199,X4,2,2
199,X4,2,2
199,X4,2,2
199,X4,2,2
199,X4,3,2
199,X4,2,2
199,X4,2,2
199,X4,2,2
199,X4,2,2
199,X4,2,2
199,X4,2,2
199,X4,2,2
199,X4,2,2
199,X4,2,2
199,X4,4,2
199,X4,3,2
199,X4,3,2
199,X4,3,2
199,X4,2,2
199,X4,3,2
199,X4,2,2
199,X4,2,2
199,X4,3,2
199,X4,3,2
199,X4,2,2
199,X4,2,2
199,X4,5,2
199,X4,3,3
199,X4,4,3
199,X4,3,3
199,X4,4,3
199,X4,4,4
200,base,2,2
200,R1,2,2
200,X4,2,2
203,base,2,2
203,base,2,2
203,base,2,2
203,base,2,2
203,base,4,2
203,base,2,2
203,base,3,2
203,base,2,2
203,base,2,2
203,base,3,2
203,base,2,2
203,base,2,2
203,base,2,2
203,base,2,2
203,base,2,2
203,base,2,2
203,base,2,2
203,base,2,2
203,base,2,2
203,base,2,2
203,base,2,2
203,base,4,3
203,base,4,3
203,base,3,3
203,base,3,3
203,base,4,3
203,base,3,3
203,base,3,3
203,base,3,3
203,base,3,3
203,base,4,4
203,R1,2,2
203,R1,2,2
203,R1,2,2
203,R1,2,2
203,R1,4,2
203,R1,2,2
203,R1,3,2
203,R1,2,2
203,R1,2,2
203,R1,3,2
203,R1,2,2
203,R1,2,2
203,R1,2,2
203,R1,2,2
203,R1,2,2
203,R1,2,2
203,R1,2,2
203,R1,2,2
203,R1,2,2
203,R1,2,2
203,R1,2,2
203,R1,4,3
203,R1,4,3
203,R1,3,3
203,R1,3,3
203,R1,4,3
203,R1,3,3
203,R1,3,3
203,R1,3,3
203,R1,3,3
203,R1,4,4
203,R2,3,3
203,R2,4,4
203,X4,2,2
203,X4,2,2
203,X4,2,2
203,X4,2,2
203,X4,4,2
203,X4,2,2
203,X4,3,2
203,X4,2,2
203,X4,2,2
203,X4,3,2
203,X4,2,2
203,X4,2,2
203,X4,2,2
203,X4,2,2
203,X4,2,2
203,X4,2,2
203,X4,2,2
203,X4,2,2
203,X4,2,2
203,X4,2,2
203,X4,2,2
203,X4,3,3
203,X4,4,3
203,X4,4,3
203,X4,3,3
203,X4,3,3
203,X4,4,3
203,X4,3,3
203,X4,3,3
203,X4,3,3
203,X4,3,3
203,X4,4,4
204,base,2,2
204,base,3,2
204,base,4,3
204,R1,2,2
204,R1,3,2
204,R1,4,3
204,R2,4,3
204,X4,2,2
204,X4,3,2
204,X4,4,3
205,base,3,2
205,X4,3,2
206,base,2,2
206,base,2,2
206,R1,2,2
206,R1,2,2
206,X4,2,2
206,X4,2,2
208,base,2,2
208,base,3,2
208,base,3,2
208,base,2,2
208,base,5,3
208,R1,2,2
208,R1,3,2
208,R1,3,2
208,R1,2,2
208,R1,5,3
208,X4,2,2
208,X4,3,2
208,X4,3,2
208,X4,2,2
208,X4,5,3
209,base,2,2
209,base,2,2
209,base,4,2
209,base,4,3
209,R1,2,2
209,R1,2,2
209,R1,4,2
209,R1,4,3
209,R2,4,3
209,X4,2,2
209,X4,2,2
209,X4,4,2
209,X4,4,3
210,base,2,2
210,base,2,2
210,base,3,2
210,base,2,2
210,base,2,2
210,base,2,2
210,base,3,2
210,base,3,2
210,base,3,2
210,base,4,4
210,R1,2,2
210,R1,2,2
210,R1,3,2
210,R1,2,2
210,R1,2,2
210,R1,2,2
210,R1,3,2
210,R1,3,2
210,R1,3,2
210,R1,4,4
210,R2,3,3
210,X4,2,2
210,X4,2,2
210,X4,3,2
210,X4,2,2
210,X4,2,2
210,X4,2,2
210,X4,3,2
210,X4,3,2
210,X4,3,2
210,X4,4,4
211,base,2,2
211,base,2,2
211,base,3,2
211,base,3,2
211,base,2,2
211,base,2,2
211,base,5,2
211,base,2,2
211,base,2,2
211,base,2,2
211,base,2,2
211,base,2,2
211,R1,2,2
211,R1,2,2
211,R1,3,2
211,R1,3,2
211,R1,2,2
211,R1,2,2
211,R1,5,2
211,R1,2,2
211,R1,2,2
211,R1,2,2
211,R1,2,2
211,R1,2,2
211,X4,2,2
211,X4,2,2
211,X4,3,2
211,X4,3,2
211,X4,2,2
211,X4,2,2
211,X4,2,2
211,X4,2,2
211,X4,2,2
211,X4,2,2
211,X4,2,2
211,X4,2,2
211,X4,3,3
212,base,3,2
212,base,4,2
212,base,4,2
212,base,2,2
212,base,3,2
212,base,2,2
212,base,2,2
212,base,2,2
212,base,2,2
212,base,2,2
212,base,2,2
212,base,2,2
212,base,4,2
212,base,2,2
212,base,2,2
212,base,2,2
212,base,3,2
212,base,2,2
212,base,2,2
212,base,2,2
212,base,2,2
212,base,2,2
212,base,2,2
212,base,2,2
212,base,2,2
212,base,2,2
212,base,2,2
212,base,2,2
212,base,2,2
212,base,2,2
212,base,2,2
212,base,2,2
212,base,2,2
212,base,2,2
212,base,2,2
212,base,2,2
212,base,5,2
212,base,2,2
212,base,2,2
212,base,2,2
212,base,2,2
212,base,3,2
212,base,2,2
212,base,2,2
212,base,2,2
212,base,2,2
212,base,2,2
212,base,3,2
212,base,3,2
212,base,2,2
212,base,2,2
212,base,2,2
212,base,2,2
212,base,2,2
212,base,3,2
212,base,3,2
212,base,2,2
212,base,2,2
212,base,2,2
212,base,3,2
212,base,2,2
212,base,2,2
212,base,3,2
212,base,2,2
212,base,3,3
212,base,3,3
212,base,3,3
212,base,5,4
212,base,5,4
212,base,5,5
212,base,6,6
212,R1,3,2
212,R1,4,2
212,R1,4,2
212,R1,2,2
212,R1,3,2
212,R1,2,2
212,R1,2,2
212,R1,2,2
212,R1,2,2
212,R1,2,2
212,R1,2,2
212,R1,2,2
212,R1,4,2
212,R1,2,2
212,R1,2,2
212,R1,2,2
212,R1,3,2
212,R1,2,2
212,R1,2,2
212,R1,2,2
212,R1,2,2
212,R1,2,2
212,R1,2,2
212,R1,2,2
212,R1,2,2
212,R1,2,2
212,R1,2,2
212,R1,2,2
212,R1,2,2
212,R1,2,2
212,R1,2,2
212,R1,2,2
212,R1,2,2
212,R1,2,2
212,R1,2,2
212,R1,2,2
212,R1,5,2
212,R1,2,2
212,R1,2,2
212,R1,2,2
212,R1,2,2
212,R1,3,2
212,R1,2,2
212,R1,2,2
212,R1,2,2
212,R1,2,2
212,R1,2,2
212,R1,3,2
212,R1,3,2
212,R1,2,2
212,R1,2,2
212,R1,2,2
212,R1,2,2
212,R1,2,2
212,R1,3,2
212,R1,3,2
212,R1,2,2
212,R1,2,2
212,R1,2,2
212,R1,3,2
212,R1,2,2
212,R1,2,2
212,R1,3,2
212,R1,2,2
212,R1,3,3
212,R1,3,3
212,R1,3,3
212,R1,5,4
212,R1,5,4
212,R1,5,5
212,R1,6,6
212,R2,3,3
212,R2,4,3
212,R2,4,3
212,R2,4,3
212,R2,4,3
212,R2,3,3
212,R2,3,3
212,R2,4,4
212,R2,5,5
212,X4,3,2
212,X4,4,2
212,X4,4,2
212,X4,2,2
212,X4,3,2
212,X4,2,2
212,X4,2,2
212,X4,2,2
212,X4,2,2
212,X4,2,2
212,X4,2,2
212,X4,2,2
212,X4,2,2
212,X4,2,2
212,X4,2,2
212,X4,2,2
212,X4,3,2
212,X4,2,2
212,X4,2,2
212,X4,2,2
212,X4,2,2
212,X4,2,2
212,X4,2,2
212,X4,2,2
212,X4,2,2
212,X4,2,2
212,X4,2,2
212,X4,2,2
212,X4,2,2
212,X4,2,2
212,X4,2,2
212,X4,2,2
212,X4,2,2
212,X4,2,2
212,X4,2,2
212,X4,2,2
212,X4,2,2
212,X4,2,2
212,X4,2,2
212,X4,2,2
212,X4,2,2
212,X4,2,2
212,X4,3,2
212,X4,2,2
212,X4,2,2
212,X4,2,2
212,X4,2,2
212,X4,2,2
212,X4,2,2
212,X4,3,2
212,X4,3,2
212,X4,2,2
212,X4,2,2
212,X4,2,2
212,X4,2,2
212,X4,2,2
212,X4,2,2
212,X4,2,2
212,X4,3,2
212,X4,3,2
212,X4,2,2
212,X4,2,2
212,X4,2,2
212,X4,3,2
212,X4,2,2
212,X4,2,2
212,X4,3,2
212,X4,2,2
212,X4,3,3
212,X4,3,3
212,X4,3,3
212,X4,5,4
212,X4,5,4
212,X4,5,5
212,X4,7,7
214,base,2,2
214,base,2,2
214,base,2,2
214,base,3,2
214,base,2,2
214,base,2,2
214,base,2,2
214,base,2,2
214,base,2,2
214,base,2,2
214,base,3,2
214,base,3,3
214,base,3,3
214,R1,2,2
214,R1,2,2
214,R1,2,2
214,R1,3,2
214,R1,3,3
214,R1,3,3
214,R1,2,2
214,R1,2,2
214,R1,2,2
214,R2,3,3
214,X4,2,2
214,X4,2,2
214,X4,2,2
214,X4,3,2
214,X4,2,2
214,X4,2,2
214,X4,2,2
214,X4,2,2
214,X4,2,2
214,X4,2,2
214,X4,3,2
214,X4,3,3
214,X4,3,3
216,base,4,2
216,X4,4,2
219,base,2,2
219,base,3,2
219,base,2,2
219,base,2,2
219,base,2,2
219,base,2,2
219,base,2,2
219,base,2,2
219,base,3,3
219,R1,2,2
219,R1,3,2
219,R1,2,2
219,R1,2,2
219,R1,2,2
219,R1,2,2
219,R1,2,2
219,R1,2,2
219,R1,3,3
219,R2,3,3
219,X4,2,2
219,X4,3,2
219,X4,2,2
219,X4,2,2
219,X4,2,2
219,X4,2,2
219,X4,2,2
219,X4,2,2
219,X4,3,3
220,base,2,2
220,base,2,2
220,base,2,2
220,base,3,2
220,base,2,2
220,base,2,2
220,base,2,2
220,base,2,2
220,base,2,2
220,base,3,2
220,base,2,2
220,base,2,2
220,base,2,2
220,base,2,2
220,base,3,2
220,R1,2,2
220,R1,2,2
220,R1,2,2
220,R1,3,2
220,R1,2,2
220,R1,2,2
220,R1,2,2
220,R1,2,2
220,R1,2,2
220,R1,3,2
220,R1,2,2
220,R1,2,2
220,R1,2,2
220,R1,2,2
220,R1,3,2
220,X4,2,2
220,X4,2,2
220,X4,2,2
220,X4,3,2
220,X4,2,2
220,X4,2,2
220,X4,2,2
220,X4,2,2
220,X4,2,2
220,X4,3,2
220,X4,2,2
220,X4,2,2
220,X4,2,2
220,X4,2,2
220,X4,3,2
221,base,4,2
221,base,4,2
221,R1,4,2
221,R1,4,2
221,X4,4,2
221,X4,4,2
223,base,2,2
223,base,2,2
223,base,2,2
223,base,2,2
223,base,2,2
223,base,3,3
223,base,5,3
223,base,3,3
223,R1,2,2
223,R1,2,2
223,R1,2,2
223,R1,2,2
223,R1,2,2
223,R1,3,3
223,R1,5,3
223,R1,3,3
223,R2,3,3
223,R2,3,3
223,X4,2,2
223,X4,2,2
223,X4,2,2
223,X4,2,2
223,X4,2,2
223,X4,2,2
223,X4,2,2
223,X4,3,3
223,X4,3,3
223,X4,3,3
224,base,4,2
224,X4,4,2
225,base,2,2
225,base,4,2
225,base,3,2
225,base,2,2
225,base,2,2
225,base,4,4
225,R1,2,2
225,R1,4,2
225,R1,3,2
225,R1,2,2
225,R1,2,2
225,R1,4,4
225,R2,3,3
225,R2,3,3
225,X4,2,2
225,X4,4,2
225,X4,3,2
225,X4,2,2
225,X4,2,2
225,X4,4,4
226,base,2,2
226,base,2,2
226,base,2,2
226,base,2,2
226,base,3,3
226,base,3,3
226,base,3,3
226,base,4,4
226,R1,2,2
226,R1,2,2
226,R1,2,2
226,R1,2,2
226,R1,3,3
226,R1,3,3
226,R1,3,3
226,R1,4,4
226,R2,4,4
226,X4,2,2
226,X4,2,2
226,X4,2,2
226,X4,2,2
226,X4,2,2
226,X4,3,3
226,X4,3,3
226,X4,3,3
226,X4,4,4
226,base,2,2
226,base,2,2
226,base,4,2
226,base,4,2
226,base,2,2
226,base,3,2
226,base,2,2
226,base,2,2
226,base,3,2
226,base,3,2
226,base,2,2
226,base,2,2
226,base,2,2
226,base,2,2
226,base,2,2
226,base,2,2
226,base,3,2
226,base,4,3
226,base,4,3
226,base,4,3
226,base,3,3
226,base,3,3
226,base,4,3
226,base,3,3
226,base,4,4
226,base,5,4
226,R1,2,2
226,R1,2,2
226,R1,4,2
226,R1,4,2
226,R1,2,2
226,R1,3,2
226,R1,2,2
226,R1,2,2
226,R1,3,2
226,R1,3,2
226,R1,2,2
226,R1,2,2
226,R1,2,2
226,R1,2,2
226,R1,2,2
226,R1,2,2
226,R1,3,2
226,R1,4,3
226,R1,4,3
226,R1,4,3
226,R1,3,3
226,R1,3,3
226,R1,4,3
226,R1,3,3
226,R1,4,4
226,R1,5,4
226,R2,4,3
226,R2,4,3
226,R2,4,3
226,R2,3,3
226,R2,3,3
226,R2,3,3
226,R2,3,3
226,R2,4,3
226,X4,2,2
226,X4,2,2
226,X4,2,2
226,X4,3,2
226,X4,2,2
226,X4,2,2
226,X4,3,2
226,X4,3,2
226,X4,2,2
226,X4,2,2
226,X4,2,2
226,X4,2,2
226,X4,2,2
226,X4,2,2
226,X4,3,2
226,X4,4,3
226,X4,4,3
226,X4,4,3
226,X4,3,3
226,X4,3,3
226,X4,3,3
226,X4,3,3
226,X4,4,3
226,X4,3,3
226,X4,4,4
226,X4,5,4
227,base,2,2
227,base,2,2
227,base,3,2
227,base,2,2
227,base,3,2
227,base,2,2
227,base,2,2
227,base,3,2
227,base,2,2
227,base,2,2
227,base,3,3
227,base,6,3
227,base,5,4
227,base,5,4
227,base,6,5
227,R1,2,2
227,R1,2,2
227,R1,3,2
227,R1,2,2
227,R1,3,2
227,R1,2,2
227,R1,2,2
227,R1,3,2
227,R1,2,2
227,R1,2,2
227,R1,3,3
227,R1,6,3
227,R1,5,4
227,R1,5,4
227,R1,6,5
227,R2,3,3
227,R2,4,3
227,R2,4,3
227,R2,6,3
227,R2,5,4
227,R2,5,4
227,X4,2,2
227,X4,2,2
227,X4,3,2
227,X4,2,2
227,X4,3,2
227,X4,2,2
227,X4,2,2
227,X4,3,2
227,X4,2,2
227,X4,2,2
227,X4,2,2
227,X4,3,3
227,X4,6,3
227,X4,5,4
227,X4,5,4
227,X4,6,5
228,base,2,2
228,base,3,2
228,base,3,2
228,base,2,2
228,base,2,2
228,base,2,2
228,base,4,3
228,R1,2,2
228,R1,3,2
228,R1,3,2
228,R1,2,2
228,R1,2,2
228,R1,2,2
228,R1,4,3
228,R2,4,3
228,X4,2,2
228,X4,3,2
228,X4,3,2
228,X4,2,2
228,X4,2,2
228,X4,2,2
228,X4,4,3
232,base,3,2
232,base,4,2
232,X4,3,2
232,X4,4,2
234,base,2,2
234,base,2,2
234,base,3,2
234,base,3,2
234,base,3,2
234,base,2,2
234,base,4,3
234,base,5,4
234,R1,2,2
234,R1,2,2
234,R1,3,2
234,R1,3,2
234,R1,3,2
234,R1,2,2
234,R1,4,3
234,R1,5,4
234,R2,3,3
234,R2,4,3
234,X4,2,2
234,X4,3,2
234,X4,3,2
234,X4,3,2
234,X4,2,2
234,X4,3,3
234,X4,4,3
234,X4,5,4
236,base,2,2
236,R1,2,2
236,X4,2,2
237,base,4,2
237,base,4,2
237,base,3,2
237,base,2,2
237,base,2,2
237,base,3,3
237,base,6,3
237,base,3,3
237,R1,4,2
237,R1,4,2
237,R1,3,2
237,R1,2,2
237,R1,2,2
237,R1,3,3
237,R1,6,3
237,R1,3,3
237,R2,3,3
237,X4,4,2
237,X4,3,2
237,X4,2,2
237,X4,2,2
237,X4,2,2
237,X4,3,3
237,X4,3,3
237,X4,3,3
237,X4,3,3
239,base,4,2
239,base,5,3
239,R1,5,3
239,X4,4,2
239,X4,3,2
239,X4,2,2
239,X4,5,3
240,base,2,2
240,R1,2,2
240,X4,2,2
241,base,2,2
241,base,2,2
241,base,2,2
241,base,2,2
241,base,2,2
241,base,2,2
241,base,5,3
241,base,3,3
241,base,3,3
241,base,3,3
241,base,3,3
241,R1,2,2
241,R1,2,2
241,R1,2,2
241,R1,2,2
241,R1,2,2
241,R1,2,2
241,R1,5,3
241,R1,3,3
241,R1,3,3
241,R1,3,3
241,R1,3,3
241,R2,3,3
241,R2,3,3
241,R2,3,3
241,X4,2,2
241,X4,2,2
241,X4,2,2
241,X4,2,2
241,X4,2,2
241,X4,2,2
241,X4,5,3
241,X4,3,3
241,X4,3,3
241,X4,3,3
241,X4,3,3
242,base,3,3
242,base,5,4
242,R1,3,3
242,R1,5,4
242,R2,3,3
242,R2,3,3
242,R2,4,3
242,X4,3,3
242,X4,5,4
243,base,2,2
243,base,3,2
243,base,2,2
243,base,3,2
243,base,3,2
243,base,2,2
243,base,3,3
243,R1,2,2
243,R1,3,2
243,R1,2,2
243,R1,3,2
243,R1,3,2
243,R1,2,2
243,R1,3,3
243,R2,3,3
243,X4,2,2
243,X4,3,2
243,X4,2,2
243,X4,2,2
243,X4,3,2
243,X4,3,2
243,X4,2,2
243,X4,3,3
244,base,2,2
244,base,2,2
244,base,3,2
244,base,3,2
244,base,2,2
244,base,2,2
244,base,2,2
244,base,2,2
244,base,4,2
244,base,4,2
244,base,2,2
244,base,2,2
244,base,2,2
244,base,2,2
244,base,3,2
244,base,2,2
244,base,2,2
244,base,2,2
244,base,3,2
244,base,2,2
244,base,2,2
244,base,2,2
244,base,2,2
244,base,2,2
244,base,2,2
244,base,3,2
244,base,3,3
244,base,3,3
244,base,3,3
244,base,3,3
244,base,5,4
244,base,6,5
244,R1,2,2
244,R1,2,2
244,R1,3,2
244,R1,3,2
244,R1,2,2
244,R1,2,2
244,R1,2,2
244,R1,2,2
244,R1,4,2
244,R1,4,2
244,R1,2,2
244,R1,2,2
244,R1,2,2
244,R1,2,2
244,R1,3,2
244,R1,2,2
244,R1,2,2
244,R1,2,2
244,R1,3,2
244,R1,2,2
244,R1,2,2
244,R1,2,2
244,R1,2,2
244,R1,2,2
244,R1,2,2
244,R1,3,2
244,R1,3,3
244,R1,3,3
244,R1,3,3
244,R1,3,3
244,R1,5,4
244,R1,6,5
244,R2,3,3
244,R2,3,3
244,R2,3,3
244,R2,3,3
244,R2,5,4
244,R2,5,4
244,X4,2,2
244,X4,2,2
244,X4,2,2
244,X4,2,2
244,X4,2,2
244,X4,3,2
244,X4,3,2
244,X4,2,2
244,X4,2,2
244,X4,2,2
244,X4,2,2
244,X4,2,2
244,X4,2,2
244,X4,2,2
244,X4,2,2
244,X4,2,2
244,X4,2,2
244,X4,3,2
244,X4,2,2
244,X4,3,2
244,X4,2,2
244,X4,2,2
244,X4,2,2
244,X4,3,2
244,X4,2,2
244,X4,2,2
244,X4,2,2
244,X4,2,2
244,X4,2,2
244,X4,2,2
244,X4,2,2
244,X4,2,2
244,X4,3,2
244,X4,3,3
244,X4,3,3
244,X4,3,3
244,X4,3,3
244,X4,5,4
244,X4,6,5
249,base,2,2
249,base,2,2
249,base,2,2
249,base,2,2
249,base,2,2
249,base,2,2
249,base,2,2
249,base,2,2
249,base,2,2
249,base,2,2
249,base,2,2
249,base,2,2
249,base,2,2
249,base,2,2
249,base,2,2
249,base,2,2
249,base,3,2
249,base,4,2
249,base,4,2
249,base,2,2
249,base,2,2
249,base,2,2
249,base,3,2
249,base,2,2
249,base,2,2
249,base,2,2
249,base,2,2
249,base,3,2
249,base,2,2
249,base,2,2
249,base,2,2
249,base,2,2
249,base,2,2
249,base,2,2
249,base,2,2
249,base,3,2
249,base,3,2
249,base,3,2
249,base,2,2
249,base,2,2
249,base,2,2
249,base,2,2
249,base,2,2
249,base,3,2
249,base,2,2
249,base,2,2
249,base,2,2
249,base,2,2
249,base,3,2
249,base,2,2
249,base,3,3
249,base,3,3
249,base,3,3
249,base,3,3
249,base,3,3
249,base,3,3
249,base,3,3
249,base,3,3
249,base,3,3
249,base,3,3
249,base,3,3
249,base,3,3
249,base,3,3
249,base,3,3
249,base,3,3
249,base,3,3
249,base,4,3
249,base,4,3
249,base,3,3
249,R1,2,2
249,R1,2,2
249,R1,2,2
249,R1,2,2
249,R1,2,2
249,R1,2,2
249,R1,2,2
249,R1,2,2
249,R1,2,2
249,R1,2,2
249,R1,2,2
249,R1,2,2
249,R1,2,2
249,R1,2,2
249,R1,2,2
249,R1,2,2
249,R1,3,2
249,R1,4,2
249,R1,4,2
249,R1,2,2
249,R1,2,2
249,R1,2,2
249,R1,3,2
249,R1,2,2
249,R1,2,2
249,R1,2,2
249,R1,2,2
249,R1,3,2
249,R1,2,2
249,R1,2,2
249,R1,2,2
249,R1,2,2
249,R1,2,2
249,R1,2,2
249,R1,2,2
249,R1,3,2
249,R1,3,2
249,R1,3,2
249,R1,2,2
249,R1,2,2
249,R1,2,2
249,R1,2,2
249,R1,2,2
249,R1,3,2
249,R1,2,2
249,R1,2,2
249,R1,2,2
249,R1,2,2
249,R1,3,2
249,R1,2,2
249,R1,3,3
249,R1,3,3
249,R1,3,3
249,R1,3,3
249,R1,3,3
249,R1,3,3
249,R1,3,3
249,R1,3,3
249,R1,3,3
249,R1,3,3
249,R1,3,3
249,R1,3,3
249,R1,3,3
249,R1,3,3
249,R1,3,3
249,R1,3,3
249,R1,4,3
249,R1,4,3
249,R1,3,3
249,R2,3,3
249,R2,3,3
249,R2,3,3
249,R2,3,3
249,R2,3,3
249,R2,3,3
249,R2,3,3
249,R2,3,3
249,R2,3,3
249,R2,3,3
249,R2,3,3
249,R2,3,3
249,R2,3,3
249,R2,3,3
249,R2,3,3
249,X4,2,2
249,X4,2,2
249,X4,2,2
249,X4,2,2
249,X4,2,2
249,X4,2,2
249,X4,2,2
249,X4,2,2
249,X4,2,2
249,X4,2,2
249,X4,2,2
249,X4,2,2
249,X4,2,2
249,X4,2,2
249,X4,2,2
249,X4,2,2
249,X4,2,2
249,X4,2,2
249,X4,3,2
249,X4,4,2
249,X4,4,2
249,X4,2,2
249,X4,2,2
249,X4,2,2
249,X4,2,2
249,X4,3,2
249,X4,2,2
249,X4,2,2
249,X4,2,2
249,X4,2,2
249,X4,3,2
249,X4,2,2
249,X4,2,2
249,X4,2,2
249,X4,2,2
249,X4,2,2
249,X4,2,2
249,X4,2,2
249,X4,3,2
249,X4,3,2
249,X4,3,2
249,X4,2,2
249,X4,2,2
249,X4,2,2
249,X4,2,2
249,X4,2,2
249,X4,3,2
249,X4,2,2
249,X4,2,2
249,X4,2,2
249,X4,2,2
249,X4,3,2
249,X4,2,2
249,X4,3,3
249,X4,3,3
249,X4,3,3
249,X4,3,3
249,X4,3,3
249,X4,3,3
249,X4,3,3
249,X4,3,3
249,X4,3,3
249,X4,3,3
249,X4,3,3
249,X4,3,3
249,X4,3,3
249,X4,3,3
249,X4,3,3
249,X4,3,3
249,X4,4,3
249,X4,4,3
249,X4,3,3
250,base,3,2
250,base,2,2
250,base,2,2
250,R1,3,2
250,R1,2,2
250,R1,2,2
250,X4,3,2
250,X4,2,2
250,X4,2,2
250,X4,2,2
250,X4,2,2
253,base,2,2
253,base,2,2
253,base,2,2
253,base,2,2
253,base,2,2
253,base,2,2
253,base,4,2
253,base,2,2
253,base,2,2
253,base,4,2
253,base,2,2
253,base,2,2
253,base,2,2
253,base,2,2
253,base,3,2
253,base,2,2
253,base,2,2
253,base,2,2
253,base,2,2
253,base,2,2
253,base,2,2
253,base,2,2
253,base,2,2
253,base,2,2
253,base,3,2
253,base,2,2
253,base,2,2
253,base,2,2
253,base,2,2
253,base,2,2
253,base,2,2
253,base,3,2
253,base,2,2
253,base,2,2
253,base,2,2
253,base,3,3
253,base,3,3
253,R1,2,2
253,R1,2,2
253,R1,2,2
253,R1,2,2
253,R1,4,2
253,R1,2,2
253,R1,2,2
253,R1,4,2
253,R1,2,2
253,R1,2,2
253,R1,2,2
253,R1,2,2
253,R1,3,2
253,R1,2,2
253,R1,2,2
253,R1,2,2
253,R1,2,2
253,R1,2,2
253,R1,2,2
253,R1,2,2
253,R1,2,2
253,R1,2,2
253,R1,3,2
253,R1,2,2
253,R1,2,2
253,R1,2,2
253,R1,2,2
253,R1,2,2
253,R1,2,2
253,R1,3,2
253,R1,2,2
253,R1,2,2
253,R1,2,2
253,R1,3,3
253,R1,3,3
253,X4,2,2
253,X4,2,2
253,X4,2,2
253,X4,2,2
253,X4,2,2
253,X4,2,2
253,X4,4,2
253,X4,2,2
253,X4,2,2
253,X4,4,2
253,X4,2,2
253,X4,2,2
253,X4,2,2
253,X4,2,2
253,X4,3,2
253,X4,2,2
253,X4,2,2
253,X4,2,2
253,X4,2,2
253,X4,2,2
253,X4,2,2
253,X4,2,2
253,X4,2,2
253,X4,2,2
253,X4,3,2
253,X4,2,2
253,X4,2,2
253,X4,2,2
253,X4,2,2
253,X4,2,2
253,X4,2,2
253,X4,3,2
253,X4,2,2
253,X4,2,2
253,X4,2,2
253,X4,3,3
253,X4,3,3
254,base,3,2
254,base,2,2
254,base,2,2
254,base,2,2
254,base,2,2
254,base,2,2
254,base,2,2
254,base,3,2
254,base,3,2
254,base,3,2
254,base,2,2
254,base,2,2
254,base,3,2
254,base,3,2
254,base,2,2
254,base,2,2
254,base,2,2
254,base,2,2
254,base,2,2
254,base,2,2
254,base,2,2
254,base,2,2
254,base,3,2
254,base,3,3
254,base,3,3
254,base,3,3
254,base,4,3
254,base,4,3
254,base,3,3
254,base,5,4
254,R1,3,2
254,R1,2,2
254,R1,2,2
254,R1,2,2
254,R1,2,2
254,R1,2,2
254,R1,2,2
254,R1,3,2
254,R1,3,2
254,R1,3,2
254,R1,2,2
254,R1,2,2
254,R1,3,2
254,R1,3,2
254,R1,2,2
254,R1,2,2
254,R1,2,2
254,R1,2,2
254,R1,2,2
254,R1,2,2
254,R1,2,2
254,R1,2,2
254,R1,3,2
254,R1,3,3
254,R1,3,3
254,R1,3,3
254,R1,4,3
254,R1,4,3
254,R1,3,3
254,R1,5,4
254,R2,4,3
254,R2,3,3
254,R2,4,3
254,R2,4,3
254,R2,3,3
254,X4,3,2
254,X4,2,2
254,X4,2,2
254,X4,2,2
254,X4,2,2
254,X4,2,2
254,X4,2,2
254,X4,3,2
254,X4,3,2
254,X4,3,2
254,X4,2,2
254,X4,2,2
254,X4,3,2
254,X4,3,2
254,X4,2,2
254,X4,2,2
254,X4,2,2
254,X4,2,2
254,X4,2,2
254,X4,2,2
254,X4,2,2
254,X4,2,2
254,X4,3,2
254,X4,3,3
254,X4,3,3
254,X4,3,3
254,X4,4,3
254,X4,4,3
254,X4,3,3
254,X4,5,4
257,base,2,2
257,base,2,2
257,base,2,2
257,base,2,2
257,base,2,2
257,base,2,2
257,base,3,3
257,base,3,3
257,base,3,3
257,base,3,3
257,base,3,3
257,base,3,3
257,R1,2,2
257,R1,2,2
257,R1,2,2
257,R1,2,2
257,R1,2,2
257,R1,2,2
257,R1,3,3
257,R1,3,3
257,R1,3,3
257,R1,3,3
257,R1,3,3
257,R1,3,3
257,R2,3,3
257,R2,3,3
257,R2,3,3
257,R2,3,3
257,X4,2,2
257,X4,2,2
257,X4,2,2
257,X4,2,2
257,X4,2,2
257,X4,2,2
257,X4,2,2
257,X4,3,3
257,X4,3,3
257,X4,3,3
257,X4,3,3
257,X4,3,3
257,X4,3,3
258,base,2,2
258,base,2,2
258,base,4,2
258,base,2,2
258,base,2,2
258,base,2,2
258,base,4,2
258,base,2,2
258,base,2,2
258,base,2,2
258,base,3,2
258,base,2,2
258,base,5,2
258,base,2,2
258,base,2,2
258,R1,2,2
258,R1,2,2
258,R1,4,2
258,R1,2,2
258,R1,2,2
258,R1,2,2
258,R1,4,2
258,R1,2,2
258,R1,2,2
258,R1,2,2
258,R1,3,2
258,R1,2,2
258,R1,5,2
258,R1,2,2
258,R1,2,2
258,X4,2,2
258,X4,2,2
258,X4,2,2
258,X4,4,2
258,X4,2,2
258,X4,2,2
258,X4,2,2
258,X4,2,2
258,X4,2,2
258,X4,2,2
258,X4,2,2
258,X4,3,2
258,X4,2,2
258,X4,2,2
258,X4,2,2
258,X4,3,3
259,base,2,2
259,base,2,2
259,base,2,2
259,base,2,2
259,base,3,2
259,base,2,2
259,base,2,2
259,base,2,2
259,base,2,2
259,base,3,3
259,base,4,3
259,base,4,3
259,R1,2,2
259,R1,2,2
259,R1,2,2
259,R1,2,2
259,R1,3,2
259,R1,2,2
259,R1,2,2
259,R1,2,2
259,R1,2,2
259,R1,3,3
259,R1,4,3
259,R1,4,3
259,R2,4,3
259,X4,2,2
259,X4,2,2
259,X4,2,2
259,X4,2,2
259,X4,3,2
259,X4,2,2
259,X4,2,2
259,X4,2,2
259,X4,2,2
259,X4,3,3
259,X4,4,3
259,X4,4,3
261,base,4,2
261,base,2,2
261,R1,4,2
261,R1,2,2
261,X4,4,2
261,X4,2,2
264,base,2,2
264,base,2,2
264,base,3,2
264,base,3,2
264,base,2,2
264,base,2,2
264,base,2,2
264,base,2,2
264,base,4,3
264,base,5,5
264,R1,2,2
264,R1,2,2
264,R1,3,2
264,R1,3,2
264,R1,2,2
264,R1,2,2
264,R1,2,2
264,R1,2,2
264,R1,4,3
264,R1,5,5
264,R2,4,3
264,R2,3,3
264,X4,2,2
264,X4,2,2
264,X4,3,2
264,X4,3,2
264,X4,2,2
264,X4,2,2
264,X4,2,2
264,X4,2,2
264,X4,4,3
264,X4,5,5
265,base,3,2
265,X4,3,2
266,base,3,2
266,base,4,2
266,base,4,2
266,base,4,3
266,base,5,4
266,base,5,4
266,R1,4,2
266,R1,4,3
266,R1,5,4
266,R1,5,4
266,R2,4,3
266,R2,5,4
266,R2,5,4
266,X4,3,2
266,X4,2,2
266,X4,4,2
266,X4,4,2
266,X4,4,3
266,X4,5,4
266,X4,5,4
269,base,2,2
269,base,4,2
269,base,2,2
269,base,3,3
269,base,4,3
269,base,3,3
269,R1,2,2
269,R1,4,2
269,R1,2,2
269,R1,3,3
269,R1,4,3
269,R1,3,3
269,R2,3,3
269,R2,3,3
269,X4,2,2
269,X4,3,3
269,X4,4,3
269,X4,3,3
269,X4,3,3
270,base,3,2
270,base,3,2
270,base,3,2
270,base,3,2
270,base,2,2
270,base,2,2
270,base,2,2
270,base,3,2
270,R1,3,2
270,R1,3,2
270,R1,3,2
270,R1,3,2
270,R1,2,2
270,R1,2,2
270,R1,2,2
270,R1,3,2
270,X4,2,2
270,X4,3,2
270,X4,3,2
270,X4,3,2
270,X4,3,2
270,X4,2,2
270,X4,2,2
270,X4,2,2
270,X4,2,2
270,X4,3,2
271,base,4,3
271,R1,4,3
271,X4,4,3
272,base,2,2
272,base,2,2
272,base,2,2
272,base,3,3
272,R1,2,2
272,R1,2,2
272,R1,2,2
272,R1,3,3
272,R2,3,3
272,X4,2,2
272,X4,2,2
272,X4,2,2
272,X4,3,3
273,base,3,2
273,base,3,2
273,base,2,2
273,base,2,2
273,R1,3,2
273,R1,2,2
273,R1,2,2
273,X4,3,2
273,X4,3,2
273,X4,2,2
273,X4,2,2
274,base,4,2
274,R1,4,2
274,X4,4,2
275,base,4,2
275,base,3,2
275,base,2,2
275,base,2,2
275,base,2,2
275,base,2,2
275,base,2,2
275,R1,3,2
275,R1,2,2
275,R1,2,2
275,R1,2,2
275,R1,2,2
275,R1,2,2
275,X4,4,2
275,X4,3,2
275,X4,2,2
275,X4,2,2
275,X4,2,2
275,X4,2,2
275,X4,2,2
276,base,2,2
276,base,4,2
276,base,2,2
276,base,2,2
276,base,2,2
276,base,3,3
276,base,3,3
276,base,3,3
276,base,4,4
276,base,5,5
276,R1,2,2
276,R1,4,2
276,R1,2,2
276,R1,2,2
276,R1,2,2
276,R1,3,3
276,R1,3,3
276,R1,3,3
276,R1,4,4
276,R1,5,5
276,R2,3,3
276,R2,3,3
276,R2,3,3
276,R2,4,4
276,R2,4,4
276,X4,2,2
276,X4,2,2
276,X4,2,2
276,X4,2,2
276,X4,2,2
276,X4,2,2
276,X4,3,3
276,X4,3,3
276,X4,3,3
276,X4,4,4
276,X4,5,5
277,base,2,2
277,base,4,3
277,R1,2,2
277,R1,4,3
277,R2,4,3
277,X4,2,2
277,X4,4,3
278,base,2,2
278,base,3,2
278,base,4,2
278,base,2,2
278,base,2,2
278,base,2,2
278,base,2,2
278,base,2,2
278,base,2,2
278,base,2,2
278,base,2,2
278,base,4,3
278,base,4,3
278,R1,2,2
278,R1,3,2
278,R1,4,2
278,R1,2,2
278,R1,2,2
278,R1,2,2
278,R1,2,2
278,R1,2,2
278,R1,2,2
278,R1,2,2
278,R1,2,2
278,R1,4,3
278,R1,4,3
278,R2,4,3
278,R2,4,3
278,X4,2,2
278,X4,3,2
278,X4,4,2
278,X4,2,2
278,X4,2,2
278,X4,2,2
278,X4,2,2
278,X4,2,2
278,X4,2,2
278,X4,2,2
278,X4,2,2
278,X4,2,2
278,X4,2,2
278,X4,4,3
278,X4,4,3
279,base,4,2
279,R1,4,2
279,X4,4,2
284,base,3,2
284,base,3,2
284,base,3,2
284,base,4,2
284,base,2,2
284,base,2,2
284,base,2,2
284,base,2,2
284,base,2,2
284,base,3,3
284,base,3,3
284,base,3,3
284,base,3,3
284,R1,3,2
284,R1,3,2
284,R1,3,2
284,R1,3,3
284,R1,3,3
284,R1,3,3
284,R1,3,3
284,R1,2,2
284,R1,2,2
284,R1,2,2
284,R1,2,2
284,R1,2,2
284,R2,3,3
284,R2,3,3
284,X4,3,2
284,X4,3,2
284,X4,3,2
284,X4,4,2
284,X4,2,2
284,X4,2,2
284,X4,2,2
284,X4,2,2
284,X4,2,2
284,X4,3,3
284,X4,3,3
284,X4,3,3
284,X4,3,3
287,base,4,2
287,base,3,2
287,base,2,2
287,base,2,2
287,base,3,3
287,R1,3,2
287,R1,2,2
287,R1,2,2
287,R1,3,3
287,R2,3,3
287,X4,4,2
287,X4,3,2
287,X4,2,2
287,X4,2,2
287,X4,3,3
288,base,2,2
288,base,5,2
288,base,3,2
288,base,2,2
288,base,2,2
288,base,2,2
288,base,2,2
288,base,2,2
288,base,2,2
288,base,3,3
288,base,3,3
288,base,3,3
288,base,3,3
288,base,4,4
288,R1,2,2
288,R1,5,2
288,R1,3,2
288,R1,2,2
288,R1,2,2
288,R1,2,2
288,R1,2,2
288,R1,2,2
288,R1,2,2
288,R1,3,3
288,R1,3,3
288,R1,3,3
288,R1,3,3
288,R1,4,4
288,R2,3,3
288,R2,3,3
288,X4,2,2
288,X4,2,2
288,X4,3,2
288,X4,2,2
288,X4,2,2
288,X4,2,2
288,X4,2,2
288,X4,2,2
288,X4,2,2
288,X4,2,2
288,X4,3,3
288,X4,3,3
288,X4,3,3
288,X4,3,3
288,X4,4,4
289,base,2,2
289,base,2,2
289,base,2,2
289,base,3,3
289,R1,2,2
289,R1,2,2
289,R1,2,2
289,R1,3,3
289,R2,3,3
289,X4,2,2
289,X4,2,2
289,X4,2,2
289,X4,3,3
290,base,5,2
290,base,4,2
290,base,2,2
290,base,2,2
290,base,2,2
290,base,2,2
290,base,2,2
290,base,3,2
290,base,4,2
290,base,4,2
290,base,3,2
290,base,3,3
290,base,3,3
290,base,4,4
290,R1,5,2
290,R1,4,2
290,R1,2,2
290,R1,2,2
290,R1,2,2
290,R1,2,2
290,R1,2,2
290,R1,3,2
290,R1,4,2
290,R1,4,2
290,R1,3,2
290,R1,3,3
290,R1,3,3
290,R1,4,4
290,R2,3,3
290,R2,3,3
290,X4,3,2
290,X4,2,2
290,X4,2,2
290,X4,2,2
290,X4,2,2
290,X4,2,2
290,X4,2,2
290,X4,2,2
290,X4,3,2
290,X4,3,2
290,X4,3,3
290,X4,4,4
290,X4,4,4
290,X4,4,4
291,base,3,2
291,base,2,2
291,base,2,2
291,base,2,2
291,base,3,3
291,R1,2,2
291,R1,2,2
291,R1,2,2
291,R1,3,3
291,R2,3,3
291,X4,3,2
291,X4,2,2
291,X4,2,2
291,X4,2,2
291,X4,3,3
292,base,2,2
292,base,3,3
292,R1,2,2
292,R1,3,3
292,X4,2,2
292,X4,3,3
293,base,4,2
293,base,2,2
293,base,2,2
293,base,3,2
293,R1,2,2
293,R1,2,2
293,R1,3,2
293,X4,4,2
293,X4,2,2
293,X4,2,2
293,X4,3,2
295,base,2,2
295,base,3,2
295,base,2,2
295,base,2,2
295,base,2,2
295,base,3,2
295,base,3,2
295,base,2,2
295,base,4,3
295,base,3,3
295,base,4,3
295,base,4,3
295,R1,2,2
295,R1,3,2
295,R1,2,2
295,R1,2,2
295,R1,2,2
295,R1,3,2
295,R1,3,2
295,R1,2,2
295,R1,4,3
295,R1,3,3
295,R1,4,3
295,R1,4,3
295,R2,4,3
295,R2,3,3
295,R2,4,3
295,R2,4,3
295,X4,2,2
295,X4,3,2
295,X4,2,2
295,X4,2,2
295,X4,2,2
295,X4,3,2
295,X4,3,2
295,X4,2,2
295,X4,4,3
295,X4,3,3
295,X4,4,3
295,X4,4,3
296,base,2,2
296,base,3,2
296,base,4,2
296,base,4,2
296,base,2,2
296,base,4,2
296,base,3,2
296,base,3,2
296,base,2,2
296,base,3,2
296,base,3,2
296,base,2,2
296,base,4,2
296,base,3,2
296,base,3,2
296,base,2,2
296,base,2,2
296,base,2,2
296,base,2,2
296,base,2,2
296,base,3,2
296,base,2,2
296,base,3,2
296,base,5,3
296,base,3,3
296,base,3,3
296,base,3,3
296,base,3,3
296,base,3,3
296,base,4,4
296,base,4,4
296,R1,2,2
296,R1,3,2
296,R1,4,2
296,R1,4,2
296,R1,2,2
296,R1,4,2
296,R1,3,2
296,R1,3,2
296,R1,2,2
296,R1,3,2
296,R1,3,2
296,R1,2,2
296,R1,4,2
296,R1,3,2
296,R1,3,2
296,R1,2,2
296,R1,2,2
296,R1,2,2
296,R1,2,2
296,R1,2,2
296,R1,3,2
296,R1,2,2
296,R1,3,2
296,R1,5,3
296,R1,3,3
296,R1,3,3
296,R1,3,3
296,R1,3,3
296,R1,3,3
296,R1,4,4
296,R1,4,4
296,R2,3,3
296,R2,3,3
296,R2,3,3
296,R2,3,3
296,R2,4,4
296,X4,2,2
296,X4,2,2
296,X4,3,2
296,X4,2,2
296,X4,2,2
296,X4,2,2
296,X4,2,2
296,X4,2,2
296,X4,3,2
296,X4,3,2
296,X4,2,2
296,X4,3,2
296,X4,3,2
296,X4,2,2
296,X4,2,2
296,X4,3,2
296,X4,2,2
296,X4,2,2
296,X4,2,2
296,X4,2,2
296,X4,2,2
296,X4,3,2
296,X4,2,2
296,X4,3,2
296,X4,3,3
296,X4,3,3
296,X4,4,3
296,X4,3,3
296,X4,3,3
296,X4,3,3
296,X4,3,3
296,X4,4,4
296,X4,4,4
298,base,2,2
298,base,2,2
298,R1,2,2
298,R1,2,2
298,X4,2,2
298,X4,2,2
299,base,2,2
299,base,2,2
299,base,2,2
299,R1,2,2
299,R1,2,2
299,R1,2,2
299,X4,2,2
299,X4,2,2
299,X4,2,2
300,base,2,2
300,base,2,2
300,base,2,2
300,base,2,2
300,base,3,2
300,base,2,2
300,base,4,3
300,base,5,3
300,R1,2,2
300,R1,2,2
300,R1,2,2
300,R1,2,2
300,R1,3,2
300,R1,2,2
300,R1,4,3
300,R1,5,3
300,X4,2,2
300,X4,2,2
300,X4,2,2
300,X4,2,2
300,X4,3,2
300,X4,2,2
300,X4,4,3
300,X4,5,3
302,base,3,2
302,base,3,2
302,base,4,2
302,base,3,2
302,R1,3,2
302,R1,3,2
302,R1,4,2
302,R1,3,2
302,X4,3,2
302,X4,3,2
302,X4,4,2
302,X4,3,2
302,base,3,2
302,base,3,2
302,base,3,2
302,base,2,2
302,base,2,2
302,base,2,2
302,base,3,3
302,R1,3,2
302,R1,3,2
302,R1,3,2
302,R1,2,2
302,R1,2,2
302,R1,2,2
302,R1,3,3
302,R2,3,3
302,X4,3,2
302,X4,3,2
302,X4,3,2
302,X4,2,2
302,X4,2,2
302,X4,2,2
302,X4,3,3
303,base,2,2
303,base,2,2
303,base,3,2
303,R1,2,2
303,R1,2,2
303,R1,3,2
303,X4,2,2
303,X4,3,3
304,base,2,2
304,base,3,2
304,base,2,2
304,base,2,2
304,base,2,2
304,base,2,2
304,base,2,2
304,base,2,2
304,base,2,2
304,base,5,2
304,base,2,2
304,base,2,2
304,base,4,2
304,base,2,2
304,base,3,2
304,base,2,2
304,base,2,2
304,base,2,2
304,base,3,2
304,base,4,2
304,base,2,2
304,base,2,2
304,base,2,2
304,base,2,2
304,base,2,2
304,base,2,2
304,base,2,2
304,base,2,2
304,base,2,2
304,base,2,2
304,base,2,2
304,base,5,2
304,base,2,2
304,base,2,2
304,base,4,2
304,base,2,2
304,base,2,2
304,base,2,2
304,base,2,2
304,base,3,2
304,base,3,3
304,base,3,3
304,base,3,3
304,base,3,3
304,base,3,3
304,base,6,3
304,base,4,3
304,base,3,3
304,base,3,3
304,base,3,3
304,base,3,3
304,base,3,3
304,base,4,3
304,base,6,3
304,base,3,3
304,base,3,3
304,base,4,4
304,R1,2,2
304,R1,3,2
304,R1,2,2
304,R1,2,2
304,R1,2,2
304,R1,2,2
304,R1,2,2
304,R1,2,2
304,R1,2,2
304,R1,5,2
304,R1,2,2
304,R1,2,2
304,R1,4,2
304,R1,2,2
304,R1,3,2
304,R1,2,2
304,R1,2,2
304,R1,2,2
304,R1,3,2
304,R1,4,2
304,R1,2,2
304,R1,2,2
304,R1,2,2
304,R1,2,2
304,R1,2,2
304,R1,2,2
304,R1,2,2
304,R1,2,2
304,R1,2,2
304,R1,2,2
304,R1,2,2
304,R1,5,2
304,R1,2,2
304,R1,2,2
304,R1,4,2
304,R1,2,2
304,R1,2,2
304,R1,2,2
304,R1,2,2
304,R1,3,2
304,R1,3,3
304,R1,3,3
304,R1,3,3
304,R1,3,3
304,R1,3,3
304,R1,6,3
304,R1,4,3
304,R1,3,3
304,R1,3,3
304,R1,3,3
304,R1,3,3
304,R1,3,3
304,R1,4,3
304,R1,6,3
304,R1,3,3
304,R1,3,3
304,R1,4,4
304,R2,3,3
304,R2,3,3
304,R2,3,3
304,R2,3,3
304,R2,4,3
304,R2,3,3
304,R2,3,3
304,R2,3,3
304,R2,6,3
304,X4,2,2
304,X4,3,2
304,X4,2,2
304,X4,2,2
304,X4,2,2
304,X4,2,2
304,X4,2,2
304,X4,2,2
304,X4,2,2
304,X4,2,2
304,X4,2,2
304,X4,2,2
304,X4,2,2
304,X4,3,2
304,X4,2,2
304,X4,2,2
304,X4,2,2
304,X4,3,2
304,X4,4,2
304,X4,2,2
304,X4,2,2
304,X4,2,2
304,X4,2,2
304,X4,2,2
304,X4,2,2
304,X4,2,2
304,X4,2,2
304,X4,2,2
304,X4,2,2
304,X4,2,2
304,X4,2,2
304,X4,2,2
304,X4,2,2
304,X4,2,2
304,X4,4,2
304,X4,2,2
304,X4,2,2
304,X4,2,2
304,X4,2,2
304,X4,3,2
304,X4,3,3
304,X4,3,3
304,X4,3,3
304,X4,3,3
304,X4,3,3
304,X4,3,3
304,X4,3,3
304,X4,3,3
304,X4,4,3
304,X4,3,3
304,X4,3,3
304,X4,3,3
304,X4,3,3
304,X4,3,3
304,X4,4,3
304,X4,6,3
304,X4,3,3
304,X4,3,3
304,X4,4,4
305,base,2,2
305,base,4,3
305,base,5,4
305,R1,2,2
305,R1,4,3
305,R1,5,4
305,R2,4,3
305,R2,5,4
305,X4,2,2
305,X4,4,3
305,X4,5,4
306,base,3,2
306,base,2,2
306,base,3,2
306,base,2,2
306,R1,2,2
306,R1,3,2
306,R1,2,2
306,X4,3,2
306,X4,2,2
306,X4,3,2
306,X4,2,2
307,base,2,2
307,base,2,2
307,base,2,2
307,base,2,2
307,base,2,2
307,base,4,2
307,base,2,2
307,base,2,2
307,base,2,2
307,base,2,2
307,base,3,3
307,base,4,3
307,base,4,4
307,R1,2,2
307,R1,2,2
307,R1,2,2
307,R1,2,2
307,R1,2,2
307,R1,3,3
307,R1,3,3
307,R1,2,2
307,R1,2,2
307,R1,2,2
307,R1,2,2
307,R1,4,3
307,R2,3,3
307,R2,3,3
307,R2,4,3
307,X4,2,2
307,X4,2,2
307,X4,2,2
307,X4,2,2
307,X4,2,2
307,X4,4,2
307,X4,2,2
307,X4,2,2
307,X4,2,2
307,X4,2,2
307,X4,3,3
307,X4,4,3
307,X4,4,4
308,base,2,2
308,base,4,2
308,base,2,2
308,base,6,2
308,R1,2,2
308,R1,4,2
308,R1,2,2
308,R1,6,2
308,X4,2,2
308,X4,2,2
308,X4,2,2
308,X4,2,2
308,X4,2,2
308,X4,6,2
312,base,2,2
312,base,2,2
312,base,3,2
312,base,2,2
312,base,2,2
312,base,2,2
312,base,2,2
312,base,3,2
312,base,2,2
312,base,2,2
312,base,2,2
312,base,2,2
312,base,3,2
312,base,2,2
312,base,2,2
312,base,2,2
312,base,2,2
312,base,3,3
312,base,3,3
312,base,3,3
312,base,3,3
312,base,3,3
312,base,4,4
312,R1,2,2
312,R1,2,2
312,R1,3,2
312,R1,2,2
312,R1,2,2
312,R1,2,2
312,R1,2,2
312,R1,3,2
312,R1,2,2
312,R1,2,2
312,R1,2,2
312,R1,2,2
312,R1,3,2
312,R1,2,2
312,R1,2,2
312,R1,2,2
312,R1,2,2
312,R1,3,3
312,R1,3,3
312,R1,3,3
312,R1,3,3
312,R1,3,3
312,R1,4,4
312,R2,3,3
312,R2,3,3
312,R2,3,3
312,R2,3,3
312,R2,3,3
312,X4,2,2
312,X4,2,2
312,X4,3,2
312,X4,2,2
312,X4,2,2
312,X4,2,2
312,X4,2,2
312,X4,5,2
312,X4,2,2
312,X4,2,2
312,X4,3,2
312,X4,2,2
312,X4,2,2
312,X4,2,2
312,X4,2,2
312,X4,3,2
312,X4,2,2
312,X4,2,2
312,X4,2,2
312,X4,2,2
312,X4,3,3
312,X4,3,3
312,X4,3,3
312,X4,3,3
312,X4,3,3
312,X4,4,4
313,base,2,2
313,base,2,2
313,base,2,2
313,base,2,2
313,base,2,2
313,base,2,2
313,base,2,2
313,base,2,2
313,base,2,2
313,base,2,2
313,base,2,2
313,base,2,2
313,base,3,2
313,base,3,2
313,base,3,2
313,base,5,2
313,base,3,2
313,base,3,3
313,R1,2,2
313,R1,2,2
313,R1,2,2
313,R1,2,2
313,R1,2,2
313,R1,2,2
313,R1,2,2
313,R1,2,2
313,R1,2,2
313,R1,2,2
313,R1,2,2
313,R1,2,2
313,R1,3,2
313,R1,3,2
313,R1,3,2
313,R1,5,2
313,R1,3,2
313,R1,3,3
313,R2,3,3
313,X4,2,2
313,X4,2,2
313,X4,2,2
313,X4,2,2
313,X4,2,2
313,X4,2,2
313,X4,2,2
313,X4,2,2
313,X4,2,2
313,X4,2,2
313,X4,2,2
313,X4,2,2
313,X4,2,2
313,X4,2,2
313,X4,3,2
313,X4,3,2
313,X4,2,2
313,X4,2,2
313,X4,3,2
313,X4,3,3
316,base,5,2
316,base,4,2
316,base,2,2
316,base,2,2
316,base,2,2
316,base,2,2
316,base,5,2
316,base,2,2
316,base,3,2
316,base,2,2
316,base,4,2
316,base,5,2
316,base,3,2
316,base,2,2
316,base,2,2
316,base,2,2
316,base,2,2
316,base,2,2
316,base,3,2
316,base,2,2
316,base,3,2
316,base,2,2
316,base,3,2
316,base,2,2
316,base,2,2
316,base,2,2
316,base,2,2
316,base,2,2
316,base,2,2
316,base,2,2
316,base,2,2
316,base,2,2
316,base,3,2
316,base,2,2
316,base,2,2
316,base,2,2
316,base,2,2
316,base,2,2
316,base,3,2
316,base,3,2
316,base,2,2
316,base,2,2
316,base,5,2
316,base,2,2
316,base,2,2
316,base,2,2
316,base,2,2
316,base,2,2
316,base,3,2
316,base,3,2
316,base,3,2
316,base,3,2
316,base,2,2
316,base,3,2
316,base,3,2
316,base,2,2
316,base,3,3
316,base,3,3
316,base,3,3
316,base,3,3
316,base,3,3
316,base,3,3
316,base,3,3
316,base,3,3
316,base,3,3
316,base,3,3
316,base,3,3
316,base,4,4
316,R1,5,2
316,R1,4,2
316,R1,2,2
316,R1,2,2
316,R1,2,2
316,R1,2,2
316,R1,5,2
316,R1,2,2
316,R1,3,2
316,R1,2,2
316,R1,4,2
316,R1,5,2
316,R1,3,2
316,R1,2,2
316,R1,2,2
316,R1,2,2
316,R1,2,2
316,R1,2,2
316,R1,3,2
316,R1,2,2
316,R1,3,2
316,R1,2,2
316,R1,3,2
316,R1,2,2
316,R1,2,2
316,R1,2,2
316,R1,2,2
316,R1,2,2
316,R1,2,2
316,R1,2,2
316,R1,2,2
316,R1,2,2
316,R1,3,2
316,R1,2,2
316,R1,2,2
316,R1,2,2
316,R1,2,2
316,R1,2,2
316,R1,3,2
316,R1,3,2
316,R1,2,2
316,R1,2,2
316,R1,5,2
316,R1,2,2
316,R1,2,2
316,R1,2,2
316,R1,2,2
316,R1,2,2
316,R1,3,2
316,R1,3,2
316,R1,3,2
316,R1,3,2
316,R1,2,2
316,R1,3,2
316,R1,3,2
316,R1,2,2
316,R1,3,3
316,R1,3,3
316,R1,3,3
316,R1,3,3
316,R1,3,3
316,R1,3,3
316,R1,3,3
316,R1,3,3
316,R1,3,3
316,R1,3,3
316,R1,3,3
316,R1,4,4
316,R2,3,3
316,R2,3,3
316,R2,3,3
316,R2,3,3
316,R2,3,3
316,R2,3,3
316,R2,3,3
316,X4,2,2
316,X4,2,2
316,X4,2,2
316,X4,2,2
316,X4,2,2
316,X4,2,2
316,X4,2,2
316,X4,3,2
316,X4,2,2
316,X4,4,2
316,X4,2,2
316,X4,2,2
316,X4,2,2
316,X4,2,2
316,X4,2,2
316,X4,2,2
316,X4,3,2
316,X4,2,2
316,X4,3,2
316,X4,3,2
316,X4,2,2
316,X4,3,2
316,X4,2,2
316,X4,2,2
316,X4,2,2
316,X4,2,2
316,X4,2,2
316,X4,2,2
316,X4,2,2
316,X4,2,2
316,X4,3,2
316,X4,2,2
316,X4,2,2
316,X4,2,2
316,X4,2,2
316,X4,2,2
316,X4,3,2
316,X4,3,2
316,X4,2,2
316,X4,2,2
316,X4,5,2
316,X4,2,2
316,X4,2,2
316,X4,2,2
316,X4,2,2
316,X4,2,2
316,X4,3,2
316,X4,3,2
316,X4,3,2
316,X4,2,2
316,X4,2,2
316,X4,3,2
316,X4,2,2
316,X4,3,2
316,X4,3,2
316,X4,2,2
316,X4,3,3
316,X4,4,3
316,X4,3,3
316,X4,3,3
316,X4,3,3
316,X4,3,3
316,X4,3,3
316,X4,3,3
316,X4,3,3
316,X4,3,3
316,X4,3,3
316,X4,3,3
316,X4,3,3
316,X4,3,3
316,X4,4,4
317,base,3,2
317,base,2,2
317,base,3,2
317,base,2,2
317,base,2,2
317,base,2,2
317,base,2,2
317,base,2,2
317,base,2,2
317,base,2,2
317,base,2,2
317,base,3,2
317,base,3,2
317,base,3,2
317,base,3,2
317,base,3,3
317,base,3,3
317,R1,3,2
317,R1,2,2
317,R1,3,2
317,R1,2,2
317,R1,2,2
317,R1,2,2
317,R1,2,2
317,R1,2,2
317,R1,2,2
317,R1,2,2
317,R1,2,2
317,R1,3,2
317,R1,3,2
317,R1,3,2
317,R1,3,2
317,R1,3,3
317,R1,3,3
317,R2,3,3
317,R2,3,3
317,X4,3,2
317,X4,2,2
317,X4,2,2
317,X4,3,2
317,X4,2,2
317,X4,2,2
317,X4,2,2
317,X4,2,2
317,X4,2,2
317,X4,2,2
317,X4,2,2
317,X4,2,2
317,X4,3,2
317,X4,3,2
317,X4,3,2
317,X4,3,2
317,X4,3,3
317,X4,3,3
318,base,2,2
318,base,2,2
318,base,3,2
318,base,2,2
318,base,2,2
318,base,2,2
318,base,3,2
318,base,3,3
318,base,3,3
318,base,3,3
318,base,3,3
318,base,3,3
318,base,3,3
318,R1,2,2
318,R1,2,2
318,R1,3,2
318,R1,2,2
318,R1,2,2
318,R1,2,2
318,R1,3,2
318,R1,3,3
318,R1,3,3
318,R1,3,3
318,R1,3,3
318,R1,3,3
318,R1,3,3
318,R2,3,3
318,R2,3,3
318,R2,3,3
318,X4,2,2
318,X4,2,2
318,X4,2,2
318,X4,2,2
318,X4,3,2
318,X4,2,2
318,X4,2,2
318,X4,2,2
318,X4,3,2
318,X4,3,3
318,X4,3,3
318,X4,3,3
318,X4,3,3
318,X4,3,3
318,X4,3,3
320,base,2,2
320,base,2,2
320,base,2,2
320,base,2,2
320,base,4,2
320,base,2,2
320,base,2,2
320,base,2,2
320,base,3,2
320,base,4,3
320,base,3,3
320,R1,2,2
320,R1,2,2
320,R1,2,2
320,R1,2,2
320,R1,4,2
320,R1,2,2
320,R1,2,2
320,R1,2,2
320,R1,3,2
320,R1,4,3
320,R1,3,3
320,R2,4,3
320,R2,3,3
320,X4,2,2
320,X4,2,2
320,X4,2,2
320,X4,2,2
320,X4,2,2
320,X4,2,2
320,X4,2,2
320,X4,2,2
320,X4,2,2
320,X4,3,2
320,X4,4,3
320,X4,3,3
323,base,4,2
323,R1,4,2
323,X4,2,2
326,base,2,2
326,R1,2,2
326,X4,2,2
326,base,5,2
326,base,2,2
326,base,2,2
326,base,2,2
326,base,2,2
326,R1,5,2
326,R1,2,2
326,R1,2,2
326,R1,2,2
326,R1,2,2
326,X4,2,2
326,X4,2,2
326,X4,2,2
326,X4,2,2
326,X4,2,2
326,X4,2,2
327,base,4,2
327,base,2,2
327,base,2,2
327,base,4,2
327,base,2,2
327,base,2,2
327,base,2,2
327,base,2,2
327,base,2,2
327,base,3,2
327,base,3,2
327,base,2,2
327,base,2,2
327,base,2,2
327,base,3,2
327,base,3,2
327,base,2,2
327,base,2,2
327,base,2,2
327,base,2,2
327,base,2,2
327,base,2,2
327,base,3,2
327,base,5,2
327,base,2,2
327,base,2,2
327,base,2,2
327,base,3,2
327,base,2,2
327,base,2,2
327,base,2,2
327,base,2,2
327,base,2,2
327,base,2,2
327,base,2,2
327,base,3,2
327,base,2,2
327,base,2,2
327,base,4,2
327,base,2,2
327,base,2,2
327,base,2,2
327,base,2,2
327,base,2,2
327,base,2,2
327,base,4,2
327,base,4,2
327,base,2,2
327,base,2,2
327,base,3,2
327,base,2,2
327,base,2,2
327,base,2,2
327,base,2,2
327,base,2,2
327,base,2,2
327,base,2,2
327,base,2,2
327,base,3,2
327,base,2,2
327,base,3,2
327,base,3,2
327,base,2,2
327,base,3,2
327,base,5,3
327,base,3,3
327,base,3,3
327,base,3,3
327,base,3,3
327,base,3,3
327,base,3,3
327,base,4,3
327,base,3,3
327,base,3,3
327,base,3,3
327,base,3,3
327,base,3,3
327,base,5,4
327,R1,4,2
327,R1,2,2
327,R1,2,2
327,R1,2,2
327,R1,2,2
327,R1,2,2
327,R1,2,2
327,R1,2,2
327,R1,3,2
327,R1,3,2
327,R1,2,2
327,R1,2,2
327,R1,2,2
327,R1,3,2
327,R1,3,2
327,R1,2,2
327,R1,2,2
327,R1,2,2
327,R1,2,2
327,R1,2,2
327,R1,2,2
327,R1,3,2
327,R1,5,2
327,R1,2,2
327,R1,2,2
327,R1,2,2
327,R1,3,2
327,R1,2,2
327,R1,2,2
327,R1,2,2
327,R1,2,2
327,R1,2,2
327,R1,2,2
327,R1,2,2
327,R1,3,2
327,R1,2,2
327,R1,2,2
327,R1,4,2
327,R1,2,2
327,R1,2,2
327,R1,2,2
327,R1,2,2
327,R1,2,2
327,R1,2,2
327,R1,4,2
327,R1,4,2
327,R1,2,2
327,R1,2,2
327,R1,3,2
327,R1,2,2
327,R1,2,2
327,R1,2,2
327,R1,2,2
327,R1,2,2
327,R1,2,2
327,R1,2,2
327,R1,2,2
327,R1,3,2
327,R1,2,2
327,R1,3,2
327,R1,3,2
327,R1,2,2
327,R1,3,2
327,R1,5,3
327,R1,3,3
327,R1,3,3
327,R1,3,3
327,R1,3,3
327,R1,3,3
327,R1,3,3
327,R1,4,3
327,R1,3,3
327,R1,3,3
327,R1,3,3
327,R1,3,3
327,R1,3,3
327,R1,5,4
327,R2,3,3
327,R2,3,3
327,R2,4,3
327,R2,3,3
327,R2,3,3
327,R2,3,3
327,R2,3,3
327,R2,3,3
327,R2,3,3
327,R2,3,3
327,X4,4,2
327,X4,2,2
327,X4,2,2
327,X4,4,2
327,X4,2,2
327,X4,2,2
327,X4,2,2
327,X4,2,2
327,X4,2,2
327,X4,3,2
327,X4,3,2
327,X4,2,2
327,X4,2,2
327,X4,2,2
327,X4,3,2
327,X4,3,2
327,X4,2,2
327,X4,2,2
327,X4,2,2
327,X4,2,2
327,X4,2,2
327,X4,2,2
327,X4,3,2
327,X4,5,2
327,X4,2,2
327,X4,2,2
327,X4,2,2
327,X4,2,2
327,X4,3,2
327,X4,2,2
327,X4,2,2
327,X4,2,2
327,X4,2,2
327,X4,2,2
327,X4,2,2
327,X4,2,2
327,X4,3,2
327,X4,2,2
327,X4,2,2
327,X4,4,2
327,X4,2,2
327,X4,2,2
327,X4,2,2
327,X4,2,2
327,X4,2,2
327,X4,2,2
327,X4,4,2
327,X4,4,2
327,X4,2,2
327,X4,2,2
327,X4,3,2
327,X4,2,2
327,X4,2,2
327,X4,2,2
327,X4,2,2
327,X4,2,2
327,X4,2,2
327,X4,2,2
327,X4,2,2
327,X4,2,2
327,X4,3,2
327,X4,2,2
327,X4,3,2
327,X4,3,2
327,X4,2,2
327,X4,3,2
327,X4,5,3
327,X4,3,3
327,X4,3,3
327,X4,3,3
327,X4,3,3
327,X4,3,3
327,X4,3,3
327,X4,4,3
327,X4,3,3
327,X4,3,3
327,X4,3,3
327,X4,3,3
327,X4,3,3
327,X4,5,4
330,base,3,2
330,base,3,2
330,base,2,2
330,base,4,2
330,base,3,2
330,base,3,2
330,base,4,2
330,base,3,3
330,R1,3,2
330,R1,3,2
330,R1,2,2
330,R1,4,2
330,R1,3,2
330,R1,3,2
330,R1,3,3
330,R2,3,3
330,X4,3,2
330,X4,3,2
330,X4,2,2
330,X4,2,2
330,X4,3,2
330,X4,3,2
330,X4,4,2
330,X4,3,3
333,base,3,2
333,X4,3,2
335,base,2,2
335,base,2,2
335,base,2,2
335,base,3,2
335,base,2,2
335,base,2,2
335,base,2,2
335,base,2,2
335,base,2,2
335,base,2,2
335,base,2,2
335,base,2,2
335,base,2,2
335,base,2,2
335,base,3,2
335,base,3,2
335,base,3,3
335,base,4,4
335,R1,2,2
335,R1,2,2
335,R1,2,2
335,R1,3,2
335,R1,2,2
335,R1,2,2
335,R1,2,2
335,R1,2,2
335,R1,2,2
335,R1,2,2
335,R1,2,2
335,R1,2,2
335,R1,2,2
335,R1,2,2
335,R1,3,2
335,R1,3,2
335,R1,3,3
335,R1,4,4
335,R2,3,3
335,X4,2,2
335,X4,2,2
335,X4,2,2
335,X4,3,2
335,X4,2,2
335,X4,3,2
335,X4,2,2
335,X4,2,2
335,X4,2,2
335,X4,2,2
335,X4,2,2
335,X4,2,2
335,X4,2,2
335,X4,2,2
335,X4,2,2
335,X4,2,2
335,X4,3,2
335,X4,3,2
335,X4,3,3
335,X4,4,4
335,base,3,2
335,base,2,2
335,base,4,2
335,base,5,4
335,R1,3,2
335,R1,2,2
335,R1,4,2
335,R1,5,4
335,R2,3,3
335,R2,4,3
335,X4,3,2
335,X4,2,2
335,X4,4,2
335,X4,5,4
338,base,2,2
338,base,2,2
338,base,2,2
338,base,2,2
338,base,2,2
338,base,3,2
338,base,3,2
338,base,2,2
338,base,2,2
338,base,3,3
338,base,3,3
338,R1,2,2
338,R1,2,2
338,R1,2,2
338,R1,2,2
338,R1,2,2
338,R1,3,2
338,R1,3,2
338,R1,2,2
338,R1,2,2
338,R1,3,3
338,R1,3,3
338,R2,3,3
338,R2,3,3
338,X4,2,2
338,X4,2,2
338,X4,2,2
338,X4,2,2
338,X4,2,2
338,X4,3,2
338,X4,3,2
338,X4,2,2
338,X4,2,2
338,X4,3,3
338,X4,3,3
339,base,2,2
339,R1,2,2
339,X4,2,2
340,base,4,2
340,X4,4,2
342,base,2,2
342,base,2,2
342,base,2,2
342,base,4,2
342,base,4,2
342,base,4,2
342,base,2,2
342,base,2,2
342,base,3,2
342,base,3,3
342,base,3,3
342,R1,2,2
342,R1,2,2
342,R1,2,2
342,R1,4,2
342,R1,4,2
342,R1,4,2
342,R1,2,2
342,R1,2,2
342,R1,3,2
342,R1,3,3
342,R1,3,3
342,R2,3,3
342,R2,3,3
342,X4,2,2
342,X4,3,2
342,X4,3,2
342,X4,2,2
342,X4,4,2
342,X4,2,2
342,X4,4,2
342,X4,2,2
342,X4,2,2
342,X4,3,2
342,X4,3,3
342,X4,3,3
342,X4,3,3
342,X4,3,3
343,base,2,2
343,base,2,2
343,base,2,2
343,base,2,2
343,base,3,2
343,base,3,3
343,base,3,3
343,R1,2,2
343,R1,2,2
343,R1,2,2
343,R1,2,2
343,R1,3,2
343,R1,3,3
343,R1,3,3
343,R2,3,3
343,R2,3,3
343,X4,2,2
343,X4,2,2
343,X4,2,2
343,X4,2,2
343,X4,3,2
343,X4,3,3
343,X4,3,3
344,base,2,2
344,base,2,2
344,base,3,2
344,base,3,2
344,base,3,2
344,base,3,2
344,base,3,2
344,base,3,3
344,base,4,4
344,R1,2,2
344,R1,2,2
344,R1,3,2
344,R1,3,3
344,R1,4,4
344,R1,3,2
344,R2,3,3
344,R2,4,4
344,X4,2,2
344,X4,2,2
344,X4,3,2
344,X4,3,2
344,X4,3,2
344,X4,3,2
344,X4,3,2
344,X4,3,3
344,X4,4,4
349,base,2,2
349,X4,2,2
350,base,3,2
350,base,2,2
350,base,2,2
350,base,3,2
350,base,4,3
350,base,4,3
350,base,4,4
350,R1,3,2
350,R1,2,2
350,R1,2,2
350,R1,3,2
350,R1,4,3
350,R1,4,3
350,R1,4,4
350,R2,4,3
350,R2,4,3
350,X4,3,2
350,X4,2,2
350,X4,2,2
350,X4,2,2
350,X4,3,2
350,X4,4,3
350,X4,4,3
350,X4,4,4
351,base,4,2
351,X4,4,2
353,base,2,2
353,base,3,2
353,base,3,2
353,base,2,2
353,base,2,2
353,base,2,2
353,base,2,2
353,base,3,2
353,base,4,2
353,base,4,2
353,base,4,2
353,base,3,2
353,base,4,2
353,base,4,3
353,base,3,3
353,R1,2,2
353,R1,3,2
353,R1,3,2
353,R1,2,2
353,R1,2,2
353,R1,2,2
353,R1,2,2
353,R1,3,2
353,R1,4,2
353,R1,4,2
353,R1,4,2
353,R1,3,2
353,R1,4,2
353,R1,4,3
353,R1,3,3
353,R2,4,3
353,R2,3,3
353,X4,2,2
353,X4,3,2
353,X4,3,2
353,X4,2,2
353,X4,2,2
353,X4,2,2
353,X4,2,2
353,X4,3,2
353,X4,4,2
353,X4,3,2
353,X4,4,2
353,X4,4,3
353,X4,3,3
353,X4,3,3
354,base,2,2
354,base,2,2
354,base,3,3
354,R1,2,2
354,R1,2,2
354,R1,3,3
354,R2,3,3
354,X4,2,2
354,X4,2,2
354,X4,3,3
355,base,2,2
355,base,3,2
355,base,2,2
355,base,2,2
355,base,2,2
355,base,4,2
355,base,3,2
355,base,2,2
355,base,2,2
355,base,2,2
355,base,2,2
355,base,2,2
355,base,2,2
355,base,2,2
355,base,2,2
355,base,2,2
355,base,4,3
355,base,3,3
355,base,3,3
355,base,5,3
355,base,7,4
355,base,8,5
355,R1,2,2
355,R1,3,2
355,R1,2,2
355,R1,2,2
355,R1,2,2
355,R1,4,2
355,R1,3,2
355,R1,2,2
355,R1,2,2
355,R1,2,2
355,R1,2,2
355,R1,2,2
355,R1,2,2
355,R1,2,2
355,R1,2,2
355,R1,2,2
355,R1,4,3
355,R1,3,3
355,R1,3,3
355,R1,5,3
355,R1,7,4
355,R1,8,5
355,R2,6,3
355,R2,3,3
355,X4,2,2
355,X4,3,2
355,X4,2,2
355,X4,2,2
355,X4,2,2
355,X4,4,2
355,X4,3,2
355,X4,2,2
355,X4,2,2
355,X4,2,2
355,X4,2,2
355,X4,2,2
355,X4,2,2
355,X4,3,2
355,X4,2,2
355,X4,2,2
355,X4,2,2
355,X4,2,2
355,X4,4,3
355,X4,3,3
355,X4,3,3
355,X4,5,3
355,X4,7,4
355,X4,8,5
357,base,2,2
357,base,2,2
357,base,3,2
357,base,6,4
357,R1,2,2
357,R1,2,2
357,R1,3,2
357,R1,6,4
357,R2,5,3
357,R2,4,3
357,X4,2,2
357,X4,2,2
357,X4,3,2
357,X4,6,4
359,base,4,2
359,X4,4,2
360,base,2,2
360,base,2,2
360,base,4,2
360,base,2,2
360,base,4,2
360,base,2,2
360,base,3,3
360,base,3,3
360,base,3,3
360,base,6,4
360,R1,2,2
360,R1,2,2
360,R1,4,2
360,R1,3,3
360,R1,3,3
360,R1,3,3
360,R1,5,3
360,R1,2,2
360,R1,4,2
360,R1,2,2
360,R2,3,3
360,R2,3,3
360,R2,6,4
360,X4,2,2
360,X4,2,2
360,X4,2,2
360,X4,2,2
360,X4,4,2
360,X4,2,2
360,X4,3,3
360,X4,3,3
360,X4,3,3
360,X4,3,3
360,X4,3,3
360,X4,6,4
361,base,2,2
361,R1,2,2
361,X4,2,2
362,base,3,2
362,base,2,2
362,base,2,2
362,base,4,2
362,base,3,2
362,base,2,2
362,base,3,2
362,base,4,2
362,base,2,2
362,base,4,2
362,base,3,2
362,base,2,2
362,base,2,2
362,base,2,2
362,base,4,2
362,base,2,2
362,base,4,2
362,base,3,3
362,base,4,3
362,base,3,3
362,base,3,3
362,base,4,4
362,R1,3,2
362,R1,2,2
362,R1,2,2
362,R1,4,2
362,R1,3,2
362,R1,2,2
362,R1,3,2
362,R1,4,2
362,R1,2,2
362,R1,3,3
362,R1,4,3
362,R1,3,2
362,R1,2,2
362,R1,2,2
362,R1,2,2
362,R1,2,2
362,R1,4,2
362,R1,3,3
362,R1,3,3
362,R1,4,4
362,R2,4,3
362,R2,3,3
362,R2,3,3
362,R2,3,3
362,X4,3,2
362,X4,2,2
362,X4,2,2
362,X4,3,2
362,X4,2,2
362,X4,3,2
362,X4,4,2
362,X4,2,2
362,X4,2,2
362,X4,2,2
362,X4,4,2
362,X4,3,2
362,X4,2,2
362,X4,2,2
362,X4,2,2
362,X4,4,2
362,X4,2,2
362,X4,2,2
362,X4,2,2
362,X4,3,3
362,X4,3,3
362,X4,4,3
362,X4,3,3
362,X4,3,3
362,X4,4,4
363,base,2,2
363,base,4,2
363,base,4,2
363,base,4,2
363,base,2,2
363,base,4,2
363,base,5,4
363,R1,2,2
363,R1,4,2
363,R1,4,2
363,R1,4,2
363,R1,2,2
363,R1,4,2
363,R1,5,4
363,R2,5,4
363,X4,4,2
363,X4,2,2
363,X4,4,2
363,X4,3,3
363,X4,3,3
363,X4,5,4
364,base,2,2
364,base,3,2
364,base,3,3
364,base,3,3
364,R1,2,2
364,R1,3,2
364,R1,3,3
364,R1,3,3
364,R2,3,3
364,R2,3,3
364,X4,2,2
364,X4,3,2
364,X4,3,3
364,X4,3,3
365,base,2,2
365,base,2,2
365,base,4,2
365,base,3,2
365,base,3,3
365,base,3,3
365,base,3,3
365,base,3,3
365,base,3,3
365,base,3,3
365,R1,2,2
365,R1,2,2
365,R1,4,2
365,R1,3,3
365,R1,3,3
365,R1,3,3
365,R1,3,3
365,R1,3,3
365,R1,3,3
365,R2,3,3
365,R2,3,3
365,R2,3,3
365,X4,2,2
365,X4,2,2
365,X4,4,2
365,X4,3,2
365,X4,3,3
365,X4,3,3
365,X4,3,3
365,X4,3,3
365,X4,3,3
365,X4,3,3
367,base,4,2
367,X4,4,2
367,X4,2,2
368,base,3,2
368,base,2,2
368,base,2,2
368,base,2,2
368,base,2,2
368,base,2,2
368,base,4,2
368,base,2,2
368,base,2,2
368,base,3,2
368,base,4,2
368,base,3,2
368,base,2,2
368,base,2,2
368,base,2,2
368,base,2,2
368,base,2,2
368,base,2,2
368,base,2,2
368,base,3,2
368,base,4,2
368,base,3,2
368,base,4,2
368,base,4,2
368,base,2,2
368,base,2,2
368,base,3,2
368,base,2,2
368,base,2,2
368,base,2,2
368,base,3,2
368,base,2,2
368,base,3,2
368,base,3,2
368,base,4,2
368,base,2,2
368,base,2,2
368,base,2,2
368,base,2,2
368,base,2,2
368,base,2,2
368,base,2,2
368,base,2,2
368,base,3,2
368,base,3,2
368,base,3,2
368,base,2,2
368,base,2,2
368,base,2,2
368,base,2,2
368,base,3,2
368,base,2,2
368,base,2,2
368,base,2,2
368,base,2,2
368,base,2,2
368,base,2,2
368,base,4,2
368,base,4,3
368,base,4,3
368,base,4,3
368,base,4,3
368,base,4,3
368,base,5,3
368,base,4,3
368,base,3,3
368,base,3,3
368,base,4,3
368,base,3,3
368,base,3,3
368,base,3,3
368,base,4,4
368,base,4,4
368,base,7,5
368,R1,3,2
368,R1,2,2
368,R1,2,2
368,R1,2,2
368,R1,2,2
368,R1,2,2
368,R1,4,2
368,R1,2,2
368,R1,2,2
368,R1,3,2
368,R1,4,3
368,R1,4,3
368,R1,2,2
368,R1,2,2
368,R1,2,2
368,R1,2,2
368,R1,2,2
368,R1,2,2
368,R1,3,2
368,R1,3,2
368,R1,4,2
368,R1,4,2
368,R1,2,2
368,R1,2,2
368,R1,3,2
368,R1,2,2
368,R1,2,2
368,R1,2,2
368,R1,3,2
368,R1,2,2
368,R1,3,2
368,R1,3,2
368,R1,4,2
368,R1,2,2
368,R1,2,2
368,R1,2,2
368,R1,2,2
368,R1,2,2
368,R1,2,2
368,R1,2,2
368,R1,2,2
368,R1,3,2
368,R1,3,2
368,R1,3,2
368,R1,2,2
368,R1,2,2
368,R1,2,2
368,R1,2,2
368,R1,3,2
368,R1,2,2
368,R1,2,2
368,R1,2,2
368,R1,2,2
368,R1,2,2
368,R1,2,2
368,R1,4,2
368,R1,4,3
368,R1,4,3
368,R1,4,3
368,R1,5,3
368,R1,4,3
368,R1,3,3
368,R1,3,3
368,R1,4,3
368,R1,3,3
368,R1,3,3
368,R1,3,3
368,R1,4,4
368,R1,4,4
368,R1,7,5
368,R2,4,3
368,R2,4,3
368,R2,4,3
368,R2,3,3
368,R2,4,3
368,R2,3,3
368,R2,5,4
368,R2,6,4
368,R2,4,4
368,X4,3,2
368,X4,2,2
368,X4,2,2
368,X4,2,2
368,X4,2,2
368,X4,2,2
368,X4,4,2
368,X4,2,2
368,X4,2,2
368,X4,3,2
368,X4,4,2
368,X4,3,2
368,X4,2,2
368,X4,2,2
368,X4,2,2
368,X4,2,2
368,X4,2,2
368,X4,2,2
368,X4,2,2
368,X4,2,2
368,X4,3,2
368,X4,4,2
368,X4,3,2
368,X4,2,2
368,X4,2,2
368,X4,2,2
368,X4,2,2
368,X4,3,2
368,X4,2,2
368,X4,2,2
368,X4,2,2
368,X4,2,2
368,X4,3,2
368,X4,2,2
368,X4,3,2
368,X4,3,2
368,X4,2,2
368,X4,2,2
368,X4,2,2
368,X4,2,2
368,X4,2,2
368,X4,2,2
368,X4,2,2
368,X4,2,2
368,X4,2,2
368,X4,3,2
368,X4,3,2
368,X4,3,2
368,X4,2,2
368,X4,2,2
368,X4,2,2
368,X4,2,2
368,X4,3,2
368,X4,2,2
368,X4,2,2
368,X4,2,2
368,X4,2,2
368,X4,2,2
368,X4,2,2
368,X4,4,3
368,X4,4,3
368,X4,4,3
368,X4,4,3
368,X4,4,3
368,X4,5,3
368,X4,4,3
368,X4,3,3
368,X4,3,3
368,X4,4,3
368,X4,4,3
368,X4,3,3
368,X4,3,3
368,X4,3,3
368,X4,3,3
368,X4,4,4
368,X4,4,4
368,X4,7,5
369,base,3,2
369,base,3,2
369,base,2,2
369,base,2,2
369,base,2,2
369,base,2,2
369,base,3,3
369,base,4,3
369,R1,3,2
369,R1,2,2
369,R1,2,2
369,R1,2,2
369,R1,2,2
369,R1,3,3
369,R1,4,3
369,R2,4,3
369,X4,3,2
369,X4,3,2
369,X4,2,2
369,X4,2,2
369,X4,2,2
369,X4,2,2
369,X4,3,3
369,X4,4,3
370,base,2,2
370,base,2,2
370,base,2,2
370,base,2,2
370,base,3,3
370,base,3,3
370,base,4,3
370,R1,2,2
370,R1,2,2
370,R1,2,2
370,R1,2,2
370,R1,3,3
370,R1,3,3
370,R1,4,3
370,R2,3,3
370,R2,3,3
370,X4,2,2
370,X4,2,2
370,X4,2,2
370,X4,2,2
370,X4,2,2
370,X4,2,2
370,X4,3,3
370,X4,3,3
370,X4,4,3
371,base,3,2
371,base,2,2
371,base,2,2
371,base,2,2
371,base,2,2
371,base,3,2
371,base,3,2
371,base,2,2
371,base,2,2
371,base,2,2
371,R1,3,2
371,R1,2,2
371,R1,2,2
371,R1,2,2
371,R1,2,2
371,R1,3,2
371,R1,3,2
371,R1,2,2
371,R1,2,2
371,R1,2,2
371,X4,3,2
371,X4,2,2
371,X4,2,2
371,X4,2,2
371,X4,2,2
371,X4,3,2
371,X4,3,2
371,X4,2,2
371,X4,2,2
371,X4,2,2
372,base,2,2
372,base,2,2
372,base,4,2
372,base,4,2
372,base,2,2
372,base,3,2
372,base,2,2
372,base,2,2
372,base,2,2
372,base,2,2
372,base,3,2
372,base,2,2
372,base,3,2
372,base,3,2
372,base,2,2
372,base,2,2
372,base,2,2
372,base,2,2
372,base,2,2
372,base,2,2
372,base,2,2
372,base,2,2
372,base,2,2
372,base,2,2
372,base,2,2
372,base,2,2
372,base,2,2
372,base,2,2
372,base,2,2
372,base,2,2
372,base,2,2
372,base,2,2
372,base,3,3
372,base,4,3
372,base,3,3
372,base,3,3
372,base,3,3
372,base,4,3
372,base,4,3
372,base,3,3
372,R1,2,2
372,R1,2,2
372,R1,4,2
372,R1,4,2
372,R1,2,2
372,R1,3,2
372,R1,2,2
372,R1,2,2
372,R1,2,2
372,R1,2,2
372,R1,3,2
372,R1,2,2
372,R1,3,2
372,R1,3,2
372,R1,2,2
372,R1,2,2
372,R1,2,2
372,R1,2,2
372,R1,2,2
372,R1,2,2
372,R1,2,2
372,R1,2,2
372,R1,2,2
372,R1,2,2
372,R1,2,2
372,R1,2,2
372,R1,2,2
372,R1,2,2
372,R1,2,2
372,R1,2,2
372,R1,2,2
372,R1,2,2
372,R1,3,3
372,R1,4,3
372,R1,3,3
372,R1,3,3
372,R1,3,3
372,R1,4,3
372,R1,4,3
372,R1,3,3
372,R2,4,3
372,R2,3,3
372,R2,4,3
372,R2,3,3
372,X4,2,2
372,X4,2,2
372,X4,2,2
372,X4,2,2
372,X4,2,2
372,X4,3,2
372,X4,2,2
372,X4,2,2
372,X4,2,2
372,X4,2,2
372,X4,3,2
372,X4,2,2
372,X4,3,2
372,X4,3,2
372,X4,2,2
372,X4,2,2
372,X4,2,2
372,X4,2,2
372,X4,2,2
372,X4,2,2
372,X4,2,2
372,X4,2,2
372,X4,2,2
372,X4,2,2
372,X4,2,2
372,X4,2,2
372,X4,2,2
372,X4,2,2
372,X4,2,2
372,X4,2,2
372,X4,2,2
372,X4,2,2
372,X4,2,2
372,X4,2,2
372,X4,3,3
372,X4,4,3
372,X4,3,3
372,X4,3,3
372,X4,3,3
372,X4,4,3
372,X4,4,3
372,X4,3,3
374,base,3,2
374,base,3,2
374,base,2,2
374,base,3,2
374,base,3,3
374,base,4,3
374,R1,3,2
374,R1,3,2
374,R1,2,2
374,R1,3,2
374,R1,3,3
374,R1,4,3
374,R2,3,3
374,R2,4,3
374,X4,3,2
374,X4,3,2
374,X4,2,2
374,X4,3,2
374,X4,3,3
374,X4,4,3
376,base,4,2
376,base,4,2
376,base,2,2
376,base,2,2
376,base,2,2
376,base,2,2
376,base,2,2
376,base,3,2
376,base,3,2
376,base,2,2
376,base,3,2
376,base,5,3
376,base,3,3
376,base,5,4
376,base,5,5
376,R1,4,2
376,R1,2,2
376,R1,2,2
376,R1,2,2
376,R1,2,2
376,R1,2,2
376,R1,3,2
376,R1,3,2
376,R1,2,2
376,R1,3,2
376,R1,5,3
376,R1,3,3
376,R1,5,4
376,R1,5,5
376,R2,3,3
376,R2,3,3
376,R2,5,3
376,R2,3,3
376,R2,5,4
376,X4,4,2
376,X4,2,2
376,X4,2,2
376,X4,2,2
376,X4,2,2
376,X4,2,2
376,X4,2,2
376,X4,2,2
376,X4,3,2
376,X4,3,2
376,X4,2,2
376,X4,3,2
376,X4,5,3
376,X4,3,3
376,X4,5,4
376,X4,5,5
377,base,2,2
377,base,4,2
377,base,3,2
377,base,2,2
377,base,3,3
377,R1,2,2
377,R1,3,2
377,R1,2,2
377,R1,3,3
377,X4,2,2
377,X4,4,2
377,X4,3,2
377,X4,2,2
377,X4,3,3
380,base,2,2
380,base,4,2
380,base,2,2
380,base,2,2
380,base,2,2
380,base,2,2
380,base,2,2
380,base,4,3
380,R1,2,2
380,R1,4,2
380,R1,2,2
380,R1,2,2
380,R1,2,2
380,R1,2,2
380,R1,2,2
380,R1,4,3
380,X4,2,2
380,X4,4,2
380,X4,2,2
380,X4,2,2
380,X4,2,2
380,X4,2,2
380,X4,2,2
380,X4,4,3
382,base,2,2
382,base,4,3
382,base,3,3
382,base,4,3
382,base,4,3
382,base,3,3
382,R1,2,2
382,R1,4,3
382,R1,3,3
382,R1,4,3
382,R1,4,3
382,R1,3,3
382,R2,3,3
382,X4,2,2
382,X4,4,3
382,X4,3,3
382,X4,4,3
382,X4,4,3
382,X4,3,3
383,base,2,2
383,base,2,2
383,base,2,2
383,base,2,2
383,base,2,2
383,base,2,2
383,base,2,2
383,base,2,2
383,base,3,2
383,base,3,2
383,base,2,2
383,base,2,2
383,base,2,2
383,base,2,2
383,base,3,3
383,R1,2,2
383,R1,2,2
383,R1,2,2
383,R1,2,2
383,R1,2,2
383,R1,2,2
383,R1,2,2
383,R1,2,2
383,R1,3,2
383,R1,3,2
383,R1,2,2
383,R1,2,2
383,R1,2,2
383,R1,2,2
383,R1,3,3
383,R2,3,3
383,X4,2,2
383,X4,2,2
383,X4,2,2
383,X4,2,2
383,X4,2,2
383,X4,2,2
383,X4,2,2
383,X4,2,2
383,X4,2,2
383,X4,3,2
383,X4,3,2
383,X4,2,2
383,X4,2,2
383,X4,2,2
383,X4,2,2
383,X4,3,3
384,base,2,2
384,base,2,2
384,base,2,2
384,base,2,2
384,base,2,2
384,base,4,3
384,base,4,3
384,R1,2,2
384,R1,2,2
384,R1,2,2
384,R1,2,2
384,R1,2,2
384,R1,4,3
384,R1,4,3
384,R2,4,3
384,R2,4,3
384,X4,2,2
384,X4,2,2
384,X4,2,2
384,X4,2,2
384,X4,2,2
384,X4,4,3
384,X4,4,3
385,base,3,2
385,X4,3,2
387,base,4,2
387,base,4,2
387,base,2,2
387,base,2,2
387,base,3,2
387,base,2,2
387,base,4,3
387,base,3,3
387,R1,4,2
387,R1,4,2
387,R1,2,2
387,R1,2,2
387,R1,3,2
387,R1,2,2
387,R1,4,3
387,R1,3,3
387,R2,4,3
387,R2,3,3
387,X4,2,2
387,X4,2,2
387,X4,3,2
387,X4,2,2
387,X4,3,3
387,X4,4,3
387,X4,3,3
388,base,4,2
388,base,2,2
388,base,2,2
388,base,2,2
388,base,3,2
388,base,4,3
388,base,4,3
388,base,3,3
388,R1,2,2
388,R1,2,2
388,R1,2,2
388,R1,3,2
388,R1,4,3
388,R1,4,3
388,R1,3,3
388,R2,3,3
388,X4,4,2
388,X4,2,2
388,X4,2,2
388,X4,2,2
388,X4,3,2
388,X4,4,3
388,X4,4,3
388,X4,3,3
389,X4,2,2
390,base,2,2
390,base,2,2
390,base,2,2
390,base,3,3
390,base,3,3
390,base,3,3
390,base,3,3
390,base,4,3
390,base,3,3
390,R1,2,2
390,R1,2,2
390,R1,2,2
390,R1,3,3
390,R1,3,3
390,R1,3,3
390,R1,3,3
390,R1,4,3
390,R1,3,3
390,R2,3,3
390,R2,3,3
390,R2,3,3
390,R2,3,3
390,X4,2,2
390,X4,2,2
390,X4,2,2
390,X4,3,3
390,X4,3,3
390,X4,3,3
390,X4,3,3
390,X4,4,3
390,X4,3,3
391,base,4,2
391,X4,4,2
393,base,2,2
393,base,3,2
393,base,2,2
393,base,2,2
393,base,2,2
393,base,2,2
393,base,4,2
393,base,3,2
393,base,3,3
393,base,3,3
393,base,5,3
393,base,3,3
393,base,3,3
393,R1,2,2
393,R1,3,2
393,R1,2,2
393,R1,2,2
393,R1,2,2
393,R1,2,2
393,R1,4,2
393,R1,3,3
393,R1,3,3
393,R1,5,3
393,R1,3,3
393,R1,3,2
393,R1,3,3
393,R2,3,3
393,R2,3,3
393,R2,3,3
393,X4,2,2
393,X4,3,2
393,X4,2,2
393,X4,2,2
393,X4,2,2
393,X4,2,2
393,X4,4,2
393,X4,3,2
393,X4,3,3
393,X4,3,3
393,X4,5,3
393,X4,3,3
393,X4,3,3
396,base,2,2
396,base,2,2
396,base,2,2
396,base,4,2
396,base,2,2
396,base,2,2
396,base,3,3
396,base,4,3
396,base,6,3
396,R1,2,2
396,R1,2,2
396,R1,2,2
396,R1,4,2
396,R1,2,2
396,R1,2,2
396,R1,3,3
396,R1,4,3
396,R1,6,3
396,X4,2,2
396,X4,2,2
396,X4,2,2
396,X4,2,2
396,X4,3,3
396,X4,4,3
396,X4,3,3
396,X4,3,3
397,base,2,2
397,base,2,2
397,base,2,2
397,base,2,2
397,base,2,2
397,base,3,2
397,base,3,3
397,R1,2,2
397,R1,2,2
397,R1,2,2
397,R1,2,2
397,R1,2,2
397,R1,3,2
397,R1,3,3
397,X4,2,2
397,X4,2,2
397,X4,2,2
397,X4,2,2
397,X4,2,2
397,X4,3,2
397,X4,3,3
398,base,4,2
398,X4,4,2
399,base,4,2
399,base,4,2
399,base,3,2
399,base,2,2
399,base,4,2
399,base,4,2
399,base,2,2
399,base,2,2
399,base,3,2
399,base,2,2
399,base,2,2
399,R1,2,2
399,R1,4,2
399,R1,2,2
399,R1,2,2
399,R1,3,2
399,R1,2,2
399,R1,2,2
399,X4,4,2
399,X4,4,2
399,X4,3,2
399,X4,2,2
399,X4,4,2
399,X4,2,2
399,X4,3,2
399,X4,2,2
399,X4,2,2
399,X4,3,3
400,base,2,2
400,base,3,2
400,base,2,2
400,base,2,2
400,base,4,2
400,base,3,2
400,base,2,2
400,base,2,2
400,base,3,2
400,R1,2,2
400,R1,3,2
400,R1,2,2
400,R1,2,2
400,R1,4,2
400,R1,3,2
400,R1,2,2
400,R1,2,2
400,R1,3,2
400,X4,2,2
400,X4,3,2
400,X4,2,2
400,X4,2,2
400,X4,4,2
400,X4,3,2
400,X4,2,2
400,X4,2,2
400,X4,3,2
401,base,2,2
401,base,2,2
401,base,3,2
401,base,2,2
401,base,2,2
401,base,2,2
401,base,2,2
401,base,2,2
401,base,2,2
401,base,4,2
401,base,3,2
401,base,2,2
401,base,2,2
401,base,2,2
401,base,2,2
401,base,2,2
401,base,2,2
401,base,2,2
401,base,2,2
401,base,2,2
401,base,4,3
401,base,4,3
401,base,3,3
401,base,5,4
401,base,5,4
401,R1,2,2
401,R1,2,2
401,R1,3,2
401,R1,2,2
401,R1,2,2
401,R1,2,2
401,R1,2,2
401,R1,2,2
401,R1,2,2
401,R1,4,2
401,R1,3,2
401,R1,2,2
401,R1,2,2
401,R1,2,2
401,R1,2,2
401,R1,2,2
401,R1,2,2
401,R1,4,3
401,R1,4,3
401,R1,3,3
401,R1,5,4
401,R1,5,4
401,R1,2,2
401,R1,2,2
401,R1,2,2
401,R2,3,3
401,R2,4,3
401,R2,3,3
401,R2,5,4
401,X4,2,2
401,X4,2,2
401,X4,3,2
401,X4,3,2
401,X4,2,2
401,X4,2,2
401,X4,2,2
401,X4,2,2
401,X4,2,2
401,X4,2,2
401,X4,2,2
401,X4,2,2
401,X4,2,2
401,X4,3,2
401,X4,2,2
401,X4,2,2
401,X4,2,2
401,X4,2,2
401,X4,2,2
401,X4,2,2
401,X4,4,2
401,X4,4,2
401,X4,2,2
401,X4,2,2
401,X4,2,2
401,X4,2,2
401,X4,4,3
401,X4,4,3
401,X4,3,3
401,X4,5,4
401,X4,5,4
401,X4,5,4
402,base,2,2
402,base,4,2
402,base,4,2
402,base,2,2
402,base,4,2
402,base,2,2
402,base,3,3
402,R1,2,2
402,R1,4,2
402,R1,4,2
402,R1,2,2
402,R1,4,2
402,R1,2,2
402,R1,3,3
402,R2,3,3
402,X4,2,2
402,X4,2,2
402,X4,2,2
402,X4,3,3
402,X4,3,3
402,X4,3,3
403,base,3,2
403,base,2,2
403,base,2,2
403,base,4,2
403,R1,3,2
403,R1,2,2
403,R1,2,2
403,R1,4,2
403,X4,3,2
403,X4,2,2
403,X4,3,3
404,base,2,2
404,base,2,2
404,base,2,2
404,base,5,2
404,base,2,2
404,base,2,2
404,base,2,2
404,base,3,2
404,base,3,3
404,base,3,3
404,base,3,3
404,R1,2,2
404,R1,2,2
404,R1,2,2
404,R1,5,2
404,R1,2,2
404,R1,2,2
404,R1,2,2
404,R1,3,2
404,R1,3,3
404,R1,3,3
404,R1,3,3
404,R2,3,3
404,R2,3,3
404,R2,3,3
404,X4,2,2
404,X4,2,2
404,X4,2,2
404,X4,5,2
404,X4,2,2
404,X4,2,2
404,X4,2,2
404,X4,3,2
404,X4,3,3
404,X4,3,3
404,X4,3,3
405,base,4,2
405,base,2,2
405,base,2,2
405,base,2,2
405,base,2,2
405,base,2,2
405,base,3,2
405,base,3,2
405,base,2,2
405,base,2,2
405,R1,4,2
405,R1,2,2
405,R1,2,2
405,R1,2,2
405,R1,2,2
405,R1,2,2
405,R1,3,2
405,R1,3,2
405,R1,2,2
405,R1,2,2
405,X4,3,2
405,X4,2,2
405,X4,2,2
405,X4,2,2
405,X4,2,2
405,X4,2,2
405,X4,2,2
405,X4,3,2
405,X4,3,2
405,X4,2,2
405,X4,2,2
406,base,2,2
406,base,3,2
406,base,2,2
406,base,2,2
406,base,2,2
406,base,2,2
406,base,3,2
406,base,4,2
406,base,2,2
406,base,2,2
406,base,2,2
406,base,2,2
406,base,2,2
406,base,3,2
406,base,3,2
406,base,2,2
406,base,2,2
406,base,2,2
406,base,2,2
406,base,2,2
406,base,2,2
406,base,2,2
406,base,2,2
406,base,2,2
406,base,4,2
406,base,5,3
406,base,3,3
406,base,3,3
406,base,3,3
406,R1,2,2
406,R1,3,2
406,R1,2,2
406,R1,2,2
406,R1,2,2
406,R1,2,2
406,R1,3,2
406,R1,4,2
406,R1,2,2
406,R1,2,2
406,R1,2,2
406,R1,2,2
406,R1,2,2
406,R1,3,2
406,R1,3,2
406,R1,2,2
406,R1,2,2
406,R1,2,2
406,R1,2,2
406,R1,2,2
406,R1,2,2
406,R1,2,2
406,R1,2,2
406,R1,2,2
406,R1,4,2
406,R1,5,3
406,R1,3,3
406,R1,3,3
406,R1,3,3
406,R2,3,3
406,X4,2,2
406,X4,3,2
406,X4,2,2
406,X4,2,2
406,X4,2,2
406,X4,2,2
406,X4,2,2
406,X4,3,2
406,X4,3,2
406,X4,2,2
406,X4,2,2
406,X4,2,2
406,X4,2,2
406,X4,2,2
406,X4,2,2
406,X4,3,2
406,X4,3,2
406,X4,2,2
406,X4,2,2
406,X4,2,2
406,X4,2,2
406,X4,2,2
406,X4,2,2
406,X4,2,2
406,X4,2,2
406,X4,2,2
406,X4,4,2
406,X4,5,3
406,X4,3,3
406,X4,3,3
406,X4,3,3
408,base,2,2
408,base,2,2
408,base,3,2
408,base,4,2
408,base,2,2
408,base,2,2
408,base,3,2
408,base,2,2
408,base,2,2
408,base,2,2
408,base,2,2
408,base,3,2
408,base,3,2
408,base,5,2
408,base,2,2
408,base,2,2
408,base,2,2
408,base,2,2
408,base,2,2
408,base,2,2
408,base,2,2
408,base,3,2
408,base,2,2
408,base,3,2
408,base,2,2
408,base,2,2
408,base,4,2
408,base,2,2
408,base,3,2
408,base,2,2
408,base,2,2
408,base,2,2
408,base,2,2
408,base,2,2
408,base,2,2
408,base,3,2
408,base,3,2
408,base,2,2
408,base,2,2
408,base,3,3
408,base,3,3
408,base,3,3
408,base,4,4
408,R1,2,2
408,R1,2,2
408,R1,3,2
408,R1,4,2
408,R1,2,2
408,R1,2,2
408,R1,3,2
408,R1,2,2
408,R1,2,2
408,R1,2,2
408,R1,2,2
408,R1,3,2
408,R1,3,2
408,R1,5,2
408,R1,2,2
408,R1,2,2
408,R1,2,2
408,R1,2,2
408,R1,2,2
408,R1,2,2
408,R1,2,2
408,R1,3,2
408,R1,2,2
408,R1,3,2
408,R1,2,2
408,R1,2,2
408,R1,4,2
408,R1,2,2
408,R1,3,3
408,R1,4,4
408,R1,2,2
408,R1,2,2
408,R1,3,3
408,R1,3,3
408,R1,2,2
408,R1,2,2
408,R1,2,2
408,R1,2,2
408,R1,3,2
408,R1,3,2
408,R1,2,2
408,R1,2,2
408,R2,3,3
408,R2,3,3
408,X4,2,2
408,X4,2,2
408,X4,3,2
408,X4,2,2
408,X4,3,2
408,X4,2,2
408,X4,2,2
408,X4,2,2
408,X4,2,2
408,X4,3,2
408,X4,3,2
408,X4,5,2
408,X4,2,2
408,X4,2,2
408,X4,2,2
408,X4,2,2
408,X4,2,2
408,X4,2,2
408,X4,2,2
408,X4,3,2
408,X4,2,2
408,X4,3,2
408,X4,2,2
408,X4,2,2
408,X4,2,2
408,X4,2,2
408,X4,3,2
408,X4,2,2
408,X4,2,2
408,X4,2,2
408,X4,2,2
408,X4,2,2
408,X4,2,2
408,X4,2,2
408,X4,3,2
408,X4,3,2
408,X4,2,2
408,X4,2,2
408,X4,3,3
408,X4,3,3
408,X4,3,3
408,X4,3,3
408,X4,3,3
408,X4,3,3
408,X4,4,4
410,base,2,2
410,base,2,2
410,base,2,2
410,base,2,2
410,base,3,2
410,base,3,2
410,base,3,2
410,base,4,2
410,base,3,3
410,base,3,3
410,base,5,4
410,R1,2,2
410,R1,2,2
410,R1,2,2
410,R1,2,2
410,R1,3,2
410,R1,3,2
410,R1,3,2
410,R1,4,2
410,R1,3,3
410,R1,3,3
410,R1,5,4
410,R2,3,3
410,R2,3,3
410,R2,5,4
410,X4,2,2
410,X4,2,2
410,X4,2,2
410,X4,2,2
410,X4,3,2
410,X4,3,2
410,X4,3,2
410,X4,4,2
410,X4,3,3
410,X4,3,3
410,X4,5,4
411,base,2,2
411,base,3,2
411,base,2,2
411,base,2,2
411,base,2,2
411,base,3,2
411,base,3,2
411,base,2,2
411,base,2,2
411,base,2,2
411,base,2,2
411,base,2,2
411,base,2,2
411,base,2,2
411,base,2,2
411,base,2,2
411,base,2,2
411,base,2,2
411,base,2,2
411,base,3,3
411,base,3,3
411,base,3,3
411,R1,2,2
411,R1,3,2
411,R1,2,2
411,R1,2,2
411,R1,2,2
411,R1,3,2
411,R1,3,2
411,R1,2,2
411,R1,2,2
411,R1,2,2
411,R1,2,2
411,R1,2,2
411,R1,2,2
411,R1,2,2
411,R1,2,2
411,R1,2,2
411,R1,2,2
411,R1,2,2
411,R1,2,2
411,R1,3,3
411,R1,3,3
411,R1,3,3
411,R2,3,3
411,X4,2,2
411,X4,3,2
411,X4,2,2
411,X4,2,2
411,X4,2,2
411,X4,3,2
411,X4,3,2
411,X4,2,2
411,X4,2,2
411,X4,2,2
411,X4,2,2
411,X4,2,2
411,X4,2,2
411,X4,2,2
411,X4,2,2
411,X4,2,2
411,X4,2,2
411,X4,2,2
411,X4,2,2
411,X4,2,2
411,X4,3,3
411,X4,3,3
411,X4,3,3
413,base,6,2
413,base,4,2
413,base,2,2
413,base,2,2
413,base,2,2
413,base,2,2
413,base,2,2
413,base,2,2
413,base,2,2
413,base,2,2
413,base,2,2
413,base,2,2
413,base,2,2
413,base,4,3
413,base,5,3
413,base,5,4
413,R1,6,2
413,R1,4,2
413,R1,2,2
413,R1,2,2
413,R1,2,2
413,R1,2,2
413,R1,2,2
413,R1,2,2
413,R1,2,2
413,R1,2,2
413,R1,2,2
413,R1,2,2
413,R1,2,2
413,R1,4,3
413,R1,5,3
413,R1,5,4
413,R2,5,3
413,R2,5,4
413,X4,2,2
413,X4,2,2
413,X4,2,2
413,X4,2,2
413,X4,2,2
413,X4,2,2
413,X4,2,2
413,X4,2,2
413,X4,2,2
413,X4,2,2
413,X4,2,2
413,X4,3,3
413,X4,4,3
413,X4,5,3
413,X4,5,4
