key	quantity	forms_long	forms_short	examples
αα	L	5	0	ἄασʼ:1L, ἀασάμην:1L, ἄασαν:1L, ἀάσατο:1L, ἄασεν:1L
ααα	undetermined	2	0	ἀάατον:2L, ἀάατος:2L
ααατο	undetermined	0	1	ἀάατος:3S
ααγε	undetermined	1	0	ἀαγές:2L
αασα	undetermined	2	1	ἀασάμην:2S, ἄασαν:2L, ἀάσατο:2L
αασαμη	undetermined	0	1	ἀασάμην:3S
αασατο	undetermined	0	1	ἀάσατο:3S
αασε	undetermined	0	1	ἄασεν:2S
αατο	undetermined	0	1	ἄατον:2S
αβα	S	0	5	ἀβάκησαν:1S, ἄβαντα:1S, ἄβαντες:1S, ἀβάντων:1S, ἀβαρβαρέη:1S
αβακη	undetermined	0	1	ἀβάκησαν:2S
αβι	undetermined	0	1	ἀβίων:1S
αβρο	undetermined	0	2	ἀβροτάξομεν:1S, ἀβρότη:1S
αβυ	S	0	3	ἀβυδόθεν:1S, ἀβυδόθι:1S, ἄβυδον:1S
αβυδο	L	3	0	ἀβυδόθεν:2L, ἀβυδόθι:2L, ἄβυδον:2L
αγα	S	0	101	ἀγάασθαι:1S, ἀγάασθε:1S, ἄγαγʼ:1S, ἄγαγε:1S, ἄγαγεν:1S, ἀγαγέσθαι:1S, ἀγάγῃ:1S, ἀγάγῃσιν:1S
αγαγε	S	0	3	ἄγαγε:2S, ἄγαγεν:2S, ἀγαγέσθαι:2S
αγαγη	undetermined	0	2	ἀγάγῃ:2S, ἀγάγῃσιν:2S
αγαγο	S	0	4	ἀγάγοι:2S, ἄγαγον:2S, ἀγαγόντες:2S, ἀγαγοῦσα:2S
αγαγω	S	0	3	ἀγάγωμεν:2S, ἀγάγωμι:2S, ἀγαγών:2S
αγαθα	S	0	3	ἀγαθά:2S, ἀγαθαί:2S, ἀγαθάς:2S
αγαθη	S	0	5	ἀγαθή:2S, ἀγαθῇ:2S, ἀγαθήν:2S, ἀγαθῇσι:2S, ἀγαθῇσιν:2S
αγαθο	S	0	6	ἀγαθοῖο:2S, ἀγαθοῖσι:2S, ἀγαθοῖσιν:2S, ἀγαθόν:2S, ἀγαθός:2S, ἀγαθοῦ:2S
αγαθω	undetermined	0	2	ἀγαθώ:2S, ἀγάθωνα:2S
αγακλυτα	undetermined	0	1	ἀγακλυτά:3S
αγακλυτο	undetermined	0	1	ἀγακλυτόν:3S
αγαλματα	undetermined	0	1	ἀγάλματα:3S
αγαμα	undetermined	0	1	ἄγαμαι:2S
αγαμε	S	0	8	ἀγάμεμνον:2S, ἀγαμέμνονα:2S, ἀγαμεμνονέην:2S, ἀγαμεμνονέης:2S, ἀγαμέμνονι:2S, ἀγαμεμνονίδης:2S, ἀγαμέμνονος:2S, ἀγαμέμνων:2S
αγαμεμνονιδη	undetermined	0	1	ἀγαμεμνονίδης:5S
αγαμη	undetermined	0	1	ἀγαμήδην:2S
αγαμο	undetermined	0	1	ἄγαμος:2S
αγανη	undetermined	0	1	ἀγανῇσι:2S
αγαννιφο	undetermined	0	1	ἀγάννιφον:3S
αγανο	S	0	7	ἀγανοῖς:2S, ἀγανοῖσι:2S, ἀγανοῖσιν:2S, ἀγανός:2S, ἀγανοφροσύνη:2S, ἀγανοφροσύνῃ:2S, ἀγανόφρων:2S
αγανοφροσυνη	undetermined	0	2	ἀγανοφροσύνη:5S, ἀγανοφροσύνῃ:5S
αγαπα	S	0	4	ἀγαπαζέμεν:2S, ἀγαπάζῃ:2S, ἀγαπαζόμενοι:2S, ἀγαπᾷς:2S
αγαπη	S	0	6	ἀγαπήνορα:2S, ἀγαπήνορος:2S, ἀγαπήνωρ:2S, ἀγάπησα:2S, ἀγαπητόν:2S, ἀγαπητός:2S
αγασα	undetermined	0	2	ἀγάσαντο:2S, ἀγάσασθαι:2S
αγαση	undetermined	0	1	ἀγάσησθε:2S
αγασσαμε	S	0	3	ἀγασσάμεθʼ:3S, ἀγασσάμενοι:3S, ἀγασσάμενος:3S
αγασσατο	undetermined	0	1	ἀγάσσατο:3S
αγγελιαω	undetermined	1	0	ἀγγελιάων:4L
αγε	S	0	51	ἄγε:1S, ἄγεθʼ:1S, ἄγει:1S, ἄγειν:1S, ἄγειρα:1S, ἄγειραν:1S, ἀγείρας:1S, ἄγειρεν:1S
αγελαε	undetermined	1	0	ἀγέλαε:3L
αγελαο	undetermined	2	0	ἀγέλαον:3L, ἀγέλαος:3L
αγη	S	0	23	ἄγη:1S, ἄγῃ:1S, ἀγηγέραθʼ:1S, ἀγηγέρατʼ:1S, ἀγήνορα:1S, ἀγήνορας:1S, ἀγήνορες:1S, ἀγήνορι:1S
αγι	S	0	5	ἀγινεῖ:1S, ἀγινεῖς:1S, ἀγινέμεναι:1S, ἀγίνεον:1S, ἀγίνεσκον:1S
αγινε	L	5	0	ἀγινεῖ:2L, ἀγινεῖς:2L, ἀγινέμεναι:2L, ἀγίνεον:2L, ἀγίνεσκον:2L
αγκαλι	undetermined	0	1	ἀγκαλίδεσσι:2S
αγκαλιδε	undetermined	0	1	ἀγκαλίδεσσι:3S
αγκλινα	undetermined	1	0	ἀγκλίνας:2L
αγκρεμασα	undetermined	0	1	ἀγκρεμάσασα:3S
αγκρεμασασα	undetermined	1	0	ἀγκρεμάσασα:4L
αγκυλα	undetermined	0	1	ἀγκύλα:2S
αγκυλο	S	0	7	ἀγκυλομήτεω:2S, ἀγκυλομήτης:2S, ἀγκύλον:2S, ἀγκυλότοξοι:2S, ἀγκυλοτόξους:2S, ἀγκυλοχεῖλαι:2S, ἀγκυλοχείλης:2S
αγνυμε	undetermined	0	1	ἀγνυμενάων:2S
αγνυμεναω	undetermined	1	0	ἀγνυμενάων:4L
αγνυτο	undetermined	0	1	ἄγνυτον:2S
αγξηρανη	undetermined	1	0	ἀγξηράνῃ:3L
αγο	S	1	58	ἀγοί:1S, ἄγοι:1S, ἄγοιεν:1S, ἄγοιμʼ:1S, ἄγοιμι:1S, ἄγοιτο:1S, ἀγόμην:1S, ἄγον:1S
αγοραω	undetermined	1	0	ἀγοράων:3L
αγορησατο	undetermined	0	1	ἀγορήσατο:4S
αγριο	undetermined	1	0	ἀγρίου:2L
αγροτεραω	undetermined	1	0	ἀγροτεράων:4L
αγυ	S	0	6	ἀγυιαί:1S, ἄγυιαν:1S, ἀγυιάς:1S, ἀγύρει:1S, ἄγυριν:1S, ἀγυρτάζειν:1S
αγυρε	undetermined	0	1	ἀγύρει:2S
αγυρι	undetermined	0	1	ἄγυριν:2S
αγχεμαχο	undetermined	0	2	ἀγχέμαχοι:3S, ἀγχεμάχοις:3S
αγχεμαχω	undetermined	0	1	ἀγχεμάχων:3S
αγχιαλο	S	0	3	ἀγχιάλοιο:3S, ἀγχίαλον:3S, ἀγχίαλος:3S
αγχιβα	undetermined	0	1	ἀγχιβαθής:2S
αγχιβαθη	undetermined	0	1	ἀγχιβαθής:3S
αγχιμα	undetermined	0	1	ἀγχιμαχηταί:2S
αγχιμαχη	undetermined	0	1	ἀγχιμαχηταί:3S
αγχιμο	undetermined	0	2	ἀγχιμόλοιο:2S, ἀγχίμολον:2S
αγχισα	undetermined	1	0	ἀγχίσαο:2L
αγχισαο	undetermined	1	0	ἀγχίσαο:3L
αγχιση	L	3	0	ἀγχίσῃ:2L, ἀγχίσην:2L, ἀγχίσης:2L
αγχισι	undetermined	1	0	ἀγχισιάδης:2L
αγχισιαδη	undetermined	0	1	ἀγχισιάδης:4S
αγω	S	0	11	ἄγω:1S, ἄγωμαι:1S, ἄγωμεν:1S, ἀγών:1S, ἄγων:1S, ἀγῶνα:1S, ἀγῶνας:1S, ἀγῶνι:1S
αδα	S	0	8	ἀδαήμονες:1S, ἀδαήμονι:1S, ἀδαημονίη:1S, ἀδαήμων:1S, ἀδακρύτω:1S, ἀδάμαντα:1S, ἀδάμας:1S, ἀδάμαστος:1S
αδακρυτω	undetermined	1	0	ἀδακρύτω:3L
αδαμα	S	0	3	ἀδάμαντα:2S, ἀδάμας:2S, ἀδάμαστος:2S
αδε	S	1	10	ἅδε:1S, ἀδεές:1L, ἀδειής:1S, ἁδεῖν:1S, ἀδελφειοῦ:1S, ἀδελφεόν:1S, ἀδελφεός:1S, ἀδευκέα:1S
αδη	undetermined	1	2	ἄδην:1L, ἅδην:1S, ἀδήριτος:1S
αδηριτο	undetermined	1	0	ἀδήριτος:3L
αδι	S	0	6	ἁδινά:1S, ἁδινάων:1S, ἀδινόν:1S, ἁδινόν:1S, ἁδινοῦ:1S, ἁδινῶς:1S
αδινα	undetermined	0	2	ἁδινά:2S, ἁδινάων:2S
αδιναω	undetermined	1	0	ἁδινάων:3L
αδινο	S	0	3	ἀδινόν:2S, ἁδινόν:2S, ἁδινοῦ:2S
αδινω	undetermined	0	1	ἁδινῶς:2S
αδο	undetermined	0	2	ἅδοι:1S, ἅδος:1S
αδρηστινη	undetermined	1	0	ἀδρηστίνη:3L
αδυ	undetermined	0	1	ἀδύτοιο:1S
αδυτο	undetermined	0	1	ἀδύτοιο:2S
αε	L	4	0	ἀείδει:1L, ἀενάοντα:1L, ἄεσα:1L, ἀέσαμεν:1L
αειραμε	undetermined	0	2	ἀειραμένη:3S, ἀειράμενος:3S
αεργιη	undetermined	1	0	ἀεργίης:3L
αερσιπο	undetermined	0	2	ἀερσίποδες:3S, ἀερσιπόδων:3S
αεσαμε	undetermined	0	1	ἀέσαμεν:3S
αεσιφροσυνη	undetermined	0	1	ἀεσιφροσύνῃσι:5S
αζειδαο	undetermined	1	0	ἀζεΐδαο:4L
αη	undetermined	1	0	ἀήρ:1L
αησυλα	undetermined	0	1	ἀήσυλα:3S
αθα	undetermined	14	2	ἀθανάτη:1L, ἀθανάτην:1L, ἀθανάτῃς:1L, ἀθανάτῃσι:1L, ἀθάνατοι:1L, ἀθανάτοιο:1L, ἀθανάτοις:1L, ἀθανάτοισι:1L
αθανα	S	0	14	ἀθανάτη:2S, ἀθανάτην:2S, ἀθανάτῃς:2S, ἀθανάτῃσι:2S, ἀθάνατοι:2S, ἀθανάτοιο:2S, ἀθανάτοις:2S, ἀθανάτοισι:2S
αθανατη	S	0	4	ἀθανάτη:3S, ἀθανάτην:3S, ἀθανάτῃς:3S, ἀθανάτῃσι:3S
αθανατο	S	0	8	ἀθάνατοι:3S, ἀθανάτοιο:3S, ἀθανάτοις:3S, ἀθανάτοισι:3S, ἀθανάτοισιν:3S, ἀθάνατον:3S, ἀθάνατος:3S, ἀθανάτους:3S
αθανατω	undetermined	0	2	ἀθανάτω:3S, ἀθανάτων:3S
αθε	S	0	10	ἀθεμίστια:1S, ἀθεμίστιος:1S, ἀθέμιστοι:1S, ἀθέμιστος:1S, ἀθεμίστων:1S, ἀθέριζον:1S, ἀθερίζω:1S, ἀθέσφατοι:1S
αθεσφατο	S	0	3	ἀθέσφατοι:3S, ἀθέσφατον:3S, ἀθέσφατος:3S
αθη	S	0	15	ἀθηναίη:1S, ἀθηναίῃ:1S, ἀθηναίην:1S, ἀθηναίης:1S, ἀθηναῖοι:1S, ἀθηναίων:1S, ἀθήνας:1S, ἀθηνάων:1S
αθηναω	undetermined	1	0	ἀθηνάων:3L
αθυ	S	0	3	ἄθυμοι:1S, ἀθύρματα:1S, ἀθύρων:1S
αθυμο	undetermined	1	0	ἄθυμοι:2L
αθυρματα	undetermined	0	1	ἀθύρματα:3S
αθυρω	undetermined	1	0	ἀθύρων:2L
αι	L	25	0	ἄϊδος:1L, ἄϊε:1L, ἀϊκάς:1L, ἀΐξαντα:1L, ἀΐξαντε:1L, ἀίξαντε:1L, ἀΐξας:1L, ἀΐξασα:1L
αιακι	S	0	4	αἰακίδαο:2S, αἰακίδῃ:2S, αἰακίδην:2S, αἰακίδης:2S
αιακιδα	undetermined	0	1	αἰακίδαο:3S
αιακιδαο	undetermined	1	0	αἰακίδαο:4L
αιακιδη	S	0	3	αἰακίδῃ:3S, αἰακίδην:3S, αἰακίδης:3S
αιακο	undetermined	0	1	αἰακός:2S
αιγιαλε	undetermined	0	1	αἰγιάλεια:3S
αιγιαλο	undetermined	0	2	αἰγιαλόν:3S, αἰγιαλός:3S
αιγιαλω	undetermined	0	1	αἰγιαλῷ:3S
αιγιβο	undetermined	0	1	αἰγίβοτος:2S
αιγιδα	undetermined	0	1	αἰγίδα:2S
αιγιδι	undetermined	0	1	αἰγίδι:2S
αιγιλι	undetermined	0	1	αἰγίλιπος:2S
αιγιλιπο	undetermined	0	1	αἰγίλιπος:3S
αιγινα	undetermined	1	0	αἴγιναν:2L
αιγυπι	S	0	3	αἰγυπιοί:2S, αἰγυπιοῖσι:2S, αἰγυπιός:2S
αιδα	undetermined	0	2	ἀΐδαο:2S, ἀίδαο:2S
αιδαο	undetermined	2	0	ἀΐδαο:3L, ἀίδαο:3L
αιδε	undetermined	0	2	ἀΐδεω:2S, ἀίδεω:2S
αιδη	S	0	8	ἀΐδῃ:2S, ἀίδῃ:2S, ἀΐδηλον:2S, ἀίδηλον:2S, ἀΐδηλος:2S, ἀϊδήλως:2S, ἀΐδην:2S, ἀΐδης:2S
αιδι	undetermined	0	1	ἄϊδι:2S
αιδο	undetermined	0	2	ἄϊδος:2S, ἄϊδοσδε:2S
αιδω	undetermined	0	2	ἀϊδωνεύς:2S, ἀϊδωνῆϊ:2S
αιειγενεταω	undetermined	1	0	αἰειγενετάων:5L
αιηταο	undetermined	1	0	αἰήταο:3L
αιθαλο	S	0	3	αἰθαλόεν:2S, αἰθαλόεντος:2S, αἰθαλόεσσαν:2S
αιθικε	undetermined	1	0	αἰθίκεσσι:2L
αικα	undetermined	1	0	ἀϊκάς:2L
αικω	undetermined	0	1	ἀϊκῶς:2S
αιμασι	undetermined	0	1	αἱμασιάς:2S
αιματι	undetermined	0	1	αἵματι:2S
αιματο	S	0	8	αἱματόεις:2S, αἱματόεντʼ:2S, αἱματόεντα:2S, αἱματόεντος:2S, αἱματόεσσα:2S, αἱματοέσσας:2S, αἱματοέσσης:2S, αἵματος:2S
αιμονιδα	undetermined	0	1	αἱμονίδαο:3S
αιμονιδαο	undetermined	1	0	αἱμονίδαο:4L
αιμονιδη	undetermined	0	1	αἱμονίδης:3S
αιμυλι	undetermined	0	1	αἱμυλίοισι:2S
αιναρε	undetermined	0	1	αἰναρέτη:2S
αινειαο	undetermined	1	0	αἰνείαο:3L
αινοπαθη	undetermined	0	1	αἰνοπαθῆ:3S
αινοτατε	undetermined	0	1	αἰνότατε:3S
αινοτατη	undetermined	0	2	αἰνοτάτη:3S, αἰνοτάτην:3S
αινοτατο	undetermined	0	2	αἰνότατον:3S, αἰνότατος:3S
αινοτατω	undetermined	0	1	αἰνοτάτῳ:3S
αινυμε	S	0	5	αἰνύμεναι:2S, αἰνύμενοι:2S, αἰνύμενος:2S, αἰνυμένους:2S, αἰνυμένῳ:2S
αινυτα	undetermined	0	1	αἴνυται:2S
αινυτο	undetermined	0	1	αἴνυτο:2S
αιξασα	L	3	0	ἀΐξασα:3L, ἀίξασα:3L, ἀΐξασαι:3L
αιολιδα	undetermined	0	1	αἰολίδαο:3S
αιολιδαο	undetermined	1	0	αἰολίδαο:4L
αιολιδη	undetermined	0	1	αἰολίδης:3S
αιπυτι	undetermined	0	1	αἰπύτιον:2S
αιρο	undetermined	1	0	ἄϊρος:2L
αισιμα	undetermined	0	1	αἴσιμα:2S
αισιμη	undetermined	0	1	αἰσίμη:2S
αισιμο	undetermined	0	1	αἴσιμον:2S
αισυη	undetermined	1	0	αἰσυήταο:2L
αισυηταο	undetermined	1	0	αἰσυήταο:4L
αισυλα	undetermined	0	1	αἴσυλα:2S
αισυμη	undetermined	1	0	αἰσύμηθεν:2L
αισχυνε	undetermined	2	0	αἰσχύνει:2L, αἰσχυνέμεν:2L
αισχυνο	L	3	0	αἰσχύνομαι:2L, αἰσχυνόμενοι:2L, αἰσχυνόμενος:2L
αισχυνω	undetermined	2	0	αἰσχύνων:2L, αἰσχύνωσι:2L
αιτησασα	undetermined	1	0	αἰτήσασα:3L
αιχμηταω	undetermined	1	0	αἰχμητάων:3L
ακα	S	1	23	ἀκαλαρρείταο:1S, ἀκάμαντʼ:1S, ἀκάμαντα:1S, ἀκάμαντος:1S, ἀκάμας:1S, ἀκάματον:1L, ἀκάνθας:1S, ἀκάστῳ:1S
ακαλα	undetermined	0	1	ἀκαλαρρείταο:2S
ακαλαρρειταο	undetermined	1	0	ἀκαλαρρείταο:5L
ακαμα	S	0	5	ἀκάμαντʼ:2S, ἀκάμαντα:2S, ἀκάμαντος:2S, ἀκάμας:2S, ἀκάματον:2S
ακαματο	undetermined	0	1	ἀκάματον:3S
ακαχη	S	0	7	ἀκαχήατο:2S, ἀκάχημαι:2S, ἀκαχήμενον:2S, ἀκαχήμενος:2S, ἀκάχησε:2S, ἀκάχησθαι:2S, ἀκάχηται:2S
ακαχηατο	undetermined	0	1	ἀκαχήατο:4S
ακαχι	S	0	3	ἀκαχίζεις:2S, ἀκαχίζεο:2S, ἀκαχίζευ:2S
ακαχο	S	0	4	ἀκαχοίμεθα:2S, ἀκαχοίμην:2S, ἀκάχοιτο:2S, ἀκάχοντο:2S
ακε	S	0	8	ἀκειόμενοι:1S, ἀκειόμενον:1S, ἀκερσεκόμης:1S, ἀκέσασθε:1S, ἀκέσματʼ:1S, ἄκεσσαι:1S, ἀκεσσαμενοῖο:1S, ἀκεσταί:1S
ακεσσαμε	undetermined	0	1	ἀκεσσαμενοῖο:3S
ακη	S	0	18	ἀκηδέα:1S, ἀκηδέες:1S, ἀκήδεις:1S, ἀκήδεσεν:1S, ἀκήδεστοι:1S, ἀκηδέστως:1S, ἀκηδής:1S, ἀκήλητος:1S
ακηρατα	undetermined	0	1	ἀκήρατα:3S
ακηρατο	undetermined	0	2	ἀκήρατον:3S, ἀκήρατος:3S
ακι	S	0	5	ἀκιδνοτέρη:1S, ἀκιδνότερον:1S, ἀκιδνότερος:1S, ἄκικυς:1S, ἀκίχητα:1S
ακικυ	undetermined	1	0	ἄκικυς:2L
ακιχη	undetermined	0	1	ἀκίχητα:2S
ακο	S	1	75	ἀκοίτην:1S, ἀκοίτης:1S, ἄκοιτιν:1S, ἀκοίτις:1S, ἄκοιτις:1S, ἀκόλους:1S, ἀκομιστίη:1S, ἄκοντα:1S
ακομιστιη	undetermined	1	0	ἀκομιστίη:4L
ακοντισα	S	0	3	ἀκοντίσαι:3S, ἀκόντισαν:3S, ἀκοντίσατʼ:3S
ακοντισε	undetermined	0	2	ἀκόντισε:3S, ἀκόντισεν:3S
ακουσαμε	undetermined	0	1	ἀκούσαμεν:3S
ακουσατω	undetermined	0	1	ἀκουσάτω:3S
ακραα	undetermined	2	0	ἀκράαντα:2L, ἀκράαντον:2L
ακραε	undetermined	1	0	ἀκραέϊ:2L
ακραη	undetermined	1	0	ἀκραῆ:2L
ακριδε	undetermined	0	1	ἀκρίδες:2S
ακρισι	undetermined	0	1	ἀκρισιώνης:2S
ακριτα	undetermined	0	1	ἄκριτα:2S
ακριτο	S	0	5	ἄκριτοι:2S, ἀκριτόμυθε:2S, ἀκριτόμυθοι:2S, ἄκριτον:2S, ἀκριτόφυλλον:2S
ακριτομυθε	undetermined	1	0	ἀκριτόμυθε:4L
ακριτομυθο	undetermined	1	0	ἀκριτόμυθοι:4L
ακροτατα	undetermined	0	1	ἀκροτάτας:3S
ακροτατη	S	0	3	ἀκροτάτη:3S, ἀκροτάτῃ:3S, ἀκροτάτης:3S
ακροτατο	undetermined	0	1	ἀκρότατον:3S
ακροτατω	undetermined	0	1	ἀκροτάτῳ:3S
ακταω	undetermined	1	0	ἀκτάων:2L
ακτινε	undetermined	1	0	ἀκτίνεσσιν:2L
ακτοριδα	undetermined	0	1	ἀκτορίδαο:3S
ακτοριδαο	undetermined	1	0	ἀκτορίδαο:4L
ακυ	undetermined	0	1	ἄκυλον:1S
ακυλο	undetermined	0	1	ἄκυλον:2S
ακω	S	0	3	ἀκωκή:1S, ἀκωκῇ:1S, ἀκωκῆς:1S
αλα	S	0	43	ἅλα:1S, ἅλαδʼ:1S, ἀλάλημαι:1S, ἀλαλήμενος:1S, ἀλάλησαι:1S, ἀλάλησθαι:1S, ἀλάλησθε:1S, ἀλάλησο:1S
αλαλη	S	0	8	ἀλάλημαι:2S, ἀλαλήμενος:2S, ἀλάλησαι:2S, ἀλάλησθαι:2S, ἀλάλησθε:2S, ἀλάλησο:2S, ἀλαλητός:2S, ἀλαλητῷ:2S
αλαλυ	undetermined	0	1	ἀλαλύκτημαι:2S
αλαπα	S	0	11	ἀλαπαδναί:2S, ἀλαπαδνόν:2S, ἀλαπαδνότεροι:2S, ἀλάπαζε:2S, ἀλαπάζει:2S, ἀλαπαζομένην:2S, ἀλάπαξʼ:2S, ἀλάπαξα:2S
αλαστοριδη	undetermined	0	1	ἀλαστορίδην:4S
αλε	S	0	73	ἀλέγει:1S, ἀλεγεινά:1S, ἀλεγεινή:1S, ἀλεγεινῇ:1S, ἀλεγεινήν:1S, ἀλεγεινῆς:1S, ἀλεγεινοί:1S, ἀλεγεινός:1S
αλεγηνοριδα	undetermined	0	1	ἀλεγηνορίδαο:5S
αλεγηνοριδαο	undetermined	1	0	ἀλεγηνορίδαο:6L
αλεγυνε	undetermined	2	0	ἀλεγύνειν:3L, ἀλεγύνετε:3L
αλεγυνο	undetermined	1	0	ἀλέγυνον:3L
αλειφατι	undetermined	0	1	ἀλείφατι:3S
αλειφατο	undetermined	0	1	ἀλείφατος:3S
αλειψαμε	undetermined	0	2	ἀλειψαμένη:3S, ἀλειψαμένω:3S
αλειψατο	undetermined	0	1	ἀλείψατο:3S
αλεξανε	undetermined	0	1	ἀλεξάνεμον:3S
αλεξικα	undetermined	0	1	ἀλεξίκακος:3S
αλεξικακο	undetermined	0	1	ἀλεξίκακος:4S
αλευαμε	S	0	3	ἀλευάμενοι:3S, ἀλευάμενον:3S, ἀλευάμενος:3S
αλευατο	undetermined	0	1	ἀλεύατο:3S
αλη	S	1	24	ἄλη:1S, ἀληθέα:1S, ἀληθείην:1S, ἀληθείς:1S, ἀληθές:1S, ἀλήθην:1S, ἀλήθης:1S, ἀληθής:1S
αλι	S	0	30	ἁλί:1S, ἀλίαστον:1S, ἀλίαστος:1S, ἁλιάων:1S, ἀλίγκιον:1S, ἀλίγκιος:1S, ἁλιεύς:1S, ἁλιεῦσι:1S
αλιαε	undetermined	1	0	ἁλιαέες:3L
αλιαω	undetermined	1	0	ἁλιάων:3L
αλιθε	undetermined	0	1	ἁλιθέρσης:2S
αλιπο	undetermined	0	1	ἁλιπόρφυρα:2S
αλιπορφυρα	undetermined	0	1	ἁλιπόρφυρα:4S
αλιτε	undetermined	0	1	ἀλιτέσθαι:2S
αλιτη	S	0	3	ἀλιτήμενος:2S, ἀλιτήμων:2S, ἀλίτηται:2S
αλιτο	undetermined	0	1	ἀλίτοντο:2S
αλιτω	undetermined	0	1	ἀλίτωμαι:2S
αλκιμα	undetermined	0	1	ἄλκιμα:2S
αλκιμε	S	0	3	ἀλκίμεδον:2S, ἀλκιμέδοντα:2S, ἀλκιμέδων:2S
αλκιμι	undetermined	0	1	ἀλκιμίδης:2S
αλκιμιδη	undetermined	0	1	ἀλκιμίδης:3S
αλκιμο	S	0	3	ἄλκιμοι:2S, ἄλκιμον:2S, ἄλκιμος:2S
αλκινο	undetermined	0	2	ἀλκίνοʼ:2S, ἀλκίνοε:2S
αλκμαο	undetermined	1	0	ἀλκμάονα:2L
αλλαω	undetermined	1	0	ἀλλάων:2L
αλλοδαπη	undetermined	0	1	ἀλλοδαπῇ:3S
αλλοδαπο	S	0	3	ἀλλοδαποῖσι:3S, ἀλλοδαπός:3S, ἀλλοδαπούς:3S
αλλοδαπω	undetermined	0	1	ἀλλοδαπῷ:3S
αλλυδι	undetermined	0	1	ἄλλυδις:2S
αλλυε	undetermined	2	0	ἀλλύεσκεν:2L, ἀλλύεσκον:2L
αλλυο	undetermined	1	0	ἀλλύουσαν:2L
αλμασι	undetermined	0	1	ἅλμασιν:2S
αλματι	undetermined	0	1	ἅλματι:2S
αλμυρο	undetermined	0	1	ἁλμυρόν:2S
αλο	S	0	23	ἀλογήσει:1S, ἀλογήσεις:1S, ἁλόθεν:1S, ἀλοία:1S, ἁλοίην:1S, ἀλοιφή:1S, ἀλοιφῇ:1S, ἀλοιφήν:1S
αλταο	undetermined	1	0	ἄλταο:2L
αλυ	S	0	21	ἀλύβαντος:1S, ἀλύβης:1S, ἀλύξαι:1S, ἀλύξαιμεν:1S, ἄλυξαν:1S, ἀλύξας:1S, ἀλύξει:1S, ἀλύξειν:1S
αλυβα	undetermined	0	1	ἀλύβαντος:2S
αλυβη	undetermined	0	1	ἀλύβης:2S
αλυσκανε	undetermined	0	1	ἀλύσκανε:3S
αλυτο	undetermined	0	2	ἄλυτον:2S, ἀλύτους:2S
αλφεσιβο	undetermined	0	1	ἀλφεσίβοιαι:3S
αλφησταω	undetermined	1	0	ἀλφηστάων:3L
αλφιτα	undetermined	0	1	ἄλφιτα:2S
αλφιτο	undetermined	0	1	ἀλφίτου:2S
αλω	S	0	14	ἀλωάς:1S, ἀλωή:1S, ἀλωῇ:1S, ἁλώῃ:1S, ἀλωήν:1S, ἀλωῆος:1S, ἀλωῆς:1S, ἁλώμεναι:1S
αμα	S	1	32	ἅμα:1S, ἀμαζόνας:1S, ἀμαζόνες:1S, ἀμαθύνει:1S, ἀμαιμακέτην:1S, ἀμαιμάκετον:1S, ἀμαλδῦναι:1S, ἀμαλδύνας:1S
αμαθυ	undetermined	0	1	ἀμαθύνει:2S
αμαθυνε	undetermined	1	0	ἀμαθύνει:3L
αμαιμακε	undetermined	0	2	ἀμαιμακέτην:3S, ἀμαιμάκετον:3S
αμαλδυνα	undetermined	1	0	ἀμαλδύνας:3L
αμαλδυνη	undetermined	1	0	ἀμαλδύνηται:3L
αμαλη	undetermined	0	1	ἀμαλῇσι:2S
αμαξαω	undetermined	1	0	ἀμαξάων:3L
αμαξιτο	undetermined	0	1	ἀμαξιτόν:3S
αμαρη	undetermined	0	1	ἀμάρης:2S
αμαρυ	undetermined	0	2	ἀμαρυγκείδην:2S, ἀμαρυγκεΐδης:2S
αμαχη	undetermined	0	1	ἀμαχητί:2S
αμβατο	undetermined	0	1	ἀμβατός:2S
αμβολαδη	undetermined	0	1	ἀμβολάδην:3S
αμε	S	1	48	ἀμέγαρτε:1S, ἀμέγαρτον:1S, ἄμειβε:1S, ἄμειβεν:1S, ἀμείβεο:1S, ἀμείβεται:1S, ἀμείβετο:1S, ἀμειβόμεθʼ:1S
αμειλιχο	S	0	3	ἀμείλιχον:3S, ἀμείλιχος:3S, ἀμειλίχου:3S
αμειψαμε	undetermined	0	1	ἀμειψάμενος:3S
αμειψατο	undetermined	0	1	ἀμείψατο:3S
αμη	undetermined	5	7	ἁμήν:1L, ἁμῆς:1L, ἀμησάμενος:1S, ἀμήσαντες:1L, ἀμητῆρες:1L, ἄμητος:1L, ἀμήχανα:1S, ἀμήχανε:1S
αμησαμε	undetermined	0	1	ἀμησάμενος:3S
αμηχανα	undetermined	0	1	ἀμήχανα:3S
αμηχανε	undetermined	0	1	ἀμήχανε:3S
αμηχανι	undetermined	0	1	ἀμηχανίη:3S
αμηχανο	S	0	3	ἀμήχανοι:3S, ἀμήχανον:3S, ἀμήχανος:3S
αμι	S	0	3	ἀμισωδάρου:1S, ἀμιτροχίτωνας:1S, ἀμιχθαλόεσσαν:1S
αμισω	undetermined	0	1	ἀμισωδάρου:2S
αμισωδαρο	undetermined	0	1	ἀμισωδάρου:4S
αμιτροχιτω	undetermined	0	1	ἀμιτροχίτωνας:4S
αμιχθαλο	undetermined	0	1	ἀμιχθαλόεσσαν:3S
αμνισω	undetermined	1	0	ἀμνισῷ:2L
αμο	S	1	10	ἀμογητί:1S, ἁμόθεν:1S, ἀμοιβάς:1S, ἀμοιβηδίς:1S, ἀμοιβήν:1S, ἀμοιβῆς:1S, ἀμοιβοί:1S, ἀμολγῷ:1S
αμοπαο	undetermined	1	0	ἀμοπάονα:3L
αμπεπαλω	undetermined	0	1	ἀμπεπαλών:3S
αμπνυτο	undetermined	1	0	ἄμπνυτο:2L
αμπυκα	undetermined	0	1	ἄμπυκα:2S
αμυ	S	0	40	ἄμυδις:1S, ἀμυδῶνος:1S, ἀμυθάονα:1S, ἀμύμονα:1S, ἀμύμονας:1S, ἀμύμονες:1S, ἀμύμονι:1S, ἀμύμονος:1S
αμυδι	undetermined	0	1	ἄμυδις:2S
αμυδω	undetermined	0	1	ἀμυδῶνος:2S
αμυθα	undetermined	0	1	ἀμυθάονα:2S
αμυθαο	undetermined	1	0	ἀμυθάονα:3L
αμυμο	L	5	0	ἀμύμονα:2L, ἀμύμονας:2L, ἀμύμονες:2L, ἀμύμονι:2L, ἀμύμονος:2L
αμυμω	undetermined	1	0	ἀμύμων:2L
αμυνα	undetermined	2	0	ἀμύναι:2L, ἀμυναίμην:2L
αμυνε	L	10	0	ἄμυνε:2L, ἀμύνει:2L, ἀμύνειν:2L, ἀμύνεις:2L, ἀμυνέμεν:2L, ἀμυνέμεναι:2L, ἄμυνεν:2L, ἀμύνεσθαι:2L
αμυνη	undetermined	1	0	ἀμύνῃς:2L
αμυνο	L	10	0	ἀμύνοι:2L, ἀμύνοιτʼ:2L, ἀμυνόμενοι:2L, ἀμυνόμενον:2L, ἀμυνόμενος:2L, ἀμυνομένῳ:2L, ἀμυνομένων:2L, ἄμυνον:2L
αμυνω	undetermined	2	0	ἀμύνω:2L, ἀμύνων:2L
αμφαγα	undetermined	0	1	ἀμφαγάπαζον:2S
αμφαγαπα	undetermined	0	1	ἀμφαγάπαζον:3S
αμφαγε	undetermined	0	1	ἀμφαγέροντο:2S
αμφαδα	undetermined	0	1	ἀμφαδά:2S
αμφαδι	undetermined	0	2	ἀμφαδίην:2S, ἀμφάδιον:2S
αμφαδο	undetermined	0	1	ἀμφαδόν:2S
αμφαρα	undetermined	0	1	ἀμφαράβησε:2S
αμφαραβη	undetermined	0	1	ἀμφαράβησε:3S
αμφαφα	undetermined	0	1	ἀμφαφάασθαι:2S
αμφεκαλυ	undetermined	0	2	ἀμφεκάλυψε:3S, ἀμφεκάλυψεν:3S
αμφελαχα	undetermined	0	1	ἀμφελάχαινε:3S
αμφεμαχο	undetermined	0	1	ἀμφεμάχοντο:3S
αμφεχανε	undetermined	0	1	ἀμφέχανε:3S
αμφεχυθη	undetermined	0	1	ἀμφεχύθη:3S
αμφηλυθε	undetermined	0	2	ἀμφήλυθε:3S, ἀμφήλυθεν:3S
αμφιαλο	undetermined	0	1	ἀμφίαλος:3S
αμφιαλω	undetermined	0	1	ἀμφιάλῳ:3S
αμφιαρα	undetermined	0	1	ἀμφιάραος:3S
αμφιαραο	undetermined	2	0	ἀμφιάραον:4L, ἀμφιάραος:4L
αμφιαχυ	undetermined	0	1	ἀμφιαχυῖαν:3S
αμφιβα	S	0	7	ἀμφιβαλέσθαι:2S, ἀμφιβαλεῦμαι:2S, ἀμφιβαλόντε:2S, ἀμφιβαλόντες:2S, ἀμφιβαλόντι:2S, ἀμφιβαλών:2S, ἀμφίβασιν:2S
αμφιβαλε	undetermined	0	2	ἀμφιβαλέσθαι:3S, ἀμφιβαλεῦμαι:3S
αμφιβαλο	S	0	3	ἀμφιβαλόντε:3S, ἀμφιβαλόντες:3S, ἀμφιβαλόντι:3S
αμφιβαλω	undetermined	0	1	ἀμφιβαλών:3S
αμφιβασι	undetermined	0	1	ἀμφίβασιν:3S
αμφιβε	S	0	5	ἀμφιβέβηκας:2S, ἀμφιβέβηκε:2S, ἀμφιβεβήκει:2S, ἀμφιβέβηκεν:2S, ἀμφιβεβήκῃ:2S
αμφιβρο	undetermined	0	2	ἀμφιβρότην:2S, ἀμφιβρότης:2S
αμφιγε	undetermined	0	1	ἀμφιγένειαν:2S
αμφιγυ	S	0	4	ἀμφιγυήεις:2S, ἀμφιγύοις:2S, ἀμφιγύοισι:2S, ἀμφιγύοισιν:2S
αμφιδα	S	0	4	ἀμφιδάμαντι:2S, ἀμφιδάμαντος:2S, ἀμφιδάμας:2S, ἀμφιδάσειαν:2S
αμφιδαμα	S	0	3	ἀμφιδάμαντι:3S, ἀμφιδάμαντος:3S, ἀμφιδάμας:3S
αμφιδασε	undetermined	0	1	ἀμφιδάσειαν:3S
αμφιδε	undetermined	0	2	ἀμφιδέδηε:2S, ἀμφιδεδίνηται:2S
αμφιδεδινη	undetermined	1	0	ἀμφιδεδίνηται:4L
αμφιδρυ	undetermined	0	1	ἀμφιδρυφής:2S
αμφιδρυφη	undetermined	0	1	ἀμφιδρυφής:3S
αμφιδρυφο	undetermined	0	1	ἀμφίδρυφοι:3S
αμφιδυ	undetermined	0	1	ἀμφίδυμοι:2S
αμφιδυμο	undetermined	0	1	ἀμφίδυμοι:3S
αμφιεσασα	undetermined	1	0	ἀμφιέσασα:4L
αμφιζανε	undetermined	0	1	ἀμφίζανε:3S
αμφιθα	undetermined	0	1	ἀμφιθαλής:2S
αμφιθαλη	undetermined	0	1	ἀμφιθαλής:3S
αμφιθε	undetermined	0	2	ἀμφίθετον:2S, ἀμφίθετος:2S
αμφιθο	undetermined	0	1	ἀμφιθόη:2S
αμφικα	S	0	7	ἀμφικαλύπτει:2S, ἀμφικαλύπτοι:2S, ἀμφικαλύψαι:2S, ἀμφικαλύψας:2S, ἀμφικαλύψειν:2S, ἀμφικαλύψῃ:2S, ἀμφικαλύψω:2S
αμφικαλυ	S	0	7	ἀμφικαλύπτει:3S, ἀμφικαλύπτοι:3S, ἀμφικαλύψαι:3S, ἀμφικαλύψας:3S, ἀμφικαλύψειν:3S, ἀμφικαλύψῃ:3S, ἀμφικαλύψω:3S
αμφικο	undetermined	0	1	ἀμφικόμῳ:2S
αμφικυ	undetermined	0	2	ἀμφικύπελλα:2S, ἀμφικύπελλον:2S
αμφικυπε	undetermined	0	2	ἀμφικύπελλα:3S, ἀμφικύπελλον:3S
αμφιλο	undetermined	0	1	ἀμφίλοχος:2S
αμφιλυ	undetermined	0	1	ἀμφιλύκη:2S
αμφιλυκη	undetermined	0	1	ἀμφιλύκη:3S
αμφιμα	S	0	8	ἀμφιμάσασθε:2S, ἀμφιμάχεσθαι:2S, ἀμφιμάχοιο:2S, ἀμφίμαχον:2S, ἀμφιμάχονται:2S, ἀμφίμαχος:2S, ἀμφιμάχωμαι:2S, ἀμφιμάχωνται:2S
αμφιμασα	undetermined	0	1	ἀμφιμάσασθε:3S
αμφιμαχε	undetermined	0	1	ἀμφιμάχεσθαι:3S
αμφιμαχο	S	0	4	ἀμφιμάχοιο:3S, ἀμφίμαχον:3S, ἀμφιμάχονται:3S, ἀμφίμαχος:3S
αμφιμαχω	undetermined	0	2	ἀμφιμάχωμαι:3S, ἀμφιμάχωνται:3S
αμφιμε	S	0	6	ἀμφίμεδον:2S, ἀμφιμέδοντα:2S, ἀμφιμέδοντος:2S, ἀμφιμέδων:2S, ἀμφιμέλαιναι:2S, ἀμφιμέμυκεν:2S
αμφιμεμυκε	undetermined	1	0	ἀμφιμέμυκεν:4L
αμφινε	undetermined	0	1	ἀμφινέμονται:2S
αμφινο	S	0	6	ἀμφίνομʼ:2S, ἀμφινόμη:2S, ἀμφινόμοιο:2S, ἀμφίνομος:2S, ἀμφινόμου:2S, ἀμφινόμῳ:2S
αμφιο	L	4	0	ἄμφιον:2L, ἀμφίονα:2L, ἀμφίονος:2L, ἄμφιος:2L
αμφιπε	S	0	5	ἀμφιπέληται:2S, ἀμφιπένονται:2S, ἀμφιπεριστέφεται:2S, ἀμφιπεριστρώφα:2S, ἀμφιπεσοῦσα:2S
αμφιπο	S	0	12	ἀμφιπολεύειν:2S, ἀμφιπολεύεις:2S, ἀμφιπολεύοι:2S, ἀμφίπολοι:2S, ἀμφιπόλοισι:2S, ἀμφιπόλοισιν:2S, ἀμφίπολον:2S, ἀμφίπολος:2S
αμφιρυ	undetermined	0	1	ἀμφιρύτῃ:2S
αμφιρυτη	undetermined	0	1	ἀμφιρύτῃ:3S
αμφιτε	undetermined	0	1	ἀμφιτεθεῖσα:2S
αμφιτριτη	undetermined	2	0	ἀμφιτρίτη:3L, ἀμφιτρίτης:3L
αμφιτρυ	undetermined	0	1	ἀμφιτρύωνος:2S
αμφιφα	undetermined	0	1	ἀμφίφαλον:2S
αμφιφαλο	undetermined	0	1	ἀμφίφαλον:3S
αμφιφο	S	0	6	ἀμφιφορεύς:2S, ἀμφιφορεῦσι:2S, ἀμφιφορεῦσιν:2S, ἀμφιφορῆα:2S, ἀμφιφορῆας:2S, ἀμφιφορῆες:2S
αμφιχυ	S	0	3	ἀμφιχυθείς:2S, ἀμφιχυθῆναι:2S, ἀμφίχυτον:2S
αμφιχυθε	undetermined	0	1	ἀμφιχυθείς:3S
αμφιχυθη	undetermined	0	1	ἀμφιχυθῆναι:3S
αμφιχυτο	undetermined	0	1	ἀμφίχυτον:3S
αμφιω	undetermined	1	0	ἀμφίων:2L
αμω	undetermined	1	1	ἀμῷεν:1L, ἀμωμήτοιο:1S
ανα	S	0	183	ἀνά:1S, ἄνα:1S, ἀναβαίη:1S, ἀνάβαινε:1S, ἀναβαίνει:1S, ἀναβαινέμεν:1S, ἀνάβαλλε:1S, ἀναβάντες:1S
αναβα	S	0	9	ἀναβαίη:2S, ἀνάβαινε:2S, ἀναβαίνει:2S, ἀναβαινέμεν:2S, ἀνάβαλλε:2S, ἀναβάντες:2S, ἀναβάς:2S, ἀναβᾶσʼ:2S
αναβε	undetermined	0	1	ἀναβέβροχεν:2S
αναβη	S	0	4	ἀναβῇ:2S, ἀναβήμεναι:2S, ἀναβησάμενοι:2S, ἀναβησίνεως:2S
αναβησαμε	undetermined	0	1	ἀναβησάμενοι:4S
αναγο	S	0	4	ἄναγον:2S, ἀνάγοντες:2S, ἀνάγοντο:2S, ἀνάγουσι:2S
αναδε	undetermined	0	2	ἀναδέδρομε:2S, ἀναδέσμην:2S
αναδυ	undetermined	0	1	ἀναδῦναι:2S
αναθη	undetermined	0	2	ἀναθηλήσει:2S, ἀναθήματα:2S
αναθηματα	undetermined	0	1	ἀναθήματα:4S
αναι	L	8	0	ἀναΐξαντʼ:2L, ἀναΐξαντε:2L, ἀναΐξαντες:2L, ἀναΐξας:2L, ἀναΐξασα:2L, ἀναΐξειαν:2L, ἀναΐξειεν:2L, ἀναΐσσουσι:2L
αναιξασα	undetermined	1	0	ἀναΐξασα:4L
ανακη	undetermined	0	1	ἀνακηκίει:2S
ανακλινα	undetermined	1	0	ἀνακλίνας:3L
ανακυ	undetermined	0	1	ἀνακυμβαλίαζον:2S
ανακυμβαλι	undetermined	0	1	ἀνακυμβαλίαζον:4S
αναλκιδα	undetermined	0	2	ἀνάλκιδα:3S, ἀνάλκιδας:3S
αναλκιδε	undetermined	0	1	ἀνάλκιδες:3S
αναλκιδο	undetermined	0	1	ἀνάλκιδος:3S
αναμα	undetermined	0	2	ἀναμαιμάει:2S, ἀναμάξεις:2S
αναμαιμαε	undetermined	1	0	ἀναμαιμάει:4L
αναμε	undetermined	0	1	ἀναμετρήσαιμι:2S
αναμο	undetermined	0	1	ἀναμορμύρεσκε:2S
αναμορμυρε	undetermined	1	0	ἀναμορμύρεσκε:4L
αναπε	undetermined	0	1	ἀναπεπταμένας:2S
αναπεπταμε	undetermined	0	1	ἀναπεπταμένας:4S
αναπο	undetermined	0	1	ἀνάποινον:2S
αναπυ	undetermined	0	1	ἀνάπυστα:2S
αναρο	undetermined	0	1	ἀναροιβδεῖ:2S
αναρπαξασα	undetermined	2	0	ἀναρπάξασα:4L, ἀναρπάξασαι:4L
ανασταδο	undetermined	0	1	ἀνασταδόν:3S
αναστεναχο	undetermined	0	1	ἀναστενάχουσιν:4S
αναφα	S	0	6	ἀναφαίνειν:2S, ἀναφαίνεις:2S, ἀναφαίνεται:2S, ἀναφαίνων:2S, ἀναφανδά:2S, ἀναφανδόν:2S
αναφη	undetermined	0	1	ἀναφῆναι:2S
αναχα	S	0	5	ἀναχάζομαι:2S, ἀναχαζομένοιο:2S, ἀναχαζόμενον:2S, ἀναχασσαμένη:2S, ἀναχασσάμενος:2S
αναχασσαμε	undetermined	0	2	ἀναχασσαμένη:4S, ἀναχασσάμενος:4S
αναχω	S	0	6	ἀναχωρείτω:2S, ἀναχωρῆσαι:2S, ἀναχωρήσαντα:2S, ἀναχωρήσας:2S, ἀναχωρήσειν:2S, ἀναχωρήσουσιν:2S
αναψυχο	undetermined	1	0	ἀναψύχοντα:3L
ανδανε	undetermined	0	1	ἁνδάνει:2S
ανδιχα	undetermined	0	1	ἄνδιχα:2S
ανδραιμονιδη	undetermined	0	1	ἀνδραιμονίδης:4S
ανδρακα	undetermined	0	1	ἀνδρακάς:2S
ανδραπο	undetermined	0	1	ἀνδραπόδεσσι:2S
ανδρασι	undetermined	0	2	ἀνδράσι:2S, ἀνδράσιν:2S
ανδροκτασι	S	0	4	ἀνδροκτασίαι:3S, ἀνδροκτασίας:3S, ἀνδροκτασιάων:3S, ἀνδροκτασίης:3S
ανδροκτασιαω	undetermined	1	0	ἀνδροκτασιάων:5L
ανδρομαχη	undetermined	0	2	ἀνδρομάχη:3S, ἀνδρομάχην:3S
ανδροφαγο	undetermined	0	1	ἀνδροφάγοιο:3S
ανε	S	8	133	ἀνέβαινʼ:1S, ἀνέβαινε:1S, ἀνεβάλλετο:1S, ἀνέβη:1S, ἀνεβήσετο:1S, ἀνέβραχε:1S, ἀνέβραχεν:1S, ἀνέγειρα:1S
ανεβραχε	undetermined	0	2	ἀνέβραχε:3S, ἀνέβραχεν:3S
ανεδεξατο	undetermined	0	1	ἀνεδέξατο:4S
ανεδρακε	undetermined	0	1	ἀνέδρακεν:3S
ανεδραμε	undetermined	0	2	ἀνέδραμε:3S, ἀνέδραμεν:3S
ανεδραμο	undetermined	0	1	ἀνέδραμον:3S
ανεδυσε	undetermined	1	0	ἀνεδύσετο:3L
ανεκραγο	undetermined	0	1	ἀνέκραγον:3S
ανελυσα	undetermined	1	0	ἀνέλυσαν:3L
ανενεικατο	undetermined	0	1	ἀνενείκατο:4S
ανεσπασα	undetermined	0	1	ἀνεσπάσατʼ:3S
ανεσσυτο	undetermined	0	1	ἀνέσσυτο:3S
ανεστεναχι	undetermined	0	1	ἀνεστενάχιζʼ:4S
ανεστεναχο	undetermined	0	1	ἀνεστενάχοντο:4S
ανετραπε	undetermined	0	1	ἀνετράπετʼ:3S
ανεψιο	undetermined	1	0	ἀνεψιοῦ:3L
ανεψυχο	undetermined	1	0	ἀνέψυχον:3L
ανη	S	0	32	ἀνήγαγε:1S, ἀνήγαγεν:1S, ἀνήγαγον:1S, ἀνῆγες:1S, ἀνήη:1S, ἀνήῃ:1S, ἀνήϊξαν:1S, ἀνήιον:1S
ανηγαγε	undetermined	0	2	ἀνήγαγε:3S, ἀνήγαγεν:3S
ανηγαγο	undetermined	0	1	ἀνήγαγον:3S
ανηλυθε	undetermined	0	1	ἀνήλυθεν:3S
ανηνατο	undetermined	0	1	ἀνήνατο:3S
ανηρπασε	undetermined	0	1	ἀνήρπασε:3S
ανθεμιδη	undetermined	0	1	ἀνθεμίδην:3S
ανθερικω	undetermined	0	1	ἀνθερίκων:3S
ανθινο	undetermined	0	1	ἄνθινον:2S
ανθρακι	undetermined	0	1	ἀνθρακιήν:2S
ανι	S	0	37	ἀνίαζʼ:1S, ἀνιάζει:1S, ἀνιάζῃ:1S, ἀνίαζον:1S, ἀνιάζουσιν:1S, ἀνιάζων:1S, ἀνιᾶται:1S, ἀνιδρωτί:1S
ανια	L	4	0	ἀνιάζῃ:2L, ἀνιάζουσιν:2L, ἀνιάζων:2L, ἀνιᾶται:2L
ανιε	L	3	0	ἀνίει:2L, ἀνιεμένη:2L, ἀνιεμένους:2L
ανιη	L	10	0	ἀνίη:2L, ἀνιηθείς:2L, ἀνιηθέντα:2L, ἀνίην:2L, ἀνιηρέστερον:2L, ἀνιηροί:2L, ἀνιηρόν:2L, ἀνίης:2L
ανισταμε	undetermined	0	2	ἀνιστάμενοι:3S, ἀνιστάμενος:3S
ανιστατο	undetermined	0	1	ἀνίστατο:3S
ανο	S	0	13	ἀνοήμων:1S, ἄνοιτο:1S, ἀνολέθρους:1S, ἀνόπαια:1S, ἀνόρουσαν:1S, ἀνορούσας:1S, ἀνόρουσε:1S, ἀνόρουσεν:1S
ανοστιμο	undetermined	0	1	ἀνόστιμον:3S
ανουτατο	undetermined	0	1	ἀνούτατος:3S
αντηνοριδα	undetermined	0	2	ἀντηνορίδαο:4S, ἀντηνορίδας:4S
αντηνοριδαο	undetermined	1	0	ἀντηνορίδαο:5L
αντηνοριδη	undetermined	0	2	ἀντηνορίδῃ:4S, ἀντηνορίδης:4S
αντιανε	undetermined	0	2	ἀντιάνειραι:3S, ἀντιανείρας:3S
αντιασα	S	0	5	ἀντιάσαιμεν:3S, ἀντιάσαντα:3S, ἀντιάσαντες:3S, ἀντιάσαντι:3S, ἀντιάσας:3S
αντιασε	undetermined	0	2	ἀντιάσειας:3S, ἀντιάσεις:3S
αντιαση	undetermined	0	1	ἀντιάσητον:3S
αντιβι	S	0	4	ἀντιβίην:2S, ἀντιβίοις:2S, ἀντιβίοισι:2S, ἀντίβιον:2S
αντιβο	S	0	5	ἀντιβολῆσαι:2S, ἀντιβολήσαις:2S, ἀντιβολήσας:2S, ἀντιβολήσει:2S, ἀντιβολήσεις:2S
αντιθυ	undetermined	0	1	ἀντίθυρον:2S
αντιθυρο	undetermined	0	1	ἀντίθυρον:3S
αντιλο	S	0	7	ἀντίλοχʼ:2S, ἀντίλοχε:2S, ἀντιλόχοιο:2S, ἀντίλοχον:2S, ἀντίλοχος:2S, ἀντιλόχου:2S, ἀντιλόχῳ:2S
αντιμα	undetermined	0	1	ἀντιμάχοιο:2S
αντιμαχο	undetermined	0	1	ἀντιμάχοιο:3S
αντινο	undetermined	0	1	ἀντίνοʼ:2S
αντιπε	undetermined	0	1	ἀντιπέραιʼ:2S
αντιτα	undetermined	0	1	ἄντιτα:2S
αντιτο	undetermined	0	1	ἀντιτορήσας:2S
αντιφα	S	0	4	ἀντιφάταο:2S, ἀντιφατῆα:2S, ἀντιφάτην:2S, ἀντιφάτης:2S
αντιφατα	undetermined	0	1	ἀντιφάταο:3S
αντιφαταο	undetermined	1	0	ἀντιφάταο:4L
αντιφατη	S	0	3	ἀντιφατῆα:3S, ἀντιφάτην:3S, ἀντιφάτης:3S
αντιφε	S	0	3	ἀντιφέρεσθαι:2S, ἀντιφερίζειν:2S, ἀντιφερίζεις:2S
αντιφο	S	0	3	ἄντιφον:2S, ἀντίφονον:2S, ἄντιφος:2S
αντυγα	undetermined	0	1	ἄντυγα:2S
αντυγε	undetermined	0	1	ἄντυγες:2S
αντυγι	undetermined	0	1	ἄντυγι:2S
αντυγο	undetermined	0	1	ἄντυγος:2S
ανυ	S	0	4	ἄνυσιν:1S, ἄνυσις:1S, ἀνύσσεσθαι:1S, ἀνύω:1S
ανυσι	undetermined	0	2	ἄνυσιν:2S, ἄνυσις:2S
ανω	S	0	26	ἄνω:1S, ἄνωγα:1S, ἄνωγας:1S, ἄνωγε:1S, ἀνώγει:1S, ἀνωγέμεν:1S, ἀνῷγεν:1S, ἄνωγεν:1S
ανωνυμο	undetermined	0	1	ἀνώνυμος:3S
αξινη	undetermined	2	0	ἀξίνην:2L, ἀξίνῃσι:2L
αξυλο	undetermined	1	0	ἄξυλον:2L
αξυλω	undetermined	0	1	ἀξύλῳ:2S
αο	undetermined	2	0	ἄορας:1L, ἄορι:1L
αοιδιμο	undetermined	0	1	ἀοίδιμοι:3S
αολλισσασα	undetermined	1	0	ἀολλίσσασα:4L
απα	S	0	66	ἀπαγγεῖλαι:1S, ἀπαγγείλας:1S, ἀπαγγείλειε:1S, ἀπαγγείλῃσι:1S, ἀπαγγέλλεσκε:1S, ἀπαγγέλλων:1S, ἀπάγουσι:1S, ἀπαειρόμενον:1S
απαγο	undetermined	0	1	ἀπάγουσι:2S
απαι	undetermined	1	0	ἀπαΐξας:2L
απαινυμε	undetermined	0	1	ἀπαινύμενον:3S
απαινυτο	undetermined	0	1	ἀπαίνυτο:3S
απαλα	S	0	4	ἀπάλαλκε:2S, ἀπαλάλκοι:2S, ἀπάλαμνος:2S, ἁπαλάς:2S
απαλαω	undetermined	1	0	ἁπαλάων:3L
απαλε	undetermined	0	2	ἀπαλεξήσαιμι:2S, ἀπαλεξήσειν:2S
απαλη	undetermined	0	2	ἁπαλήν:2S, ἁπαλῆς:2S
απαλο	undetermined	0	2	ἁπαλοί:2S, ἁπαλόν:2S
απαμε	S	0	4	ἀπαμείβετο:2S, ἀπαμειβόμενοι:2S, ἀπαμειβόμενον:2S, ἀπαμειβόμενος:2S
απαμη	undetermined	1	0	ἀπαμήσειε:2L
απαμυ	S	0	3	ἀπαμυναίμεσθʼ:2S, ἀπαμύνασθαι:2S, ἀπαμύνετο:2S
απαμυνα	undetermined	2	0	ἀπαμυναίμεσθʼ:3L, ἀπαμύνασθαι:3L
απαμυνε	undetermined	1	0	ἀπαμύνετο:3L
απανε	S	0	3	ἀπάνευθʼ:2S, ἀπάνευθε:2S, ἀπάνευθεν:2S
απανη	undetermined	0	1	ἀπανήνασθαι:2S
απαρε	undetermined	0	1	ἀπαρέσσασθαι:2S
απασα	L	4	0	ἅπασα:2L, ἅπασαι:2L, ἅπασαν:2L, ἁπάσας:2L
απασε	undetermined	1	0	ἁπασέων:2L
απαση	undetermined	1	0	ἁπάσης:2L
απασι	undetermined	2	0	ἅπασι:2L, ἅπασιν:2L
απατα	undetermined	0	1	ἀπατάων:2S
απαταω	undetermined	1	0	ἀπατάων:3L
απατε	undetermined	0	1	ἀπάτερθε:2S
απατη	S	0	8	ἀπατήλια:2S, ἀπατηλόν:2S, ἀπάτην:2S, ἀπάτης:2S, ἀπάτησας:2S, ἀπάτησε:2S, ἀπάτησεν:2S, ἀπατήσω:2S
απαφι	undetermined	0	1	ἀπαφίσκει:2S
απαφο	undetermined	0	1	ἀπάφοιτο:2S
απε	S	0	133	ἀπέβαινεν:1S, ἀπέβη:1S, ἀπέβησαν:1S, ἀπεβήσετο:1S, ἀπεβήτην:1S, ἀπεδειροτόμησα:1S, ἀπεδέξατʼ:1S, ἀπέδρυφθεν:1S
απεδυνε	undetermined	1	0	ἀπέδυνε:3L
απεδυσε	undetermined	1	0	ἀπέδυσε:3L
απειλαω	undetermined	1	0	ἀπειλάων:3L
απειριτο	undetermined	0	1	ἀπείριτος:3S
απεκαινυτο	undetermined	0	1	ἀπεκαίνυτο:4S
απεκειρατο	undetermined	0	1	ἀπεκείρατο:4S
απεκλελαθε	undetermined	0	1	ἀπεκλελάθεσθε:4S
απεκρεμασε	undetermined	0	1	ἀπεκρέμασεν:4S
απεκταμε	undetermined	0	1	ἀπέκταμεν:3S
απεκτανε	undetermined	0	1	ἀπέκτανε:3S
απεκτατο	undetermined	0	1	ἀπέκτατο:3S
απεληλυθα	undetermined	0	1	ἀπελήλυθα:4S
απεληλυθε	undetermined	0	1	ἀπελήλυθε:4S
απελυμα	undetermined	1	0	ἀπελυμαίνοντο:3L
απελυσα	undetermined	1	0	ἀπέλυσας:3L
απελυσε	undetermined	2	0	ἀπέλυσε:3L, ἀπέλυσεν:3L
απεμυθε	undetermined	1	0	ἀπεμυθεόμην:3L
απενασσατο	undetermined	0	1	ἀπενάσσατο:4S
απερριγα	undetermined	1	0	ἀπερρίγασι:3L
απερριγασι	undetermined	1	0	ἀπερρίγασι:4L
απερυκε	undetermined	1	0	ἀπερύκει:3L
απερυκο	undetermined	1	0	ἀπερύκοι:3L
απερυκω	undetermined	1	0	ἀπερύκων:3L
απεσκεδασε	undetermined	0	1	ἀπεσκέδασεν:4S
απεσσυμε	undetermined	0	2	ἀπεσσύμεθʼ:3S, ἀπεσσύμενον:3S
απεσσυτο	undetermined	0	1	ἀπέσσυτο:3S
απεστιχε	undetermined	0	1	ἀπέστιχε:3S
απεστυφε	undetermined	0	2	ἀπεστυφέλιξαν:3S, ἀπεστυφέλιξεν:3S
απετινυ	undetermined	1	0	ἀπετίνυτο:3L
απετινυτο	undetermined	0	1	ἀπετίνυτο:4S
απετισα	undetermined	2	0	ἀπέτισαν:3L, ἀπετίσατο:3L
απετισατο	undetermined	0	1	ἀπετίσατο:4S
απετισε	undetermined	1	0	ἀπέτισεν:3L
απετραπε	undetermined	0	2	ἀπέτραπε:3S, ἀπετράπετʼ:3S
απεφθιθε	undetermined	0	1	ἀπέφθιθεν:3S
απεφθιτο	undetermined	0	1	ἀπέφθιτο:3S
απεψυχο	undetermined	1	0	ἀπεψύχοντο:3L
απη	S	0	30	ἀπήγαγε:1S, ἀπήγαγεν:1S, ἀπήγαγον:1S, ἀπηλεγέως:1S, ἀπῆλθεν:1S, ἀπηλοίησεν:1S, ἀπήμαντον:1S, ἀπήμβροτε:1S
απηγαγε	undetermined	0	2	ἀπήγαγε:3S, ἀπήγαγεν:3S
απηγαγο	undetermined	0	1	ἀπήγαγον:3S
απημυνε	undetermined	1	0	ἀπήμυνεν:3L
απηνυσα	undetermined	0	1	ἀπήνυσαν:3S
απητιμη	undetermined	1	0	ἀπητίμησε:3L
απι	S	0	20	ἀπίης:1S, ἀπίθησʼ:1S, ἀπίθησαν:1S, ἀπίθησε:1S, ἀπιθήσει:1S, ἀπίθησεν:1S, ἀπιθήσω:1S, ἀπινύσσειν:1S
απιθη	S	0	6	ἀπίθησʼ:2S, ἀπίθησαν:2S, ἀπίθησε:2S, ἀπιθήσει:2S, ἀπίθησεν:2S, ἀπιθήσω:2S
απινυ	undetermined	0	2	ἀπινύσσειν:2S, ἀπινύσσων:2S
απισα	undetermined	0	2	ἀπισάονα:2S, ἀπισάονος:2S
απισαο	undetermined	2	0	ἀπισάονα:3L, ἀπισάονος:3L
απλοιδα	undetermined	0	1	ἁπλοΐδας:3S
απο	S	3	241	ἀπό:1S, ἄπο:1S, ἀποαίνυμαι:1S, ἀποαίνυται:1S, ἀποαίνυτο:1S, ἀποαιρεῖσθαι:1S, ἀποαίρεο:1S, ἀποβάντες:1S
αποαινυμα	undetermined	0	1	ἀποαίνυμαι:4S
αποαινυτα	undetermined	0	1	ἀποαίνυται:4S
αποαινυτο	undetermined	0	1	ἀποαίνυτο:4S
αποδρυφο	undetermined	0	1	ἀποδρύφοι:3S
αποεργαθε	undetermined	0	1	ἀποέργαθε:4S
αποθυμι	undetermined	1	0	ἀποθύμια:3L
αποκινη	undetermined	2	0	ἀποκινήσασκε:3L, ἀποκινήσωσι:3L
αποκταμε	S	0	4	ἀποκτάμεν:3S, ἀποκτάμεναι:3S, ἀποκταμένοιο:3S, ἀποκταμένων:3S
αποκτανη	undetermined	0	1	ἀποκτάνῃ:3S
απολλυμε	undetermined	0	1	ἀπολλυμένους:3S
απολλυτα	undetermined	0	1	ἀπόλλυται:3S
απολοιατο	undetermined	0	1	ἀπολοίατο:4S
απολυμα	L	3	0	ἀπολυμαίνεσθαι:3L, ἀπολυμαντῆρα:3L, ἀπολυμαντῆρες:3L
απολυσα	undetermined	1	0	ἀπολυσάμενος:3L
απολυσαμε	undetermined	0	1	ἀπολυσάμενος:4S
απολυσο	undetermined	2	0	ἀπολυσόμεθʼ:3L, ἀπολύσομεν:3L
απομηνισα	undetermined	1	0	ἀπομηνίσαντος:4L
απομηνισε	undetermined	1	0	ἀπομηνίσει:4L
απομορξαμε	undetermined	0	1	ἀπομορξαμένω:4S
απομορξατο	undetermined	0	1	ἀπομόρξατο:4S
απονιψαμε	undetermined	0	2	ἀπονιψαμένη:4S, ἀπονιψάμενοι:4S
απονιψατε	undetermined	0	1	ἀπονίψατε:4S
αποξυνο	undetermined	1	0	ἀποξύνουσιν:3L
αποξυσα	undetermined	1	0	ἀποξύσας:3L
αποπλυνε	undetermined	1	0	ἀποπλύνεσκε:3L
αποπροταμω	undetermined	0	1	ἀποπροταμών:4S
αποπταμε	undetermined	0	2	ἀποπταμένη:3S, ἀποπτάμενος:3S
αποπτυε	undetermined	1	0	ἀποπτύει:3L
αποπτυω	undetermined	1	0	ἀποπτύων:3L
απορνυμε	undetermined	0	1	ἀπορνύμενον:3S
αποσταδα	undetermined	0	1	ἀποσταδά:3S
αποστιχε	undetermined	0	1	ἀπόστιχε:3S
αποτεθνασα	undetermined	0	1	ἀποτέθνασαν:4S
αποτινε	L	3	0	ἀποτίνειν:3L, ἀποτινέμεν:3L, ἀποτίνετον:3L
αποτινυ	undetermined	1	0	ἀποτινύμενοι:3L
αποτινυμε	undetermined	0	1	ἀποτινύμενοι:4S
αποτινω	undetermined	1	0	ἀποτίνων:3L
αποτισα	undetermined	1	0	ἀποτίσας:3L
αποτισε	L	4	0	ἀποτίσεαι:3L, ἀποτίσεις:3L, ἀποτισέμεν:3L, ἀποτίσεται:3L
αποτιση	undetermined	1	0	ἀποτίσῃ:3L
αποτισο	undetermined	1	0	ἀποτίσομαι:3L
αποτμοτατο	undetermined	0	1	ἀποτμότατος:4S
αποφθιμε	S	0	4	ἀποφθιμένη:3S, ἀποφθιμένοιο:3S, ἀποφθίμενον:3S, ἀποφθιμένου:3S
αποφθιμη	undetermined	1	0	ἀποφθίμην:3L
αποφθινυ	undetermined	0	1	ἀποφθινύθουσι:3S
αποφθινυθο	undetermined	0	1	ἀποφθινύθουσι:4S
αποψυχο	undetermined	1	0	ἀποψύχοντα:3L
απριατη	undetermined	0	1	ἀπριάτην:3S
απροτιμα	undetermined	0	1	ἀπροτίμαστος:3S
απυ	S	0	5	ἀπύργωτον:1S, ἄπυρον:1S, ἀπύρους:1S, ἀπύρωτον:1S, ἄπυστος:1S
απυρο	undetermined	0	2	ἄπυρον:2S, ἀπύρους:2S
απυρω	undetermined	0	1	ἀπύρωτον:2S
απω	S	0	26	ἀπῴκισε:1S, ἀπώλεο:1S, ἀπώλεσʼ:1S, ἀπώλεσα:1S, ἀπώλεσαν:1S, ἀπώλεσε:1S, ἀπώλεσεν:1S, ἀπώλετο:1S
απωκισε	undetermined	0	1	ἀπῴκισε:3S
απωσαμε	S	0	3	ἀπωσάμενοι:3S, ἀπωσάμενον:3S, ἀπωσαμένους:3S
απωσατο	undetermined	0	1	ἀπώσατο:3S
αρα	S	2	24	ἄρα:1S, ἀράβησε:1S, ἄραβος:1S, ἀραιαί:1S, ἀραιή:1S, ἀραιήν:1S, ἀραιῇσιν:1S, ἀραιθυρέην:1S
αραβη	undetermined	0	1	ἀράβησε:2S
αραβο	undetermined	0	1	ἄραβος:2S
αραρη	undetermined	0	1	ἀράρῃ:2S
αραρι	undetermined	0	1	ἀράρισκε:2S
αραρο	undetermined	0	2	ἄραρον:2S, ἀραρόντε:2S
αραρυ	S	0	5	ἀραρυῖα:2S, ἀραρυῖαι:2S, ἀραρυῖαν:2S, ἀραρυίας:2S, ἀραρυίῃ:2S
αραρω	undetermined	0	1	ἀραρών:2S
αραω	undetermined	1	0	ἀράων:2L
αργενναω	undetermined	1	0	ἀργεννάων:3L
αργικε	undetermined	0	1	ἀργικέραυνε:2S
αργινο	undetermined	0	1	ἀργινόεντα:2S
αργιπο	undetermined	0	1	ἀργίποδας:2S
αργματα	undetermined	0	1	ἄργματα:2S
αργυρο	S	0	12	ἀργυροδίνῃ:2S, ἀργυροδίνης:2S, ἀργυρόηλον:2S, ἀργυροήλου:2S, ἄργυρον:2S, ἀργυρόπεζα:2S, ἀργυρόπεζαν:2S, ἄργυρος:2S
αργυροδινη	undetermined	2	0	ἀργυροδίνῃ:4L, ἀργυροδίνης:4L
αργυρω	undetermined	0	1	ἀργύρῳ:2S
αργυφα	undetermined	0	1	ἄργυφα:2S
αργυφο	undetermined	0	1	ἄργυφον:2S
αρε	S	3	29	ἀρεθούσῃ:1S, ἄρει:1L, ἄρεϊ:1L, ἄρειον:1S, ἀρείονʼ:1S, ἀρείοσιν:1S, ἀρείους:1S, ἀρείω:1S
αρεσσαμε	undetermined	0	2	ἀρεσσάμενοι:3S, ἀρεσσάμενος:3S
αρεταο	undetermined	1	0	ἀρετάονα:3L
αρη	undetermined	20	48	ἄρῃ:1S, ἄρηʼ:1S, ἄρηα:1S, ἄρηαι:1S, ἀρήγεθʼ:1S, ἀρήγει:1S, ἀρήγειν:1S, ἀρήγεις:1S
αρηιλυ	undetermined	0	2	ἀρηϊλύκοιο:3S, ἀρηϊλύκου:3S
αρηιλυκο	undetermined	0	2	ἀρηϊλύκοιο:4S, ἀρηϊλύκου:4S
αρηιφα	undetermined	0	2	ἀρηίφατοι:3S, ἀρηϊφάτους:3S
αρηιφατο	undetermined	0	2	ἀρηίφατοι:4S, ἀρηϊφάτους:4S
αρηιφι	S	0	5	ἀρηΐφιλον:3S, ἀρηΐφιλος:3S, ἀρηϊφίλου:3S, ἀρηϊφίλῳ:3S, ἀρηϊφίλων:3S
αρηιφιλο	S	0	3	ἀρηΐφιλον:4S, ἀρηΐφιλος:4S, ἀρηϊφίλου:4S
αρηιφιλω	undetermined	0	2	ἀρηϊφίλῳ:4S, ἀρηϊφίλων:4S
αρητιαδα	undetermined	0	1	ἀρητιάδαο:4S
αρητιαδαο	undetermined	1	0	ἀρητιάδαο:5L
αρι	S	0	60	ἀριάδνῃ:1S, ἀριάδνην:1S, ἀρίγνωτε:1S, ἀρίγνωτοι:1S, ἀριδείκετον:1S, ἀριδείκετος:1S, ἀριζήλη:1S, ἀρίζηλοι:1S
αριγνω	undetermined	0	1	ἀρίγνωτε:2S
αριδε	undetermined	0	2	ἀριδείκετον:2S, ἀριδείκετος:2S
αριμο	undetermined	0	1	ἀρίμοις:2S
αριο	undetermined	1	0	ἀρίονα:2L
αρισφαλε	undetermined	0	1	ἀρισφαλέʼ:3S
αριφραδε	undetermined	0	1	ἀριφραδές:3S
αρκαδε	undetermined	0	1	ἀρκάδες:2S
αρκαδι	undetermined	0	1	ἀρκαδίην:2S
αρκεισιαδα	undetermined	0	1	ἀρκεισιάδαο:4S
αρκεισιαδαο	undetermined	1	0	ἀρκεισιάδαο:5L
αρκεισιαδη	undetermined	0	2	ἀρκεισιάδη:4S, ἀρκεισιάδην:4S
αρκεσιλα	undetermined	0	2	ἀρκεσίλαον:3S, ἀρκεσίλαος:3S
αρκεσιλαο	undetermined	2	0	ἀρκεσίλαον:4L, ἀρκεσίλαος:4L
αρμασι	undetermined	0	2	ἅρμασι:2S, ἅρμασιν:2S
αρματα	undetermined	0	1	ἅρματα:2S
αρματι	undetermined	0	1	ἅρματι:2S
αρματο	undetermined	0	2	ἁρματοπηγός:2S, ἅρματος:2S
αρμονιαω	undetermined	1	0	ἁρμονιάων:4L
αρμονιδε	undetermined	0	1	ἁρμονίδεω:3S
αρνυμε	S	0	3	ἀρνύμενοι:2S, ἀρνύμενος:2S, ἀρνυμένω:2S
αρξαμε	undetermined	0	2	ἀρξάμενοι:2S, ἀρξάμενος:2S
αρο	S	0	18	ἀροίμεθα:1S, ἀροίμην:1S, ἄροιο:1S, ἄροιτο:1S, ἀρόμην:1S, ἄροντο:1S, ἄροσιν:1S, ἄροσις:1S
αρπαλι	undetermined	0	1	ἁρπαλίων:2S
αρπαξασα	undetermined	1	0	ἁρπάξασα:3L
αρπαση	undetermined	0	1	ἁρπάσῃ:2S
αρτακι	undetermined	0	1	ἀρτακίην:2S
αρτεμιδι	undetermined	0	1	ἀρτέμιδι:3S
αρτεμιδο	undetermined	0	1	ἀρτέμιδος:3S
αρτιπο	undetermined	0	1	ἀρτίπος:2S
αρτυνα	undetermined	2	0	ἀρτύναντε:2L, ἀρτύναντες:2L
αρτυνε	undetermined	1	0	ἀρτύνετο:2L
αρτυνο	undetermined	1	0	ἀρτύνοντας:2L
αρυ	undetermined	0	1	ἀρύβαντος:1S
αρυβα	undetermined	0	1	ἀρύβαντος:2S
αρχεκακο	undetermined	0	1	ἀρχεκάκους:3S
αρω	undetermined	1	4	ἀρωγῇ:1S, ἀρωγῆς:1S, ἀρωγοί:1S, ἀρωγός:1S, ἀρώμενος:1L
ασα	undetermined	5	4	ἄσαιμι:1L, ἀσαῖον:1L, ἄσαμεν:1L, ἀσάμινθον:1S, ἀσαμίνθου:1S, ἀσαμίνθους:1S, ἀσαμίνθων:1S, ἄσασθαι:1L
ασαμε	undetermined	0	1	ἄσαμεν:2S
ασαμι	S	0	4	ἀσάμινθον:2S, ἀσαμίνθου:2S, ἀσαμίνθους:2S, ἀσαμίνθων:2S
ασατο	undetermined	0	1	ἄσατο:2S
ασε	undetermined	2	0	ἄσειν:1L, ἄσεσθε:1L
αση	undetermined	1	1	ἄσῃ:1L, ἀσημάντοισιν:1S
ασθματι	undetermined	0	1	ἄσθματι:2S
ασι	undetermined	8	3	ἀσιάδῃ:1L, ἀσιάδην:1L, ἀσιάδης:1L, ἄσιν:1S, ἀσίνην:1S, ἄσιον:1L, ἄσιος:1L, ἀσίου:1L
ασιαδη	S	0	3	ἀσιάδῃ:3S, ἀσιάδην:3S, ἀσιάδης:3S
ασινη	undetermined	0	1	ἀσίνην:2S
ασιτο	undetermined	1	0	ἄσιτος:2L
ασκαλα	S	0	4	ἀσκάλαφον:2S, ἀσκάλαφος:2S, ἀσκαλάφου:2S, ἀσκαλάφῳ:2S
ασκαλαφο	S	0	3	ἀσκάλαφον:3S, ἀσκάλαφος:3S, ἀσκαλάφου:3S
ασκαλαφω	undetermined	0	1	ἀσκαλάφῳ:3S
ασκανι	S	0	3	ἀσκανίης:2S, ἀσκάνιον:2S, ἀσκάνιος:2S
ασκησασα	undetermined	1	0	ἀσκήσασα:3L
ασκληπιαδη	undetermined	0	2	ἀσκληπιάδῃ:4S, ἀσκληπιάδην:4S
ασκληπιο	undetermined	1	0	ἀσκληπιοῦ:3L
ασπασι	S	0	5	ἀσπασίη:2S, ἀσπάσιοι:2S, ἀσπάσιον:2S, ἀσπάσιος:2S, ἀσπασίως:2S
ασπιδα	undetermined	0	2	ἀσπίδα:2S, ἀσπίδας:2S
ασπιδε	undetermined	0	1	ἀσπίδες:2S
ασπιδι	undetermined	0	2	ἀσπίδι:2S, ἀσπιδιώτας:2S
ασπιδο	undetermined	0	1	ἀσπίδος:2S
ασπισι	undetermined	0	1	ἀσπίσι:2S
ασπισταω	undetermined	1	0	ἀσπιστάων:3L
ασσαρα	undetermined	0	1	ἀσσάρακος:2S
ασσαρακο	undetermined	0	1	ἀσσάρακος:3S
ασταχυ	undetermined	0	1	ἀσταχύεσσιν:2S
αστραγα	S	0	3	ἀστραγάλοισι:2S, ἀστράγαλον:2S, ἀστραγάλων:2S
αστραγαλο	undetermined	0	2	ἀστραγάλοισι:3S, ἀστράγαλον:3S
αστραγαλω	undetermined	0	1	ἀστραγάλων:3S
αστρασι	undetermined	0	1	ἀστράσι:2S
αστυαλο	undetermined	0	1	ἀστύαλον:3S
αστυανα	undetermined	0	2	ἀστυάνακτʼ:3S, ἀστυάναξ:3S
αστυδε	undetermined	0	1	ἄστυδε:2S
αστυπυ	undetermined	0	1	ἀστύπυλον:2S
αστυπυλο	undetermined	0	1	ἀστύπυλον:3S
ασυ	undetermined	0	1	ἀσύφηλον:1S
ασυφη	undetermined	0	1	ἀσύφηλον:2S
ασφαλε	undetermined	0	1	ἀσφαλές:2S
ασφαλι	undetermined	0	1	ἀσφαλίων:2S
ασφαρα	undetermined	0	1	ἀσφάραγον:2S
ασφαραγο	undetermined	0	1	ἀσφάραγον:3S
ασχαλα	undetermined	0	2	ἀσχαλάᾳ:2S, ἀσχαλάαν:2S
ασω	L	3	0	ἀσωποῖο:1L, ἀσωπόν:1L, ἀσωπῷ:1L
ατα	S	1	27	ἀταλαί:1S, ἀτάλαντε:1S, ἀτάλαντοι:1S, ἀτάλαντον:1S, ἀτάλαντος:1S, ἀταλάφρονα:1S, ἀταλῇσι:1S, ἄταλλε:1S
αταλα	S	0	6	ἀταλαί:2S, ἀτάλαντε:2S, ἀτάλαντοι:2S, ἀτάλαντον:2S, ἀτάλαντος:2S, ἀταλάφρονα:2S
αταλη	undetermined	0	1	ἀταλῇσι:2S
αταρπιτο	undetermined	0	2	ἀταρπιτός:3S, ἀταρπιτοῦ:3S
ατασθαλα	undetermined	0	1	ἀτάσθαλα:3S
ατασθαλι	S	0	4	ἀτασθαλίαι:3S, ἀτασθαλίας:3S, ἀτασθαλίῃσι:3S, ἀτασθαλίῃσιν:3S
ατασθαλο	undetermined	0	2	ἀτάσθαλοι:3S, ἀτάσθαλον:3S
ατασθαλω	undetermined	0	1	ἀτασθάλῳ:3S
ατε	S	0	19	ἀτειρέα:1S, ἀτειρέας:1S, ἀτειρής:1S, ἀτέλεστʼ:1S, ἀτέλεστα:1S, ἀτέλεστον:1S, ἀτέλεστος:1S, ἀτελεύτητον:1S
ατη	L	5	0	ἄτη:1L, ἄτῃ:1L, ἄτην:1L, ἄτης:1L, ἄτῃσι:1L
ατι	S	0	29	ἀτίζων:1S, ἀτίμα:1S, ἀτιμᾷ:1S, ἀτιμάζει:1S, ἀτιμάζεσκε:1S, ἀτιμάζοντας:1S, ἀτιμάζοντες:1S, ἀτιμάζουσι:1S
ατιμα	L	8	0	ἀτίμα:2L, ἀτιμᾷ:2L, ἀτιμάζει:2L, ἀτιμάζεσκε:2L, ἀτιμάζοντας:2L, ἀτιμάζοντες:2L, ἀτιμάζουσι:2L, ἀτιμάζουσιν:2L
ατιμη	L	7	0	ἀτιμῆσαι:2L, ἀτιμήσαιτε:2L, ἀτιμήσασʼ:2L, ἀτιμήσειʼ:2L, ἀτιμήσειε:2L, ἀτιμήσουσι:2L, ἀτίμητον:2L
ατιμι	undetermined	1	0	ἀτιμίῃσιν:2L
ατιμιη	undetermined	1	0	ἀτιμίῃσιν:3L
ατιμο	L	3	0	ἄτιμον:2L, ἀτιμοτάτη:2L, ἀτιμότερον:2L
ατιμοτατη	undetermined	0	1	ἀτιμοτάτη:4S
ατιμω	undetermined	1	0	ἀτίμων:2L
ατιτα	S	0	7	ἀτίταλλʼ:2S, ἀτίταλλε:2S, ἀτιταλλέμεναι:2S, ἀτίταλλεν:2S, ἀτιταλλομένην:2S, ἀτίταλλον:2S, ἀτιτάλλω:2S
ατιτη	undetermined	0	1	ἀτίτηλα:2S
ατραπι	undetermined	0	1	ἀτραπιτοί:2S
ατραπιτο	undetermined	0	1	ἀτραπιτοί:3S
ατρειδαο	undetermined	2	0	ἀτρεΐδαο:4L, ἀτρείδαο:3L
ατρυγε	undetermined	0	2	ἀτρυγέτοιο:2S, ἀτρύγετον:2S
ατρυτω	undetermined	1	0	ἀτρυτώνη:2L
ατυ	S	0	10	ἀτυζόμεναι:1S, ἀτυζομένῃ:1S, ἀτυζομένην:1S, ἀτυζόμενοι:1S, ἀτυζομένους:1S, ἀτυζομένω:1S, ἀτυζομένων:1S, ἀτυμνιάδην:1S
ατυμνιαδη	undetermined	0	1	ἀτυμνιάδην:4S
αυγηιαδα	undetermined	0	1	αὐγηϊάδαο:4S
αυγηιαδαο	undetermined	1	0	αὐγηϊάδαο:5L
αυδησαση	undetermined	1	0	αὐδησάσης:3L
αυερυσα	undetermined	0	1	αὐέρυσαν:3S
αυιαχο	undetermined	0	1	αὐΐαχοι:3S
αυλιδα	undetermined	0	1	αὐλίδα:2S
αυλιζομεναω	undetermined	1	0	αὐλιζομενάων:5L
αυσα	L	4	0	ἄυσαν:2L, ἀΰσαντες:2L, ἀϋσάντων:2L, ἀΰσας:2L
αυσε	undetermined	2	0	ἄϋσε:2L, ἄϋσεν:2L
αυταω	undetermined	1	0	αὐτάων:2L
αυτε	undetermined	2	0	ἀΰτει:2L, ἀΰτευν:2L
αυτη	L	6	0	ἀυτή:2L, ἀϋτή:2L, ἀϋτῇ:2L, ἀυτήν:2L, ἀϋτήν:2L, ἀϋτῆς:2L
αυτικα	undetermined	0	1	αὐτίκα:2S
αυτοδιδα	undetermined	0	1	αὐτοδίδακτος:3S
αυτοκασι	S	0	4	αὐτοκασιγνήτη:3S, αὐτοκασίγνητον:3S, αὐτοκασίγνητος:3S, αὐτοκασιγνήτω:3S
αυτολυκο	S	0	4	αὐτολύκοιο:3S, αὐτόλυκον:3S, αὐτόλυκος:3S, αὐτολύκου:3S
αυτοματα	undetermined	0	1	αὐτόμαται:3S
αυτοματο	undetermined	0	2	αὐτόματοι:3S, αὐτόματος:3S
αυτονυχι	undetermined	0	1	αὐτονυχί:3S
αυτοσταδι	undetermined	0	1	αὐτοσταδίῃ:3S
αφα	S	0	18	ἀφαιρεῖται:1S, ἀφαιρήσεσθαι:1S, ἀφάμαρθʼ:1S, ἀφάμαρτε:1S, ἀφάμαρτεν:1S, ἀφαμαρτοεπής:1S, ἀφαμαρτούσῃ:1S, ἀφανδάνει:1S
αφαμα	S	0	5	ἀφάμαρθʼ:2S, ἀφάμαρτε:2S, ἀφάμαρτεν:2S, ἀφαμαρτοεπής:2S, ἀφαμαρτούσῃ:2S
αφανδανε	undetermined	0	1	ἀφανδάνει:3S
αφαρη	undetermined	0	1	ἀφαρῆα:2S
αφαυροτατη	undetermined	0	1	ἀφαυροτάτη:4S
αφαυροτατο	undetermined	0	1	ἀφαυρότατος:4S
αφε	S	0	24	ἀφείδαντος:1S, ἀφείη:1S, ἀφεῖλε:1S, ἀφείλεο:1S, ἀφείλετο:1S, ἀφελέσθαι:1S, ἀφέλεσθε:1S, ἀφέλοντο:1S
αφεστασα	undetermined	0	1	ἀφέστασαν:3S
αφεστατε	undetermined	0	1	ἀφέστατε:3S
αφη	S	0	6	ἀφήῃ:1S, ἀφῆκʼ:1S, ἀφῆκεν:1S, ἀφήμενος:1S, ἀφήσω:1S, ἀφήτορος:1S
αφθιτα	undetermined	0	1	ἄφθιτα:2S
αφθιτο	S	0	3	ἄφθιτοι:2S, ἄφθιτον:2S, ἄφθιτος:2S
αφι	S	0	25	ἀφίει:1S, ἀφιεῖσαι:1S, ἀφίετο:1S, ἀφικάνει:1S, ἀφικάνεις:1S, ἀφίκανεν:1S, ἀφικάνω:1S, ἀφίκεο:1S
αφιε	undetermined	2	0	ἀφιεῖσαι:2L, ἀφίετο:2L
αφικα	S	0	4	ἀφικάνει:2S, ἀφικάνεις:2S, ἀφίκανεν:2S, ἀφικάνω:2S
αφικανε	L	3	0	ἀφικάνει:3L, ἀφικάνεις:3L, ἀφίκανεν:3L
αφικανω	undetermined	1	0	ἀφικάνω:3L
αφικε	undetermined	2	2	ἀφίκεο:2L, ἀφικέσθαι:2S, ἀφίκεσθε:2S, ἀφίκετο:2L
αφικη	undetermined	0	2	ἀφίκηαι:2S, ἀφίκηται:2S
αφικο	undetermined	1	4	ἀφικοίμεθα:2S, ἀφικοίμην:2S, ἀφίκοιο:2S, ἀφικόμεθʼ:2L, ἀφίκοντο:2S
αφικω	S	0	3	ἀφίκωμαι:2S, ἀφικώμεθα:2S, ἀφίκωνται:2S
αφιστατα	undetermined	0	1	ἀφίσταται:3S
αφο	undetermined	0	2	ἀφορμηθεῖεν:1S, ἀφορμηθέντος:1S
αφραδι	S	0	5	ἀφραδίας:2S, ἀφραδίῃ:2S, ἀφραδίῃς:2S, ἀφραδίῃσι:2S, ἀφραδίῃσιν:2S
αφρο	S	0	4	ἀφροδίτη:1S, ἀφροδίτῃ:1S, ἀφροδίτην:1S, ἀφροδίτης:1S
αφροδιτη	L	4	0	ἀφροδίτη:3L, ἀφροδίτῃ:3L, ἀφροδίτην:3L, ἀφροδίτης:3L
αφροσυνα	undetermined	0	1	ἀφροσυνάων:3S
αφροσυναω	undetermined	1	0	ἀφροσυνάων:4L
αφροσυνη	undetermined	0	1	ἀφροσύνης:3S
αφυ	S	0	13	ἀφύλλοισιν:1S, ἀφύξειν:1S, ἀφυσγετόν:1S, ἀφυσσάμεθʼ:1S, ἀφυσσάμενοι:1S, ἀφύσσας:1S, ἀφύσσατο:1S, ἄφυσσε:1S
αφυσσαμε	undetermined	0	2	ἀφυσσάμεθʼ:3S, ἀφυσσάμενοι:3S
αφυσσατο	undetermined	0	1	ἀφύσσατο:3S
αφω	undetermined	0	1	ἀφωπλίζοντο:1S
αχα	S	0	17	ἀχαιαί:1S, ἀχαιιάδων:1S, ἀχαιϊάδων:1S, ἀχαιΐδα:1S, ἀχαιΐδες:1S, ἀχαιΐδος:1S, ἀχαιικόν:1S, ἀχαιϊκόν:1S
αχαιιαδω	undetermined	0	2	ἀχαιιάδων:4S, ἀχαιϊάδων:4S
αχαιιδα	undetermined	0	1	ἀχαιΐδα:3S
αχαιιδε	undetermined	0	1	ἀχαιΐδες:3S
αχαιιδο	undetermined	0	1	ἀχαιΐδος:3S
αχαιικο	undetermined	0	2	ἀχαιικόν:3S, ἀχαιϊκόν:3S
αχαρι	undetermined	0	2	ἀχάριστα:2S, ἀχαρίστερον:2S
αχε	S	0	7	ἄχεʼ:1S, ἀχελώϊον:1S, ἀχελώϊος:1S, ἀχέρδῳ:1S, ἀχέροντα:1S, ἀχερωΐς:1S, ἀχεύων:1S
αχι	S	0	10	ἀχιλεῦ:1S, ἀχιλεύς:1S, ἀχιλῆα:1S, ἀχιλῆϊ:1S, ἀχιλῆος:1S, ἀχιλλεῦ:1S, ἀχιλλεύς:1S, ἀχιλλῆα:1S
αχιλε	undetermined	0	2	ἀχιλεῦ:2S, ἀχιλεύς:2S
αχιλη	S	0	3	ἀχιλῆα:2S, ἀχιλῆϊ:2S, ἀχιλῆος:2S
αχνυμε	S	0	10	ἀχνύμεθα:2S, ἀχνύμεναι:2S, ἀχνυμένη:2S, ἀχνυμένῃ:2S, ἀχνύμενοι:2S, ἀχνυμένοις:2S, ἀχνύμενον:2S, ἀχνύμενος:2S
αχνυτα	undetermined	0	1	ἄχνυται:2S
αχνυτο	undetermined	0	1	ἄχνυτο:2S
αχο	S	0	3	ἄχολον:1S, ἄχομαι:1S, ἄχος:1S
αχρημοσυνη	undetermined	0	1	ἀχρημοσύνη:4S
αχυ	undetermined	0	1	ἀχυρμιαί:1S
αψαμε	S	0	3	ἁψαμένη:2S, ἁψάμενοι:2S, ἁψάμενος:2S
αψατο	undetermined	0	1	ἅψατο:2S
βαδη	undetermined	0	1	βάδην:1S
βαθε	S	0	6	βαθέʼ:1S, βαθεῖʼ:1S, βαθεῖα:1S, βαθεῖαν:1S, βαθείῃ:1S, βαθείης:1S
βαθι	undetermined	0	1	βάθιστον:1S
βαθυ	S	0	13	βαθύ:1S, βαθυδίνῃ:1S, βαθυδίνης:1S, βαθυζώνους:1S, βαθυκλῆα:1S, βαθύκολποι:1S, βαθυκόλπων:1S, βαθύν:1S
βαθυδι	undetermined	0	2	βαθυδίνῃ:2S, βαθυδίνης:2S
βαθυδινη	undetermined	2	0	βαθυδίνῃ:3L, βαθυδίνης:3L
βαθυκο	undetermined	0	2	βαθύκολποι:2S, βαθυκόλπων:2S
βαθυνε	undetermined	1	0	βάθυνε:2L
βαθυρρειταο	undetermined	1	0	βαθυρρείταο:4L
βαλα	undetermined	0	1	βάλανον:1S
βαλανο	undetermined	0	1	βάλανον:2S
βαλε	S	0	7	βάλε:1S, βαλεῖν:1S, βάλεν:1S, βάλες:1S, βάλετʼ:1S, βαλέτην:1S, βάλετο:1S
βαλη	S	0	5	βάλῃ:1S, βάλῃσθα:1S, βάλῃσι:1S, βάλῃσιν:1S, βάληται:1S
βαλι	undetermined	0	1	βαλίον:1S
βαλο	S	0	12	βάλοι:1S, βάλοιμι:1S, βάλοισθα:1S, βαλόμην:1S, βάλον:1S, βαλόν:1S, βαλόντας:1S, βαλόντε:1S
βαλω	S	0	4	βάλω:1S, βαλῶ:1S, βάλωμεν:1S, βαλών:1S
βαρβαρο	undetermined	0	1	βαρβαροφώνων:2S
βαρε	S	0	4	βαρεῖαι:1S, βαρεῖαν:1S, βαρείῃ:1S, βαρείης:1S
βαρυ	S	0	7	βαρύ:1S, βαρύθει:1S, βαρύν:1S, βάρυνε:1S, βαρύνεται:1S, βαρυνθείς:1S, βαρυνθέν:1S
βαρυθε	undetermined	0	1	βαρύθει:2S
βαρυνε	undetermined	2	0	βάρυνε:2L, βαρύνεται:2L
βασι	S	0	22	βασίλεια:1S, βασίλευε:1S, βασιλευέμεν:1S, βασίλευεν:1S, βασιλευέτω:1S, βασιλεύοι:1S, βασιλεύς:1S, βασιλεύσει:1S
βασιλε	S	0	14	βασίλεια:2S, βασίλευε:2S, βασιλευέμεν:2S, βασίλευεν:2S, βασιλευέτω:2S, βασιλεύοι:2S, βασιλεύς:2S, βασιλεύσει:2S
βασιλευτατο	undetermined	0	1	βασιλεύτατος:4S
βασιλη	S	0	8	βασιλῆα:2S, βασιλῆας:2S, βασιλῆες:2S, βασιλῆϊ:2S, βασιληΐδος:2S, βασιλήϊον:2S, βασιλῆος:2S, βασιλήων:2S
βασιληιδο	undetermined	0	1	βασιληΐδος:4S
βατη	undetermined	0	1	βάτην:1S
βατω	undetermined	0	1	βάτων:1S
βεβαασι	undetermined	1	0	βεβάασι:3L
βεβαμε	undetermined	0	1	βεβάμεν:2S
βεβαρη	undetermined	0	2	βεβαρηότα:2S, βεβαρηότες:2S
βεβασα	undetermined	0	1	βέβασαν:2S
βεβληατο	undetermined	0	1	βεβλήατο:3S
βεβοληατο	undetermined	0	1	βεβολήατο:4S
βεβριθα	undetermined	1	0	βεβρίθασιν:2L
βεβριθασι	undetermined	1	0	βεβρίθασιν:3L
βεβριθε	undetermined	2	0	βέβριθε:2L, βεβρίθει:2L
βεβριθυ	undetermined	1	0	βεβριθυῖα:2L
βεβρυχε	undetermined	1	0	βέβρυχεν:2L
βεβρυχω	undetermined	1	0	βεβρυχώς:2L
βησαμε	undetermined	0	1	βήσαμεν:2S
βιανο	undetermined	1	0	βιάνορα:2L
βιβα	S	0	3	βιβάντα:1S, βιβάς:1S, βιβάσθων:1S
βιησαμε	undetermined	0	1	βιησάμενος:3S
βιησατο	undetermined	0	1	βιήσατο:3S
βιωατο	undetermined	0	1	βιῴατο:3S
βλαβε	undetermined	0	2	βλάβεν:1S, βλάβεται:1S
βλεφαρο	S	0	4	βλεφάροιιν:2S, βλεφάροιϊν:2S, βλεφάροισι:2S, βλεφάροισιν:2S
βλεφαρω	undetermined	0	1	βλεφάρων:2S
βλοσυρη	undetermined	0	1	βλοσυρῇσιν:2S
βλοσυρο	undetermined	0	1	βλοσυροῖσι:2S
βλοσυρω	undetermined	0	1	βλοσυρῶπις:2S
βοηθοιδη	undetermined	0	2	βοηθοΐδη:4S, βοηθοΐδης:4S
βοηλασι	undetermined	0	1	βοηλασίῃ:3S
βοιβηιδα	undetermined	0	1	βοιβηΐδα:3S
βολαω	undetermined	1	0	βολάων:2L
βορεαο	undetermined	1	0	βορέαο:3L
βοσκομεναω	undetermined	1	0	βοσκομενάων:4L
βοτανη	undetermined	0	1	βοτάνης:2S
βοτρυδο	undetermined	1	0	βοτρυδόν:2L
βουγαι	undetermined	1	0	βουγάϊε:2L
βουκολιδα	undetermined	0	1	βουκολίδαο:3S
βουκολιδαο	undetermined	1	0	βουκολίδαο:4L
βουλευσατο	undetermined	0	1	βουλεύσατο:3S
βουλυτο	undetermined	2	0	βουλυτόν:2L, βουλυτόνδε:2L
βουπρασι	S	0	4	βουπρασίοιο:2S, βουπράσιον:2S, βουπρασίου:2S, βουπρασίῳ:2S
βραδυ	undetermined	0	2	βραδύς:1S, βραδυτῆτι:1S
βραδυτη	undetermined	0	1	βραδυτῆτι:2S
βραχε	undetermined	0	1	βράχε:1S
βραχι	S	0	3	βραχίονα:1S, βραχίονες:1S, βραχίονος:1S
βραχιο	L	3	0	βραχίονα:2L, βραχίονες:2L, βραχίονος:2L
βριαρη	undetermined	0	2	βριαρῇ:2S, βριαρήν:2S
βριθη	undetermined	1	0	βρίθῃσι:1L
βριθο	L	3	0	βριθομένη:1L, βριθοσύνῃ:1L, βρίθουσαν:1L
βριθοσυνη	undetermined	0	1	βριθοσύνῃ:3S
βριθυ	undetermined	1	0	βριθύ:1L
βρισα	undetermined	1	0	βρίσαντες:1L
βριση	L	3	0	βρισηΐδος:1L, βρισηΐς:1L, βρισῆος:1L
βρισηιδο	undetermined	0	1	βρισηΐδος:3S
βρυσε	undetermined	1	0	βρυσειάς:1L
βυβλινο	undetermined	0	1	βύβλινον:2S
βυκταω	undetermined	1	0	βυκτάων:2L
βωτιανε	undetermined	0	1	βωτιανείρῃ:3S
γαιαω	undetermined	1	0	γαιάων:2L
γαλα	S	0	4	γάλα:1S, γαλαθηνούς:1S, γάλακτι:1S, γάλακτος:1S
γαλαθη	undetermined	0	1	γαλαθηνούς:2S
γαλη	undetermined	0	2	γαλήνη:1S, γαλήνην:1S
γαμο	S	0	4	γάμοι:1S, γάμοιο:1S, γάμον:1S, γάμου:1S
γαμψωνυχε	undetermined	0	1	γαμψώνυχες:3S
γανυ	S	0	5	γανυμήδεος:1S, γανυμήδης:1S, γάνυνται:1S, γανύσσεται:1S, γάνυται:1S
γανυμη	undetermined	0	2	γανυμήδεος:2S, γανυμήδης:2S
γανυτα	undetermined	0	1	γάνυται:2S
γαργαρο	undetermined	0	1	γάργαρον:2S
γαργαρω	undetermined	0	1	γαργάρῳ:2S
γεγαασι	undetermined	2	0	γεγάασι:3L, γεγάασιν:3L
γεινατο	undetermined	0	1	γείνατο:2S
γελασα	S	0	4	γελάσαι:2S, γέλασαν:2S, γελάσας:2S, γελάσασα:2S
γελασασα	undetermined	1	0	γελάσασα:3L
γενειαδε	undetermined	0	1	γενειάδες:3S
γενοιατο	undetermined	0	1	γενοίατο:3S
γερανω	undetermined	0	1	γεράνων:2S
γεραρο	undetermined	0	1	γεραρόν:2S
γεραρω	undetermined	0	1	γεραρώτερος:2S
γεφυρα	undetermined	2	0	γέφυραι:2L, γεφύρας:2L
γεφυρω	undetermined	1	0	γεφύρωσεν:2L
γηθοσυνη	undetermined	0	2	γηθοσύνη:3S, γηθοσύνῃ:3S
γηθοσυνο	undetermined	0	2	γηθόσυνοι:3S, γηθόσυνος:3S
γημαμε	undetermined	0	1	γημαμένη:2S
γιγα	S	0	3	γιγάντεσσιν:1S, γιγάντων:1S, γίγασιν:1S
γιγασι	undetermined	1	0	γίγασιν:2L
γλαγο	undetermined	0	1	γλάγος:1S
γλακτοφαγω	undetermined	0	1	γλακτοφάγων:3S
γλαυκωπιδα	undetermined	0	1	γλαυκώπιδα:3S
γλαυκωπιδι	undetermined	0	1	γλαυκώπιδι:3S
γλαυκωπιδο	undetermined	0	1	γλαυκώπιδος:3S
γλαφυ	S	0	12	γλαφυραί:1S, γλαφυράς:1S, γλαφύρας:1S, γλαφυρή:1S, γλαφυρῇ:1S, γλαφυρήν:1S, γλαφυρῆς:1S, γλαφυρῇς:1S
γλαφυρα	S	0	3	γλαφυραί:2S, γλαφυράς:2S, γλαφύρας:2S
γλαφυρη	S	0	7	γλαφυρή:2S, γλαφυρῇ:2S, γλαφυρήν:2S, γλαφυρῆς:2S, γλαφυρῇς:2S, γλαφυρῇσι:2S, γλαφυρῇσιν:2S
γλαφυρο	undetermined	0	2	γλαφυροῖσι:2S, γλαφυροῖσιν:2S
γλισα	undetermined	1	0	γλισᾶντʼ:1L
γλυκε	S	0	8	γλυκεραί:1S, γλυκερῆς:1S, γλυκεροῖο:1S, γλυκερόν:1S, γλυκερός:1S, γλυκεροῦ:1S, γλυκερῷ:1S, γλυκερώτερον:1S
γλυκι	undetermined	0	2	γλύκιον:1S, γλυκίων:1S
γλυκυ	S	0	4	γλυκύ:1S, γλυκύθυμος:1S, γλυκύν:1S, γλυκύς:1S
γλυκυθυ	undetermined	0	1	γλυκύθυμος:2S
γλυκυθυμο	undetermined	1	0	γλυκύθυμος:3L
γλυφι	undetermined	0	1	γλυφίδας:1S
γλυφιδα	undetermined	0	1	γλυφίδας:2S
γνωριμο	undetermined	0	1	γνώριμος:2S
γοργυθι	undetermined	0	1	γοργυθίωνα:2S
γορτυνα	undetermined	1	0	γόρτυνα:2L
γορτυνο	undetermined	1	0	γόρτυνος:2L
γουνασι	undetermined	0	2	γούνασι:2S, γούνασιν:2S
γουνασο	undetermined	0	1	γουνάσομαι:2S
γουνατα	undetermined	0	1	γούνατα:2S
γουνατο	undetermined	0	1	γούνατος:2S
γυαλο	undetermined	0	2	γυάλοισιν:2S, γύαλον:2S
γυγα	undetermined	2	0	γυγαίη:1L, γυγαίῃ:1L
γυνα	S	0	14	γύναι:1S, γυναῖκʼ:1S, γυναῖκα:1S, γυναῖκας:1S, γυναικείας:1S, γυναῖκες:1S, γυναικί:1S, γυναικός:1S
γυναιμανε	undetermined	0	1	γυναιμανές:3S
γυνη	undetermined	0	1	γυνή:1S
γυπε	undetermined	1	0	γύπεσσιν:1L
γυρα	undetermined	1	0	γυραίην:1L
γυρη	undetermined	1	0	γυρῇσιν:1L
γυρο	undetermined	1	0	γυρός:1L
γυρτιαδη	undetermined	0	1	γυρτιάδην:3S
γωρυτω	undetermined	1	0	γωρυτῷ:2L
δαε	undetermined	1	0	δαέρα:1L
δαη	undetermined	1	0	δαήρ:1L
δαι	undetermined	1	0	δαΐζων:1L
δαιδα	undetermined	0	1	δαΐδας:2S
δαιδαλα	undetermined	0	1	δαίδαλα:2S
δαιδαλο	undetermined	0	2	δαίδαλον:2S, δαίδαλος:2S
δαιδω	undetermined	0	1	δαΐδων:2S
δαικταμε	undetermined	0	1	δαϊκταμένων:3S
δαινυα	undetermined	1	0	δαινύατʼ:2L
δαινυη	undetermined	1	0	δαινύῃ:2L
δαινυμε	S	0	5	δαινύμενοι:2S, δαινυμένοισι:2S, δαινύμενον:2S, δαινυμένους:2S, δαινυμένω:2S
δαινυσα	undetermined	0	1	δαίνυσαι:2S
δαινυτα	undetermined	0	1	δαίνυται:2S
δαισαμε	undetermined	0	1	δαισάμενοι:2S
δαιτροσυνα	undetermined	0	1	δαιτροσυνάων:3S
δαιτροσυναω	undetermined	1	0	δαιτροσυνάων:4L
δαιτυμο	S	0	4	δαιτυμόνας:2S, δαιτυμόνες:2S, δαιτυμόνεσσι:2S, δαιτυμόνων:2S
δακε	undetermined	0	1	δάκε:1S
δακρυ	undetermined	0	2	δακρύοισι:1S, δακρυπλώειν:1S
δακρυσα	undetermined	2	0	δακρύσας:2L, δακρύσασα:2L
δακρυσασα	undetermined	1	0	δακρύσασα:3L
δακρυσι	undetermined	0	2	δάκρυσι:2S, δάκρυσιν:2S
δαλο	undetermined	2	0	δαλόν:1L, δαλός:1L
δαλω	undetermined	1	0	δαλῷ:1L
δαμα	S	0	33	δαμᾷ:1S, δαμάᾳ:1S, δάμαρ:1S, δάμαρτα:1S, δάμαρτι:1S, δάμασʼ:1S, δαμασαίατο:1S, δαμασαίμεθα:1S
δαμασα	S	0	6	δαμασαίατο:2S, δαμασαίμεθα:2S, δαμασαίμην:2S, δαμάσαντες:2S, δαμάσαντο:2S, δαμάσασθαι:2S
δαμασαιατο	undetermined	0	1	δαμασαίατο:4S
δαμασε	undetermined	0	1	δάμασε:2S
δαμαση	undetermined	0	1	δαμάσῃ:2S
δαμασο	undetermined	0	1	δάμασον:2S
δαμασσαμε	undetermined	0	2	δαμασσάμενοι:3S, δαμασσάμενος:3S
δαμασσατο	undetermined	0	1	δαμάσσατο:3S
δαμαστοριδη	undetermined	0	2	δαμαστορίδην:4S, δαμαστορίδης:4S
δαμε	S	0	10	δαμείετε:1S, δαμείς:1S, δάμεν:1S, δαμέντʼ:1S, δαμέντα:1S, δαμέντας:1S, δαμέντε:1S, δαμέντες:1S
δαμη	S	0	5	δάμη:1S, δαμήῃ:1S, δαμήῃς:1S, δαμήμεναι:1S, δαμῆναι:1S
δαμναμε	undetermined	0	1	δαμναμένους:2S
δαμνατα	undetermined	0	1	δάμναται:2S
δαμνατο	undetermined	0	1	δάμνατο:2S
δανα	S	0	6	δανάης:1S, δαναοί:1S, δαναοῖσι:1S, δαναοῖσιν:1S, δαναούς:1S, δαναῶν:1S
δαπε	undetermined	0	2	δάπεδον:1S, δαπέδῳ:1S
δαρδανι	S	0	11	δαρδανιάων:2S, δαρδανίδαο:2S, δαρδανίδες:2S, δαρδανίδη:2S, δαρδανίδῃ:2S, δαρδανίδην:2S, δαρδανίδης:2S, δαρδανίδων:2S
δαρδανιαω	undetermined	1	0	δαρδανιάων:4L
δαρδανιδα	undetermined	0	1	δαρδανίδαο:3S
δαρδανιδαο	undetermined	1	0	δαρδανίδαο:4L
δαρδανιδε	undetermined	0	1	δαρδανίδες:3S
δαρδανιδη	S	0	4	δαρδανίδη:3S, δαρδανίδῃ:3S, δαρδανίδην:3S, δαρδανίδης:3S
δαρδανιδω	undetermined	0	1	δαρδανίδων:3S
δαρδανο	S	0	4	δάρδανοι:2S, δάρδανον:2S, δάρδανος:2S, δαρδάνου:2S
δαρη	undetermined	0	2	δάρης:1S, δάρητος:1S
δασα	S	0	3	δασαίμεθα:1S, δάσασθαι:1S, δασάσκετο:1S
δασε	undetermined	0	1	δασείας:1S
δασο	undetermined	0	1	δάσονται:1S
δασσαμε	undetermined	0	2	δασσάμεθʼ:2S, δασσάμενοι:2S
δασυ	undetermined	0	1	δασύ:1S
δασω	undetermined	0	1	δάσωνται:1S
δατε	undetermined	0	1	δατεῦντο:1S
δαυλιδα	undetermined	0	1	δαυλίδα:2S
δαφο	S	0	4	δαφοινεόν:1S, δαφοινοί:1S, δαφοινόν:1S, δαφοινός:1S
δεδαιατα	undetermined	0	1	δεδαίαται:3S
δεδακρυσα	undetermined	1	0	δεδάκρυσαι:3L
δεδιασι	undetermined	1	0	δεδίασιν:3L
δεδιδα	undetermined	0	1	δεδιδάχθαι:2S
δεδμηατο	undetermined	0	1	δεδμήατο:3S
δεδυκε	undetermined	1	0	δέδυκεν:2L
δειδεχατα	undetermined	0	1	δειδέχαται:3S
δειδιθι	undetermined	0	1	δείδιθι:2S
δειδιμε	undetermined	0	2	δείδιμεν:2S, δειδίμεν:2S
δειδισα	undetermined	0	1	δείδισαν:2S
δειδιτε	undetermined	0	1	δείδιτε:2S
δεικνυμε	undetermined	0	1	δεικνύμενος:2S
δεινοτατο	undetermined	0	1	δεινότατος:3S
δεκαδα	undetermined	0	1	δεκάδας:2S
δεκαδε	undetermined	0	1	δεκάδες:2S
δεκακι	undetermined	0	1	δεκάκις:2S
δεκατη	S	0	3	δεκάτη:2S, δεκάτῃ:2S, δεκάτην:2S
δεκατο	undetermined	0	1	δεκάτους:2S
δεκατω	undetermined	0	1	δεκάτῳ:2S
δεκαχι	undetermined	0	1	δεκάχιλοι:2S
δεκαχιλο	undetermined	1	0	δεκάχιλοι:3L
δεξαμε	S	0	4	δεξαμένη:2S, δεξάμενοι:2S, δεξάμενος:2S, δεξαμένῳ:2S
δεξατο	undetermined	0	1	δέξατο:2S
δεξιαδη	undetermined	0	1	δεξιάδην:3S
δεξιτε	S	0	6	δεξιτερῇ:2S, δεξιτερήν:2S, δεξιτερῆς:2S, δεξιτερῆφι:2S, δεξιτεροῖο:2S, δεξιτερόν:2S
δερμασι	undetermined	0	1	δέρμασιν:2S
δερματι	undetermined	0	2	δερματίνοισι:2S, δερματίνοισιν:2S
δερματινο	undetermined	0	2	δερματίνοισι:3S, δερματίνοισιν:3S
δεσματα	undetermined	0	1	δέσματα:2S
δευκαλι	S	0	5	δευκαλίδαο:2S, δευκαλίδη:2S, δευκαλίων:2S, δευκαλίωνα:2S, δευκαλίωνος:2S
δευκαλιδα	undetermined	0	1	δευκαλίδαο:3S
δευκαλιδαο	undetermined	1	0	δευκαλίδαο:4L
δευκαλιδη	undetermined	0	1	δευκαλίδη:3S
δευοιατο	undetermined	0	1	δευοίατο:3S
δευτατο	undetermined	0	2	δεύτατον:2S, δεύτατος:2S
δεχατα	undetermined	0	1	δέχαται:2S
δηθυνε	undetermined	2	0	δηθύνειν:2L, δήθυνεν:2L
δηθυνη	undetermined	1	0	δηθύνῃσθα:2L
δηθυνο	undetermined	1	0	δηθύνοντʼ:2L
δηθυνω	undetermined	1	0	δηθύνων:2L
δηιοπιτη	undetermined	1	0	δηϊοπίτην:4L
δηιπυ	undetermined	0	2	δηϊπύλῳ:2S, δηΐπυρον:2S
δηιπυλω	undetermined	0	1	δηϊπύλῳ:3S
δηιπυρο	undetermined	0	1	δηΐπυρον:3S
δηιφο	S	0	6	δηΐφοβʼ:2S, δηιφόβοιο:2S, δηϊφόβοιο:2S, δηΐφοβον:2S, δηΐφοβος:2S, δηϊφόβῳ:2S
δηληματα	undetermined	0	1	δηλήματα:3S
δηλησατο	undetermined	0	1	δηλήσατο:3S
δηρισα	undetermined	1	0	δηρίσαντο:2L
δησαμε	undetermined	0	2	δησάμενοι:2S, δησάμενος:2S
δια	undetermined	1	0	διά:1L
διαβα	undetermined	0	1	διαβαινέμεν:2S
διαβη	undetermined	0	1	διαβήμεναι:2S
διαγι	undetermined	0	2	διαγιγνώσκοντες:2S, διαγιγνώσκω:2S
διαδρακο	undetermined	0	1	διαδράκοι:3S
διαδραμο	undetermined	0	1	διαδράμοι:3S
διακε	undetermined	0	2	διακεκριμέναι:2S, διακέρσαι:2S
διακεκριμε	undetermined	0	1	διακεκριμέναι:4S
διακο	undetermined	0	1	διακοσμηθεῖμεν:2S
διακριδο	undetermined	0	1	διακριδόν:3S
διακρινε	undetermined	1	0	διακρίνειε:3L
διακρινη	undetermined	1	0	διακρίνῃ:3L
διαμε	undetermined	0	1	διαμετρητῷ:2S
διαμη	undetermined	0	1	διάμησε:2S
διανδιχα	undetermined	0	1	διάνδιχα:3S
διαπε	undetermined	0	2	διαπέρσαι:2S, διαπέρσομεν:2S
διαπο	undetermined	0	1	διαπορθήσας:2S
διαπρυσι	undetermined	0	1	διαπρύσιον:3S
διασκεδασε	undetermined	0	1	διασκεδάσειεν:4S
διατριβε	undetermined	1	0	διατρίβειν:3L
διατριβη	undetermined	1	0	διατρίβῃσιν:3L
διατρυγι	undetermined	0	1	διατρύγιος:3S
διατρυφε	undetermined	0	1	διατρυφέν:3S
διαφυ	undetermined	0	1	διαφυσσόμενον:2S
διδα	S	0	6	διδάξαμεν:1S, δίδαξε:1S, διδασκέμεν:1S, διδασκέμεναι:1S, διδασκόμενος:1S, διδάσκουσιν:1S
διδαξαμε	undetermined	0	1	διδάξαμεν:3S
διδε	undetermined	0	1	διδέντων:1S
διδη	undetermined	0	1	δίδη:1S
διδο	S	0	12	διδοῖ:1S, διδοῖεν:1S, διδοῖς:1S, διδοῖτε:1S, δίδομεν:1S, διδόντος:1S, δίδοσαν:1S, δίδου:1S
διδυ	S	0	4	διδυμάονε:1S, διδυμάοσιν:1S, δίδυμοι:1S, διδύμοισι:1S
διδυμα	undetermined	0	2	διδυμάονε:2S, διδυμάοσιν:2S
διδυμαο	undetermined	2	0	διδυμάονε:3L, διδυμάοσιν:3L
διδυμο	undetermined	0	2	δίδυμοι:2S, διδύμοισι:2S
διδω	S	0	6	δίδωθι:1S, δίδωμι:1S, διδώσειν:1S, δίδωσι:1S, δίδωσιν:1S, διδώσομεν:1S
διεδραμο	undetermined	0	1	διέδραμον:3S
διεκριθε	undetermined	0	1	διέκριθεν:3S
διεκρινα	undetermined	1	0	διέκριναν:3L
διεκρινε	undetermined	1	0	διέκρινεν:3L
διελεξατο	undetermined	0	1	διελέξατο:4S
διεξιμε	undetermined	0	1	διεξίμεναι:3S
διεπερσαμε	undetermined	0	1	διεπέρσαμεν:4S
διεπεφραδε	undetermined	0	1	διεπέφραδε:4S
διεπραθε	undetermined	0	1	διεπράθετο:3S
διεπραθο	undetermined	0	2	διεπράθομεν:3S, διέπραθον:3S
διεπτατο	undetermined	0	1	διέπτατο:3S
διεσσυτο	undetermined	0	1	διέσσυτο:3S
διεσταμε	undetermined	0	1	διέσταμεν:3S
διεσχισε	undetermined	0	1	διέσχισεν:3S
διετμαγε	undetermined	0	1	διέτμαγεν:3S
διετμαγο	undetermined	0	1	διέτμαγον:3S
διζυγε	undetermined	0	1	δίζυγες:2S
διη	undetermined	2	0	δίῃ:1L, δίης:1L
διηγαγο	undetermined	0	1	διήγαγον:3S
διηλασε	undetermined	0	2	διήλασε:3S, διήλασεν:3S
διηνυσε	undetermined	0	1	διήνυσεν:3S
διηφυσε	undetermined	0	1	διήφυσε:3S
διικε	undetermined	1	0	διίκεο:2L
διιπε	undetermined	1	0	διιπετέος:2L
διιστατο	undetermined	0	1	διίστατο:3S
δικα	S	0	18	δικαζέμεν:1S, δικαζέτω:1S, δικαζόμενος:1S, δικαζομένων:1S, δίκαζον:1S, δίκαιοι:1S, δίκαιον:1S, δικαιότατος:1S
δικαιοτατο	undetermined	0	1	δικαιότατος:4S
δικαιοτατω	undetermined	0	1	δικαιοτάτων:4S
δικασα	undetermined	0	1	δίκασαν:2S
δικασσατε	undetermined	0	1	δικάσσατε:3S
δικασω	undetermined	0	1	δικάσω:2S
δικη	S	0	5	δίκη:1S, δίκῃ:1S, δίκην:1S, δίκης:1S, δίκῃσι:1S
δικλιδα	undetermined	0	1	δικλίδας:2S
δικλιδε	undetermined	0	1	δικλίδες:2S
δινα	undetermined	1	0	δίνας:1L
δινε	L	8	0	δινείσθην:1L, δινέομεν:1L, δίνεον:1L, δινεύεσκʼ:1L, δινεύοι:1L, δινεύοντες:1L, δινεύουσαν:1L, δινεύων:1L
δινη	L	9	0	δίνῃ:1L, δινήεις:1L, δινήεντα:1L, δινήεντι:1L, δινηθῆναι:1L, δινηθήτην:1L, δίνης:1L, δινήσας:1L
δινω	undetermined	2	0	δινωτήν:1L, δινωτοῖσι:1L
διο	L	4	0	διογενές:1L, διογενής:1L, διογενῆς:1L, δίου:1L
διονυσο	undetermined	1	0	διονύσου:3L
διπλακα	undetermined	0	1	δίπλακα:2S
διπλακι	undetermined	0	1	δίπλακι:2S
διπτυχα	undetermined	0	1	δίπτυχα:2S
διπτυχο	undetermined	0	1	δίπτυχον:2S
διφω	undetermined	1	0	διφῶν:1L
διχα	undetermined	0	1	δίχα:1S
διχθαδι	undetermined	0	2	διχθάδιʼ:2S, διχθαδίας:2S
διψαω	undetermined	1	0	διψάων:2L
διω	L	4	0	δίῳ:1L, διώρεα:1L, διώρεος:1L, διώρης:1L
διωνυσο	L	3	0	διωνύσοιο:3L, διώνυσον:3L, διώνυσος:3L
δμωαω	undetermined	1	0	δμῳάων:2L
δνοπαλι	undetermined	0	1	δνοπαλίξεις:2S
δοασσατο	undetermined	0	1	δοάσσατο:3S
δολιχα	undetermined	0	1	δολιχαύλους:2S
δολιχε	undetermined	0	1	δολιχεγχέας:2S
δολιχη	S	0	5	δολιχή:2S, δολιχήν:2S, δολιχήρετμοι:2S, δολιχηρέτμοιο:2S, δολιχηρέτμοισι:2S
δολιχο	undetermined	0	2	δολιχόν:2S, δολιχόσκιον:2S
δολοφροσυνη	undetermined	0	2	δολοφροσύνην:4S, δολοφροσύνῃς:4S
δονακα	undetermined	0	1	δόνακας:2S
δονακη	undetermined	0	1	δονακῆα:2S
δουλιχι	S	0	6	δουλιχιεύς:2S, δουλιχιῆος:2S, δουλιχίοιο:2S, δουλίχιον:2S, δουλίχιονδʼ:2S, δουλιχίου:2S
δουλιχο	undetermined	0	1	δουλιχοδείρων:2S
δουλοσυνη	undetermined	0	1	δουλοσύνην:3S
δουρασι	undetermined	0	1	δούρασιν:2S
δουρατα	undetermined	0	1	δούρατα:2S
δουρατι	undetermined	0	1	δούρατι:2S
δουρατο	undetermined	0	1	δούρατος:2S
δουρικλυτο	undetermined	0	1	δουρικλυτός:3S
δραγματα	undetermined	0	1	δράγματα:2S
δρακι	undetermined	0	1	δρακίος:1S
δρακο	undetermined	0	2	δράκοντα:1S, δράκοντες:1S
δρακω	undetermined	0	1	δράκων:1S
δραμε	undetermined	0	2	δράμεν:1S, δραμέτην:1S
δρατα	undetermined	0	1	δρατά:1S
δρεπανα	undetermined	0	1	δρεπάνας:2S
δρεπανο	undetermined	0	1	δρέπανον:2S
δρεψαμε	undetermined	0	1	δρεψάμενοι:2S
δρηστοσυνη	undetermined	0	1	δρηστοσύνῃ:3S
δριμυ	undetermined	2	0	δριμύ:1L, δριμύς:1L
δρυινο	undetermined	0	1	δρύϊνον:2S
δρυμα	undetermined	0	1	δρυμά:1S
δρυσι	undetermined	0	1	δρυσίν:1S
δρυτο	undetermined	0	2	δρυτόμος:1S, δρυτόμων:1S
δρυψαμε	undetermined	0	1	δρυψαμένω:2S
δυη	L	3	0	δύη:1L, δύῃ:1L, δύῃς:1L
δυμα	undetermined	0	1	δύμαντος:1S
δυμε	undetermined	1	0	δύμεναι:1L
δυνα	undetermined	2	16	δυναίμην:1S, δύναιο:1S, δύναιτο:1S, δύναμαι:1S, δυνάμει:1S, δυναμένη:1L, δυναμένοιο:1L, δυνάμεσθα:1S
δυναμα	undetermined	0	1	δύναμαι:2S
δυναμε	S	0	4	δυνάμει:2S, δυναμένη:2S, δυναμένοιο:2S, δυνάμεσθα:2S
δυναμη	undetermined	0	1	δυνάμην:2S
δυναμι	undetermined	0	2	δύναμιν:2S, δύναμις:2S
δυνασα	undetermined	0	1	δύνασαι:2S
δυνατα	undetermined	0	1	δύναται:2S
δυνατο	undetermined	0	1	δύνατο:2S
δυνε	undetermined	2	0	δύνει:1L, δύνεις:1L
δυνη	S	0	6	δύνηαι:1S, δυνήσατο:1S, δυνήσεαι:1S, δυνήσεται:1S, δυνήσομαι:1S, δυνησόμεθʼ:1S
δυνησατο	undetermined	0	1	δυνήσατο:3S
δυνο	undetermined	1	0	δύνοντες:1L
δυσα	undetermined	1	6	δυσαέος:1S, δυσαής:1S, δυσάμμορε:1S, δυσάμμοροι:1S, δυσάμμορος:1S, δύσαντο:1L, δυσαριστοτόκεια:1S
δυσαε	undetermined	1	0	δυσαέος:2L
δυσαη	undetermined	1	0	δυσαής:2L
δυσαρι	undetermined	0	1	δυσαριστοτόκεια:2S
δυσε	L	6	0	δύσεαι:1L, δύσεθʼ:1L, δύσεο:1L, δύσεσθαι:1L, δύσετʼ:1L, δύσετο:1L
δυση	S	0	3	δυσηλεγέα:1S, δυσηλεγέος:1S, δυσηχέος:1S
δυσκελαδο	undetermined	0	1	δυσκελάδου:3S
δυσο	L	3	0	δύσομαι:1L, δυσομένου:1L, δύσονται:1L
δυσπαρι	undetermined	0	1	δύσπαρι:2S
δυσω	undetermined	1	3	δύσω:1L, δυσώνυμοι:1S, δυσώνυμος:1S, δυσωρήσωνται:1S
δυσωνυμο	undetermined	0	2	δυσώνυμοι:3S, δυσώνυμος:3S
δυτω	undetermined	1	0	δύτω:1L
δυω	undetermined	1	0	δύω:1L
δυωδεκαβο	undetermined	0	1	δυωδεκάβοιον:4S
δυωδεκατη	undetermined	0	2	δυωδεκάτη:4S, δυωδεκάτῃ:4S
δυωκαιεικοσιμε	undetermined	0	1	δυωκαιεικοσίμετρον:6S
δυωκαιεικοσιπη	undetermined	0	1	δυωκαιεικοσίπηχυ:6S
δωδεκατη	S	0	3	δωδεκάτη:3S, δωδεκάτῃ:3S, δωδεκάτην:3S
δωμασι	undetermined	0	2	δώμασι:2S, δώμασιν:2S
δωματα	undetermined	0	1	δώματα:2S
δωματο	undetermined	0	1	δώματος:2S
δωτινη	undetermined	2	0	δωτίνην:2L, δωτίνῃσι:2L
εανο	undetermined	1	0	ἑανόν:2L
εανω	undetermined	1	0	ἑανῷ:2L
εασα	L	3	0	ἐάσαιμεν:2L, ἔασας:2L, ἐάσατε:2L
εασατε	undetermined	0	1	ἐάσατε:3S
εασε	L	4	0	ἔασε:2L, ἐάσει:2L, ἐάσειε:2L, ἔασεν:2L
εαση	undetermined	1	0	ἐάσῃς:2L
εασι	undetermined	2	0	ἔασι:2L, ἔασιν:2L
εασο	undetermined	2	0	ἐάσομεν:2L, ἔασον:2L
εαω	undetermined	1	0	ἑάων:2L
εβαλε	S	0	3	ἔβαλε:2S, ἔβαλεν:2S, ἔβαλες:2S
εβαλο	undetermined	0	2	ἔβαλον:2S, ἐβάλοντο:2S
εβαρυ	undetermined	0	1	ἐβάρυνε:2S
εβαρυνε	undetermined	1	0	ἐβάρυνε:3L
εβαστασε	undetermined	0	1	ἐβάστασε:3S
εβδοματη	undetermined	0	1	ἑβδομάτῃ:3S
εβεβρυχε	undetermined	1	0	ἐβεβρύχει:3L
εβησαμε	undetermined	0	1	ἐβήσαμεν:3S
εβιησατο	undetermined	0	1	ἐβιήσατο:4S
εβλαβε	undetermined	0	1	ἔβλαβεν:2S
εβραχε	undetermined	0	1	ἔβραχε:2S
εβρισα	undetermined	1	0	ἔβρισαν:2L
εγγεγαασι	undetermined	2	0	ἐγγεγάασι:4L, ἐγγεγάασιν:4L
εγγυαλι	S	0	8	ἐγγυαλίζει:3S, ἐγγυάλιξα:3S, ἐγγυαλίξαι:3S, ἐγγυάλιξε:3S, ἐγγυαλίξει:3S, ἐγγυάλιξεν:3S, ἐγγυαλίξῃ:3S, ἐγγυαλίξω:3S
εγγυθε	undetermined	0	1	ἐγγύθεν:2S
εγγυθι	undetermined	0	1	ἐγγύθι:2S
εγεινατο	undetermined	0	1	ἐγείνατο:3S
εγκασι	undetermined	0	1	ἔγκασι:2S
εγκατα	undetermined	0	1	ἔγκατα:2S
εγκατε	undetermined	0	1	ἐγκατέπηξʼ:2S
εγκεκλιτα	undetermined	0	1	ἐγκέκλιται:3S
εγκερασα	undetermined	0	1	ἐγκεράσασα:3S
εγκερασασα	undetermined	1	0	ἐγκεράσασα:4L
εγκεφαλο	S	0	3	ἐγκεφάλοιο:3S, ἐγκέφαλον:3S, ἐγκέφαλος:3S
εγκεφαλω	undetermined	0	1	ἐγκεφάλῳ:3S
εγρηγορθασι	undetermined	1	0	ἐγρηγόρθασι:4L
εγχεσιμω	S	0	3	ἐγχεσίμωροι:3S, ἐγχεσιμώρους:3S, ἐγχεσιμώρων:3S
εγχεσπαλο	undetermined	0	2	ἐγχέσπαλοι:3S, ἐγχέσπαλος:3S
εδαμα	S	0	5	ἐδαμάσθην:2S, ἐδάμασσα:2S, ἐδαμάσσατο:2S, ἐδάμασσε:2S, ἐδάμασσεν:2S
εδαμασσατο	undetermined	0	1	ἐδαμάσσατο:4S
εδαμη	S	0	3	ἐδάμη:2S, ἐδάμημεν:2S, ἐδάμην:2S
εδανω	undetermined	0	1	ἑδανῷ:2S
εδασα	undetermined	0	1	ἐδάσαντο:2S
εδαφο	undetermined	0	1	ἔδαφος:2S
εδειδιμε	undetermined	0	1	ἐδείδιμεν:3S
εδειδισα	undetermined	0	1	ἐδείδισαν:3S
εδειματο	undetermined	0	1	ἐδείματο:3S
εδεισατε	undetermined	0	1	ἐδείσατε:3S
εδεξατο	undetermined	0	1	ἐδέξατο:3S
εδησατο	undetermined	0	1	ἐδήσατο:3S
εδιδα	undetermined	0	2	ἐδίδαξαν:2S, ἐδίδαξε:2S
εδιδο	undetermined	0	2	ἐδίδου:2S, ἐδίδους:2S
εδινε	L	3	0	ἐδινεόμεσθα:2L, ἐδίνεον:2L, ἐδίνευον:2L
εδνοπαλι	undetermined	0	1	ἐδνοπάλιζεν:3S
εδρακο	undetermined	0	1	ἔδρακον:2S
εδραμε	undetermined	0	1	ἔδραμε:2S
εδραμο	undetermined	0	1	ἔδραμον:2S
εδυνα	S	0	3	ἐδύναντο:2S, ἐδύνασθε:2S, ἐδυνάσθη:2S
εδυνε	undetermined	2	0	ἔδυνε:2L, ἔδυνεν:2L
εδυνη	undetermined	0	1	ἐδυνήσατο:2S
εδυνησατο	undetermined	0	1	ἐδυνήσατο:4S
εδυνο	undetermined	1	0	ἔδυνον:2L
εδυσα	undetermined	1	0	ἔδυσαν:2L
εδυσε	undetermined	1	0	ἐδύσετο:2L
εδυτε	undetermined	1	0	ἔδυτε:2L
εδυτη	undetermined	1	0	ἐδύτην:2L
εεικοσαβο	undetermined	0	2	ἐεικοσάβοια:4S, ἐεικοσάβοιον:4S
εεισαμε	undetermined	0	2	ἐεισαμένη:3S, ἐεισάμενος:3S
εεισατο	undetermined	0	1	ἐείσατο:3S
εεργαθε	undetermined	0	1	ἐέργαθεν:3S
εερχατο	undetermined	0	1	ἐέρχατο:3S
εεσσατο	undetermined	0	2	ἐέσσατο:3S, ἑέσσατο:3S
εηνδανε	undetermined	0	2	ἑήνδανε:3S, ἑήνδανεν:3S
εθανε	undetermined	0	1	ἔθανεν:2S
εθλασε	undetermined	0	1	ἔθλασεν:2S
εθυσα	undetermined	1	0	ἐθύσαμεν:2L
εθυσαμε	undetermined	0	1	ἐθύσαμεν:3S
ειαμε	undetermined	0	1	εἱαμενῇ:2S
ειασα	undetermined	1	0	εἴασαν:2L
ειασε	undetermined	1	1	εἴασε:2L, εἴασεν:2S
ειατο	undetermined	0	2	εἴατο:2S, εἵατο:2S
ειδατα	undetermined	0	1	εἴδατα:2S
εικοσακι	undetermined	0	1	εἰκοσάκις:3S
εικοσινη	undetermined	0	1	εἰκοσινήριτʼ:3S
ειλαπι	S	0	7	εἰλαπινάζουσιν:2S, εἰλαπινάζων:2S, εἰλαπίναι:2S, εἰλαπιναστής:2S, εἰλαπίνη:2S, εἰλαπίνην:2S, εἰλαπίνῃσι:2S
ειλαπινα	S	0	4	εἰλαπινάζουσιν:3S, εἰλαπινάζων:3S, εἰλαπίναι:3S, εἰλαπιναστής:3S
ειλαπινη	S	0	3	εἰλαπίνη:3S, εἰλαπίνην:3S, εἰλαπίνῃσι:3S
ειλατι	S	0	4	εἰλάτιναι:2S, εἰλατίνοισιν:2S, εἰλάτινον:2S, εἰλάτινος:2S
ειλατινα	undetermined	0	1	εἰλάτιναι:3S
ειλατινο	S	0	3	εἰλατίνοισιν:3S, εἰλάτινον:3S, εἰλάτινος:3S
ειλιπο	undetermined	0	2	εἰλίποδας:2S, εἰλιπόδεσσι:2S
ειλυατα	undetermined	0	1	εἰλύαται:3S
ειλυμα	undetermined	1	0	εἴλυμα:2L
ειλυμε	L	4	0	εἰλυμένα:2L, εἰλυμένοι:2L, εἰλυμένος:2L, εἰλυμένω:2L
ειλυσω	undetermined	1	0	εἰλύσω:2L
ειλυτα	undetermined	1	0	εἴλυται:2L
ειλυτο	undetermined	1	0	εἴλυτο:2L
ειλυφα	undetermined	1	0	εἰλυφάζει:2L
ειμασι	undetermined	0	1	εἵμασιν:2S
ειματα	undetermined	0	1	εἵματα:2S
ειματι	undetermined	0	1	εἵματι:2S
εινακι	undetermined	0	1	εἰνάκις:2S
ειναλι	S	0	3	εἰνάλιαι:2S, εἰναλίη:2S, εἰναλίῳ:2S
εινανυ	undetermined	0	1	εἰνάνυχες:2S
εινανυχε	undetermined	0	1	εἰνάνυχες:3S
εινατε	undetermined	0	2	εἰνατέρες:2S, εἰνατέρων:2S
εινατο	undetermined	0	1	εἴνατος:2S
εινοσιφυ	undetermined	0	1	εἰνοσίφυλλον:3S
ειξασα	undetermined	1	0	εἴξασα:2L
ειξατε	undetermined	0	1	εἴξατε:2S
ειπατε	undetermined	0	1	εἴπατε:2S
ειραω	undetermined	1	0	εἰράων:2L
ειρυα	undetermined	2	0	εἰρύαται:2L, εἰρύατο:2L
ειρυατα	undetermined	0	1	εἰρύαται:3S
ειρυατο	undetermined	0	1	εἰρύατο:3S
ειρυμε	undetermined	1	0	εἰρυμέναι:2L
ειρυσα	S	0	6	εἰρύσαθʼ:2S, εἰρυσάμην:2S, εἴρυσαν:2S, εἰρύσαο:2S, εἰρύσατʼ:2S, εἰρύσατο:2S
ειρυσαμη	undetermined	0	1	εἰρυσάμην:3S
ειρυσατο	undetermined	0	1	εἰρύσατο:3S
ειρυσε	undetermined	0	1	εἴρυσε:2S
ειρυσσατο	undetermined	0	1	εἰρύσσατο:3S
ειρυτο	undetermined	1	0	εἴρυτο:2L
εισα	undetermined	1	0	ἐίσας:2L
εισαγα	S	0	4	εἰσάγαγον:2S, εἰσαγαγόντες:2S, εἰσαγαγοῦσα:2S, εἰσαγαγών:2S
εισαγαγο	S	0	3	εἰσάγαγον:3S, εἰσαγαγόντες:3S, εἰσαγαγοῦσα:3S
εισαγαγω	undetermined	0	1	εἰσαγαγών:3S
εισαμε	undetermined	0	2	εἰσαμένη:2S, εἰσάμενος:2S
εισανα	S	0	5	εἰσαναβαίνοι:2S, εἰσαναβᾶσʼ:2S, εἰσαναβᾶσα:2S, εἰσαναβῆναι:2S, εἰσανάγουσι:2S
εισαναβα	S	0	3	εἰσαναβαίνοι:3S, εἰσαναβᾶσʼ:3S, εἰσαναβᾶσα:3S
εισαναβη	undetermined	0	1	εἰσαναβῆναι:3S
εισαναγο	undetermined	0	1	εἰσανάγουσι:3S
εισανε	undetermined	0	2	εἰσανέβαινον:2S, εἰσανέβησαν:2S
εισανι	undetermined	0	2	εἰσανιδών:2S, εἰσανιών:2S
εισανιδω	undetermined	0	1	εἰσανιδών:3S
εισατο	undetermined	0	1	εἴσατο:2S
εισαφι	S	0	6	εἰσαφίκανε:2S, εἰσαφίκανεν:2S, εἰσαφικέσθαι:2S, εἰσαφίκηαι:2S, εἰσαφίκηται:2S, εἰσαφίκοιτο:2S
εισαφικα	undetermined	0	2	εἰσαφίκανε:3S, εἰσαφίκανεν:3S
εισαφικανε	undetermined	2	0	εἰσαφίκανε:4L, εἰσαφίκανεν:4L
εισαφικε	undetermined	0	1	εἰσαφικέσθαι:3S
εισαφικη	undetermined	0	2	εἰσαφίκηαι:3S, εἰσαφίκηται:3S
εισαφικο	undetermined	0	1	εἰσαφίκοιτο:3S
εισελασα	undetermined	0	2	εἰσέλασαν:3S, εἰσελάσαντες:3S
εισεπτατο	undetermined	0	1	εἰσέπτατο:3S
εισερυσα	undetermined	0	1	εἰσερύσαντες:3S
ειση	undetermined	1	0	ἐίσης:2L
εισηλυθε	undetermined	0	1	εἰσήλυθεν:3S
εισηλυθο	undetermined	0	1	εἰσήλυθον:3S
εισιδε	S	0	3	εἴσιδε:2S, εἴσιδεν:2S, εἰσιδέτην:2S
εισιδο	undetermined	0	2	εἰσίδομεν:2S, εἴσιδον:2S
εκαβη	S	0	3	ἑκάβη:2S, ἑκάβην:2S, ἑκάβης:2S
εκαθε	undetermined	0	1	ἕκαθεν:2S
εκαθη	undetermined	0	1	ἐκάθηρε:2S
εκαινυτο	undetermined	0	1	ἐκαίνυτο:3S
εκακω	undetermined	0	2	ἐκακώσατε:2S, ἐκάκωσε:2S
εκακωσατε	undetermined	0	1	ἐκακώσατε:4S
εκαλε	S	0	3	ἐκάλει:2S, ἐκάλεσσας:2S, ἐκαλέσσατο:2S
εκαλεσσατο	undetermined	0	1	ἐκαλέσσατο:4S
εκαλυ	S	0	3	ἐκάλυψα:2S, ἐκάλυψε:2S, ἐκάλυψεν:2S
εκαμο	undetermined	0	2	ἔκαμον:2S, ἐκάμοντο:2S
εκαπυ	undetermined	0	1	ἐκάπυσσε:2S
εκαρτυνα	undetermined	1	0	ἐκαρτύναντο:3L
εκαστατω	undetermined	0	1	ἑκαστάτω:3S
εκατε	S	0	3	ἑκάτερθʼ:2S, ἑκάτερθε:2S, ἑκάτερθεν:2S
εκατη	S	0	5	ἑκατηβελέταο:2S, ἑκατηβόλʼ:2S, ἑκατηβόλε:2S, ἑκατηβόλον:2S, ἑκατηβόλου:2S
εκατηβελεταο	undetermined	1	0	ἑκατηβελέταο:6L
εκατο	S	0	12	ἑκατόγχειρον:2S, ἑκατόζυγος:2S, ἑκάτοιο:2S, ἑκατόμβας:2S, ἑκατόμβην:2S, ἑκατόμβης:2S, ἑκατόμβοιον:2S, ἑκατόμβοιος:2S
εκατοζυγο	undetermined	0	1	ἑκατόζυγος:4S
εκατομπυλο	undetermined	0	1	ἑκατόμπυλοι:4S
εκβαλε	undetermined	0	2	ἔκβαλε:2S, ἔκβαλεν:2S
εκβαλο	undetermined	0	1	ἔκβαλον:2S
εκβασι	undetermined	0	1	ἔκβασις:2S
εκγεγαμε	undetermined	0	1	ἐκγεγάμεν:3S
εκγεγατη	undetermined	0	1	ἐκγεγάτην:3S
εκγελασα	undetermined	0	1	ἐκγελάσας:3S
εκδιαβα	undetermined	0	1	ἐκδιαβάντες:3S
εκδυνε	undetermined	1	0	ἔκδυνε:2L
εκεκλιτο	undetermined	0	1	ἐκέκλιτο:3S
εκελσαμε	undetermined	0	1	ἐκέλσαμεν:3S
εκευθανο	undetermined	0	1	ἐκεύθανον:3S
εκθανο	undetermined	0	1	ἔκθανον:2S
εκιδνατο	undetermined	0	1	ἐκίδνατο:3S
εκινη	undetermined	1	0	ἐκίνηθεν:2L
εκιχα	S	0	4	ἐκίχανʼ:2S, ἐκίχανε:2S, ἐκίχανεν:2S, ἐκίχανον:2S
εκιχανε	undetermined	2	0	ἐκίχανε:3L, ἐκίχανεν:3L
εκιχε	undetermined	0	2	ἐκίχεις:2S, ἔκιχεν:2S
εκιχη	undetermined	0	1	ἐκίχημεν:2S
εκκαιδεκαδω	undetermined	0	1	ἑκκαιδεκάδωρα:4S
εκκαλε	undetermined	0	2	ἐκκαλέσαντες:2S, ἐκκαλέσας:2S
εκκατε	undetermined	0	1	ἐκκατεπᾶλτο:2S
εκκατι	undetermined	0	1	ἐκκατιδών:2S
εκκατιδω	undetermined	0	1	ἐκκατιδών:3S
εκλαθε	undetermined	0	1	ἐκλάθετο:2S
εκλελαθε	undetermined	0	1	ἐκλελαθέσθαι:3S
εκλελαθο	undetermined	0	2	ἐκλελάθοιτο:3S, ἐκλέλαθον:3S
εκλελαθω	undetermined	0	1	ἐκλελάθωντʼ:3S
εκληισε	undetermined	1	0	ἐκλήϊσεν:3L
εκλιθη	undetermined	0	1	ἐκλίθη:2S
εκλινα	undetermined	1	0	ἔκλιναν:2L
εκλυσο	undetermined	1	0	ἐκλύσομαι:2L
εκομισσατο	undetermined	0	1	ἐκομίσσατο:4S
εκονισε	undetermined	1	0	ἐκόνισε:3L
εκορεσσατο	undetermined	0	1	ἐκορέσσατο:4S
εκπεπατα	undetermined	0	1	ἐκπεπαταγμένος:3S
εκπροκαλε	undetermined	0	1	ἐκπροκαλεσσαμένη:3S
εκπροκαλεσσαμε	undetermined	0	1	ἐκπροκαλεσσαμένη:5S
εκπρολιπο	undetermined	0	1	ἐκπρολιπόντες:3S
εκρινα	undetermined	2	0	ἔκριναν:2L, ἐκρίνατʼ:2L
εκρινε	undetermined	1	0	ἔκρινεν:2L
εκσπασσαμε	undetermined	0	1	ἐκσπασσαμένω:3S
εκταδι	undetermined	0	1	ἐκταδίην:2S
εκταθε	undetermined	0	1	ἔκταθεν:2S
εκταμε	undetermined	0	1	ἔκταμεν:2S
εκτανε	S	0	3	ἔκτανε:2S, ἔκτανεν:2S, ἔκτανες:2S
εκτανο	undetermined	0	1	ἔκτανον:2S
εκτανυ	undetermined	0	1	ἐκτανύσας:2S
εκτανυσα	undetermined	0	1	ἐκτανύσας:3S
εκτησατο	undetermined	0	1	ἐκτήσατο:3S
εκτισα	undetermined	0	1	ἔκτισαν:2S
εκτοριδη	undetermined	0	1	ἑκτορίδην:3S
εκτυπε	undetermined	0	1	ἔκτυπε:2S
εκυκα	undetermined	0	1	ἐκύκα:2S
εκυλι	undetermined	0	1	ἐκυλίνδετο:2S
εκυρε	undetermined	0	1	ἑκυρέ:2S
εκυρη	undetermined	0	1	ἑκυρῆς:2S
εκυρο	undetermined	0	1	ἑκυρός:2S
εκφανε	undetermined	0	1	ἐκφανεῖ:2S
εκφυγε	undetermined	0	2	ἔκφυγε:2S, ἔκφυγεν:2S
εκφυγο	undetermined	0	1	ἐκφύγομεν:2S
εκχυμε	undetermined	0	2	ἐκχύμενοι:2S, ἐκχυμένοιο:2S
εκχυτο	undetermined	0	1	ἔκχυτο:2S
ελαβε	undetermined	0	2	ἔλαβε:2S, ἔλαβεν:2S
ελαγχανο	undetermined	0	1	ἐλάγχανον:3S
ελαθε	undetermined	0	2	ἔλαθε:2S, ἔλαθεν:2S
ελαι	L	5	0	ἐλαΐνεον:2L, ἐλαϊνέῳ:2L, ἐλάινον:2L, ἐλάινος:2L, ἐλαΐνῳ:2L
ελαινο	undetermined	0	2	ἐλάινον:3S, ἐλάινος:3S
ελαινω	undetermined	0	1	ἐλαΐνῳ:3S
ελανθανε	undetermined	0	1	ἐλάνθανε:3S
ελανθανο	undetermined	0	1	ἐλάνθανον:3S
ελασα	S	0	8	ἐλάσαι:2S, ἐλασαίατο:2S, ἐλάσαιο:2S, ἔλασαν:2S, ἐλάσαντας:2S, ἐλάσαντες:2S, ἐλάσας:2S, ἐλάσασκεν:2S
ελασαιατο	undetermined	0	1	ἐλασαίατο:4S
ελασε	S	0	3	ἔλασε:2S, ἐλάσειε:2S, ἔλασεν:2S
ελαση	undetermined	0	1	ἐλάσῃ:2S
ελασο	undetermined	0	1	ἔλασον:2S
ελασσαμε	undetermined	0	1	ἐλασσάμενος:3S
ελασω	undetermined	0	2	ἐλάσωσι:2S, ἐλάσωσιν:2S
ελατη	S	0	8	ἐλάτη:2S, ἐλάτην:2S, ἐλατῆρʼ:2S, ἐλατῆρες:2S, ἐλατῆρι:2S, ἐλάτης:2S, ἐλάτῃσι:2S, ἐλάτῃσιν:2S
ελατο	undetermined	0	1	ἔλατον:2S
ελαφη	undetermined	0	1	ἐλαφηβόλος:2S
ελαφο	S	0	6	ἐλάφοιο:2S, ἐλάφοισι:2S, ἐλάφοισιν:2S, ἔλαφον:2S, ἔλαφος:2S, ἐλάφους:2S
ελαφροτατη	undetermined	0	1	ἐλαφροτάτην:4S
ελαφροτατο	undetermined	0	2	ἐλαφρότατοι:4S, ἐλαφρότατος:4S
ελαχε	undetermined	0	1	ἔλαχε:2S
ελαχο	undetermined	0	1	ἔλαχον:2S
ελεεινοτατω	undetermined	0	1	ἐλεεινοτάτῳ:5S
ελελιξαμε	undetermined	0	1	ἐλελιξάμενος:4S
ελεξατο	undetermined	0	1	ἐλέξατο:3S
ελεφηραμε	undetermined	0	1	ἐλεφηράμενος:4S
εληλατα	undetermined	0	1	ἐλήλαται:3S
εληλατο	undetermined	0	1	ἐλήλατο:3S
ελιγα	undetermined	0	1	ἐλίγαινον:2S
ελικα	undetermined	0	2	ἕλικας:2S, ἑλικάων:2S
ελικαω	undetermined	1	0	ἑλικάων:3L
ελικε	undetermined	0	1	ἕλικες:2S
ελικη	undetermined	0	1	ἑλίκην:2S
ελικο	undetermined	0	1	ἕλικος:2S
ελικω	S	0	5	ἑλίκων:2S, ἑλικώνιον:2S, ἑλίκωπας:2S, ἑλίκωπες:2S, ἑλικώπιδα:2S
ελικωπιδα	undetermined	0	1	ἑλικώπιδα:4S
ελιξαμε	undetermined	0	1	ἑλιξάμενος:3S
ελιπε	undetermined	0	2	ἔλιπε:2S, ἔλιπεν:2S
ελιπο	undetermined	0	2	ἔλιπον:2S, ἐλίποντο:2S
ελκεσιπε	undetermined	0	1	ἑλκεσιπέπλους:3S
ελκεχιτω	undetermined	0	1	ἑλκεχίτωνες:3S
ελκομεναω	undetermined	1	0	ἑλκομενάων:4L
ελλαβε	S	0	3	ἔλλαβε:2S, ἔλλαβεν:2S, ἐλλάβετʼ:2S
ελλαδα	undetermined	0	1	ἑλλάδα:2S
ελλαδι	undetermined	0	1	ἑλλάδι:2S
ελλαδο	undetermined	0	1	ἑλλάδος:2S
ελλεδανο	undetermined	0	1	ἐλλεδανοῖσι:3S
ελλισα	undetermined	0	1	ἐλλισάμην:2S
ελλισαμη	undetermined	0	1	ἐλλισάμην:3S
ελλιτα	undetermined	0	2	ἐλλιτάνευε:2S, ἐλλιτάνευσα:2S
ελλιτανε	undetermined	0	2	ἐλλιτάνευε:3S, ἐλλιτάνευσα:3S
ελοιατο	undetermined	0	1	ἑλοίατο:3S
ελπιδο	undetermined	0	1	ἐλπίδος:2S
ελυε	undetermined	1	0	ἔλυεν:2L
ελυσα	L	4	0	ἔλυσα:2L, ἔλυσαν:2L, ἐλύσαο:2L, ἐλύσατο:2L
ελυσατο	undetermined	0	1	ἐλύσατο:3S
ελυσε	undetermined	2	0	ἔλυσε:2L, ἔλυσεν:2L
εμαρα	undetermined	0	2	ἐμαραίνετο:2S, ἐμαράνθη:2S
εμαρναμε	undetermined	0	1	ἐμαρνάμεθʼ:3S
εμαρνατο	undetermined	0	1	ἐμάρνατο:3S
εματη	undetermined	0	1	ἐμάτησε:2S
εμαχο	undetermined	0	1	ἐμάχοντο:2S
εμβαδο	undetermined	0	1	ἐμβαδόν:2S
εμβαλε	S	0	3	ἔμβαλε:2S, ἔμβαλεν:2S, ἐμβάλετʼ:2S
εμβαλο	undetermined	0	2	ἐμβάλοι:2S, ἔμβαλον:2S
εμβασι	undetermined	0	2	ἐμβασίλευε:2S, ἐμβασίλευεν:2S
εμβασιλε	undetermined	0	2	ἐμβασίλευε:3S, ἐμβασίλευεν:3S
εμβεβασα	undetermined	0	1	ἐμβέβασαν:3S
εμειναμε	undetermined	0	1	ἐμείναμεν:3S
εμησατο	undetermined	0	1	ἐμήσατο:3S
εμητισα	undetermined	1	0	ἐμητίσαντο:3L
εμιγη	S	0	3	ἐμίγη:2S, ἐμίγην:2S, ἐμίγης:2S
εμμαθε	undetermined	0	2	ἔμμαθεν:2S, ἔμμαθες:2S
εμνησατο	undetermined	0	1	ἐμνήσατο:3S
εμπεφυασι	undetermined	1	0	ἐμπεφύασι:4L
εμπλησαμε	undetermined	0	1	ἐμπλησάμενος:3S
εμπλησατο	undetermined	0	1	ἐμπλήσατο:3S
εμπνυτο	undetermined	1	0	ἔμπνυτο:2L
εμπυρι	undetermined	0	1	ἐμπυριβήτην:2S
εμπυριβη	undetermined	0	1	ἐμπυριβήτην:3S
εμυθε	undetermined	1	0	ἐμυθεόμην:2L
εμφυλο	undetermined	1	0	ἔμφυλον:2L
εναισιμα	undetermined	0	1	ἐναίσιμα:3S
εναισιμο	S	0	3	ἐναίσιμοι:3S, ἐναίσιμον:3S, ἐναίσιμος:3S
εναλι	S	0	4	ἐναλίγκια:2S, ἐναλίγκιοι:2S, ἐναλίγκιον:2S, ἐναλίγκιος:2S
εναμε	undetermined	0	1	ἐνάμελγεν:2S
εναντιβι	undetermined	0	1	ἐναντίβιον:3S
εναρα	undetermined	0	1	ἔναρα:2S
εναρη	undetermined	0	1	ἐναρηρός:2S
εναρι	S	0	7	ἐνάριζε:2S, ἐνάριζεν:2S, ἐναρίζοι:2S, ἐνάριζον:2S, ἐναρίζων:2S, ἐναρίθμιον:2S, ἐναρίθμιος:2S
εναρω	undetermined	0	1	ἐνάρων:2S
ενατη	undetermined	0	1	ἐνάτη:2S
ενδεκαπη	undetermined	0	1	ἑνδεκάπηχυ:3S
ενδεκατη	undetermined	0	2	ἑνδεκάτη:3S, ἑνδεκάτῃ:3S
ενδεκατω	undetermined	0	1	ἑνδεκάτῳ:3S
ενδινω	undetermined	1	0	ἐνδίνων:2L
ενδιο	undetermined	2	0	ἔνδιοι:2L, ἔνδιος:2L
ενδυνε	undetermined	1	0	ἔνδυνε:2L
ενεικαμε	undetermined	0	1	ἐνείκαμεν:3S
ενεικατε	undetermined	0	1	ἐνείκατε:3S
ενενιπε	undetermined	2	0	ἐνένιπε:3L, ἐνένιπεν:3L
ενεφυσε	undetermined	1	0	ἐνέφυσεν:3L
ενεχευατο	undetermined	0	1	ἐνεχεύατο:4S
ενηκαμε	undetermined	0	1	ἐνήκαμεν:3S
ενηρατο	undetermined	0	1	ἐνήρατο:3S
ενθαδε	undetermined	0	1	ἐνθάδε:2S
ενθυμι	undetermined	1	0	ἐνθύμιος:2L
ενιε	undetermined	1	0	ἐνίετε:2L
ενιζανο	undetermined	0	1	ἐνίζανον:3S
ενικα	undetermined	1	0	ἐνίκα:2L
ενικη	L	3	0	ἐνίκησα:2L, ἐνίκησας:2L, ἐνίκησεν:2L
ενικω	undetermined	1	0	ἐνίκων:2L
ενιπα	undetermined	1	0	ἐνιπάς:2L
ενιπη	L	4	0	ἐνιπῇ:2L, ἐνιπήν:2L, ἐνιπῆος:2L, ἐνιπῆς:2L
εννεαχιλο	undetermined	1	0	ἐννεάχιλοι:4L
εννοσιγα	S	0	5	ἐννοσίγαιʼ:3S, ἐννοσίγαιε:3S, ἐννοσίγαιον:3S, ἐννοσίγαιος:3S, ἐννοσιγαίῳ:3S
εννυτο	undetermined	0	1	ἕννυτο:2S
εννυχι	S	0	3	ἐννύχιαι:2S, ἐννύχιοι:2S, ἐννύχιος:2S
εννυχο	undetermined	0	1	ἔννυχος:2S
εντανυ	S	0	9	ἐντανύειν:2S, ἐντανύεσθαι:2S, ἐντανύσαι:2S, ἐντανύσασθαι:2S, ἐντάνυσε:2S, ἐντανύσειν:2S, ἐντανύσῃ:2S, ἐντανύσῃς:2S
εντανυσα	undetermined	0	2	ἐντανύσαι:3S, ἐντανύσασθαι:3S
εντανυσε	undetermined	0	2	ἐντάνυσε:3S, ἐντανύσειν:3S
εντανυση	undetermined	0	2	ἐντανύσῃ:3S, ἐντανύσῃς:3S
εντανυσω	undetermined	0	1	ἐντανύσω:3S
εντετατα	undetermined	0	1	ἐντέταται:3S
εντετατο	undetermined	0	1	ἐντέτατο:3S
εντιθε	undetermined	0	1	ἐντιθέμεσθα:2S
εντροπαλι	S	0	3	ἐντροπαλιζομένη:3S, ἐντροπαλιζομένην:3S, ἐντροπαλιζόμενος:3S
εντυνα	undetermined	2	0	ἐντυναμένη:2L, ἐντύνασαν:2L
εντυναμε	undetermined	0	1	ἐντυναμένη:3S
εντυνασα	undetermined	1	0	ἐντύνασαν:3L
εντυνο	L	3	0	ἐντυνόμενοι:2L, ἔντυνον:2L, ἐντύνοντο:2L
εντυνω	undetermined	1	0	ἐντυνώμεθα:2L
εντυπα	undetermined	0	1	ἐντυπάς:2S
ενυα	L	3	0	ἐνυαλίοιο:2L, ἐνυάλιος:2L, ἐνυαλίῳ:2L
ενυαλι	S	0	3	ἐνυαλίοιο:3S, ἐνυάλιος:3S, ἐνυαλίῳ:3S
ενυη	undetermined	1	0	ἐνυῆος:2L
ενυω	undetermined	1	0	ἐνυώ:2L
ενωπαδι	undetermined	0	1	ἐνωπαδίως:3S
εξαγα	S	0	3	ἐξάγαγʼ:2S, ἐξαγάγοις:2S, ἐξαγαγόντες:2S
εξαγαγο	undetermined	0	2	ἐξαγάγοις:3S, ἐξαγαγόντες:3S
εξαγε	undetermined	0	2	ἔξαγε:2S, ἔξαγεν:2S
εξαγο	undetermined	0	1	ἐξαγόρευεν:2S
εξαδι	undetermined	0	1	ἐξάδιον:2S
εξαινυτο	undetermined	0	1	ἐξαίνυτο:3S
εξακε	undetermined	0	2	ἐξακέσαιο:2S, ἐξακέσαιτο:2S
εξαλα	S	0	9	ἐξαλαπάξαι:2S, ἐξαλάπαξαν:2S, ἐξαλαπάξας:2S, ἐξαλάπαξε:2S, ἐξαλαπάξειν:2S, ἐξαλαπάξῃ:2S, ἐξαλαῶσαι:2S, ἐξαλάωσας:2S
εξαλαπα	S	0	6	ἐξαλαπάξαι:3S, ἐξαλάπαξαν:3S, ἐξαλαπάξας:3S, ἐξαλάπαξε:3S, ἐξαλαπάξειν:3S, ἐξαλαπάξῃ:3S
εξανα	S	0	5	ἐξαναβᾶσαι:2S, ἐξαναδύς:2S, ἐξαναδῦσαι:2S, ἐξαναλῦσαι:2S, ἐξαναφανδόν:2S
εξαναβα	undetermined	0	1	ἐξαναβᾶσαι:3S
εξαναδυ	undetermined	0	2	ἐξαναδύς:3S, ἐξαναδῦσαι:3S
εξαναλυ	undetermined	0	1	ἐξαναλῦσαι:3S
εξαναφα	undetermined	0	1	ἐξαναφανδόν:3S
εξανι	undetermined	0	1	ἐξανιεῖσαι:2S
εξανυ	undetermined	0	1	ἐξανύω:2S
εξαπα	S	0	6	ἐξαπατῆσαι:2S, ἐξαπατήσειν:2S, ἐξαπάτησεν:2S, ἐξαπάφοιτʼ:2S, ἐξαπάφοιτο:2S, ἐξαπάφω:2S
εξαπατη	S	0	3	ἐξαπατῆσαι:3S, ἐξαπατήσειν:3S, ἐξαπάτησεν:3S
εξαπαφο	undetermined	0	2	ἐξαπάφοιτʼ:3S, ἐξαπάφοιτο:3S
εξαπαφω	undetermined	0	1	ἐξαπάφω:3S
εξαπε	S	0	3	ἐξαπέβησαν:2S, ἐξαπέδυνε:2S, ἐξαπένιζεν:2S
εξαπεδυνε	undetermined	1	0	ἐξαπέδυνε:4L
εξαπι	undetermined	0	1	ἐξαπίνης:2S
εξαπινη	undetermined	0	1	ἐξαπίνης:3S
εξαπο	undetermined	2	3	ἐξαποδίωμαι:2L, ἐξαπολοίατʼ:2S, ἐξαπόλωλε:2S, ἐξαπονέεσθαι:2L, ἐξαποτίνοις:2S
εξαποτινο	undetermined	1	0	ἐξαποτίνοις:4L
εξαρπαξασα	undetermined	1	0	ἐξαρπάξασα:4L
εξαφε	undetermined	0	1	ἐξαφέλησθε:2S
εξαφυ	undetermined	0	1	ἐξαφύοντες:2S
εξειρυσε	undetermined	0	1	ἐξείρυσε:3S
εξεκαθα	undetermined	0	1	ἐξεκάθαιρον:3S
εξεκαλε	undetermined	0	1	ἐξεκαλεῖτο:3S
εξεκυλι	undetermined	0	1	ἐξεκυλίσθη:3S
εξελαθο	undetermined	0	1	ἐξελάθοντο:3S
εξελασα	S	0	4	ἐξελάσαι:3S, ἐξελάσαιμι:3S, ἐξελάσαντας:3S, ἐξελάσας:3S
εξελασε	undetermined	0	2	ἐξέλασε:3S, ἐξελάσειε:3S
εξελασω	undetermined	0	1	ἐξελάσωσι:3S
εξελυθη	undetermined	0	1	ἐξελύθη:3S
εξεναρι	S	0	13	ἐξεναρίζεις:3S, ἐξενάριζεν:3S, ἐξεναρίζων:3S, ἐξενάριξα:3S, ἐξεναρίξαι:3S, ἐξενάριξαν:3S, ἐξενάριξας:3S, ἐξεναρίξας:3S
εξεπραθο	undetermined	0	1	ἐξεπράθομεν:3S
εξεπτυσε	undetermined	0	1	ἐξέπτυσεν:3S
εξεριπη	undetermined	0	1	ἐξερίπῃ:3S
εξεριπο	undetermined	0	1	ἐξεριποῦσα:3S
εξερυσα	S	0	4	ἐξερύσαι:3S, ἐξέρυσαν:3S, ἐξερύσας:3S, ἐξερύσασκε:3S
εξερυσε	undetermined	0	2	ἐξέρυσε:3S, ἐξέρυσεν:3S
εξεσπασε	undetermined	0	1	ἐξέσπασε:3S
εξεσσυτο	undetermined	0	1	ἐξέσσυτο:3S
εξεταμο	undetermined	0	1	ἐξέταμον:3S
εξετανυ	undetermined	0	2	ἐξετανύσθη:3S, ἐξετάνυσσʼ:3S
εξεφανη	undetermined	0	1	ἐξεφάνη:3S
εξεφθιτο	undetermined	0	1	ἐξέφθιτο:3S
εξεφυγο	undetermined	0	1	ἐξέφυγον:3S
εξηγαγε	undetermined	0	1	ἐξήγαγε:3S
εξηλασε	undetermined	0	1	ἐξήλασε:3S
εξηλατο	undetermined	0	1	ἐξήλατον:3S
εξηνυσε	undetermined	0	1	ἐξήνυσε:3S
εξηπαφε	undetermined	0	1	ἐξήπαφε:3S
εξηρατο	undetermined	0	1	ἐξήρατο:3S
εξιδε	undetermined	0	1	ἔξιδεν:2S
εξιθυ	undetermined	1	0	ἐξιθύνει:2L
εξιθυνε	undetermined	1	0	ἐξιθύνει:3L
εξικε	undetermined	1	0	ἐξίκετο:2L
εξικο	undetermined	0	1	ἐξικόμην:2S
εξιτε	undetermined	0	1	ἔξιτε:2S
εξοπιθε	undetermined	0	2	ἐξόπιθε:3S, ἐξόπιθεν:3S
εξοπισω	undetermined	0	1	ἐξοπίσω:3S
εξορμησασα	undetermined	1	0	ἐξορμήσασα:4L
εξυπα	undetermined	0	1	ἐξυπανέστη:2S
εξυπανε	undetermined	0	1	ἐξυπανέστη:3S
επαγα	undetermined	0	1	ἐπαγαλλόμενος:2S
επαγε	undetermined	0	1	ἐπαγείρειν:2S
επαγη	undetermined	0	1	ἐπάγη:2S
επαγο	undetermined	0	1	ἐπάγοντες:2S
επαθο	undetermined	0	1	ἔπαθον:2S
επαι	L	10	0	ἐπαΐξαι:2L, ἐπαΐξανθʼ:2L, ἐπαΐξαντες:2L, ἐπαΐξας:2L, ἐπαΐξασθαι:2L, ἐπαΐξασκε:2L, ἐπαΐσσει:2L, ἐπαΐσσοντα:2L
επακο	S	0	8	ἐπακούει:2S, ἐπακούεις:2S, ἐπακούσαι:2S, ἐπακοῦσαι:2S, ἐπακούσαις:2S, ἐπάκουσαν:2S, ἐπακούσῃ:2S, ἐπακούσω:2S
επαλα	S	0	3	ἐπάλαιον:2S, ἐπάλαισεν:2S, ἐπαλαστήσασα:2S
επαλαστησασα	undetermined	1	0	ἐπαλαστήσασα:5L
επαλε	undetermined	0	2	ἐπαλεξήσουσαν:2S, ἐπαλεξήσων:2S
επαλη	undetermined	0	2	ἐπαληθείς:2S, ἐπαληθῇ:2S
επαλυ	undetermined	0	1	ἐπάλυνεν:2S
επαλυνε	undetermined	1	0	ἐπάλυνεν:3L
επαμε	undetermined	0	2	ἐπαμείβεται:2S, ἐπαμείψομεν:2S
επαμη	undetermined	0	1	ἐπαμήσατο:2S
επαμησατο	undetermined	0	1	ἐπαμήσατο:4S
επαμο	undetermined	0	1	ἐπαμοιβαδίς:2S
επαμοιβαδι	undetermined	0	1	ἐπαμοιβαδίς:4S
επαμυ	S	0	9	ἐπαμῦναι:2S, ἐπάμυνε:2S, ἐπαμύνειν:2S, ἐπαμυνέμεν:2S, ἐπαμύνομεν:2S, ἐπάμυνον:2S, ἐπαμύντορε:2S, ἐπαμύντωρ:2S
επαμυνε	L	3	0	ἐπάμυνε:3L, ἐπαμύνειν:3L, ἐπαμυνέμεν:3L
επαμυνο	undetermined	2	0	ἐπαμύνομεν:3L, ἐπάμυνον:3L
επαμυνω	undetermined	1	0	ἐπαμύνω:3L
επανε	undetermined	0	1	ἐπανέστησαν:2S
επαπε	undetermined	0	1	ἐπαπειλήσας:2S
επαρα	undetermined	1	0	ἐπαράς:2L
επαρη	S	0	4	ἐπαρήγει:2S, ἐπαρήγειν:2S, ἐπαρήγοις:2S, ἐπαρήρει:2S
επαρξαμε	undetermined	0	2	ἐπαρξάμενοι:3S, ἐπαρξάμενος:3S
επαρο	undetermined	0	1	ἐπάρουρος:2S
επαρω	undetermined	0	1	ἐπαρωγός:2S
επασσαμε	undetermined	0	1	ἐπασσάμεθʼ:3S
επασσυτε	S	0	4	ἐπασσύτεραι:3S, ἐπασσύτεροι:3S, ἐπασσύτερον:3S, ἐπασσυτέρους:3S
επαυσαμε	undetermined	0	1	ἐπαυσάμεθα:3S
επαυσατο	undetermined	0	1	ἐπαύσατο:3S
επεβρισα	undetermined	1	0	ἐπέβρισαν:3L
επεδραμε	S	0	3	ἐπέδραμε:3S, ἐπέδραμεν:3S, ἐπεδραμέτην:3S
επεδραμο	undetermined	0	1	ἐπέδραμον:3S
επεληλατο	undetermined	0	1	ἐπελήλατο:4S
επεληλυθα	undetermined	0	1	ἐπελήλυθα:4S
επεμηνατο	undetermined	0	1	ἐπεμήνατο:4S
επεντανυ	undetermined	0	1	ἐπεντανύσας:3S
επεντανυσα	undetermined	0	1	ἐπεντανύσας:4S
επεντυνο	undetermined	1	0	ἐπεντύνονται:3L
επεπταρε	undetermined	0	1	ἐπέπταρε:3S
επεπτατο	undetermined	0	1	ἐπέπτατο:3S
επεσσυμε	S	0	4	ἐπεσσύμενοι:3S, ἐπεσσύμενον:3S, ἐπεσσύμενος:3S, ἐπεσσυμένους:3S
επεσσυτα	undetermined	0	1	ἐπέσσυται:3S
επεσσυτο	undetermined	0	1	ἐπέσσυτο:3S
επεστεναχο	undetermined	0	1	ἐπεστενάχοντο:4S
επεστοναχη	undetermined	0	1	ἐπεστονάχησε:4S
επετειλατο	undetermined	0	1	ἐπετείλατο:4S
επετραπε	undetermined	0	1	ἐπετράπετο:3S
επετραπο	undetermined	0	1	ἐπετράπομεν:3S
επευξαμε	undetermined	0	1	ἐπευξάμενος:3S
επευξατο	undetermined	0	1	ἐπεύξατο:3S
επεφραδε	undetermined	0	2	ἐπέφραδε:3S, ἐπέφραδεν:3S
επεφραδο	undetermined	0	1	ἐπέφραδον:3S
επεφρασα	undetermined	0	1	ἐπεφράσατʼ:3S
επεφρασω	undetermined	0	1	ἐπεφράσω:3S
επεχευατο	undetermined	0	1	ἐπεχεύατο:4S
επηγαγο	undetermined	0	1	ἐπήγαγον:3S
επηγκενιδε	undetermined	0	1	ἐπηγκενίδεσσι:4S
επηετανο	S	0	3	ἐπηετανοί:4S, ἐπηετανόν:4S, ἐπηετανός:4S
επηισα	undetermined	0	1	ἐπήισαν:3S
επηλυθε	undetermined	0	2	ἐπήλυθε:3S, ἐπήλυθεν:3S
επηλυθο	undetermined	0	1	ἐπήλυθον:3S
επηρατα	undetermined	0	1	ἐπήρατα:3S
επηρατο	S	0	3	ἐπήρατον:3S, ἐπήρατος:3S, ἐπηράτου:3S
επηριτο	undetermined	0	1	ἐπήριτος:3S
επητριμα	undetermined	0	1	ἐπήτριμα:3S
επητριμο	undetermined	0	1	ἐπήτριμοι:3S
επηφυσε	undetermined	0	1	ἐπήφυσεν:3S
επια	undetermined	1	0	ἐπίαχον:2L
επιανδανε	undetermined	0	1	ἐπιανδάνει:4S
επιαχο	undetermined	0	1	ἐπίαχον:3S
επιβα	S	0	13	ἐπίβαθρον:2S, ἐπιβαῖεν:2S, ἐπιβαίη:2S, ἐπιβαίην:2S, ἐπιβαίης:2S, ἐπιβαινέμεν:2S, ἐπιβαλλόμενος:2S, ἐπιβάντʼ:2S
επιβε	undetermined	0	1	ἐπιβείομεν:2S
επιβη	S	0	13	ἐπιβήμεναι:2S, ἐπιβῆναι:2S, ἐπιβήομεν:2S, ἐπιβήσεαι:2S, ἐπιβησέμεν:2S, ἐπιβήσεο:2S, ἐπιβήσετε:2S, ἐπιβησομένοισιν:2S
επιβο	undetermined	0	1	ἐπιβουκόλος:2S
επιβριση	undetermined	1	0	ἐπιβρίσῃ:3L
επιβω	undetermined	0	2	ἐπιβώσομαι:2S, ἐπιβώτορι:2S
επιγι	undetermined	0	1	ἐπιγίγνεται:2S
επιγναμψασα	undetermined	1	0	ἐπιγνάμψασα:4L
επιγο	undetermined	0	1	ἐπιγουνίδα:2S
επιγουνιδα	undetermined	0	1	ἐπιγουνίδα:4S
επιδα	undetermined	0	1	ἐπίδαυρον:2S
επιδε	S	0	11	ἐπιδέδρομεν:2S, ἐπιδέξιʼ:2S, ἐπιδέξια:2S, ἐπιδεύεαι:2S, ἐπιδευέες:2S, ἐπιδευεῖς:2S, ἐπιδευές:2S, ἐπιδεύετʼ:2S
επιδη	S	0	5	ἐπιδημεύεις:2S, ἐπιδήμιοι:2S, ἐπιδήμιον:2S, ἐπιδήμιος:2S, ἐπιδημίου:2S
επιδι	S	0	5	ἐπιδινεῖται:2S, ἐπιδινηθέντε:2S, ἐπιδινήσας:2S, ἐπιδίφρια:2S, ἐπιδιφριάδος:2S
επιδινε	undetermined	1	0	ἐπιδινεῖται:3L
επιδινη	undetermined	2	0	ἐπιδινηθέντε:3L, ἐπιδινήσας:3L
επιδιφριαδο	undetermined	0	1	ἐπιδιφριάδος:5S
επιδο	undetermined	0	2	ἐπιδόντα:2S, ἐπιδοῦναι:2S
επιδραμε	undetermined	0	1	ἐπιδραμέτην:3S
επιδω	undetermined	0	2	ἐπιδώμεθα:2S, ἐπιδωσόμεθʼ:2S
επιεισαμε	undetermined	0	1	ἐπιεισαμένη:4S
επιεσσαμε	undetermined	0	1	ἐπιέσσαμεν:4S
επιζαφε	undetermined	0	2	ἐπιζάφελος:3S, ἐπιζαφελῶς:3S
επιηνδανε	undetermined	0	1	ἐπιήνδανε:4S
επιηρανα	undetermined	0	1	ἐπιήρανα:4S
επιθα	undetermined	0	1	ἐπιθαρσύνων:2S
επιθαρσυνω	undetermined	1	0	ἐπιθαρσύνων:4L
επιθε	S	0	6	ἐπιθείη:2S, ἐπιθεῖναι:2S, ἐπιθεῖσα:2S, ἐπιθεῖτε:2S, ἐπιθέντε:2S, ἐπίθες:2S
επιθη	S	0	5	ἐπιθήματα:2S, ἐπιθήσει:2S, ἐπιθήσεις:2S, ἐπιθήσομεν:2S, ἐπιθήσω:2S
επιθο	undetermined	0	1	ἐπίθοντο:2S
επιθυ	undetermined	2	0	ἐπιθύουσι:2L, ἐπιθύσαντες:2L
επιθυο	undetermined	1	0	ἐπιθύουσι:3L
επιθυσα	undetermined	1	0	ἐπιθύσαντες:3L
επικα	S	0	3	ἐπικάρ:2S, ἐπικάρσιαι:2S, ἐπικάστην:2S
επικε	S	0	8	ἐπικείσετʼ:2S, ἐπικεκλιμένας:2S, ἐπικέλσαι:2S, ἐπικέλσαντας:2S, ἐπικερτομέων:2S, ἐπίκευθε:2S, ἐπικεύσῃς:2S, ἐπικεύσω:2S
επικεκλιμε	undetermined	0	1	ἐπικεκλιμένας:4S
επικι	undetermined	0	1	ἐπικίδναται:2S
επικιδνατα	undetermined	0	1	ἐπικίδναται:4S
επικο	S	0	6	ἐπικουρήσοντα:2S, ἐπίκουροι:2S, ἐπίκουρος:2S, ἐπικούρους:2S, ἐπικούρων:2S, ἐπικόψων:2S
επιλε	undetermined	0	1	ἐπιλεύσσει:2S
επιλη	S	0	4	ἐπίληθον:2S, ἐπιλήσεται:2S, ἐπιλήσομαι:2S, ἐπιλήσονται:2S
επιλι	undetermined	1	0	ἐπιλίγδην:2L
επιμα	S	0	6	ἐπιμαίεο:2S, ἐπιμάρτυρος:2S, ἐπιμασσαμένη:2S, ἐπιμασσάμενος:2S, ἐπιμάσσεται:2S, ἐπίμαστον:2S
επιμαρτυρο	undetermined	0	1	ἐπιμάρτυρος:4S
επιμασσαμε	undetermined	0	2	ἐπιμασσαμένη:4S, ἐπιμασσάμενος:4S
επιμε	S	0	6	ἐπιμειδήσας:2S, ἐπιμεῖναι:2S, ἐπίμεινον:2S, ἐπιμέμφεαι:2S, ἐπιμέμφεται:2S, ἐπιμέμφομαι:2S
επιμι	S	0	5	ἐπιμίμνω:2S, ἐπιμίξ:2S, ἐπιμίσγεται:2S, ἐπιμίσγομαι:2S, ἐπιμισγομένων:2S
επινε	undetermined	1	1	ἔπινεν:2L, ἐπινεφρίδιον:2S
επινεφριδι	undetermined	0	1	ἐπινεφρίδιον:4S
επινη	undetermined	0	1	ἐπινήνεον:2S
επινο	undetermined	1	0	ἔπινον:2L
επινυ	undetermined	0	1	ἐπίνυσσεν:2S
επιπε	S	0	8	ἐπιπείθεθʼ:2S, ἐπιπείθεο:2S, ἐπιπείθηται:2S, ἐπιπειθόμεναι:2S, ἐπιπείθονται:2S, ἐπιπείσεαι:2S, ἐπιπείσεται:2S, ἐπιπείσομαι:2S
επιπι	undetermined	0	1	ἐπιπίλναται:2S
επιπιλνατα	undetermined	0	1	ἐπιπίλναται:4S
επιπο	undetermined	0	1	ἐπιποιμένες:2S
επιπω	undetermined	0	1	ἐπιπωλεῖται:2S
επισκυνι	undetermined	0	1	ἐπισκύνιον:3S
επισμυγε	undetermined	0	1	ἐπισμυγερῶς:3S
επισταδο	undetermined	0	1	ἐπισταδόν:3S
επισταμα	undetermined	0	1	ἐπίσταμαι:3S
επισταμε	S	0	8	ἐπιστάμεθα:3S, ἐπιστάμεναι:3S, ἐπιστάμενοι:3S, ἐπισταμένοισι:3S, ἐπιστάμενος:3S, ἐπισταμένου:3S, ἐπισταμένῳ:3S, ἐπισταμένως:3S
επιστατη	undetermined	0	1	ἐπιστάτῃ:3S
επιστατο	undetermined	0	1	ἐπίστατο:3S
επιστροφαδη	undetermined	0	1	ἐπιστροφάδην:4S
επισφυρι	undetermined	0	1	ἐπισφυρίοις:3S
επιτα	S	0	4	ἐπιτάρροθοι:2S, ἐπιτάρροθον:2S, ἐπιτάρροθος:2S, ἐπιταρρόθω:2S
επιτε	S	0	11	ἐπιτεῖλαι:2S, ἐπιτειλαμένῳ:2S, ἐπιτείλας:2S, ἐπίτειλον:2S, ἐπιτείλω:2S, ἐπιτέλλεαι:2S, ἐπιτέλλεο:2S, ἐπιτέλλομαι:2S
επιτειλαμε	undetermined	0	1	ἐπιτειλαμένῳ:4S
επιτετραφα	undetermined	0	1	ἐπιτετράφαται:4S
επιτετραφατα	undetermined	0	1	ἐπιτετράφαται:5S
επιτη	undetermined	0	1	ἐπιτηδές:2S
επιτι	undetermined	0	1	ἐπιτιμήτωρ:2S
επιτιμη	undetermined	1	0	ἐπιτιμήτωρ:3L
επιτο	undetermined	0	2	ἐπιτολμάτω:2S, ἐπίτονος:2S
επιτολματω	undetermined	1	0	ἐπιτολμάτω:4L
επιτραπε	undetermined	0	1	ἐπιτράπεθʼ:3S
επιτροχαδη	undetermined	0	1	ἐπιτροχάδην:4S
επιφρα	undetermined	0	1	ἐπιφράσσετʼ:2S
επιφρασσαιατο	undetermined	0	1	ἐπιφρασσαίατο:5S
επιφροσυνα	undetermined	0	1	ἐπιφροσύνας:4S
επιφροσυνη	undetermined	0	1	ἐπιφροσύνην:4S
επιχε	undetermined	0	2	ἐπιχειρήσειν:2S, ἐπιχεῦαι:2S
επιχριε	undetermined	1	0	ἐπιχρίεσθαι:3L
επιχριο	undetermined	1	0	ἐπιχρίοντες:3L
εποιατο	undetermined	0	1	ἑποίατο:3S
επομφαλι	undetermined	0	1	ἐπομφάλιον:3S
επορεξαμε	undetermined	0	1	ἐπορεξάμενος:4S
εποτρυνα	undetermined	1	0	ἐποτρύνας:3L
εποτρυνε	L	4	0	ἐπότρυνε:3L, ἐποτρύνει:3L, ἐποτρύνειε:3L, ἐποτρύνειεν:3L
εποτρυνη	L	5	0	ἐποτρύνῃ:3L, ἐποτρύνῃς:3L, ἐποτρύνῃσι:3L, ἐποτρύνῃσιν:3L, ἐποτρύνητον:3L
εποτρυνο	L	3	0	ἐπότρυνον:3L, ἐποτρύνοντα:3L, ἐποτρύνουσα:3L
εποτρυνω	L	4	0	ἐποτρύνω:3L, ἐποτρυνώμεθα:3L, ἐποτρύνων:3L, ἐποτρύνωσι:3L
επουρανι	S	0	3	ἐπουρανίοισι:3S, ἐπουρανίοισιν:3S, ἐπουράνιος:3S
επραθο	undetermined	0	1	ἔπραθον:2S
επταβο	undetermined	0	1	ἑπταβόειον:2S
επταπο	undetermined	0	2	ἑπταπόδην:2S, ἑπτάπορος:2S
επταπυ	undetermined	0	1	ἑπταπύλοιο:2S
επταπυλο	undetermined	0	1	ἑπταπύλοιο:3S
επταρε	undetermined	0	1	ἔπταρεν:2S
επτατο	undetermined	0	1	ἔπτατο:2S
επυθο	undetermined	0	1	ἐπύθοντο:2S
επωνυμο	undetermined	0	1	ἐπώνυμον:3S
επωτρυνα	undetermined	1	0	ἐπώτρυνας:3L
επωχατο	undetermined	0	1	ἐπώχατο:3S
εραμα	undetermined	0	1	ἔραμαι:2S
ερανο	undetermined	0	1	ἔρανος:2S
ερατα	undetermined	0	2	ἐρατά:2S, ἔραται:2S
ερατε	S	0	5	ἐρατεινά:2S, ἐρατεινάς:2S, ἐρατεινήν:2S, ἐρατεινῆς:2S, ἐρατεινός:2S
ερατι	undetermined	0	1	ἐρατίζων:2S
εργαθε	undetermined	0	1	ἔργαθεν:2S
ερεισαμε	undetermined	0	1	ἐρεισάμενος:3S
ερεισατο	undetermined	0	1	ἐρείσατο:3S
ερεταω	undetermined	1	0	ἐρετάων:3L
ερευθαλι	S	0	3	ἐρευθαλίων:3S, ἐρευθαλίωνα:3S, ἐρευθαλίωνι:3S
ερηρεδατα	undetermined	0	1	ἐρηρέδαται:4S
ερητυε	undetermined	1	0	ἐρητύειν:3L
ερητυθε	undetermined	1	0	ἐρήτυθεν:3L
ερητυο	undetermined	1	0	ἐρητύοντο:3L
ερητυσα	undetermined	1	0	ἐρητύσασκε:3L
ερητυσε	undetermined	1	0	ἐρητύσειε:3L
εριβω	S	0	5	ἐριβώλακα:2S, ἐριβώλακι:2S, ἐριβώλακος:2S, ἐρίβωλον:2S, ἐριβώλου:2S
εριβωλακα	undetermined	0	1	ἐριβώλακα:4S
εριβωλακι	undetermined	0	1	ἐριβώλακι:4S
εριβωλακο	undetermined	0	1	ἐριβώλακος:4S
εριδα	S	0	6	ἔριδα:2S, ἐρίδαινε:2S, ἐριδαινέμεν:2S, ἐριδαίνετον:2S, ἐριδαίνομεν:2S, ἔριδας:2S
εριδη	undetermined	1	0	ἐριδήσασθαι:2L
εριδι	undetermined	0	1	ἔριδι:2S
εριδο	S	0	4	ἔριδος:2S, ἐριδούπου:2S, ἐριδούπῳ:2S, ἐριδούπων:2S
εριθη	undetermined	0	2	ἐριθηλέας:2S, ἐριθηλές:2S
εριθο	undetermined	2	0	ἔριθοι:2L, ἐρίθοισιν:2L
ερικυ	undetermined	0	2	ἐρικυδέα:2S, ἐρικυδέος:2S
ερικυδε	undetermined	2	0	ἐρικυδέα:3L, ἐρικυδέος:3L
εριμυ	undetermined	0	2	ἐριμύκους:2S, ἐριμύκων:2S
εριμυκο	undetermined	1	0	ἐριμύκους:3L
εριμυκω	undetermined	1	0	ἐριμύκων:3L
ερινε	undetermined	2	0	ἐρινεόν:2L, ἐρινεός:2L
ερινυ	L	5	0	ἐρινύας:2L, ἐρινύες:2L, ἐρινύς:2L, ἐρινῦς:2L, ἐρινύσιν:2L
ερινυσι	undetermined	0	1	ἐρινύσιν:3S
εριπη	undetermined	0	1	ἐρίπῃσιν:2S
εριπο	undetermined	0	2	ἐριποῦσʼ:2S, ἐριποῦσα:2S
εριπω	undetermined	0	1	ἐριπών:2S
ερισα	undetermined	0	2	ἐρίσαντε:2S, ἐρίσαντες:2S
ερισε	undetermined	0	1	ἐρίσειε:2S
ερισταφυ	undetermined	0	1	ἐριστάφυλον:3S
ερισταφυλο	undetermined	0	1	ἐριστάφυλον:4S
ερισω	undetermined	0	1	ἐρίσωσιν:2S
εριτι	undetermined	0	2	ἐριτίμοιο:2S, ἐρίτιμον:2S
εριτιμο	undetermined	2	0	ἐριτίμοιο:3L, ἐρίτιμον:3L
εριφο	undetermined	0	2	ἐρίφοισι:2S, ἐρίφους:2S
εριφυ	undetermined	0	1	ἐριφύλην:2S
εριφυλη	undetermined	1	0	ἐριφύλην:3L
εριφω	undetermined	0	1	ἐρίφων:2S
εριωπιδο	undetermined	0	1	ἐριώπιδος:4S
ερματα	undetermined	0	1	ἕρματα:2S
ερμειαο	undetermined	1	0	ἑρμείαο:3L
ερξασα	undetermined	1	0	ἔρξασα:2L
ερραδα	undetermined	0	2	ἐρράδατʼ:2S, ἐρράδαται:2S
ερραδατα	undetermined	0	1	ἐρράδαται:3S
ερριγα	undetermined	1	0	ἔρριγα:2L
ερριγε	undetermined	1	0	ἐρρίγει:2L
ερριγη	L	3	0	ἐρρίγησαν:2L, ἐρρίγησε:2L, ἐρρίγῃσι:2L
ερρυσα	undetermined	1	0	ἐρρύσατο:2L
ερρυσατο	undetermined	0	1	ἐρρύσατο:3S
ερυγο	undetermined	0	1	ἐρυγόντα:2S
ερυε	undetermined	1	0	ἐρύετο:2L
ερυθα	undetermined	0	1	ἐρυθαίνετο:2S
ερυθι	undetermined	0	1	ἐρυθίνους:2S
ερυθινο	undetermined	1	0	ἐρυθίνους:3L
ερυκα	L	7	0	ἐρύκακε:2L, ἐρυκακέειν:2L, ἐρύκακεν:2L, ἐρυκάκετε:2L, ἐρυκάκοι:2L, ἐρύκανε:2L, ἐρυκανόωσʼ:2L
ερυκακε	S	0	3	ἐρύκακε:3S, ἐρύκακεν:3S, ἐρυκάκετε:3S
ερυκακο	undetermined	0	1	ἐρυκάκοι:3S
ερυκανε	undetermined	0	1	ἐρύκανε:3S
ερυκε	L	9	0	ἔρυκε:2L, ἐρύκεαι:2L, ἐρύκει:2L, ἐρύκεις:2L, ἐρυκέμεν:2L, ἔρυκεν:2L, ἐρύκεσθαι:2L, ἐρύκεσθον:2L
ερυκο	L	3	0	ἐρύκοι:2L, ἐρύκομαι:2L, ἐρυκόντων:2L
ερυκω	undetermined	2	0	ἐρύκω:2L, ἐρύκων:2L
ερυλα	undetermined	0	1	ἐρύλαον:2S
ερυλαο	undetermined	1	0	ἐρύλαον:3L
ερυμα	undetermined	0	2	ἔρυμα:2S, ἐρύμαντα:2S
ερυσα	S	1	15	ἐρύσαι:2S, ἐρυσαίατο:2S, ἐρύσαιμʼ:2S, ἐρυσαίμεθα:2S, ἐρύσαιο:2S, ἐρύσαιτʼ:2S, ἐρύσαιτο:2S, ἔρυσαν:2S
ερυσαιατο	undetermined	0	1	ἐρυσαίατο:4S
ερυσαρματα	undetermined	0	1	ἐρυσάρματας:4S
ερυσαρματε	undetermined	0	1	ἐρυσάρματες:4S
ερυσατο	undetermined	0	1	ἐρύσατο:3S
ερυσε	undetermined	0	1	ἔρυσεν:2S
ερυση	undetermined	0	1	ἐρύσῃ:2S
ερυσι	undetermined	0	1	ἐρυσίπτολι:2S
ερυσο	undetermined	1	0	ἔρυσο:2L
ερυσσαμε	undetermined	0	2	ἐρύσσαμεν:3S, ἐρυσσάμενος:3S
ερυσσατε	undetermined	0	1	ἐρύσσατε:3S
ερυσσατο	undetermined	0	1	ἐρύσσατο:3S
ερυτο	undetermined	1	0	ἔρυτο:2L
ερχατα	undetermined	0	1	ἔρχαται:2S
ερχατο	undetermined	0	1	ἔρχατο:2S
ερχομεναω	undetermined	1	0	ἐρχομενάων:4L
εσαγε	undetermined	0	2	ἐσαγείρατο:2S, ἐσαγείρετο:2S
εσαγειρατο	undetermined	0	1	ἐσαγείρατο:4S
εσαγο	undetermined	0	1	ἐσάγουσα:2S
εσακο	undetermined	0	1	ἐσάκουσε:2S
εσασα	undetermined	1	0	ἕσασα:2L
εσδυσε	undetermined	1	0	ἐσδύσεαι:2L
εσεδρακε	undetermined	0	1	ἐσέδρακεν:3S
εσεδρακο	undetermined	0	1	ἐσέδρακον:3S
εσεμασσατο	undetermined	0	1	ἐσεμάσσατο:4S
εσηλατο	undetermined	0	1	ἐσήλατο:3S
εσιδε	undetermined	0	2	ἐσιδέσθην:2S, ἐσίδεσκεν:2S
εσιδο	undetermined	0	1	ἐσιδοῦσα:2S
εσιε	undetermined	1	0	ἐσιέμεναι:2L
εσκατα	undetermined	0	1	ἐσκαταβαίνων:2S
εσκαταβα	undetermined	0	1	ἐσκαταβαίνων:3S
εσπασα	undetermined	0	2	ἐσπάσατʼ:2S, ἐσπάσατο:2S
εσπασατο	undetermined	0	1	ἐσπάσατο:3S
εσπασε	undetermined	0	1	ἔσπασεν:2S
εσσαμε	S	0	3	ἑσσάμενοι:2S, ἑσσάμενος:2S, ἑσσαμένω:2S
εσσατο	undetermined	0	1	ἕσσατο:2S
εσσυμα	undetermined	0	1	ἔσσυμαι:2S
εσσυμε	S	0	6	ἐσσυμένην:2S, ἐσσύμενοι:2S, ἐσσύμενον:2S, ἐσσύμενος:2S, ἐσσυμένους:2S, ἐσσυμένως:2S
εσσυτα	undetermined	0	1	ἔσσυται:2S
εσσυτο	undetermined	0	1	ἔσσυτο:2S
εσταθη	undetermined	0	1	ἐστάθη:2S
εσταμε	S	0	3	ἑστάμεν:2S, ἕσταμεν:2S, ἑστάμεναι:2S
εστασα	undetermined	0	1	ἕστασαν:2S
εστατε	undetermined	0	1	ἕστατε:2S
εστατο	undetermined	0	1	ἕστατον:2S
εστεφανω	undetermined	0	2	ἐστεφάνωται:3S, ἐστεφάνωτο:3S
εστηκασι	undetermined	1	0	ἑστήκασιν:3L
εστιχο	undetermined	0	1	ἔστιχον:2S
εστυγο	undetermined	0	1	ἔστυγον:2S
εστυφε	S	0	3	ἐστυφέλιξαν:2S, ἐστυφέλιξε:2S, ἐστυφέλιξεν:2S
εσυλα	undetermined	1	0	ἐσύλα:2L
εσυλε	undetermined	1	0	ἐσύλευον:2L
εσχαρα	undetermined	0	1	ἐσχάραι:2S
εσχαρη	undetermined	0	1	ἐσχάρῃ:2S
εσχαρο	undetermined	0	1	ἐσχαρόφιν:2S
εσχατι	S	0	4	ἐσχατιῇ:2S, ἐσχατιήν:2S, ἐσχατιῆς:2S, ἐσχατιῆσ—μισθος:2S
εσχατο	undetermined	0	2	ἔσχατοι:2S, ἔσχατον:2S
εσχισε	undetermined	0	1	ἔσχισεν:2S
εταλα	undetermined	0	1	ἐτάλασσας:2S
ετανυ	S	0	3	ἐτάνυσσα:2S, ἐτάνυσσε:2S, ἐτάνυσσεν:2S
εταρα	undetermined	0	1	ἐτάραξε:2S
εταρη	undetermined	0	1	ἑτάρη:2S
εταρι	undetermined	0	1	ἑταρίσσαιτο:2S
εταρο	S	0	8	ἕταροι:2S, ἑτάροιο:2S, ἑτάροις:2S, ἑτάροισι:2S, ἑτάροισιν:2S, ἕταρον:2S, ἑτάρου:2S, ἑτάρους:2S
εταρω	S	0	3	ἑτάρω:2S, ἑτάρῳ:2S, ἑτάρων:2S
ετετευχατο	undetermined	0	1	ἐτετεύχατο:4S
ετητυμο	undetermined	0	2	ἐτήτυμον:3S, ἐτήτυμος:3S
ετιθε	undetermined	0	2	ἐτίθει:2S, ἐτίθεντο:2S
ετιμα	undetermined	1	0	ἐτίμα:2L
ετιμη	undetermined	1	0	ἐτιμήσασθʼ:2L
ετινα	S	0	4	ἐτίναξε:2S, ἐτίναξεν:2S, ἐτίνασσε:2S, ἐτίναχθεν:2S
ετιο	undetermined	2	0	ἐτίομεν:2L, ἔτιον:2L
ετισα	L	3	0	ἔτισαν:2L, ἔτισας:2L, ἐτίσατο:2L
ετισατο	undetermined	0	1	ἐτίσατο:3S
ετισε	undetermined	2	0	ἔτισε:2L, ἔτισεν:2L
ετιτα	undetermined	0	2	ἐτίταινε:2S, ἐτιταίνετο:2S
ετοιμασα	undetermined	0	1	ἑτοιμασάτω:3S
ετοιμασατω	undetermined	0	1	ἑτοιμασάτω:4S
ετραπε	S	0	4	ἔτραπε:2S, ἔτραπεν:2S, ἐτράπετʼ:2S, ἐτράπετο:2S
ετραπο	undetermined	0	1	ἔτραπον:2S
ετραφε	S	0	3	ἔτραφε:2S, ἔτραφεν:2S, ἐτραφέτην:2S
ετραφη	undetermined	0	1	ἐτράφημεν:2S
ετυμα	undetermined	0	1	ἔτυμα:2S
ετυμο	undetermined	0	2	ἐτύμοισιν:2S, ἔτυμον:2S
ετυπη	undetermined	0	1	ἐτύπη:2S
ετυχε	undetermined	0	1	ἔτυχες:2S
ετυχη	undetermined	0	2	ἐτύχησε:2S, ἐτύχησεν:2S
ευαδε	undetermined	0	2	εὔαδε:2S, εὔαδεν:2S
ευαιμονιδη	undetermined	0	1	εὐαιμονίδης:4S
ευγματα	undetermined	0	1	εὔγματα:2S
ευδικι	undetermined	0	1	εὐδικίας:2S
ευζυγο	undetermined	0	2	ἐΰζυγοι:3S, ἐϋζύγου:3S
ευηνινη	undetermined	1	0	εὐηνίνης:3L
ευηνοριδη	undetermined	0	2	εὐηνορίδην:4S, εὐηνορίδης:4S
ευθυμο	undetermined	1	0	εὔθυμος:2L
ευκνημιδα	undetermined	2	0	ἐυκνήμιδας:4L, ἐϋκνήμιδας:4L
ευκνημιδε	undetermined	2	0	ἐυκνήμιδες:4L, ἐϋκνήμιδες:4L
ευκτιμε	S	0	8	ἐϋκτιμένας:3S, ἐυκτιμένῃ:3S, ἐϋκτιμένῃ:3S, ἐυκτιμένην:3S, ἐϋκτιμένην:3S, ἐϋκτιμένης:3S, ἐυκτίμενον:3S, ἐϋκτίμενον:3S
ευκτιτο	undetermined	0	1	ἐΰκτιτον:3S
ευναω	undetermined	1	0	εὐνάων:2L
ευξαμε	S	0	5	εὐξαμένῃ:2S, εὐξάμενοι:2S, εὐξαμένοιο:2S, εὐξάμενος:2S, εὐξαμένου:2S
ευξατο	undetermined	0	1	εὔξατο:2S
ευπατε	undetermined	0	2	εὐπατέρειαν:2S, εὐπατερείῃ:2S
ευπλοκαμι	undetermined	0	2	ἐυπλοκαμῖδες:4S, ἐϋπλοκαμῖδες:4S
ευπλοκαμο	S	0	8	ἐυπλόκαμοι:4S, ἐϋπλόκαμοι:4S, ἐϋπλοκάμοις:4S, ἐυπλοκάμοισι:4S, ἐϋπλοκάμοισι:4S, ἐυπλοκάμοισιν:4S, ἐυπλόκαμος:4S, ἐϋπλόκαμος:4S
ευπλοκαμω	undetermined	0	1	ἐυπλοκάμῳ:4S
ευπλυνε	undetermined	0	2	ἐυπλυνές:3S, ἐϋπλυνές:3S
ευποιηταω	undetermined	1	0	εὐποιητάων:4L
ευρειαω	undetermined	1	0	εὐρειάων:3L
ευρρειταο	undetermined	1	0	ἐϋρρείταο:4L
ευρυαγυ	undetermined	0	2	εὐρυάγυια:3S, εὐρυάγυιαν:3S
ευρυαδη	undetermined	0	1	εὐρυάδην:3S
ευρυαλο	undetermined	0	1	εὐρύαλος:3S
ευρυβα	undetermined	0	2	εὐρυβάτην:2S, εὐρυβάτης:2S
ευρυβατη	undetermined	0	2	εὐρυβάτην:3S, εὐρυβάτης:3S
ευρυδα	S	0	3	εὐρυδάμαντα:2S, εὐρυδάμαντι:2S, εὐρυδάμαντος:2S
ευρυδαμα	S	0	3	εὐρυδάμαντα:3S, εὐρυδάμαντι:3S, εὐρυδάμαντος:3S
ευρυδι	undetermined	0	1	εὐρυδίκη:2S
ευρυδικη	undetermined	0	1	εὐρυδίκη:3S
ευρυλο	S	0	3	εὐρύλοχʼ:2S, εὐρυλόχοιο:2S, εὐρύλοχος:2S
ευρυμα	S	0	5	εὐρύμαχʼ:2S, εὐρύμαχον:2S, εὐρύμαχος:2S, εὐρυμάχου:2S, εὐρυμάχῳ:2S
ευρυμαχο	S	0	3	εὐρύμαχον:3S, εὐρύμαχος:3S, εὐρυμάχου:3S
ευρυμαχω	undetermined	0	1	εὐρυμάχῳ:3S
ευρυμε	S	0	7	εὐρυμέδοντος:2S, εὐρυμέδουσα:2S, εὐρυμέδων:2S, εὐρυμέτωποι:2S, εὐρυμέτωπον:2S, εὐρυμετώπους:2S, εὐρυμετώπων:2S
ευρυμι	undetermined	0	1	εὐρυμίδης:2S
ευρυμιδη	undetermined	0	1	εὐρυμίδης:3S
ευρυνα	undetermined	1	0	εὔρυναν:2L
ευρυνο	S	0	3	εὐρυνόμη:2S, εὐρυνόμην:2S, εὐρύνομος:2S
ευρυπο	undetermined	0	1	εὐρυπόροιο:2S
ευρυπυ	S	0	6	εὐρύπυλʼ:2S, εὐρυπυλές:2S, εὐρυπύλοιο:2S, εὐρύπυλον:2S, εὐρύπυλος:2S, εὐρυπύλῳ:2S
ευρυπυλε	undetermined	0	1	εὐρυπυλές:3S
ευρυπυλο	S	0	3	εὐρυπύλοιο:3S, εὐρύπυλον:3S, εὐρύπυλος:3S
ευρυπυλω	undetermined	0	1	εὐρυπύλῳ:3S
ευρυτε	undetermined	0	2	εὐρυτέρη:2S, εὐρύτερος:2S
ευρυτι	S	0	3	εὐρυτίδην:2S, εὐρυτίδης:2S, εὐρυτίωνα:2S
ευρυτιδη	undetermined	0	2	εὐρυτίδην:3S, εὐρυτίδης:3S
ευρυτο	undetermined	0	2	εὔρυτος:2S, εὐρύτου:2S
ευρυφυ	undetermined	0	1	εὐρυφυές:2S
ευρυχο	S	0	3	εὐρυχόροιο:2S, εὐρύχορον:2S, εὐρυχόρῳ:2S
ευστεφανο	S	0	3	ἐυστέφανος:4S, ἐϋστέφανος:4S, ἐυστεφάνου:4S
ευστεφανω	undetermined	0	1	ἐϋστεφάνῳ:4S
ευτριχα	undetermined	0	1	ἐΰτριχας:3S
ευφροσυνη	S	0	5	εὐφροσύνῃ:3S, ἐυφροσύνη:4S, εὐφροσύνην:3S, ἐϋφροσύνης:4S, ἐυφροσύνῃσιν:4S
ευωπιδα	undetermined	0	1	ἐυώπιδα:4S
εφαγε	undetermined	0	1	ἔφαγε:2S
εφαγο	undetermined	0	1	ἔφαγον:2S
εφαλο	undetermined	0	1	ἔφαλον:2S
εφαμε	undetermined	0	1	ἔφαμεν:2S
εφαμη	undetermined	0	1	ἐφάμην:2S
εφανε	undetermined	0	1	ἔφανεν:2S
εφανη	undetermined	0	1	ἐφάνη:2S
εφασα	undetermined	0	1	ἔφασαν:2S
εφατο	undetermined	0	1	ἔφατο:2S
εφεσσαμε	undetermined	0	1	ἐφεσσάμενος:3S
εφεσταμε	undetermined	0	2	ἐφεστάμεν:3S, ἐφεστάμεναι:3S
εφεστασα	undetermined	0	1	ἐφέστασαν:3S
εφημοσυνη	undetermined	0	2	ἐφημοσύνην:4S, ἐφημοσύνης:4S
εφηνδανε	undetermined	0	1	ἐφήνδανε:3S
εφθιθε	undetermined	0	1	ἔφθιθεν:2S
εφιε	L	5	0	ἐφίει:2L, ἐφιείς:2L, ἐφιεμένῃ:2L, ἐφιέμενος:2L, ἐφίετε:2L
εφιζανε	undetermined	0	2	ἐφίζανε:3S, ἐφιζανέτην:3S
εφικο	undetermined	0	1	ἐφίκοντο:2S
εφιλα	undetermined	1	0	ἐφίλατο:2L
εφιλατο	undetermined	0	1	ἐφίλατο:3S
εφιλε	undetermined	0	1	ἐφίλει:2S
εφιλη	S	0	4	ἐφίλησʼ:2S, ἐφίλησα:2S, ἐφίλησαν:2S, ἐφίλησε:2S
εφιστατο	undetermined	0	1	ἐφίστατο:3S
εφοπλισα	undetermined	0	1	ἐφοπλίσαι:3S
εφοπλισο	undetermined	0	1	ἐφοπλισόμεσθα:3S
εφρασα	S	0	3	ἐφράσαθʼ:2S, ἐφρασάμην:2S, ἐφράσατο:2S
εφρασαμη	undetermined	0	1	ἐφρασάμην:3S
εφρασατο	undetermined	0	1	ἐφράσατο:3S
εφρασσατο	undetermined	0	1	ἐφράσσατο:3S
εφυγε	undetermined	0	1	ἔφυγες:2S
εφυλα	undetermined	0	2	ἐφύλασσε:2S, ἐφύλασσεν:2S
εφυπε	undetermined	0	2	ἐφύπερθε:2S, ἐφύπερθεν:2S
εφυρη	S	0	4	ἐφύρη:2S, ἐφύρῃ:2S, ἐφύρην:2S, ἐφύρης:2S
εφυρο	undetermined	1	1	ἔφυρον:2L, ἐφύρους:2S
εφυσε	undetermined	1	0	ἔφυσε:2L
εφυσω	undetermined	1	0	ἐφύσων:2L
εφυτε	undetermined	0	1	ἐφύτευσαν:2S
εχαδε	undetermined	0	1	ἔχαδε:2S
εχανδανο	undetermined	0	1	ἐχάνδανον:3S
εχαρη	S	0	3	ἐχάρη:2S, ἐχάρημεν:2S, ἐχάρησαν:2S
εχεθυμο	undetermined	1	0	ἐχέθυμος:3L
εχευατο	undetermined	0	1	ἐχεύατο:3S
εχησινο	undetermined	0	1	ἔχῃσιν—ὁ:3S
εχινα	undetermined	1	0	ἐχινάων:2L
εχιναω	undetermined	1	0	ἐχινάων:3L
εχματα	undetermined	0	1	ἔχματα:2S
εχολωσατε	undetermined	0	1	ἐχολώσατε:4S
εχολωσατο	undetermined	0	1	ἐχολώσατο:4S
εχρισε	undetermined	1	0	ἔχρισεν:2L
εχωσατο	undetermined	0	1	ἐχώσατο:3S
ζαη	undetermined	2	0	ζαῆν:1L, ζαής:1L
ζακο	undetermined	0	1	ζάκοτον:1S
ζακυ	undetermined	0	1	ζάκυνθον:1S
ζευγνυμε	undetermined	0	2	ζευγνύμεν:2S, ζευγνύμεναι:2S
ζευγνυσα	undetermined	0	1	ζεύγνυσαν:2S
ζεφυρο	S	0	4	ζεφύροιο:2S, ζέφυρον:2S, ζέφυρος:2S, ζεφύρου:2S
ζεφυρω	undetermined	0	1	ζεφύρῳ:2S
ζυγα	undetermined	0	1	ζυγά:1S
ζυγο	S	0	5	ζυγόδεσμον:1S, ζυγόν:1S, ζυγοῦ:1S, ζυγόφι:1S, ζυγόφιν:1S
ζυγω	undetermined	0	1	ζυγῷ:1S
ζωσαμε	undetermined	0	1	ζωσαμένω:2S
ζωσατο	undetermined	0	1	ζώσατο:2S
ηατο	undetermined	0	1	ἥατο:2S
ηγαα	undetermined	1	0	ἠγάασθε:2L
ηγαγε	S	0	5	ἤγαγε:2S, ἠγάγεθʼ:2S, ἤγαγεν:2S, ἤγαγες:2S, ἠγάγετο:2S
ηγαγο	undetermined	0	2	ἠγαγόμην:2S, ἤγαγον:2S
ηγασσατο	undetermined	0	1	ἠγάσσατο:3S
ηγησατο	undetermined	0	1	ἡγήσατο:3S
ηδυπο	undetermined	0	1	ἡδυπότοιο:2S
ηεριβο	undetermined	0	1	ἠερίβοια:3S
ηια	undetermined	2	0	ἤια:2L, ἤϊα:2L
ηισα	undetermined	0	1	ἤϊσαν:2S
ηκαχε	undetermined	0	1	ἤκαχε:2S
ηκοντισα	undetermined	0	1	ἠκόντισαν:3S
ηλακα	S	0	3	ἠλάκατα:2S, ἠλακάτη:2S, ἠλακάτην:2S
ηλακατα	undetermined	0	1	ἠλάκατα:3S
ηλακατη	undetermined	0	2	ἠλακάτη:3S, ἠλακάτην:3S
ηλασα	S	0	3	ἤλασα:2S, ἠλασάμεσθα:2S, ἤλασαν:2S
ηλασαμε	undetermined	0	1	ἠλασάμεσθα:3S
ηλασε	undetermined	0	2	ἤλασε:2S, ἤλασεν:2S
ηλδανε	undetermined	0	1	ἤλδανε:2S
ηλευατο	undetermined	0	1	ἠλεύατο:3S
ηληλατο	undetermined	0	1	ἠλήλατο:3S
ηλιβα	S	0	3	ἠλίβατοι:2S, ἠλίβατον:2S, ἠλίβατος:2S
ηλιβατο	S	0	3	ἠλίβατοι:3S, ἠλίβατον:3S, ἠλίβατος:3S
ηλιδα	undetermined	0	1	ἤλιδα:2S
ηλιδι	undetermined	0	1	ἤλιδι:2S
ηλιδο	undetermined	0	1	ἤλιδος:2S
ηλιθα	undetermined	0	1	ἤλιθα:2S
ηλικε	undetermined	0	1	ἥλικες:2S
ηλικι	undetermined	0	1	ἡλικίην:2S
ηλιτε	undetermined	0	1	ἤλιτεν:2S
ηλιτο	undetermined	0	1	ἠλιτόμηνον:2S
ηλυθε	S	0	3	ἤλυθε:2S, ἤλυθεν:2S, ἤλυθες:2S
ηλυθο	undetermined	0	1	ἤλυθον:2S
ηλυσι	undetermined	0	1	ἠλύσιον:2S
ημαθι	undetermined	0	1	ἠμαθίην:2S
ημαθο	S	0	3	ἠμαθόεντα:2S, ἠμαθόεντι:2S, ἠμαθόεντος:2S
ημαρτανε	undetermined	0	1	ἡμάρτανε:3S
ημασι	undetermined	0	1	ἥμασιν:2S
ηματα	undetermined	0	1	ἤματα:2S
ηματι	S	0	3	ἤματι:2S, ἠμάτιαι:2S, ἠματίη:2S
ηματο	undetermined	0	1	ἤματος:2S
ημετεραω	undetermined	1	0	ἡμετεράων:4L
ημιδα	undetermined	0	1	ἡμιδαής:2S
ημιπε	undetermined	0	1	ἡμιπέλεκκα:2S
ημισυ	undetermined	0	1	ἥμισυ:2S
ημιτα	undetermined	0	1	ἡμιτάλαντον:2S
ημιταλα	undetermined	0	1	ἡμιτάλαντον:3S
ημιτε	undetermined	0	1	ἡμιτελής:2S
ημυνε	undetermined	1	0	ἤμυνε:2L
ημυνο	undetermined	1	0	ἠμύνοντο:2L
ημυσε	undetermined	2	0	ἤμυσε:2L, ἠμύσειε:2L
ηνδανε	undetermined	0	2	ἥνδανε:2S, ἥνδανεν:2S
ηνιπα	undetermined	1	0	ἠνίπαπε:2L
ηνιπαπε	undetermined	0	1	ἠνίπαπε:3S
ηνοπιδη	undetermined	0	1	ἠνοπίδην:3S
ηντησατε	undetermined	0	1	ἠντήσατε:3S
ηνυσε	undetermined	0	1	ἤνυσεν:2S
ηνυτο	undetermined	0	1	ἤνυτο:2S
ηπατι	undetermined	0	1	ἥπατι:2S
ηπαφε	undetermined	0	1	ἤπαφε:2S
ηπεδανο	undetermined	0	1	ἠπεδανός:3S
ηπυτα	undetermined	0	1	ἠπύτα:2S
ηρακλειδαο	undetermined	1	0	ἡρακλεΐδαο:5L
ηραμε	undetermined	0	1	ἠράμεθα:2S
ηραρε	undetermined	0	2	ἤραρε:2S, ἤραρεν:2S
ηρασα	undetermined	0	2	ἠρασάμην:2S, ἠράσατʼ:2S
ηρασαμη	undetermined	0	1	ἠρασάμην:3S
ηρασσατο	undetermined	0	1	ἠράσσατο:3S
ηρατο	undetermined	0	1	ἤρατο:2S
ηρησατο	undetermined	0	1	ἠρήσατο:3S
ηριγε	S	0	3	ἠριγένεια:2S, ἠριγένειαν:2S, ἠριγενείης:2S
ηρικε	undetermined	0	1	ἤρικε:2S
ηριπε	undetermined	0	2	ἤριπε:2S, ἤριπεν:2S
ηρξατο	undetermined	0	1	ἤρξατο:2S
ηρπασε	undetermined	0	2	ἥρπασε:2S, ἥρπασεν:2S
ηρτυνα	undetermined	1	0	ἠρτύναντο:2L
ηρτυνο	undetermined	1	0	ἤρτυνον:2L
ηρυγε	undetermined	0	1	ἤρυγεν:2S
ηρυκα	undetermined	1	0	ἠρύκακε:2L
ηρυκακε	undetermined	0	1	ἠρύκακε:3S
ησατο	undetermined	0	1	ἥσατο:2S
ησυχι	undetermined	0	2	ἡσυχίη:2S, ἡσύχιον:2S
ησχυνα	undetermined	1	0	ᾔσχυνας:2L
ησχυνε	undetermined	1	0	ᾔσχυνε:2L
ητιμα	undetermined	1	0	ἠτίμασεν:2L
ητιμασε	undetermined	0	1	ἠτίμασεν:3S
ητιμη	L	3	0	ἠτίμησʼ:2L, ἠτίμησας:2L, ἠτίμησεν:2L
ηυγε	undetermined	0	2	ἠυγένειος:2S, ἠϋγένειος:2S
ηυκο	S	0	4	ἠυκόμοιο:2S, ἠϋκόμοιο:2S, ἠΰκομος:2S, ἠύκομος:2S
ηυσε	undetermined	2	0	ἤϋσε:2L, ἤϋσεν:2L
ηυτε	undetermined	0	1	ἠΰτε:2S
ηφυσα	undetermined	0	2	ἠφύσαμεν:2S, ἠφυσάμην:2S
ηφυσαμε	undetermined	0	1	ἠφύσαμεν:3S
ηφυσαμη	undetermined	0	1	ἠφυσάμην:3S
ηχλυσε	undetermined	1	0	ἤχλυσε:2L
ηψατο	undetermined	0	1	ἥψατο:2S
θαλα	S	0	18	θαλαμηπόλος:1S, θαλάμης:1S, θάλαμοι:1S, θαλάμοιο:1S, θάλαμον:1S, θάλαμονδʼ:1S, θάλαμονδε:1S, θαλαμόνδε:1S
θαλαμη	undetermined	0	2	θαλαμηπόλος:2S, θαλάμης:2S
θαλαμο	S	0	9	θάλαμοι:2S, θαλάμοιο:2S, θάλαμον:2S, θάλαμονδʼ:2S, θάλαμονδε:2S, θαλαμόνδε:2S, θάλαμος:2S, θαλάμου:2S
θαλαμω	undetermined	0	2	θαλάμῳ:2S, θαλάμων:2S
θαλε	S	0	12	θαλέθοντες:1S, θαλέθων:1S, θάλεια:1S, θαλερή:1S, θαλερήν:1S, θαλεροί:1S, θαλεροῖο:1S, θαλερόν:1S
θαλι	undetermined	0	2	θαλίῃ:1S, θαλίῃς:1S
θαλο	undetermined	0	1	θάλος:1S
θαλυ	undetermined	0	2	θαλύσια:1S, θαλυσιάδην:1S
θαλυσι	undetermined	2	0	θαλύσια:2L, θαλυσιάδην:2L
θαλυσιαδη	undetermined	0	1	θαλυσιάδην:4S
θαμα	undetermined	0	1	θαμά:1S
θαμβησασα	undetermined	1	0	θαμβήσασα:3L
θαμε	S	0	3	θαμειαί:1S, θαμειάς:1S, θαμέσι:1S
θαμι	undetermined	0	2	θαμίζεις:1S, θάμιζεν:1S
θαμυ	undetermined	0	1	θάμυριν:1S
θαμυρι	undetermined	0	1	θάμυριν:2S
θανα	S	0	7	θάνατοι:1S, θανάτοιο:1S, θάνατον:1S, θάνατονδε:1S, θάνατος:1S, θανάτου:1S, θανάτῳ:1S
θανατο	S	0	6	θάνατοι:2S, θανάτοιο:2S, θάνατον:2S, θάνατονδε:2S, θάνατος:2S, θανάτου:2S
θανατω	undetermined	0	1	θανάτῳ:2S
θανε	S	0	4	θάνε:1S, θανεῖν:1S, θάνεν:1S, θάνες:1S
θανη	S	0	3	θάνῃς:1S, θάνῃσι:1S, θάνῃσιν:1S
θανο	S	0	7	θάνοι:1S, θάνοιεν:1S, θάνον:1S, θανόντα:1S, θανόντι:1S, θανόντος:1S, θανόντων:1S
θανω	S	0	4	θάνω:1S, θάνωμεν:1S, θανών:1S, θάνωσι:1S
θαρσυνα	undetermined	1	0	θάρσυνας:2L
θαρσυνε	undetermined	2	0	θάρσυνε:2L, θαρσύνεσκε:2L
θαρσυνο	undetermined	2	1	θάρσυνον:2L, θαρσύνονθʼ:2L, θάρσυνος:2S
θαρσυνω	undetermined	2	0	θαρσύνω:2L, θαρσύνων:2L
θαυμακι	undetermined	0	1	θαυμακίην:2S
θεανω	undetermined	1	0	θεανώ:2L
θεαω	undetermined	1	0	θεάων:2L
θεναρο	undetermined	0	1	θέναρος:2S
θεοκλυμε	undetermined	0	2	θεοκλύμενον:3S, θεοκλύμενος:3S
θεραπε	undetermined	0	1	θεράπευον:2S
θεραπο	S	0	6	θεράποντʼ:2S, θεράποντα:2S, θεράποντας:2S, θεράποντε:2S, θεράποντες:2S, θεράποντι:2S
θεραπω	undetermined	0	1	θεράπων:2S
θερσιλο	undetermined	0	1	θερσίλοχον:2S
θερσιτη	undetermined	1	0	θερσίτης:2L
θεσπεσιαω	undetermined	1	0	θεσπεσιάων:4L
θεσπιδα	undetermined	0	1	θεσπιδαές:2S
θεσσαλο	undetermined	0	1	θεσσαλοῦ:2S
θεστοριδη	undetermined	0	2	θεστορίδην:3S, θεστορίδης:3S
θεσφατα	undetermined	0	1	θέσφατα:2S
θεσφατο	undetermined	0	2	θέσφατον:2S, θέσφατος:2S
θετιδο	undetermined	0	1	θέτιδος:2S
θηησατο	undetermined	0	1	θηήσατο:3S
θηκατο	undetermined	0	1	θήκατο:2S
θηλυτε	S	0	3	θηλύτεραι:2S, θηλυτεράων:2S, θηλυτέρῃσι:2S
θηλυτεραω	undetermined	1	0	θηλυτεράων:4L
θησατο	undetermined	0	1	θήσατο:2S
θητευσαμε	undetermined	0	1	θητεύσαμεν:3S
θινι	undetermined	1	0	θινί:1L
θνηταω	undetermined	1	0	θνητάων:2L
θοαω	undetermined	1	0	θοάων:2L
θουριδο	undetermined	0	1	θούριδος:2S
θρασι	undetermined	0	1	θρασίον:1S
θρασο	undetermined	0	1	θράσος:1S
θρασυ	S	0	8	θρασυκάρδιος:1S, θρασυμέμνονα:1S, θρασυμήδεα:1S, θρασυμήδεϊ:1S, θρασυμήδεος:1S, θρασυμήδης:1S, θρασύν:1S, θρασύς:1S
θρασυκα	undetermined	0	1	θρασυκάρδιος:2S
θρασυμε	undetermined	0	1	θρασυμέμνονα:2S
θρασυμη	S	0	4	θρασυμήδεα:2S, θρασυμήδεϊ:2S, θρασυμήδεος:2S, θρασυμήδης:2S
θρεψασα	undetermined	1	0	θρέψασα:2L
θρηικα	undetermined	0	2	θρήϊκα:2S, θρήϊκας:2S
θρηικε	undetermined	0	1	θρήϊκες:2S
θρηικι	S	0	4	θρηϊκίης:2S, θρηΐκιοι:2S, θρηΐκιον:2S, θρηϊκίῳ:2S
θρινα	L	3	0	θρινακίῃ:1L, θρινακίην:1L, θρινακίης:1L
θρινακι	S	0	3	θρινακίῃ:2S, θρινακίην:2S, θρινακίης:2S
θρυλι	undetermined	1	0	θρυλίχθη:1L
θυγα	undetermined	6	9	θύγατερ:1S, θυγατέρʼ:1L, θυγατέρα:1L, θυγατέρας:1L, θυγατέρες:1L, θυγατέρεσσιν:1L, θυγατέρος:1L, θυγάτηρ:1S
θυγατε	S	0	7	θύγατερ:2S, θυγατέρʼ:2S, θυγατέρα:2S, θυγατέρας:2S, θυγατέρες:2S, θυγατέρεσσιν:2S, θυγατέρος:2S
θυγατη	undetermined	0	1	θυγάτηρ:2S
θυε	undetermined	1	0	θύει:1L
θυεστιαδη	undetermined	0	1	θυεστιάδης:4S
θυμα	L	6	0	θυμαλγέα:1L, θυμαλγέι:1L, θυμαλγέϊ:1L, θυμαλγέος:1L, θυμαλγές:1L, θυμαρές:1L
θυμαρε	undetermined	1	0	θυμαρές:2L
θυμη	L	3	0	θυμηγερέων:1L, θυμηδέʼ:1L, θυμῆρες:1L
θυμο	L	13	1	θυμοβόροιο:1L, θυμοβόρου:1L, θυμοβόρῳ:1L, θυμοδακής:1L, θυμοίτην:1S, θυμολέοντα:1L, θυμόν:1L, θυμοραϊστέων:1L
θυμοδακη	undetermined	0	1	θυμοδακής:3S
θυμω	undetermined	1	0	θυμῷ:1L
θυνο	undetermined	2	0	θύνοντʼ:1L, θυνόντων:1L
θυρα	S	0	5	θύραζε:1S, θύραι:1S, θύρας:1S, θυράων:1S, θυραωρούς:1S
θυραω	undetermined	1	0	θυράων:2L
θυρε	S	0	3	θυρεόν:1S, θύρετρα:1S, θυρέων:1S
θυρη	S	0	7	θύρη:1S, θύρηθʼ:1S, θύρην:1S, θύρῃσι:1S, θύρῃσιν:1S, θύρηφι:1S, θύρηφιν:1S
θυσα	undetermined	0	1	θυσάνοις:1S
θυσανο	undetermined	0	1	θυσάνοις:2S
θυσσανο	undetermined	0	1	θυσσανόεσσαν:2S
θυω	undetermined	1	0	θύων:1L
θωρηκταω	undetermined	1	0	θωρηκτάων:3L
ια	L	15	0	ἰά:1L, ἰαίνετο:1L, ἰαμενόν:1L, ἰάνθη:1L, ἰανθῇ:1L, ἰάπετος:1L, ἰασίδαο:1L, ἰασίδῃ:1L
ιαμε	undetermined	0	1	ἰαμενόν:2S
ιανα	undetermined	0	1	ἰάνασσα:2S
ιανε	undetermined	0	1	ἰάνειρα:2S
ιαο	undetermined	1	0	ἰάονες:2L
ιαπε	undetermined	0	1	ἰάπετος:2S
ιαρδανο	undetermined	0	1	ἰαρδάνου:3S
ιασι	undetermined	1	2	ἰασίδαο:2S, ἴασιν:2L, ἰασίωνι:2S
ιασιδα	undetermined	0	1	ἰασίδαο:3S
ιασιδαο	undetermined	1	0	ἰασίδαο:4L
ιασο	undetermined	0	2	ἴασον:2S, ἴασος:2S
ιαχε	undetermined	0	2	ἴαχε:2S, ἴαχεν:2S
ιαχη	undetermined	0	2	ἰαχή:2S, ἰαχῇ:2S
ιαχο	S	0	5	ἴαχον:2S, ἰάχοντα:2S, ἰάχοντες:2S, ἰάχοντος:2S, ἰάχουσα:2S
ιαχω	undetermined	0	1	ἰάχων:2S
ιγνυη	undetermined	1	0	ἰγνύην:2L
ιδα	L	6	0	ἰδαῖʼ:1L, ἰδαῖον:1L, ἰδαῖος:1L, ἰδαίου:1L, ἰδαίῳ:1L, ἰδαίων:1L
ιδε	S	1	10	ἰδέ:1S, ἴδε:1S, ἰδεῖν:1S, ἴδεν:1S, ἴδες:1S, ἰδέσθαι:1S, ἴδεσθε:1S, ἴδεσκε:1S
ιδη	undetermined	4	8	ἰδῇ:1S, ἴδη:1L, ἴδηαι:1S, ἴδηθʼ:1S, ἴδηθεν:1L, ἴδην:1L, ἰδῇς:1S, ἴδης:1L
ιδι	undetermined	1	1	ἰδίη:1S, ἴδιον:1L
ιδο	undetermined	5	18	ἴδοι:1S, ἰδοίατο:1S, ἴδοιεν:1S, ἴδοιμι:1S, ἴδοις:1S, ἴδοιτο:1S, ἴδομεν:1S, ἰδομενεῦ:1L
ιδοιατο	undetermined	0	1	ἰδοίατο:3S
ιδρυσε	undetermined	1	0	ἵδρυσε:2L
ιδυ	S	0	5	ἰδυῖα:1S, ἰδυῖαν:1S, ἰδυίας:1S, ἰδυίῃ:1S, ἰδυίῃσι:1S
ιδω	S	0	8	ἴδω:1S, ἴδωμʼ:1S, ἴδωμαι:1S, ἰδώμεθα:1S, ἴδωμεν:1S, ἴδωμι:1S, ἰδών:1S, ἴδωσι:1S
ιε	L	22	0	ἵει:1L, ἱεῖσαι:1L, ἱέμεναι:1L, ἱεμένη:1L, ἱεμένην:1L, ἱέμενοι:1L, ἱεμένοιο:1L, ἱέμενον:1L
ιεραω	undetermined	1	0	ἱεράων:3L
ιερευσατε	undetermined	0	1	ἱερεύσατε:4S
ιζανε	undetermined	0	2	ἱζάνει:2S, ἵζανεν:2S
ιζανο	undetermined	0	1	ἵζανον:2S
ιη	L	10	0	ἰησάμενοι:1L, ἰήσασθαι:1L, ἰήσατο:1L, ἰήσεται:1L, ἰητήρ:1L, ἰητῆρʼ:1L, ἰητῆρος:1L, ἰητροί:1L
ιηλυσο	undetermined	1	0	ἰηλυσόν:3L
ιηνατε	undetermined	0	1	ἰήνατε:3S
ιησαμε	undetermined	0	1	ἰησάμενοι:3S
ιησατο	undetermined	0	1	ἰήσατο:3S
ιησονιδη	undetermined	0	1	ἰησονίδης:4S
ιθα	S	0	11	ἰθαιγενέεσσιν:1S, ἰθαιμένεος:1S, ἰθάκη:1S, ἰθάκῃ:1S, ἰθάκην:1S, ἰθάκηνδʼ:1S, ἰθάκηνδε:1S, ἰθάκης:1S
ιθακη	S	0	8	ἰθάκη:2S, ἰθάκῃ:2S, ἰθάκην:2S, ἰθάκηνδʼ:2S, ἰθάκηνδε:2S, ἰθάκης:2S, ἰθακήσιοι:2S, ἰθακήσιος:2S
ιθακο	undetermined	0	1	ἴθακος:2S
ιθι	undetermined	0	1	ἴθι:1S
ιθυ	L	21	0	ἰθύ:1L, ἰθύει:1L, ἰθύν:1L, ἴθυνα:1L, ἴθυνε:1L, ἰθύνει:1L, ἰθύνεις:1L, ἴθυνεν:1L
ιθυνα	undetermined	1	0	ἴθυνα:2L
ιθυνε	L	6	0	ἴθυνε:2L, ἰθύνει:2L, ἰθύνεις:2L, ἴθυνεν:2L, ἰθύνετε:2L, ἰθύνετο:2L
ιθυνο	L	4	0	ἰθύνοι:2L, ἰθύνομεν:2L, ἰθυνομένων:2L, ἴθυνον:2L
ιθυντατα	undetermined	0	1	ἰθύντατα:3S
ιθυπτιω	undetermined	1	0	ἰθυπτίωνα:3L
ιθυσα	undetermined	1	0	ἴθυσαν:2L
ιθυσε	undetermined	2	0	ἰθύσειʼ:2L, ἴθυσεν:2L
ιθυση	undetermined	1	0	ἰθύσῃ:2L
ιθω	undetermined	0	1	ἰθώμην:1S
ικα	undetermined	3	10	ἱκάνει:1S, ἱκάνεις:1S, ἱκανέμεν:1S, ἵκανεν:1S, ἱκάνεται:1S, ἱκάνετον:1S, ἱκάνοι:1S, ἱκάνομαι:1S
ικανε	L	7	0	ἵκανε:2L, ἱκάνει:2L, ἱκάνεις:2L, ἱκανέμεν:2L, ἵκανεν:2L, ἱκάνεται:2L, ἱκάνετον:2L
ικανο	L	4	0	ἱκάνοι:2L, ἱκάνομαι:2L, ἱκάνομεν:2L, ἵκανον:2L
ικανω	undetermined	1	0	ἱκάνω:2L
ικαρι	S	0	3	ἰκαρίοιο:2S, ἰκαρίου:2S, ἰκαρίῳ:2S
ικε	undetermined	4	23	ἵκει:1L, ἰκέλη:1S, ἴκελοι:1S, ἴκελον:1S, ἴκελος:1S, ἵκεο:1L, ἱκέσθʼ:1S, ἱκέσθαι:1S
ικεταο	L	4	0	ἱκέταο:3L, ἱκετάονα:3L, ἱκεταονίδην:3L, ἱκετάονος:3L
ικεταονιδη	undetermined	0	1	ἱκεταονίδην:5S
ικεταω	undetermined	1	0	ἱκετάων:3L
ικη	undetermined	1	3	ἵκῃ:1L, ἵκηαι:1S, ἵκησθε:1S, ἵκηται:1S
ικμαλι	undetermined	0	1	ἰκμάλιος:2S
ικο	undetermined	2	11	ἵκοι:1L, ἱκοίατο:1S, ἱκοίμεθʼ:1S, ἱκοίμεθα:1S, ἱκοίμην:1S, ἵκοιο:1S, ἵκοισθε:1S, ἵκοιτʼ:1S
ικοιατο	undetermined	0	1	ἱκοίατο:3S
ικω	undetermined	1	4	ἵκω:1L, ἵκωμαι:1S, ἱκώμεθα:1S, ἵκωμι:1S, ἵκωνται:1S
ιλα	undetermined	8	2	ἰλαδόν:1L, ἵλαον:1L, ἵλαος:1L, ἱλάσκεσθαι:1L, ἱλάσκονται:1L, ἱλάσκοντο:1L, ἱλασόμεσθα:1L, ἱλασσάμενοι:1S
ιλαδο	undetermined	0	1	ἰλαδόν:2S
ιλαο	undetermined	1	0	ἵλαος:2L
ιλασο	undetermined	0	1	ἱλασόμεσθα:2S
ιλασσαμε	undetermined	0	1	ἱλασσάμενοι:3S
ιλη	L	4	0	ἵληθʼ:1L, ἵληθι:1L, ἰλήϊον:1L, ἱλήκῃσι:1L
ιλι	L	9	0	ἰλιόθεν:1L, ἰλιόθι:1L, ἴλιον:1L, ἰλιονῆα:1L, ἰλιονῆος:1L, ἴλιος:1L, ἰλίου:1L, ἰλιόφι:1L
ιλιο	undetermined	1	0	ἰλίου:2L
ιλλασι	undetermined	0	1	ἰλλάσιν:2S
ιλο	undetermined	2	0	ἴλοιο:1L, ἴλου:1L
ιλυ	undetermined	1	0	ἰλύος:1L
ιλυο	undetermined	1	0	ἰλύος:2L
ιμα	S	1	10	ἱμάντας:1S, ἱμάντεσσι:1L, ἱμάντι:1S, ἱμάντων:1S, ἱμάς:1S, ἵμασʼ:1S, ἵμασεν:1S, ἱμάσθλην:1S
ιμασε	undetermined	0	1	ἵμασεν:2S
ιμβρασι	undetermined	0	1	ἰμβρασίδης:2S
ιμβρασιδη	undetermined	0	1	ἰμβρασίδης:3S
ιμε	undetermined	13	2	ἱμείραιτο:1L, ἱμείρεται:1L, ἱμείρετε:1L, ἱμειρόμενος:1L, ἱμείρων:1L, ἴμεν:1S, ἴμεναι:1S, ἱμερόεις:1L
ινα	undetermined	0	1	ἵνα:1S
ινε	undetermined	1	0	ἴνεσιν:1L
ινι	undetermined	2	0	ἰνίον:1L, ἰνίου:1L
ινω	undetermined	1	0	ἰνώ:1L
ιξαλο	undetermined	0	1	ἰξάλου:2S
ιξιο	undetermined	1	0	ἰξιονίης:2L
ιο	L	10	0	ἰοδόκον:1L, ἰοδόκος:1L, ἰοί:1L, ἰοῖσιν:1L, ἴομεν:1L, ἰόν:1L, ἰός:1L, ἰούς:1L
ιονθαδο	undetermined	0	1	ἰονθάδος:3S
ιππασι	undetermined	0	2	ἱππασίδην:2S, ἱππασίδῃσι:2S
ιππασιδη	undetermined	0	2	ἱππασίδην:3S, ἱππασίδῃσι:3S
ιππασο	undetermined	0	1	ἱππάσου:2S
ιππηλατα	undetermined	0	1	ἱππηλάτα:3S
ιππηλατο	undetermined	0	1	ἱππήλατος:3S
ιπποδαμα	undetermined	0	1	ἱπποδάμαντα:3S
ιπποδαμε	undetermined	0	2	ἱπποδάμεια:3S, ἱπποδάμειαν:3S
ιπποδαμο	S	0	8	ἱππόδαμοι:3S, ἱπποδάμοιο:3S, ἱπποδάμοις:3S, ἱπποδάμοισι:3S, ἱπποδάμοισιν:3S, ἱππόδαμον:3S, ἱπποδάμου:3S, ἱπποδάμους:3S
ιπποδαμω	undetermined	0	1	ἱπποδάμων:3S
ιπποδασε	S	0	3	ἱπποδάσεια:3S, ἱπποδασείας:3S, ἱπποδασείης:3S
ιππομαχο	undetermined	0	2	ἱππόμαχοι:3S, ἱππόμαχον:3S
ιπποσυνα	undetermined	0	2	ἱπποσύνας:3S, ἱπποσυνάων:3S
ιπποσυναω	undetermined	1	0	ἱπποσυνάων:4L
ιπποσυνη	undetermined	0	1	ἱπποσύνῃ:3S
ιπποταδα	undetermined	0	1	ἱπποτάδαο:3S
ιπποταδαο	undetermined	1	0	ἱπποτάδαο:4L
ιπποταδη	undetermined	0	1	ἱπποτάδης:3S
ιρα	undetermined	1	0	ἱρά:1L
ιρε	L	5	0	ἱρεύεσκον:1L, ἵρευον:1L, ἱρεύουσʼ:1L, ἱρεύς:1L, ἱρεύσασθαι:1L
ιρη	L	8	0	ἱρή:1L, ἴρηκες:1L, ἴρηκι:1L, ἴρηκος:1L, ἰρήκων:1L, ἱρήν:1L, ἴρηξ:1L, ἱρῆς:1L
ιρι	undetermined	1	0	ἴρισσιν:1L
ιρο	undetermined	2	0	ἱρόν:1L, ἴρου:1L
ιρω	undetermined	2	0	ἴρῳ:1L, ἱρῶν:1L
ισα	undetermined	5	1	ἰσάζουσʼ:1L, ἴσαν:1S, ἴσανδρον:1L, ἴσας:1L, ἴσασʼ:1L, ἰσάσκετο:1L
ισασι	undetermined	1	0	ἴσασιν:2L
ιση	L	3	0	ἴση:1L, ἴσην:1L, ἴσης:1L
ισμαρο	undetermined	0	1	ἴσμαρον:2S
ισμαρω	undetermined	0	1	ἰσμάρῳ:2S
ισο	L	8	0	ἰσόθεος:1L, ἰσόμορον:1L, ἰσόπεδον:1L, ἰσοφαρίζει:1L, ἰσοφαρίζειν:1L, ἰσοφαρίζεις:1L, ἰσοφαρίζοι:1L, ἰσοφόροι:1L
ισοφαρι	S	0	4	ἰσοφαρίζει:3S, ἰσοφαρίζειν:3S, ἰσοφαρίζεις:3S, ἰσοφαρίζοι:3S
ισταμα	undetermined	0	1	ἵσταμαι:2S
ισταμε	S	0	6	ἱστάμεναι:2S, ἱσταμένη:2S, ἱστάμενοι:2S, ἱσταμένοιο:2S, ἱστάμενος:2S, ἱσταμένῳ:2S
ιστασα	undetermined	0	1	ἵστασαν:2S
ιστασο	undetermined	0	1	ἵστασο:2S
ιστατα	undetermined	0	1	ἵσταται:2S
ιστατο	undetermined	0	1	ἵστατο:2S
ιστιη	undetermined	1	0	ἱστίη:2L
ισχανα	S	0	4	ἰσχανάᾳ:2S, ἰσχανάᾳς:2S, ἰσχαναάσθω:2S, ἰσχανάασκον:2S
ισχανε	S	0	3	ἴσχανε:2S, ἰσχάνει:2S, ἰσχανέτην:2S
ισω	undetermined	1	0	ἰσωσαίμην:1L
ιτε	undetermined	1	0	ἰτέαι:1L
ιτη	undetermined	0	1	ἴτην:1S
ιτυ	undetermined	1	2	ἴτυλον:1S, ἰτυμονῆα:1L, ἴτυν:1S
ιτυλο	undetermined	0	1	ἴτυλον:2S
ιτυμο	undetermined	0	1	ἰτυμονῆα:2S
ιτω	undetermined	1	1	ἴτω:1S, ἴτωνα:1L
ιυ	L	3	0	ἰυγμῷ:1L, ἰΰζοντες:1L, ἰύζουσιν:1L
ιφε	undetermined	1	0	ἰφέα:1L
ιφθιμα	undetermined	1	0	ἴφθιμα:2L
ιφθιμη	L	3	0	ἰφθίμη:2L, ἰφθίμῃ:2L, ἰφθίμην:2L
ιφθιμο	L	8	0	ἴφθιμοι:2L, ἰφθίμοιο:2L, ἰφθίμοισι:2L, ἰφθίμοισιν:2L, ἴφθιμον:2L, ἴφθιμος:2L, ἰφθίμου:2L, ἰφθίμους:2L
ιφθιμω	undetermined	2	0	ἰφθίμῳ:2L, ἰφθίμων:2L
ιφι	L	15	0	ἴφια:1L, ἰφιδάμαντι:1L, ἰφιδάμας:1L, ἰφικληείη:1L, ἰφικληείης:1L, ἰφίκλοιο:1L, ἴφικλον:1L, ἰφίκλου:1L
ιφιδα	undetermined	0	2	ἰφιδάμαντι:2S, ἰφιδάμας:2S
ιφιδαμα	undetermined	0	2	ἰφιδάμαντι:3S, ἰφιδάμας:3S
ιφιμε	undetermined	0	1	ἰφιμέδειαν:2S
ιφιτι	undetermined	0	2	ἰφιτίδην:2S, ἰφιτίωνα:2S
ιφιτιδη	undetermined	0	1	ἰφιτίδην:3S
ιφιτο	undetermined	1	2	ἴφιτον:2S, ἴφιτος:2S, ἰφίτου:2L
ιχθυσι	undetermined	0	2	ἰχθύσι:2S, ἰχθύσιν:2S
ιχω	undetermined	2	0	ἰχῶ:1L, ἰχώρ:1L
ιω	L	3	0	ἰῷ:1L, ἰῶν:1L, ἰωχμόν:1L
καββαλε	undetermined	0	2	κάββαλε:2S, κάββαλεν:2S
καβη	undetermined	0	1	καβησόθεν:1S
καγκανα	undetermined	0	1	κάγκανα:2S
καδδραθε	undetermined	0	1	καδδραθέτην:2S
καθα	S	0	11	καθαίρειν:1S, καθαιρήσουσι:1S, κάθαιρον:1S, καθαλλομένη:1S, καθάπαξ:1S, καθάπτεσθαι:1S, καθάπτετο:1S, καθαπτόμενοι:1S
καθαπα	undetermined	0	1	καθάπαξ:2S
καθαρα	undetermined	0	1	καθαρά:2S
καθαρω	undetermined	0	1	καθαρῷ:2S
καθε	S	0	18	καθέζετʼ:1S, καθέζετο:1S, καθεζομένη:1S, καθεζόμενοι:1S, καθεζόμενος:1S, καθεζομένω:1S, καθεζώμεσθα:1S, καθείλομεν:1S
καθη	S	0	14	καθήατο:1S, καθήμεναι:1S, καθήμενοι:1S, καθήμενον:1S, καθήμενος:1S, καθημένω:1S, καθῆραι:1S, κάθηραν:1S
καθηατο	undetermined	0	1	καθήατο:3S
καθηρατε	undetermined	0	1	καθήρατε:3S
καθι	S	0	19	καθίδρυε:1S, καθίετε:1S, κάθιζʼ:1S, καθίζανον:1S, καθῖζε:1S, καθίζει:1S, καθίζειν:1S, καθῖζεν:1S
καθιε	undetermined	1	0	καθίετε:2L
καθιζανο	undetermined	0	1	καθίζανον:3S
καθικε	undetermined	2	0	καθίκεο:2L, καθίκετο:2L
καθισα	undetermined	0	2	κάθισαν:2S, καθίσασα:2S
καθισασα	undetermined	1	0	καθίσασα:3L
καθισο	undetermined	0	1	κάθισον:2S
καθο	undetermined	0	2	καθορώμενος:1S, καθορῶν:1S
καθυ	S	0	3	καθύπερθʼ:1S, καθύπερθε:1S, καθύπερθεν:1S
καθυπε	S	0	3	καθύπερθʼ:2S, καθύπερθε:2S, καθύπερθεν:2S
καινειδαο	undetermined	1	0	καινεΐδαο:4L
κακα	S	0	3	κακά:1S, κακαί:1S, κακάς:1S
κακη	S	0	7	κακή:1S, κακῇ:1S, κακήν:1S, κακῆς:1S, κακῇς:1S, κακῇσι:1S, κακῇσιν:1S
κακι	S	0	6	κακιζόμενον:1S, κάκιον:1S, κακίους:1S, κάκιστον:1S, κάκιστος:1S, κακίων:1S
κακο	S	0	24	κακοείμονας:1S, κακοεργίης:1S, κακοεργός:1S, κακοί:1S, κακοΐλιον:1S, κακοῖο:1S, κακοῖς:1S, κακοῖσι:1S
κακοεργιη	undetermined	1	0	κακοεργίης:4L
κακοιλι	undetermined	1	0	κακοΐλιον:3L
κακομηχανε	undetermined	0	1	κακομήχανε:4S
κακομηχανο	undetermined	0	1	κακομηχάνου:4S
κακορραφι	S	0	3	κακορραφίῃ:3S, κακορραφίης:3S, κακορραφίῃσι:3S
κακοφραδε	undetermined	0	1	κακοφραδές:3S
κακτανε	undetermined	0	1	κάκτανε:2S
κακω	S	0	6	κακῷ:1S, κακῶν:1S, κακῶς:1S, κακῶσαι:1S, κακώτερον:1S, κακώτερος:1S
καλα	undetermined	3	2	καλά:1L, καλαί:1L, καλάμην:1S, καλάς:1L, καλαύροπα:1S
καλαμη	undetermined	0	1	καλάμην:2S
καλε	S	0	29	κάλει:1S, καλεῖ:1S, κάλεον:1S, καλέσαντα:1S, καλέσαντες:1S, καλέσαντο:1S, καλέσας:1S, καλέσασʼ:1S
καλεσασα	undetermined	1	0	καλέσασα:3L
καλεσσαμε	S	0	3	καλεσσαμένη:3S, καλεσσάμενος:3S, καλεσσαμένω:3S
καλεσσατο	undetermined	0	1	καλέσσατο:3S
καλη	undetermined	6	4	καλή:1L, καλῇ:1L, καλήμεναι:1S, καλήν:1L, καλῆς:1L, καλῇσι:1L, καλῇσιν:1L, καλήσιον:1S
καλητοριδη	undetermined	0	1	καλητορίδην:4S
καλλιανα	undetermined	0	1	καλλιάνασσα:3S
καλλιανε	undetermined	0	1	καλλιάνειρα:3S
καλλιαρο	undetermined	0	1	καλλίαρον:3S
καλλιγυ	undetermined	0	1	καλλιγύναικα:2S
καλλιγυνα	undetermined	0	1	καλλιγύναικα:3S
καλλικο	S	0	3	καλλικολώνῃ:2S, καλλικολώνης:2S, καλλικόμοιο:2S
καλλιμα	undetermined	0	1	κάλλιμα:2S
καλλιμο	undetermined	0	2	κάλλιμον:2S, κάλλιμος:2S
καλλιπα	S	0	3	καλλιπάρῃον:2S, καλλιπάρῃος:2S, καλλιπαρῄῳ:2S
καλλιπαρη	S	0	3	καλλιπάρῃον:3S, καλλιπάρῃος:3S, καλλιπαρῄῳ:3S
καλλιπε	undetermined	0	2	κάλλιπεν:2S, κάλλιπες:2S
καλλιπλοκαμο	undetermined	0	2	καλλιπλοκάμοιο:4S, καλλιπλοκάμου:4S
καλλιπλοκαμω	undetermined	0	1	καλλιπλοκάμῳ:4S
καλλιπο	undetermined	0	1	κάλλιπον:2S
καλλισφυρο	S	0	3	καλλίσφυρον:3S, καλλίσφυρος:3S, καλλισφύρου:3S
καλλιτριχα	undetermined	0	2	καλλίτριχα:3S, καλλίτριχας:3S
καλλιτριχε	undetermined	0	2	καλλίτριχε:3S, καλλίτριχες:3S
καλλιτριχο	undetermined	0	1	καλλίτριχος:3S
καλλιχο	undetermined	0	1	καλλιχόρου:2S
καλο	undetermined	6	1	καλοί:1L, καλοῖς:1L, καλόν:1L, καλός:1L, καλοῦ:1L, κάλους:1S, καλούς:1L
καλυ	S	0	26	καλύδνας:1S, καλυδῶνα:1S, καλυδῶνι:1S, καλυδῶνος:1S, κάλυκας:1S, κάλυμμʼ:1S, κάλυπτε:1S, καλύπτει:1S
καλυδω	S	0	3	καλυδῶνα:2S, καλυδῶνι:2S, καλυδῶνος:2S
καλυκα	undetermined	0	1	κάλυκας:2S
καλυψαμε	S	0	3	καλυψαμένη:3S, καλυψάμενοι:3S, καλυψάμενος:3S
καλυψατο	undetermined	0	1	καλύψατο:3S
καλω	L	3	0	καλώ:1L, καλῷ:1L, καλῶς:1L
καμα	S	0	5	κάμαξι:1S, καμάτοιο:1S, κάματον:1S, κάματος:1S, καμάτῳ:1S
καματο	S	0	3	καμάτοιο:2S, κάματον:2S, κάματος:2S
καματω	undetermined	0	1	καμάτῳ:2S
καμε	S	0	6	κάμε:1S, κάμειρον:1S, καμεῖται:1S, κάμεν:1S, καμέτην:1S, κάμετον:1S
καμη	undetermined	0	1	κάμῃσι:1S
καμο	S	0	7	κάμοιεν:1S, κάμοιτε:1S, καμόμεσθα:1S, κάμον:1S, καμόντα:1S, καμόντας:1S, καμόντων:1S
καμπυλα	undetermined	0	1	καμπύλα:2S
καμπυλο	undetermined	0	1	καμπύλον:2S
καμω	undetermined	0	2	κάμω:1S, κάμωσιν:1S
κανα	S	0	4	καναχή:1S, καναχήν:1S, κανάχησε:1S, κανάχιζε:1S
καναχη	S	0	3	καναχή:2S, καναχήν:2S, κανάχησε:2S
καναχι	undetermined	0	1	κανάχιζε:2S
κανο	undetermined	0	2	κανόνας:1S, κανόνεσσʼ:1S
κανω	undetermined	0	1	κανών:1S
καπα	S	0	4	καπανηϊάδη:1S, καπανήϊον:1S, καπανήϊος:1S, καπανῆος:1S
καπανη	S	0	4	καπανηϊάδη:2S, καπανήϊον:2S, καπανήϊος:2S, καπανῆος:2S
καπανηιαδη	undetermined	0	1	καπανηϊάδη:5S
καπε	undetermined	0	2	καπέτοιο:1S, κάπετον:1S
καπη	undetermined	0	1	κάπῃσιν:1S
καπυ	undetermined	0	1	κάπυν:1S
καρδαμυ	undetermined	0	1	καρδαμύλην:2S
καρδαμυλη	undetermined	0	1	καρδαμύλην:3S
καρη	S	0	10	κάρη:1S, καρήαθʼ:1S, καρήατα:1S, καρήατι:1S, καρήατος:1S, κάρηνα:1S, καρήνων:1S, κάρησος:1S
καρηατα	undetermined	0	1	καρήατα:3S
καρηατι	undetermined	0	1	καρήατι:3S
καρηατο	undetermined	0	1	καρήατος:3S
καρο	undetermined	0	1	καρός:1S
καρπαλι	undetermined	0	2	καρπαλίμοισι:2S, καρπαλίμως:2S
καρπαλιμο	undetermined	0	1	καρπαλίμοισι:3S
καρπαλιμω	undetermined	0	1	καρπαλίμως:3S
καρτεροθυμε	undetermined	1	0	καρτερόθυμε:4L
καρτεροθυμο	undetermined	1	0	καρτερόθυμον:4L
καρτεροθυμω	undetermined	1	0	καρτεροθύμων:4L
καρυ	undetermined	0	1	κάρυστον:1S
καρχαρο	undetermined	0	2	καρχαρόδοντε:2S, καρχαροδόντων:2S
καρω	undetermined	1	0	καρῶν:1L
κασι	S	0	17	κασίγνηται:1S, κασίγνητε:1S, κασιγνήτη:1S, κασιγνήτην:1S, κασιγνήτῃσι:1S, κασιγνήτῃσιν:1S, κασίγνητοι:1S, κασιγνήτοιο:1S
κασσιτε	S	0	4	κασσιτέροιο:2S, κασσίτερον:2S, κασσιτέρου:2S, κασσιτέρῳ:2S
κατα	S	0	161	κάτα:1S, κατά:1S, καταβάς:1S, καταβᾶσα:1S, κατάβηθι:1S, καταβήμεναι:1S, καταβῆναι:1S, καταβήομεν:1S
καταβα	undetermined	0	2	καταβάς:2S, καταβᾶσα:2S
καταβη	S	0	6	κατάβηθι:2S, καταβήμεναι:2S, καταβῆναι:2S, καταβήομεν:2S, καταβήσεο:2S, καταβήσεται:2S
καταγε	undetermined	0	1	κατάγειν:2S
καταγη	undetermined	0	1	καταγηράσκουσιν:2S
καταγι	undetermined	0	1	καταγίνεον:2S
καταγινε	undetermined	1	0	καταγίνεον:3L
καταγο	undetermined	0	1	κατάγοντο:2S
καταγω	undetermined	0	1	κατάγων:2S
καταδα	undetermined	0	2	καταδάπτετʼ:2S, καταδάψαι:2S
καταδε	undetermined	0	1	καταδέρκεται:2S
καταδη	undetermined	0	2	καταδημοβορῆσαι:2S, καταδήσῃ:2S
καταδραθω	undetermined	0	1	καταδράθω:3S
καταδυ	S	0	9	καταδύμεναι:2S, καταδῦναι:2S, καταδύντα:2S, καταδύντες:2S, καταδύντι:2S, καταδύς:2S, καταδῦσα:2S, καταδύσεο:2S
καταδυμε	undetermined	1	0	καταδύμεναι:3L
καταδυσε	undetermined	1	0	καταδύσεο:3L
καταδυσο	undetermined	1	0	καταδυσόμεθʼ:3L
καταεινυσα	undetermined	0	1	καταείνυσαν:4S
καταεισατο	undetermined	0	1	καταείσατο:4S
καταθα	undetermined	0	1	καταθάπτειν:2S
καταθε	S	0	6	καταθεῖναι:2S, καταθείομαι:2S, καταθείομεν:2S, καταθείς:2S, καταθέντε:2S, καταθέσθαι:2S
καταθη	undetermined	0	2	καταθήσει:2S, καταθήσω:2S
καταθυ	undetermined	0	2	καταθύμιον:2S, καταθύμιος:2S
καταθυμι	undetermined	2	0	καταθύμιον:3L, καταθύμιος:3L
καταιβατα	undetermined	0	1	καταιβαταί:3S
καταισχυνε	undetermined	1	0	καταισχύνειν:3L
καταισχυνη	undetermined	1	0	καταισχύνητε:3L
καταισχυνο	undetermined	1	0	καταισχύνοντα:3L
κατακα	undetermined	0	2	κατακαιέμεν:2S, κατακαίριον:2S
κατακε	S	0	7	κατακείαται:2S, κατακείετε:2S, κατακείμενος:2S, κατακείομεν:2S, κατακείρετε:2S, κατακεῖσθαι:2S, κατάκειτʼ:2S
κατακη	undetermined	0	2	κατακῆαι:2S, κατακήομεν:2S
κατακο	S	0	3	κατακοιμηθῆναι:2S, κατακοιμηθήτω:2S, κατακοσμήσησθε:2S
κατακταμε	S	0	3	κατακτάμεν:3S, κατακτάμεναι:3S, κατακτάμενος:3S
κατακτανε	undetermined	0	1	κατάκτανε:3S
κατακτανη	undetermined	0	1	κατακτάνῃ:3S
καταλε	S	0	14	καταλέγμενος:2S, καταλειβομένοιο:2S, καταλείπειν:2S, καταλείψομεν:2S, καταλείψουσιν:2S, κατάλεξαι:2S, καταλέξαι:2S, καταλέξεται:2S
καταλη	undetermined	0	1	καταλήθοντʼ:2S
καταλο	undetermined	1	0	καταλοφάδεια:2L
καταλοφαδε	undetermined	0	1	καταλοφάδεια:4S
καταλυ	undetermined	0	1	καταλύσομεν:2S
καταλυσο	undetermined	1	0	καταλύσομεν:3L
καταμα	undetermined	0	1	καταμάρψῃ:2S
καταμη	undetermined	0	1	καταμήσατο:2S
καταμησατο	undetermined	0	1	καταμήσατο:4S
καταμυ	undetermined	0	1	καταμύξατο:2S
καταμυξατο	undetermined	0	1	καταμύξατο:4S
κατανε	undetermined	1	4	κατάνεται:2L, κατανεῦσαι:2S, κατανεύσομαι:2S, κατάνευσον:2S, κατανεύσω:2S
καταπα	S	0	6	καταπαυέμεν:2S, καταπαύετε:2S, κατάπαυμα:2S, καταπαυσέμεν:2S, καταπαύσῃ:2S, καταπαύσομεν:2S
καταπε	S	0	3	καταπέφνῃ:2S, καταπέφνων:2S, καταπέψῃ:2S
καταπυ	undetermined	0	1	καταπύθεται:2S
καταπυθε	undetermined	1	0	καταπύθεται:3L
καταρι	undetermined	1	0	καταριγηλά:2L
καταριγη	undetermined	1	0	καταριγηλά:3L
καταρω	undetermined	1	0	καταρῶνται:2L
κατατε	undetermined	0	1	κατατεθνήκασι:2S
κατατεθνηκασι	undetermined	1	0	κατατεθνήκασι:5L
κατατεθνηυιη	undetermined	1	0	κατατεθνηυίης:5L
κατατη	undetermined	0	2	κατατήκετʼ:2S, κατατήκομαι:2S
κατατρυχη	undetermined	1	0	κατατρύχῃ:3L
κατατρυχω	undetermined	1	0	κατατρύχω:3L
καταφθιμε	undetermined	0	2	καταφθιμένοιο:3S, καταφθιμένοισιν:3S
καταφθισε	undetermined	1	0	καταφθίσει:3L
καταφυ	undetermined	0	1	καταφυλαδόν:2S
καταφυλα	undetermined	1	0	καταφυλαδόν:3L
καταφυλαδο	undetermined	0	1	καταφυλαδόν:4S
καταχε	undetermined	0	2	καταχεῦαι:2S, καταχεύῃ:2S
κατε	S	0	134	κατέβαινʼ:1S, κατεβαίνομεν:1S, κατέβαλλε:1S, κατέβαν:1S, κατέβην:1S, κατέβησαν:1S, κατεβήσετο:1S, κατεγήρα:1S
κατεαξαμε	undetermined	0	1	κατεάξαμεν:4S
κατεδραθο	undetermined	0	1	κατέδραθον:3S
κατεδυσε	undetermined	2	0	κατεδύσεθʼ:3L, κατεδύσετο:3L
κατειρυσε	undetermined	0	1	κατείρυσεν:3S
κατεκταθε	undetermined	0	1	κατέκταθεν:3S
κατεκτανε	S	0	3	κατέκτανε:3S, κατέκτανεν:3S, κατέκτανες:3S
κατεκτανο	undetermined	0	2	κατεκτάνομεν:3S, κατέκτανον:3S
κατελεξατο	undetermined	0	1	κατελέξατο:4S
κατελυσε	undetermined	1	0	κατέλυσε:3L
κατενηρατο	undetermined	0	1	κατενήρατο:4S
κατερηριπε	undetermined	0	1	κατερήριπεν:4S
κατερυκα	undetermined	1	0	κατερύκανε:3L
κατερυκανε	undetermined	0	1	κατερύκανε:4S
κατερυκε	L	4	0	κατέρυκε:3L, κατερύκει:3L, κατέρυκες:3L, κατερύκεται:3L
κατερυκο	undetermined	1	0	κατερύκομαι:3L
κατερυκω	undetermined	1	0	κατερύκω:3L
κατεσσυτο	undetermined	0	1	κατέσσυτο:3S
κατεστυγε	undetermined	0	1	κατέστυγε:3S
κατεφθιτο	undetermined	0	1	κατέφθιτο:3S
κατη	S	0	22	κατήγαγεν:1S, κατηγαγόμεσθα:1S, κατήγετο:1S, κατήιεν:1S, κατῄκισται:1S, κατῆλθε:1S, κατῆλθεν:1S, κατήλθομεν:1S
κατηγαγε	undetermined	0	1	κατήγαγεν:3S
κατηγαγο	undetermined	0	1	κατηγαγόμεσθα:3S
κατηλυθο	undetermined	0	1	κατήλυθον:3S
κατηριπε	undetermined	0	1	κατήριπε:3S
κατθανε	undetermined	0	1	κάτθανε:2S
κατι	S	0	6	κατίμεν:1S, κατιόντα:1S, κατιοῦσα:1S, κατιοῦσαν:1S, κατίσχει:1S, κατισχέμεναι:1S
κατιμε	undetermined	0	1	κατίμεν:2S
κατο	S	0	3	κατοίσεται:1S, κατόπισθε:1S, κατόπισθεν:1S
κατω	S	0	5	κάτω:1S, κατωμαδίοιο:1S, κατωμαδόν:1S, κατωρυχέεσσʼ:1S, κατωρυχέεσσι:1S
κατωμαδι	undetermined	0	1	κατωμαδίοιο:3S
κατωμαδο	undetermined	0	1	κατωμαδόν:3S
καυματο	undetermined	0	1	καύματος:2S
κεαδαο	undetermined	1	0	κεάδαο:3L
κεβριοναο	undetermined	1	0	κεβριόναο:4L
κεδνοτατο	undetermined	0	2	κεδνότατοι:3S, κεδνότατος:3S
κειατο	undetermined	0	1	κείατο:2S
κεκαδη	undetermined	0	2	κεκαδήσει:2S, κεκαδησόμεθʼ:2S
κεκαδο	undetermined	0	1	κεκάδοντο:2S
κεκαδω	undetermined	0	1	κεκαδών:2S
κεκακω	S	0	3	κεκακωμένοι:2S, κεκακωμένον:2S, κεκακωμένος:2S
κεκαλυ	S	0	6	κεκαλυμμένα:2S, κεκαλυμμέναι:2S, κεκαλυμμένοι:2S, κεκαλυμμένος:2S, κεκάλυπτο:2S, κεκάλυφθʼ:2S
κεκαφη	undetermined	0	1	κεκαφηότα:2S
κεκληατο	undetermined	0	1	κεκλήατο:3S
κεκλιατα	undetermined	0	1	κεκλίαται:3S
κεκλιμε	S	0	5	κεκλιμένη:2S, κεκλιμένοι:2S, κεκλιμένον:2S, κεκλιμένος:2S, κεκλιμένων:2S
κεκλιτο	undetermined	0	1	κέκλιτο:2S
κεκλυθι	undetermined	0	1	κέκλυθι:2S
κεκλυτε	undetermined	0	1	κέκλυτε:2S
κεκονιμε	undetermined	1	0	κεκονιμένοι:3L
κεκονιτο	undetermined	1	0	κεκόνιτο:3L
κεκραα	undetermined	2	0	κεκράανται:2L, κεκράαντο:2L
κεκριμε	S	0	4	κεκριμένη:2S, κεκριμένοι:2S, κεκριμένον:2S, κεκριμένους:2S
κεκρυφα	undetermined	0	1	κεκρύφαλον:2S
κεκρυφαλο	undetermined	0	1	κεκρύφαλον:3S
κεκυθω	undetermined	0	1	κεκύθωσι:2S
κελαδε	S	0	3	κελαδεινή:2S, κελαδεινῆς:2S, κελαδεινόν:2S
κελαδη	undetermined	0	1	κελάδησαν:2S
κελαδο	S	0	4	κέλαδον:2S, κελάδοντʼ:2S, κελάδοντα:2S, κελάδοντι:2S
κελαδω	undetermined	0	1	κελάδων:2S
κελαρυ	S	0	3	κελάρυζε:2S, κελαρύζει:2S, κελάρυζεν:2S
κελσαση	undetermined	1	0	κελσάσῃσι:2L
κεραμε	undetermined	0	1	κεραμεύς:2S
κεραμω	undetermined	0	2	κεράμῳ:2S, κεράμων:2S
κερασα	undetermined	0	1	κεράσασα:2S
κερασασα	undetermined	1	0	κεράσασα:3L
κερασι	undetermined	0	1	κέρασιν:2S
κερασσαμε	undetermined	0	1	κερασσάμενος:3S
κερασσατο	undetermined	0	1	κεράσσατο:3S
κερδοσυνη	undetermined	0	1	κερδοσύνῃ:3S
κεφαλα	undetermined	0	2	κεφαλαί:2S, κεφαλάς:2S
κεφαλε	undetermined	0	1	κεφαλέων:2S
κεφαλη	S	0	7	κεφαλή:2S, κεφαλῇ:2S, κεφαλήν:2S, κεφαλῆς:2S, κεφαλῇσι:2S, κεφαλῆφι:2S, κεφαλῆφιν:2S
κεχαρη	S	0	3	κεχαρηότα:2S, κεχαρησέμεν:2S, κεχαρήσεται:2S
κεχαρι	S	0	4	κεχαρισμένα:2S, κεχαρισμένε:2S, κεχαρισμένος:2S, κεχάριστο:2S
κεχαρο	S	0	3	κεχαροίατο:2S, κεχάροιτο:2S, κεχάροντο:2S
κεχαροιατο	undetermined	0	1	κεχαροίατο:4S
κεχολωατο	undetermined	0	1	κεχολώατο:4S
κεχυτα	undetermined	0	1	κέχυται:2S
κεχυτο	undetermined	0	1	κέχυτο:2S
κηαμε	S	0	3	κηάμενοι:2S, κηάμενος:2S, κηαμένω:2S
κηρεσσιφο	undetermined	0	1	κηρεσσιφορήτους:3S
κηρυκα	undetermined	2	0	κήρυκα:2L, κήρυκας:2L
κηρυκε	L	3	0	κήρυκε:2L, κήρυκες:2L, κηρύκεσσι:2L
κηρυκι	undetermined	1	0	κήρυκι:2L
κηρυκο	undetermined	1	0	κήρυκος:2L
κηρυκω	undetermined	1	0	κηρύκων:2L
κηφισι	undetermined	1	0	κηφισίδι:2L
κηφισιδι	undetermined	0	1	κηφισίδι:3S
κηφισο	undetermined	2	0	κηφισοῖο:2L, κηφισόν:2L
κιδνατα	undetermined	0	1	κίδναται:2S
κιθα	S	0	4	κιθάριζε:1S, κίθαριν:1S, κίθαρις:1S, κιθαριστύν:1S
κιθαρι	S	0	4	κιθάριζε:2S, κίθαριν:2S, κίθαρις:2S, κιθαριστύν:2S
κικο	S	0	4	κίκονας:1S, κίκονες:1S, κικόνεσσι:1S, κικόνων:1S
κιλι	undetermined	0	2	κιλίκεσσʼ:1S, κιλίκων:1S
κιλικε	undetermined	0	1	κιλίκεσσʼ:2S
κιλικω	undetermined	0	1	κιλίκων:2S
κινη	L	8	0	κινηθέντος:1L, κινήθη:1L, κινῆσαι:1L, κινήσαντος:1L, κινήσας:1L, κίνησε:1L, κίνησεν:1L, κινήσῃ:1L
κινυ	undetermined	4	2	κινυμένοιο:1L, κινύμενος:1L, κινυμένων:1L, κίνυντο:1L, κινυρή:1S, κινύρης:1S
κινυμε	S	0	3	κινυμένοιο:2S, κινύμενος:2S, κινυμένων:2S
κινυρη	undetermined	0	2	κινυρή:2S, κινύρης:2S
κιο	L	6	0	κίονʼ:1L, κίονα:1L, κίονας:1L, κίονες:1L, κίονι:1L, κίονος:1L
κισσυβι	undetermined	0	2	κισσύβιον:2S, κισσυβίῳ:2S
κιχα	S	0	9	κίχανε:1S, κιχάνει:1S, κίχανεν:1S, κιχάνεται:1S, κιχάνετε:1S, κιχάνομαι:1S, κιχανόμενοι:1S, κίχανον:1S
κιχανε	L	5	0	κίχανε:2L, κιχάνει:2L, κίχανεν:2L, κιχάνεται:2L, κιχάνετε:2L
κιχανο	L	3	0	κιχάνομαι:2L, κιχανόμενοι:2L, κίχανον:2L
κιχανω	undetermined	1	0	κιχάνω:2L
κιχε	S	0	4	κιχείομεν:1S, κιχείς:1S, κιχείω:1S, κίχεν:1S
κιχη	S	0	11	κιχήμεναι:1S, κιχήμενον:1S, κιχῆναι:1S, κιχήσατο:1S, κιχήσεαι:1S, κιχήσεσθαι:1S, κιχήσεται:1S, κίχῃσι:1S
κιχησατο	undetermined	0	1	κιχήσατο:3S
κιχο	undetermined	0	1	κίχον:1S
κιχω	undetermined	0	1	κιχών:1S
κιω	undetermined	1	0	κίων:1L
κλασε	undetermined	0	1	κλάσε:1S
κλεπτοσυνη	undetermined	0	1	κλεπτοσύνῃ:3S
κληιδε	undetermined	1	0	κληίδεσσιν:2L
κληιδι	undetermined	1	0	κληΐδι:2L
κληισε	undetermined	1	0	κλήϊσεν:2L
κλιθη	undetermined	0	1	κλιθῆναι:1S
κλιμα	undetermined	1	0	κλίμακα:1L
κλιμακα	undetermined	0	1	κλίμακα:2S
κλινα	L	4	0	κλινάμενος:1L, κλίναντες:1L, κλίνας:1L, κλίνασα:1L
κλιναμε	undetermined	0	1	κλινάμενος:2S
κλινασα	undetermined	1	0	κλίνασα:2L
κλινη	undetermined	1	0	κλίνῃσι:1L
κλινω	undetermined	1	0	κλίνων:1L
κλισι	S	0	13	κλισίας:1S, κλισιάων:1S, κλισίῃ:1S, κλισίηθεν:1S, κλισίην:1S, κλισίηνδʼ:1S, κλισίης:1S, κλισίῃς:1S
κλισιαω	undetermined	1	0	κλισιάων:3L
κλιτυ	undetermined	1	0	κλιτῦς:1L
κλυδω	undetermined	0	1	κλύδων:1S
κλυμε	S	0	3	κλυμένη:1S, κλυμένην:1S, κλυμένοιο:1S
κλυτα	S	0	3	κλυτά:1S, κλυταιμνήστρη:1S, κλυταιμνήστρης:1S
κλυτι	S	0	3	κλυτίδην:1S, κλυτίοιο:1S, κλυτίον:1S
κλυτιδη	undetermined	0	1	κλυτίδην:2S
κλυτο	S	0	12	κλυτοεργόν:1S, κλυτομήδεα:1S, κλυτόν:1S, κλυτόνηος:1S, κλυτοπώλῳ:1S, κλυτός:1S, κλυτοτέχνην:1S, κλυτοτέχνης:1S
κλωμακο	undetermined	0	1	κλωμακόεσσαν:2S
κνημαω	undetermined	1	0	κνημάων:2L
κνιση	L	5	0	κνίση:1L, κνίσῃ:1L, κνισῆεν:1L, κνίσην:1L, κνίσης:1L
κνωδαλο	undetermined	0	1	κνώδαλον:2S
κοιμησασα	undetermined	1	0	κοιμήσασα:3L
κοιμησατε	undetermined	0	1	κοιμήσατε:3S
κοιμησατο	undetermined	0	1	κοιμήσατο:3S
κοιρανε	undetermined	0	1	κοίρανε:2S
κοιρανο	S	0	3	κοίρανοι:2S, κοίρανον:2S, κοίρανος:2S
κομιδη	S	0	3	κομιδή:2S, κομιδήν:2S, κομιδῆς:2S
κομισα	undetermined	0	2	κόμισαν:2S, κομίσαντο:2S
κομισε	undetermined	0	2	κόμισε:2S, κόμισεν:2S
κομισσατο	undetermined	0	1	κομίσσατο:3S
κοναβη	undetermined	0	2	κονάβησαν:2S, κονάβησε:2S
κοναβι	undetermined	0	2	κονάβιζε:2S, κονάβιζεν:2S
κοναβο	undetermined	0	1	κόναβος:2S
κονιη	L	3	0	κονίη:2L, κονίῃ:2L, κονίης:2L
κονιο	undetermined	1	0	κονίοντες:2L
κονισα	undetermined	2	0	κονίσαλος:2L, κονισάλῳ:2L
κονισαλο	undetermined	0	1	κονίσαλος:3S
κονισαλω	undetermined	0	1	κονισάλῳ:3S
κονισο	undetermined	1	0	κονίσουσιν:2L
κορακο	undetermined	0	1	κόρακος:2S
κορεσαιατο	undetermined	0	1	κορεσαίατο:4S
κορεσσαμε	undetermined	0	2	κορεσσάμεθα:3S, κορεσσάμενος:3S
κορεσσατο	undetermined	0	1	κορέσσατο:3S
κορησατε	undetermined	0	1	κορήσατε:3S
κορυθα	S	0	4	κόρυθα:2S, κορυθάϊκι:2S, κορυθαίολος:2S, κόρυθας:2S
κορυθαι	undetermined	1	0	κορυθάϊκι:3L
κορυθαικι	undetermined	1	0	κορυθάϊκι:4L
κορυθε	undetermined	0	2	κόρυθες:2S, κορύθεσσι:2S
κορυθι	undetermined	0	1	κόρυθι:2S
κορυθο	undetermined	0	1	κόρυθος:2S
κορυθω	undetermined	0	1	κορύθων:2S
κορυνη	S	0	4	κορύνη:2S, κορύνῃ:2S, κορυνήτην:2S, κορυνήτης:2S
κορυσσαμε	undetermined	0	1	κορυσσάμενος:3S
κορυφα	undetermined	0	2	κορυφαί:2S, κορυφάς:2S
κορυφη	S	0	6	κορυφῇ:2S, κορυφήν:2S, κορυφῆς:2S, κορυφῇς:2S, κορυφῇσι:2S, κορυφῇσιν:2S
κορυφο	undetermined	0	1	κορυφοῦται:2S
κορωνισι	undetermined	0	2	κορωνίσι:3S, κορωνίσιν:3S
κοσμησαμε	undetermined	0	1	κοσμησάμενος:3S
κοτεσσαμε	undetermined	0	2	κοτεσσαμένη:3S, κοτεσσάμενος:3S
κοτεσσατο	undetermined	0	1	κοτέσσατο:3S
κοτυλη	S	0	3	κοτυληδονόφιν:2S, κοτύλην:2S, κοτυλήρυτον:2S
κοτυληρυτο	undetermined	0	1	κοτυλήρυτον:4S
κουραω	undetermined	1	0	κουράων:2L
κουριδι	S	0	7	κουριδίῃ:2S, κουριδίην:2S, κουριδίης:2S, κουριδίοιο:2S, κουρίδιον:2S, κουριδίου:2S, κουριδίῳ:2S
κοψατο	undetermined	0	1	κόψατο:2S
κραα	L	3	0	κράατα:1L, κράατι:1L, κράατος:1L
κραατα	undetermined	0	1	κράατα:2S
κραατι	undetermined	0	1	κράατι:2S
κραατο	undetermined	0	1	κράατος:2S
κραδα	undetermined	0	2	κραδαινόμενον:1S, κραδάων:1S
κραδι	S	0	4	κραδίη:1S, κραδίῃ:1S, κραδίην:1S, κραδίης:1S
κρανα	S	0	3	κραναῇ:1S, κραναήν:1S, κραναῆς:1S
κρανι	undetermined	1	0	κρανίῳ:1L
κρασι	undetermined	1	0	κρασίν:1L
κρατα	S	0	8	κραταιγύαλοι:1S, κραταιή:1S, κράταιιν:1S, κραταιίς:1S, κραταιός:1S, κραταιοῦ:1S, κραταίπεδον:1S, κραταιώ:1S
κραταιγυαλο	undetermined	0	1	κραταιγύαλοι:4S
κρατε	S	0	24	κρατέρʼ:1S, κρατεραί:1S, κρατεράς:1S, κρατερή:1S, κρατερῇ:1S, κρατερήν:1S, κρατερῆς:1S, κρατερῇσι:1S
κρατερωνυχα	undetermined	0	1	κρατερώνυχας:4S
κρατερωνυχε	undetermined	0	1	κρατερώνυχες:4S
κρατευταω	undetermined	1	0	κρατευτάων:3L
κρατι	undetermined	1	0	κρατί:1L
κρατο	undetermined	1	1	κράτος:1S, κρατός:1L
κρατυ	undetermined	0	1	κρατύς:1S
κρατω	undetermined	1	0	κράτων:1L
κρεμασα	undetermined	0	1	κρεμάσαντες:2S
κρεμασε	undetermined	0	1	κρέμασεν:2S
κρηταω	undetermined	1	0	κρητάων:2L
κριε	undetermined	1	0	κριέ:1L
κριθα	undetermined	2	0	κριθαί:1L, κριθάς:1L
κριθω	undetermined	1	0	κριθῶν:1L
κρικε	undetermined	0	1	κρίκε:1S
κρικο	undetermined	0	1	κρίκον:1S
κρινα	L	4	0	κρινάμενος:1L, κρίνας:1L, κρίνασθαι:1L, κρινάσθων:1L
κριναμε	undetermined	0	1	κρινάμενος:2S
κρινη	undetermined	2	0	κρίνῃ:1L, κρίνηται:1L
κρινο	L	3	0	κρίνοιμι:1L, κρίνονται:1L, κρίνοντες:1L
κρινω	L	3	0	κρινώμεθʼ:1L, κρίνων:1L, κρίνωσι:1L
κριτο	undetermined	0	2	κριτοί:1S, κριτός:1S
κροκυλε	undetermined	0	1	κροκύλειʼ:2S
κρονιδη	S	0	4	κρονίδη:2S, κρονίδῃ:2S, κρονίδην:2S, κρονίδης:2S
κρονιο	undetermined	1	0	κρονίονος:2L
κρονιω	undetermined	2	0	κρονίων:2L, κρονίων—ἠθελε:2L
κροσσαω	undetermined	1	0	κροσσάων:2L
κροταλι	undetermined	0	1	κροτάλιζον:2S
κροταφο	S	0	5	κροτάφοιο:2S, κροτάφοις:2S, κροτάφοισι:2S, κροτάφοισιν:2S, κρόταφον:2S
κρυπταδι	undetermined	0	1	κρυπταδίῃ:2S
κταμε	S	0	8	κτάμεναι:1S, κταμένης:1S, κταμένοιο:1S, κταμένοισι:1S, κταμένοισιν:1S, κτάμενον:1S, κταμένῳ:1S, κταμένων:1S
κτανε	undetermined	0	1	κτάνε:1S
κτανο	undetermined	0	1	κτάνον:1S
κτεινασα	undetermined	1	0	κτείνασα:2L
κτερισα	undetermined	0	1	κτερίσαιεν:2S
κτερισε	undetermined	0	1	κτερίσειεν:2S
κτημασι	undetermined	0	2	κτήμασι:2S, κτήμασιν:2S
κτηματα	undetermined	0	1	κτήματα:2S
κτησατο	undetermined	0	1	κτήσατο:2S
κτιλο	undetermined	0	2	κτίλον:1S, κτίλος:1S
κτιμε	undetermined	0	1	κτιμένῃ:1S
κτυπε	undetermined	0	1	κτύπε:1S
κτυπο	S	0	3	κτύπον:1S, κτύπος:1S, κτύπου:1S
κυα	L	11	0	κυάνεαι:1L, κυανέη:1L, κυανέῃ:1L, κυανέην:1L, κυανέῃσιν:1L, κυάνεοι:1L, κυάνεον:1L, κυανόπεζαν:1L
κυαμο	undetermined	0	1	κύαμοι:2S
κυανο	S	0	6	κυάνοιο:2S, κυανόπεζαν:2S, κυανοπρῴροιο:2S, κυανοχαῖτα:2S, κυανοχαίτῃ:2S, κυανοχαίτης:2S
κυανω	undetermined	0	1	κυανώπιδος:2S
κυανωπιδο	undetermined	0	1	κυανώπιδος:4S
κυβε	S	0	7	κυβερνῆθʼ:1S, κυβερνῆσαι:1S, κυβερνῆται:1S, κυβερνήτεω:1S, κυβερνήτην:1S, κυβερνητῆρες:1S, κυβερνήτης:1S
κυβι	S	0	3	κυβιστητῆρε:1S, κυβιστητῆρες:1S, κυβίστων:1S
κυδα	L	10	0	κύδαινε:1L, κύδαινον:1L, κυδαίνων:1L, κυδαλίμοιο:1L, κυδαλίμοισι:1L, κυδαλίμοισιν:1L, κυδάλιμον:1L, κυδαλίμω:1L
κυδαλι	S	0	5	κυδαλίμοιο:2S, κυδαλίμοισι:2S, κυδαλίμοισιν:2S, κυδάλιμον:2S, κυδαλίμω:2S
κυδαλιμο	S	0	4	κυδαλίμοιο:3S, κυδαλίμοισι:3S, κυδαλίμοισιν:3S, κυδάλιμον:3S
κυδαλιμω	undetermined	0	1	κυδαλίμω:3S
κυδανε	undetermined	0	1	κυδάνει:2S
κυδανο	undetermined	0	1	κύδανον:2S
κυδε	undetermined	1	0	κύδεϊ:1L
κυδη	undetermined	2	0	κυδῆναι:1L, κύδηνεν:1L
κυδι	L	5	0	κυδιάνειραν:1L, κυδιανείρῃ:1L, κυδιόων:1L, κύδιστε:1L, κυδίστη:1L
κυδιανε	undetermined	0	2	κυδιάνειραν:3S, κυδιανείρῃ:3S
κυδο	S	0	5	κυδοίμεον:1S, κυδοιμήσων:1S, κυδοιμόν:1S, κυδοιμός:1S, κυδοιμοῦ:1S
κυδω	undetermined	0	1	κύδωνες:1S
κυθε	S	0	3	κύθε:1S, κυθέρεια:1S, κυθερείης:1S
κυθη	S	0	5	κυθήριον:1S, κυθηρίῳ:1S, κυθηρόθεν:1S, κυθήροισι:1S, κυθήρων:1S
κυκε	undetermined	0	1	κυκειῶ:1S
κυκη	S	0	3	κυκήθησαν:1S, κυκηθήτην:1S, κύκησε:1S
κυκω	S	0	3	κυκωμένη:1S, κυκώμενον:1S, κυκώμενος:1S
κυλι	S	0	11	κυλίνδει:1S, κυλίνδεσθαι:1S, κυλίνδεται:1S, κυλίνδετο:1S, κυλινδόμενα:1S, κυλινδομένη:1S, κυλινδομένην:1S, κυλινδόμενος:1S
κυλλοποδιο	undetermined	1	0	κυλλοπόδιον:4L
κυλλοποδιω	undetermined	1	0	κυλλοποδίων:4L
κυμα	L	8	0	κύμαθʼ:1L, κυμαίνοντα:1L, κύμασι:1L, κύμασιν:1L, κύματʼ:1L, κύματα:1L, κύματι:1L, κύματος:1L
κυμασι	undetermined	0	2	κύμασι:2S, κύμασιν:2S
κυματα	undetermined	0	1	κύματα:2S
κυματι	undetermined	0	1	κύματι:2S
κυματο	undetermined	0	1	κύματος:2S
κυμβαχο	undetermined	0	2	κύμβαχον:2S, κύμβαχος:2S
κυμι	undetermined	0	1	κύμινδιν:1S
κυμο	undetermined	2	0	κυμοδόκη:1L, κυμοθόη:1L
κυνα	S	0	3	κύνα:1S, κυνάμυια:1S, κύνας:1S
κυναμυ	undetermined	0	1	κυνάμυια:2S
κυνε	S	0	5	κύνε:1S, κύνει:1S, κύνες:1S, κύνεσσι:1S, κύνεσσιν:1S
κυνη	undetermined	0	1	κυνηγέται:1S
κυνο	undetermined	0	1	κυνός:1S
κυντατο	undetermined	0	1	κύντατον:2S
κυνω	S	0	4	κυνῶν:1S, κυνῶπα:1S, κυνώπιδος:1S, κυνῶπις:1S
κυνωπιδο	undetermined	0	1	κυνώπιδος:3S
κυπα	S	0	4	κυπαρισσήεντα:1S, κυπαρισσίνῳ:1S, κυπάρισσον:1S, κυπάρισσος:1S
κυπαρι	S	0	4	κυπαρισσήεντα:2S, κυπαρισσίνῳ:2S, κυπάρισσον:2S, κυπάρισσος:2S
κυπαρισσινω	undetermined	0	1	κυπαρισσίνῳ:4S
κυπε	S	0	4	κύπειρον:1S, κύπελλα:1S, κυπέλλοις:1S, κύπελλον:1S
κυπριδα	undetermined	0	1	κύπριδα:2S
κυρε	undetermined	1	0	κύρεται:1L
κυσα	undetermined	0	1	κύσα:1S
κυσε	S	0	3	κύσε:1S, κύσειε:1S, κύσεν:1S
κυσι	undetermined	0	2	κυσί:1S, κυσίν:1S
κυτω	undetermined	0	1	κύτωρον:1S
κυφο	undetermined	0	1	κύφου:1S
κωκυσε	undetermined	1	0	κώκυσεν:2L
κωκυτο	undetermined	2	0	κώκυτος:2L, κωκυτοῦ:2L
κωκυτω	undetermined	1	0	κωκυτῷ:2L
κωρυκω	undetermined	0	1	κωρύκῳ:2S
λαβε	S	0	6	λάβε:1S, λαβέ:1S, λάβεν:1S, λαβέτην:1S, λάβετον:1S, λαβέτω:1S
λαβη	S	0	4	λάβῃ:1S, λάβῃσι:1S, λάβῃσιν:1S, λάβητε:1S
λαβο	S	0	6	λάβοι:1S, λάβοιμεν:1S, λάβοιμι:1S, λάβον:1S, λαβόντες:1S, λαβοῦσα:1S
λαβραγο	undetermined	0	1	λαβραγόρην:2S
λαβροτατο	undetermined	0	1	λαβρότατον:3S
λαβω	undetermined	0	2	λάβωμεν:1S, λαβών:1S
λαγχανο	undetermined	0	1	λάγχανον:2S
λαγω	undetermined	0	2	λαγωόν:1S, λαγωούς:1S
λαε	L	12	0	λαέρκεα:1L, λαέρκεος:1L, λαέρταο:1L, λαέρτεω:1L, λαέρτῃ:1L, λαέρτην:1L, λαέρτης:1L, λαερτιάδεω:1L
λαερταο	undetermined	1	0	λαέρταο:3L
λαερτιαδε	undetermined	0	1	λαερτιάδεω:4S
λαερτιαδη	S	0	3	λαερτιάδη:4S, λαερτιάδην:4S, λαερτιάδης:4S
λαζοιατο	undetermined	0	1	λαζοίατο:3S
λαθε	S	0	5	λάθε:1S, λάθεν:1S, λαθέσθαι:1S, λάθετʼ:1S, λαθέτην:1S
λαθη	undetermined	0	2	λάθῃσι:1S, λάθηται:1S
λαθι	undetermined	0	1	λαθικηδέα:1S
λαθικη	undetermined	0	1	λαθικηδέα:2S
λαθο	S	0	4	λάθοι:1S, λαθοίατο:1S, λάθον:1S, λάθοντο:1S
λαθοιατο	undetermined	0	1	λαθοίατο:3S
λαθω	S	0	3	λάθωμαι:1S, λαθών:1S, λάθωνται:1S
λαι	L	7	0	λάιγγας:1L, λάιγγες:1L, λαΐνεοι:1L, λάϊνοι:1L, λάινον:1L, λάϊνον:1L, λάϊνος:1L
λαιλαπα	undetermined	0	1	λαίλαπα:2S
λαιλαπι	undetermined	0	1	λαίλαπι:2S
λαινο	S	0	4	λάϊνοι:2S, λάινον:2S, λάϊνον:2S, λάϊνος:2S
λαιστρυγο	L	3	0	λαιστρυγόνες:2L, λαιστρυγονίην:2L, λαιστρυγόνος:2L
λακε	S	0	4	λάκε:1S, λακεδαίμονα:1S, λακεδαίμονι:1S, λακεδαίμονος:1S
λαμο	undetermined	0	1	λάμου:1S
λαμπετιδη	undetermined	0	1	λαμπετίδης:3S
λαμπομεναω	undetermined	1	0	λαμπομενάων:4L
λαμπροτατο	undetermined	0	1	λαμπρότατος:3S
λανθανο	undetermined	0	1	λανθανόμην:2S
λαο	L	27	0	λαόγονον:1L, λαοδάμα:1L, λαοδάμαντα:1L, λαοδάμαντος:1L, λαοδάμας:1L, λαοδάμειαν:1L, λαοδαμείῃ:1L, λαοδίκην:1L
λαοδαμα	S	0	4	λαοδάμα:3S, λαοδάμαντα:3S, λαοδάμαντος:3S, λαοδάμας:3S
λαοδαμε	undetermined	0	2	λαοδάμειαν:3S, λαοδαμείῃ:3S
λαοδικη	undetermined	0	1	λαοδίκην:3S
λαομεδοντιαδη	undetermined	0	2	λαομεδοντιάδη:6S, λαομεδοντιάδης:6S
λαπα	undetermined	0	2	λαπάρην:1S, λαπάρης:1S
λαπαρη	undetermined	0	2	λαπάρην:2S, λαπάρης:2S
λαπι	S	0	3	λαπίθαι:1S, λαπίθας:1S, λαπιθάων:1S
λαπιθα	S	0	3	λαπίθαι:2S, λαπίθας:2S, λαπιθάων:2S
λαπιθαω	undetermined	1	0	λαπιθάων:3L
λαρι	undetermined	1	0	λάρισαν:1L
λαρισα	undetermined	1	0	λάρισαν:2L
λαρο	undetermined	1	0	λαρόν:1L
λαρω	undetermined	1	0	λαρώτατος:1L
λαρωτατο	undetermined	0	1	λαρώτατος:3S
λασι	S	0	4	λασίην:1S, λασίοισι:1S, λάσιον:1S, λάσιος:1S
λαυκανι	undetermined	0	2	λαυκανίην:2S, λαυκανίης:2S
λαφυ	undetermined	0	2	λαφύσσει:1S, λαφύσσετον:1S
λαχε	S	0	3	λάχε:1S, λάχεια:1S, λάχεν:1S
λαχη	undetermined	0	2	λάχῃ:1S, λάχῃσιν:1S
λαχο	S	0	3	λάχομεν:1S, λάχον:1S, λαχόντα:1S
λαχω	undetermined	0	1	λαχών:1S
λαω	L	3	0	λαῷ:1L, λάων:1L, λαῶν:1L
λειωκριτο	undetermined	0	2	λειώκριτον:3S, λειώκριτος:3S
λελαβε	undetermined	0	1	λελαβέσθαι:2S
λελαθε	undetermined	0	2	λελαθέσθʼ:2S, λελαθέσθω:2S
λελαθη	undetermined	0	1	λελάθῃ:2S
λελαθο	undetermined	0	1	λελάθοντο:2S
λελακυ	undetermined	0	1	λελακυῖα:2S
λελαχη	undetermined	0	1	λελάχητε:2S
λελαχω	undetermined	0	1	λελάχωσι:2S
λελογχασι	undetermined	0	1	λελόγχασιν:3S
λελυτα	undetermined	0	1	λέλυται:2S
λεξατο	undetermined	0	1	λέξατο:2S
λεπτοτατη	undetermined	0	1	λεπτοτάτη:3S
λεπτοτατο	undetermined	0	1	λεπτότατος:3S
λεσβιδα	undetermined	0	1	λεσβίδας:2S
λευκαδα	undetermined	0	1	λευκάδα:2S
λευκασπιδα	undetermined	0	1	λευκάσπιδα:3S
ληθανε	undetermined	0	1	ληθάνει:2S
ληιαδα	undetermined	0	1	ληϊάδας:3S
ληιβο	undetermined	0	1	ληϊβοτείρης:2S
ληιδα	undetermined	0	1	ληΐδα:2S
ληιδο	undetermined	0	2	ληΐδος:2S, ληίδος:2S
ληισσατο	undetermined	0	2	ληΐσσατο:3S, ληίσσατο:3S
ληιτο	undetermined	0	2	λήϊτον:2S, λήϊτος:2S
λιαρο	undetermined	0	1	λιαρόν:2S
λιαρω	undetermined	0	1	λιαρῷ:2S
λιβυ	undetermined	0	1	λιβύην:1S
λιγα	undetermined	0	1	λίγα:1S
λιγυ	S	0	7	λιγύ:1S, λιγύν:1S, λιγυρῇ:1S, λιγυρήν:1S, λιγυρῇσι:1S, λιγύς:1S, λιγυφθόγγοισι:1S
λιγυρη	S	0	3	λιγυρῇ:2S, λιγυρήν:2S, λιγυρῇσι:2S
λιη	undetermined	1	0	λίην:1L
λιθα	S	0	3	λιθάδεσσι:1S, λιθάδεσσιν:1S, λίθακι:1S
λιθαδε	undetermined	0	2	λιθάδεσσι:2S, λιθάδεσσιν:2S
λιθακι	undetermined	0	1	λίθακι:2S
λιθο	S	0	9	λίθοι:1S, λίθοιο:1S, λίθοις:1S, λίθοισι:1S, λίθοισιν:1S, λίθον:1S, λίθος:1S, λίθου:1S
λιθω	undetermined	0	1	λίθῳ:1S
λικριφι	undetermined	0	1	λικριφίς:2S
λικυ	undetermined	0	1	λικύμνιον:1S
λιλα	S	0	9	λίλαιαν:1S, λιλαίεαι:1S, λιλαίεο:1S, λιλαίεται:1S, λιλαίετο:1S, λιλαίομαι:1S, λιλαιομένη:1S, λιλαιόμενοι:1S
λιμε	S	0	8	λιμένʼ:1S, λιμένα:1S, λιμένας:1S, λιμένες:1S, λιμένεσσι:1S, λιμένι:1S, λιμένος:1S, λιμέσιν:1S
λιμη	undetermined	0	1	λιμήν:1S
λιμο	undetermined	2	0	λιμόν:1L, λιμός:1L
λιμω	undetermined	1	0	λιμῷ:1L
λινο	undetermined	0	2	λινοθώρηξ:1S, λίνον:1S
λινω	undetermined	0	1	λίνῳ:1S
λιπα	S	0	11	λιπαρά:1S, λιπαράς:1S, λιπαρήν:1S, λιπαροί:1S, λιπαροῖσι:1S, λιπαροῖσιν:1S, λιπαροκρήδεμνος:1S, λιπαρόν:1S
λιπαρα	undetermined	0	2	λιπαρά:2S, λιπαράς:2S
λιπαρη	undetermined	0	1	λιπαρήν:2S
λιπαρο	S	0	7	λιπαροί:2S, λιπαροῖσι:2S, λιπαροῖσιν:2S, λιπαροκρήδεμνος:2S, λιπαρόν:2S, λιπαροπλοκάμοιο:2S, λιπαρούς:2S
λιπαροπλοκαμο	undetermined	0	1	λιπαροπλοκάμοιο:5S
λιπαρω	undetermined	0	1	λιπαρῶς:2S
λιπε	S	0	8	λίπε:1S, λιπεῖν:1S, λίπεν:1S, λίπες:1S, λιπέσθαι:1S, λίπετʼ:1S, λιπέτην:1S, λιπέτω:1S
λιπη	S	0	3	λίπῃ:1S, λίπησθον:1S, λίπηται:1S
λιπο	S	0	14	λίποι:1S, λίποιεν:1S, λίποιμεν:1S, λιποίμην:1S, λίποιτε:1S, λίποιτο:1S, λίπομεν:1S, λιπόμην:1S
λιπω	S	0	3	λίπω:1S, λιπών:1S, λίπωνται:1S
λισα	undetermined	0	1	λίσαι:1S
λιση	undetermined	0	1	λίσῃ:1S
λιτα	S	0	4	λιταί:1S, λιτάνευε:1S, λιτάνευεν:1S, λιτανεύσομεν:1S
λιτανε	S	0	3	λιτάνευε:2S, λιτάνευεν:2S, λιτανεύσομεν:2S
λιτε	undetermined	0	1	λιτέσθαι:1S
λιτη	undetermined	0	1	λιτῇσι:1S
λιτι	undetermined	1	0	λιτί:1L
λιτο	undetermined	0	1	λιτοίμην:1S
λοεσσαμε	S	0	3	λοεσσάμεναι:3S, λοεσσάμενος:3S, λοεσσαμένω:3S
λοεσσατο	undetermined	0	1	λοέσσατο:3S
λουσασα	undetermined	1	0	λούσασα:2L
λουσατε	undetermined	0	1	λούσατε:2S
λοχησαμε	undetermined	0	1	λοχησάμενος:3S
λυγο	S	0	3	λύγοισι:1S, λύγοισιν:1S, λύγους:1S
λυε	undetermined	1	0	λύει:1L
λυθε	undetermined	0	1	λύθεν:1S
λυθη	undetermined	0	1	λύθη:1S
λυκα	S	0	6	λυκάβαντος:1S, λυκάονα:1S, λυκάονι:1S, λυκάονος:1S, λύκαστον:1S, λυκάων:1S
λυκαβα	undetermined	0	1	λυκάβαντος:2S
λυκαο	L	3	0	λυκάονα:2L, λυκάονι:2L, λυκάονος:2L
λυκαω	undetermined	1	0	λυκάων:2L
λυκη	undetermined	0	1	λυκηγενέϊ:1S
λυκι	S	0	9	λυκίῃ:1S, λυκίηθεν:1S, λυκίην:1S, λυκίης:1S, λύκιοι:1S, λυκίοισι:1S, λυκίοισιν:1S, λυκίους:1S
λυκο	S	0	9	λύκοι:1S, λύκοιο:1S, λυκομήδεα:1S, λυκομήδεος:1S, λυκομήδης:1S, λυκούργου:1S, λύκους:1S, λυκοφόντην:1S
λυκω	undetermined	0	1	λύκων:1S
λυμα	undetermined	1	0	λύματα:1L
λυματα	undetermined	0	1	λύματα:2S
λυμη	undetermined	0	1	λύμην:1S
λυσα	L	8	0	λύσαθʼ:1L, λύσαιτε:1L, λυσάμενοι:1L, λύσανδρον:1L, λύσας:1L, λύσασʼ:1L, λύσασθʼ:1L, λύσασθαι:1L
λυσαμε	undetermined	0	1	λυσάμενοι:2S
λυσε	undetermined	2	0	λύσει:1L, λύσειαν:1L
λυση	undetermined	1	0	λύσῃ:1L
λυσι	undetermined	1	2	λυσιμελής:1L, λύσιν:1S, λύσιος:1S
λυσιμε	undetermined	0	1	λυσιμελής:2S
λυσο	undetermined	2	0	λύσομαι:1L, λυσόμενος:1L
λυσω	undetermined	1	0	λύσω:1L
λυτο	undetermined	0	1	λύτο:1S
λωιτε	undetermined	0	1	λωίτερον:2S
λωτοφαγο	S	0	3	λωτοφάγοι:3S, λωτοφάγοισι:3S, λωτοφάγοισιν:3S
λωτοφαγω	undetermined	0	1	λωτοφάγων:3S
μαθο	undetermined	0	1	μάθον:1S
μαιαδο	undetermined	0	1	μαιάδος:2S
μαιμαλι	undetermined	0	1	μαιμαλίδης:2S
μαιμαλιδη	undetermined	0	1	μαιμαλίδης:3S
μαιναδι	undetermined	0	1	μαινάδι:2S
μακα	S	0	8	μάκαρ:1S, μάκαρες:1S, μακάρεσσι:1S, μακάρεσσιν:1S, μακαρίζοι:1S, μάκαρος:1S, μακάρτατος:1S, μακάρων:1S
μακαρε	S	0	3	μάκαρες:2S, μακάρεσσι:2S, μακάρεσσιν:2S
μακαρι	undetermined	0	1	μακαρίζοι:2S
μακαρο	undetermined	0	1	μάκαρος:2S
μακαρτατο	undetermined	0	1	μακάρτατος:3S
μακαρω	undetermined	0	1	μακάρων:2S
μακε	undetermined	0	2	μακεδνῆς:1S, μάκελλαν:1S
μακροτατη	undetermined	0	1	μακροτάτη:3S
μακω	undetermined	0	1	μακών:1S
μαλα	S	0	13	μάλα:1S, μαλακῇ:1S, μαλακῆς:1S, μαλακοί:1S, μαλακοῖς:1S, μαλακοῖσι:1S, μαλακοῖσιν:1S, μαλακόν:1S
μαλακη	undetermined	0	2	μαλακῇ:2S, μαλακῆς:2S
μαλακο	S	0	7	μαλακοί:2S, μαλακοῖς:2S, μαλακοῖσι:2S, μαλακοῖσιν:2S, μαλακόν:2S, μαλακός:2S, μαλακοῦ:2S
μαλακω	S	0	3	μαλακῷ:2S, μαλακῶς:2S, μαλακώτερος:2S
μαλε	S	0	3	μαλειάων:1S, μαλεροῦ:1S, μαλερῷ:1S
μαλειαω	undetermined	1	0	μαλειάων:3L
μαλθακο	undetermined	0	1	μαλθακός:2S
μαλι	undetermined	0	2	μάλιστʼ:1S, μάλιστα:1S
μαντευσατο	undetermined	0	1	μαντεύσατο:3S
μαντοσυνη	undetermined	0	2	μαντοσύνῃ:3S, μαντοσύνην:3S
μαρα	undetermined	0	1	μαραθῶνα:1S
μαραθω	undetermined	0	1	μαραθῶνα:2S
μαρι	undetermined	0	1	μάρις:1S
μαρμαρο	undetermined	0	1	μάρμαρον:2S
μαρμαρυ	undetermined	0	1	μαρμαρυγάς:2S
μαρμαρυγα	undetermined	0	1	μαρμαρυγάς:3S
μαρμαρω	undetermined	0	1	μαρμάρῳ:2S
μαρναμε	S	0	11	μαρνάμεθʼ:2S, μαρνάμενοι:2S, μαρναμένοιιν:2S, μαρναμένοιϊν:2S, μαρναμένοιο:2S, μαρναμένοισι:2S, μαρναμένοισιν:2S, μαρνάμενον:2S
μαρνατα	undetermined	0	1	μάρναται:2S
μαρνατο	undetermined	0	1	μάρνατο:2S
μαρτυρι	undetermined	0	1	μαρτυρίῃσιν:2S
μαρτυρο	undetermined	0	2	μάρτυροι:2S, μάρτυρος:2S
μαρω	undetermined	0	1	μάρων:1S
μασα	undetermined	0	1	μάσασθαι:1S
μαση	undetermined	1	0	μάσητα:1L
μαστακα	undetermined	0	1	μάστακα:2S
μαστιγα	undetermined	2	0	μάστιγα:2L, μάστιγας:2L
μαστιγι	undetermined	1	0	μάστιγι:2L
μαστοριδη	undetermined	0	1	μαστορίδης:3S
ματε	undetermined	0	1	ματεύσομεν:1S
ματη	undetermined	0	2	μάτησεν:1S, ματήσετον:1S
μαχα	S	0	9	μάχαι:1S, μάχαιραν:1S, μαχαίρας:1S, μαχαίρῃ:1S, μαχᾶον:1S, μαχάονα:1S, μαχάονι:1S, μάχας:1S
μαχαο	undetermined	2	0	μαχάονα:2L, μαχάονι:2L
μαχαω	undetermined	1	0	μαχάων:2L
μαχε	S	0	18	μαχειόμενος:1S, μαχεῖται:1S, μαχέσαιο:1S, μαχέσαιτο:1S, μαχέσασθαι:1S, μάχεσθαι:1S, μάχεσθε:1S, μαχέσθην:1S
μαχεσσαμε	S	0	3	μαχεσσάμεθʼ:3S, μαχεσσάμενον:3S, μαχεσσαμένω:3S
μαχεσσατο	undetermined	0	1	μαχέσσατο:3S
μαχη	S	0	24	μάχη:1S, μάχῃ:1S, μάχηαι:1S, μαχήμων:1S, μάχην:1S, μάχης:1S, μαχήσασθαι:1S, μαχήσεαι:1S
μαχλοσυνη	undetermined	0	1	μαχλοσύνην:3S
μαχο	S	0	9	μαχοίατο:1S, μαχοίμην:1S, μάχοιο:1S, μάχοιτο:1S, μαχόμεσθʼ:1S, μαχόμεσθα:1S, μαχόμην:1S, μάχονται:1S
μαχοιατο	undetermined	0	1	μαχοίατο:3S
μαχω	S	0	4	μάχωμαι:1S, μαχώμεθʼ:1S, μαχώμεθα:1S, μάχωνται:1S
μαψιδι	undetermined	0	1	μαψιδίως:2S
μεγαδη	undetermined	0	1	μεγάδην:2S
μεγαθυ	S	0	7	μεγάθυμε:2S, μεγάθυμοι:2S, μεγάθυμον:2S, μεγάθυμος:2S, μεγαθύμου:2S, μεγαθύμους:2S, μεγαθύμων:2S
μεγαθυμε	undetermined	1	0	μεγάθυμε:3L
μεγαθυμο	L	5	0	μεγάθυμοι:3L, μεγάθυμον:3L, μεγάθυμος:3L, μεγαθύμου:3L, μεγαθύμους:3L
μεγαθυμω	undetermined	1	0	μεγαθύμων:3L
μεγακη	S	0	3	μεγακήτεα:2S, μεγακήτεϊ:2S, μεγακήτεος:2S
μεγαλα	undetermined	0	2	μεγάλα:2S, μεγάλας:2S
μεγαλη	S	0	10	μεγάλη:2S, μεγάλῃ:2S, μεγάλην:2S, μεγάλης:2S, μεγάλῃσι:2S, μεγαλήτορα:2S, μεγαλήτορας:2S, μεγαλήτορες:2S
μεγαλι	undetermined	0	1	μεγαλίζομαι:2S
μεγαλο	S	0	5	μεγάλοι:2S, μεγάλοιο:2S, μεγάλοισι:2S, μεγάλου:2S, μεγάλους:2S
μεγαλω	S	0	5	μεγάλω:2S, μεγάλῳ:2S, μεγάλων:2S, μεγάλως:2S, μεγαλωστί:2S
μεγαπε	undetermined	0	2	μεγαπένθεʼ:2S, μεγαπένθης:2S
μεγαρα	undetermined	0	1	μέγαρα:2S
μεγαρη	undetermined	0	1	μεγάρην:2S
μεγαρο	S	0	7	μεγάροιο:2S, μεγάροις:2S, μεγάροισι:2S, μεγάροισιν:2S, μέγαρον:2S, μέγαρονδε:2S, μεγάρου:2S
μεγαρω	undetermined	0	2	μεγάρῳ:2S, μεγάρων:2S
μεδοιατο	undetermined	0	1	μεδοίατο:3S
μεθημοσυνη	undetermined	0	2	μεθημοσύνῃ:4S, μεθημοσύνῃσι:4S
μεθιε	L	5	0	μεθίει:2L, μεθίεμεν:2L, μεθιέμεν:2L, μεθιέμεναι:2L, μεθίετε:2L
μεθιστατο	undetermined	0	1	μεθίστατο:3S
μεθομιλε	undetermined	1	0	μεθομίλεον:3L
μειδησασα	undetermined	1	0	μειδήσασα:3L
μειλανι	undetermined	0	1	μείλανι:2S
μειλιγματα	undetermined	0	1	μειλίγματα:3S
μειλινα	undetermined	0	1	μείλινα:2S
μειλινο	undetermined	0	1	μείλινον:2S
μειλιχι	S	0	5	μειλιχίῃ:2S, μειλιχίοις:2S, μειλιχίοισι:2S, μειλιχίοισιν:2S, μειλίχιον:2S
μειλιχο	undetermined	0	2	μείλιχον:2S, μείλιχος:2S
μειναμε	undetermined	0	1	μείναμεν:2S
μελαιναω	undetermined	1	0	μελαινάων:3L
μελανα	undetermined	0	1	μέλανα:2S
μελανε	undetermined	0	2	μελάνει:2S, μέλανες:2S
μελανη	undetermined	0	1	μελανῆος:2S
μελανι	undetermined	0	2	μελάνιππε:2S, μελάνιππον:2S
μελανο	S	0	3	μέλανος:2S, μελανόχροες:2S, μελανόχροος:2S
μελανυ	S	0	3	μελάνυδρον:2S, μελάνυδρος:2S, μελανύδρου:2S
μελεδηματα	undetermined	0	1	μελεδήματα:4S
μελιβο	undetermined	0	1	μελίβοιαν:2S
μελιγη	undetermined	0	1	μελίγηρυν:2S
μελινο	undetermined	0	1	μελίνου:2S
μελισσαω	undetermined	1	0	μελισσάων:3L
μελιτη	undetermined	0	1	μελίτη:2S
μελιτι	undetermined	0	1	μέλιτι:2S
μελιτο	undetermined	0	1	μέλιτος:2S
μεμαασι	undetermined	2	0	μεμάασι:3L, μεμάασιν:3L
μεμακυ	undetermined	0	1	μεμακυῖαι:2S
μεμαμε	undetermined	0	1	μέμαμεν:2S
μεμαο	undetermined	2	0	μεμαότε:2L, μεμαότες:2L
μεμασα	undetermined	0	1	μέμασαν:2S
μεματο	undetermined	0	1	μέματον:2S
μεματω	undetermined	0	1	μεμάτω:2S
μεμαω	undetermined	1	0	μεμαώς:2L
μεμυκε	undetermined	2	0	μεμύκει:2L, μέμυκεν:2L
μεμυκω	undetermined	1	0	μεμυκώς:2L
μενεηναμε	undetermined	0	1	μενεήναμεν:4S
μενελαε	undetermined	1	0	μενέλαε:3L
μενελαο	L	3	0	μενέλαον:3L, μενέλαος:3L, μενελάου:3L
μενελαω	undetermined	1	0	μενελάῳ:3L
μενοιναα	undetermined	1	0	μενοινάᾳ:3L
μενοιτιαδα	undetermined	0	1	μενοιτιάδαο:4S
μενοιτιαδαο	undetermined	1	0	μενοιτιάδαο:5L
μενοιτιαδε	undetermined	0	1	μενοιτιάδεω:4S
μενοιτιαδη	S	0	4	μενοιτιάδη:4S, μενοιτιάδῃ:4S, μενοιτιάδην:4S, μενοιτιάδης:4S
μερμεριδα	undetermined	0	1	μερμερίδαο:3S
μερμεριδαο	undetermined	1	0	μερμερίδαο:4L
μερμιθι	undetermined	1	0	μέρμιθι:2L
μεσσατω	undetermined	0	1	μεσσάτῳ:2S
μεσσηιδο	undetermined	0	1	μεσσηΐδος:3S
μεσσοπαγε	undetermined	0	1	μεσσοπαγές:3S
μεταβη	undetermined	0	1	μετάβηθι:2S
μεταδα	S	0	3	μεταδαίνυται:2S, μεταδαίσεται:2S, μεταδαίσομαι:2S
μεταδαινυτα	undetermined	0	1	μεταδαίνυται:4S
μεταδη	undetermined	0	2	μεταδήμιον:2S, μεταδήμιος:2S
μεταδο	undetermined	0	1	μεταδόρπιος:2S
μεταδρομαδη	undetermined	0	1	μεταδρομάδην:4S
μεται	undetermined	2	0	μεταΐξας:2L, μεταΐσσων:2L
μεταλη	undetermined	1	0	μεταλήξαντι:2L
μεταμα	undetermined	0	1	μεταμάζιον:2S
μεταμι	undetermined	0	1	μεταμίξομεν:2S
μεταμω	undetermined	0	1	μεταμώνια:2S
μετανα	undetermined	0	1	μετανάστην:2S
μεταπα	undetermined	0	2	μεταπαυόμενοι:2S, μεταπαυσωλή:2S
μετατροπαλι	undetermined	0	1	μετατροπαλίζεο:4S
μεταφρασο	undetermined	0	1	μεταφρασόμεσθα:3S
μετεασι	undetermined	1	0	μετέασι:3L
μετεισαμε	undetermined	0	1	μετεισάμενος:3S
μετεκια	undetermined	2	0	μετεκίαθε:3L, μετεκίαθον:3L
μετεκιαθε	undetermined	0	1	μετεκίαθε:4S
μετεκιαθο	undetermined	0	1	μετεκίαθον:4S
μετενισε	undetermined	1	0	μετενίσετο:3L
μετεσσυτο	undetermined	0	1	μετέσσυτο:3S
μηδεσικα	undetermined	0	1	μηδεσικάστην:3S
μηκαδα	undetermined	0	1	μηκάδας:2S
μηκαδε	undetermined	0	1	μηκάδες:2S
μηκιστηιαδη	undetermined	0	1	μηκιστηϊάδης:5S
μηνιε	undetermined	1	0	μήνιεν:2L
μηνιμα	undetermined	1	0	μήνιμα:2L
μηνισα	undetermined	1	0	μηνίσας:2L
μηριοναο	undetermined	1	0	μηριόναο:4L
μηρυσα	undetermined	1	0	μηρύσαντο:2L
μησατο	undetermined	0	1	μήσατο:2S
μητισα	undetermined	1	0	μητίσασθαι:2L
μητισο	undetermined	1	0	μητίσομαι:2L
μητροπατω	undetermined	0	1	μητροπάτωρ:3S
μηχανα	undetermined	0	2	μηχανάασθαι:2S, μηχανάασθε:2S
μιαρο	undetermined	0	1	μιαρός:2S
μιγα	undetermined	0	1	μιγαζομένους:1S
μιγε	S	0	3	μιγεῖσα:1S, μίγεν:1S, μιγέντα:1S
μιγη	S	0	6	μίγη:1S, μιγήῃς:1S, μιγήμεναι:1S, μιγῆναι:1S, μίγησαν:1S, μιγήσεσθαι:1S
μιδε	undetermined	0	1	μίδειαν:1S
μιλη	undetermined	1	0	μίλητον:1L
μιλτοπαρη	undetermined	0	1	μιλτοπάρῃοι:3S
μιμα	undetermined	0	1	μίμαντα:1S
μινυ	S	0	14	μινυήϊος:1S, μινύθει:1S, μινύθεσκον:1S, μινύθῃ:1S, μινύθουσι:1S, μίνυνθʼ:1S, μίνυνθα:1S, μινυνθάδιοι:1S
μινυθε	undetermined	0	2	μινύθει:2S, μινύθεσκον:2S
μινυθη	undetermined	0	1	μινύθῃ:2S
μινυθο	undetermined	0	1	μινύθουσι:2S
μινυνθαδι	S	0	5	μινυνθάδιοι:3S, μινυνθάδιον:3S, μινυνθάδιος:3S, μινυνθαδίω:3S, μινυνθαδιώτερον:3S
μινυρι	undetermined	0	2	μινύριζε:2S, μινύριζον:2S
μινω	L	4	0	μίνωα:1L, μίνων:1L, μίνωος:1L, μίνως:1L
μιση	undetermined	1	0	μίσησεν:1L
μιτο	undetermined	0	1	μίτον:1S
μναα	undetermined	2	0	μνάᾳ:1L, μνάασθαι:1L
μνημοσυνη	undetermined	0	1	μνημοσύνη:3S
μνησαιατο	undetermined	0	1	μνησαίατο:3S
μνησαμε	S	0	6	μνησαμένη:2S, μνησάμενοι:2S, μνησαμένοις:2S, μνησάμενος:2S, μνησαμένω:2S, μνησαμένῳ:2S
μνησασα	undetermined	1	0	μνήσασα:2L
μνησατο	undetermined	0	1	μνήσατο:2S
μοιραω	undetermined	1	0	μοιράων:2L
μολιβο	undetermined	0	1	μόλιβος:2S
μολιο	undetermined	2	0	μολίονα:2L, μολίονε:2L
μοριμο	undetermined	0	1	μόριμον:2S
μορμυρο	undetermined	1	0	μορμύροντα:2L
μορμυρω	undetermined	1	0	μορμύρων:2L
μορσιμο	undetermined	0	2	μόρσιμον:2S, μόρσιμος:2S
μουσαω	undetermined	1	0	μουσάων:2L
μυδω	undetermined	0	1	μύδωνα:1S
μυε	undetermined	2	0	μυελόν:1L, μυελός:1L
μυθε	L	7	0	μυθέαι:1L, μυθείσθην:1L, μυθεῖτʼ:1L, μυθεῖται:1L, μυθέομαι:1L, μυθεόμην:1L, μυθέσκοντο:1L
μυθη	L	8	0	μυθησαίμην:1L, μυθήσαιο:1L, μυθήσαιτο:1L, μυθήσασθαι:1L, μυθήσασθε:1L, μυθήσατο:1L, μυθήσεαι:1L, μυθήσομαι:1L
μυθησατο	undetermined	0	1	μυθήσατο:3S
μυθο	L	8	0	μύθοιο:1L, μύθοις:1L, μύθοισι:1L, μύθοισιν:1L, μυθολογεύειν:1L, μυθολογεύω:1L, μύθου:1L, μύθους:1L
μυθω	undetermined	2	0	μύθῳ:1L, μύθων:1L
μυκα	undetermined	0	2	μυκάλης:1S, μυκαλησσόν:1S
μυκαλη	undetermined	0	2	μυκάλης:2S, μυκαλησσόν:2S
μυκε	undetermined	0	1	μύκε:1S
μυκη	undetermined	2	6	μυκηθμοῦ:1L, μυκηθμῷ:1L, μυκηναῖον:1S, μυκηναίων:1S, μυκήνας:1S, μυκήνη:1S, μυκήνηθεν:1S, μυκήνης:1S
μυκο	undetermined	0	1	μύκον:1S
μυκω	undetermined	1	0	μυκώμεναι:1L
μυλα	undetermined	0	2	μύλαι:1S, μυλάκεσσι:1S
μυλακε	undetermined	0	1	μυλάκεσσι:2S
μυλη	S	0	3	μύλην:1S, μύλῃς:1S, μυληφάτου:1S
μυληφατο	undetermined	0	1	μυληφάτου:3S
μυλο	undetermined	0	1	μυλοειδέϊ:1S
μυνη	undetermined	1	1	μύνῃσι:1L, μύνητʼ:1S
μυρι	undetermined	5	6	μυρίʼ:1L, μυρία:1L, μυρίαι:1L, μυρῖκαι:1S, μυρίκην:1S, μυρίκης:1S, μυρίκῃσιν:1S, μυρικίνῳ:1S
μυρικη	S	0	3	μυρίκην:2S, μυρίκης:2S, μυρίκῃσιν:2S
μυρικι	undetermined	1	0	μυρικίνῳ:2L
μυρικινω	undetermined	0	1	μυρικίνῳ:3S
μυρινη	undetermined	1	0	μυρίνης:2L
μυρμιδο	S	0	5	μυρμιδόνας:2S, μυρμιδόνες:2S, μυρμιδόνεσσι:2S, μυρμιδόνεσσιν:2S, μυρμιδόνων:2S
μυρο	L	9	0	μυρομένη:1L, μυρόμενοι:1L, μυρομένοισι:1L, μυρομένοισιν:1L, μυρόμενον:1L, μυρομένους:1L, μυρομένω:1L, μύρονθʼ:1L
μυρσινο	undetermined	0	1	μύρσινος:2S
μυσα	undetermined	0	1	μύσαν:1S
μυσο	undetermined	1	0	μυσοί:1L
μυσω	undetermined	1	0	μυσῶν:1L
μυχο	S	0	4	μυχοίτατος:1S, μυχόν:1S, μυχόνδε:1S, μυχούς:1S
μυχοιτατο	undetermined	0	1	μυχοίτατος:3S
μυχω	undetermined	0	1	μυχῷ:1S
μυω	undetermined	2	0	μυών:1L, μυώνων:1L
μωνυχα	undetermined	0	1	μώνυχας:2S
μωνυχε	undetermined	0	1	μώνυχες:2S
ναιομεναω	undetermined	1	0	ναιομενάων:4L
νακη	undetermined	0	1	νάκην:1S
ναπα	undetermined	0	1	νάπαι:1S
ναυβολιδα	undetermined	0	1	ναυβολίδαο:3S
ναυβολιδαο	undetermined	1	0	ναυβολίδαο:4L
ναυβολιδη	undetermined	0	1	ναυβολίδης:3S
ναυμαχα	undetermined	0	1	ναύμαχα:2S
ναυμαχο	undetermined	0	1	ναύμαχον:2S
ναυσικα	S	0	3	ναυσικάα:2S, ναυσικάᾳ:2S, ναυσικάαν:2S
ναυσικλυτο	undetermined	0	2	ναυσίκλυτοι:3S, ναυσικλυτοί:3S
ναυταω	undetermined	1	0	ναυτάων:2L
ναυτιλι	undetermined	0	1	ναυτιλίῃ:2S
νεηλυδε	undetermined	0	1	νεήλυδες:3S
νεηνιδι	undetermined	0	1	νεήνιδι:3S
νειατο	undetermined	0	2	νείατον:2S, νείατος:2S
νεκαδε	undetermined	0	1	νεκάδεσσιν:2S
νεκταρο	undetermined	0	1	νέκταρος:2S
νεογιλη	undetermined	1	0	νεογιλῆς:3L
νεοιατο	undetermined	0	1	νεοίατο:3S
νεοπλυτα	undetermined	0	1	νεόπλυτα:3S
νεουτατο	undetermined	0	2	νεούτατον:3S, νεουτάτου:3S
νεστοριδα	undetermined	0	2	νεστορίδαι:3S, νεστορίδαο:3S
νεστοριδαο	undetermined	1	0	νεστορίδαο:4L
νεστοριδη	S	0	3	νεστορίδη:3S, νεστορίδην:3S, νεστορίδης:3S
νεφελαω	undetermined	1	0	νεφελάων:3L
νεφεληγερεταο	undetermined	1	0	νεφεληγερέταο:6L
νεωτατη	undetermined	0	1	νεωτάτη:3S
νεωτατο	undetermined	0	1	νεώτατος:3S
νηδυμο	undetermined	0	2	νήδυμον:2S, νήδυμος:2S
νηιαδε	undetermined	0	1	νηϊάδες:3S
νηιδα	undetermined	0	1	νήϊδα:2S
νηλειδαο	undetermined	1	0	νηλεΐδαο:4L
νηλειτιδε	undetermined	0	1	νηλείτιδες:3S
νηληιαδα	undetermined	0	1	νηληϊάδαο:4S
νηληιαδαο	undetermined	1	0	νηληϊάδαο:5L
νηληιαδε	undetermined	0	1	νηληϊάδεω:4S
νηληιαδη	undetermined	0	1	νηληϊάδη:4S
νηματο	undetermined	0	1	νήματος:2S
νηπιαχε	undetermined	0	1	νηπιαχεύων:3S
νηπιαχο	S	0	3	νηπίαχοι:3S, νηπιάχοις:3S, νηπίαχον:3S
νηπυτι	S	0	4	νηπύτιʼ:2S, νηπύτιοι:2S, νηπυτίοισιν:2S, νηπύτιον:2S
νηρηιδε	undetermined	0	1	νηρηΐδες:3S
νηρικο	undetermined	0	1	νήρικον:2S
νηριτο	undetermined	0	2	νήριτον:2S, νήριτος:2S
νικα	L	5	0	νίκα:1L, νικᾷ:1L, νικᾶν:1L, νικᾷς:1L, νικάσκομεν:1L
νικη	L	17	0	νίκη:1L, νίκῃ:1L, νικηθείς:1L, νικηθέντι:1L, νίκην:1L, νίκης:1L, νίκησα:1L, νικῆσαι:1L
νικω	undetermined	2	0	νίκων:1L, νικῶντες:1L
νιρε	undetermined	1	0	νιρεύς:1L
νισο	L	4	0	νίσομαι:1L, νισόμενον:1L, νίσοντο:1L, νίσου:1L
νιφα	undetermined	0	2	νιφάδες:1S, νιφάς:1S
νιφαδε	undetermined	0	1	νιφάδες:2S
νιφε	undetermined	1	2	νιφέμεν:1L, νιφετόν:1S, νιφετός:1S
νιφο	S	0	3	νιφόεντα:1S, νιφόεντι:1S, νιφόεντος:1S
νιψαμε	undetermined	0	2	νιψάμενοι:2S, νιψάμενος:2S
νιψατο	undetermined	0	1	νίψατο:2S
νοημασι	undetermined	0	2	νοήμασι:3S, νοήμασιν:3S
νοηματα	undetermined	0	1	νοήματα:3S
νοηματι	undetermined	0	1	νοήματι:3S
νοηματο	undetermined	0	1	νοήματος:3S
νοησατο	undetermined	0	1	νοήσατο:3S
νομιο	undetermined	1	0	νομίονος:2L
νοστιμο	undetermined	0	2	νόστιμον:2S, νόστιμος:2S
νοσφισα	undetermined	0	2	νοσφισάμην:2S, νοσφίσατʼ:2S
νοσφισαμη	undetermined	0	1	νοσφισάμην:3S
νοσφισσαμε	undetermined	0	2	νοσφισσαμένη:3S, νοσφισσαμένην:3S
νυκτεριδε	undetermined	0	1	νυκτερίδες:3S
νυμφαω	undetermined	1	0	νυμφάων:2L
νυση	undetermined	1	0	νυσήϊον:1L
νωιτε	undetermined	0	2	νωιτέρην:2S, νωΐτερον:2S
νωνυμο	undetermined	0	2	νώνυμον:2S, νώνυμος:2S
ξεινισα	undetermined	0	2	ξεινίσαι:2S, ξείνισας:2S
ξεινοσυνη	undetermined	0	1	ξεινοσύνης:3S
ξιφε	undetermined	0	2	ξίφει:1S, ξίφεσιν:1S
ξιφο	undetermined	0	1	ξίφος:1S
ξυλα	undetermined	0	1	ξύλα:1S
ξυλο	S	0	4	ξύλον:1S, ξυλόχοιο:1S, ξύλοχον:1S, ξυλόχῳ:1S
ξυνα	S	0	5	ξυνάγειρα:1S, ξυναγείρατʼ:1S, ξυνάγοντες:1S, ξυνάγουσα:1S, ξυνάγωμεν:1S
ξυναγε	undetermined	0	2	ξυνάγειρα:2S, ξυναγείρατʼ:2S
ξυναγο	undetermined	0	2	ξυνάγοντες:2S, ξυνάγουσα:2S
ξυναγω	undetermined	0	1	ξυνάγωμεν:2S
ξυνε	S	0	10	ξυνέδησεν:1S, ξυνελάσσαι:1S, ξυνελάσσομεν:1S, ξυνελαύνεις:1S, ξυνελαυνέμεν:1S, ξύνες:1S, ξυνέσεσθαι:1S, ξύνεσις:1S
ξυνη	undetermined	1	0	ξυνή:1L
ξυνι	S	0	5	ξυνίει:1S, ξύνιεν:1S, ξυνιόντας:1S, ξυνιόντες:1S, ξυνιόντων:1S
ξυνο	undetermined	2	1	ξυνόν:1L, ξυνός:1L, ξυνοχῇσιν:1S
ξυρο	undetermined	0	1	ξυροῦ:1S
οαρι	S	0	6	ὀάριζε:2S, ὀαριζέμεναι:2S, ὀαρίζετον:2S, ὀαριστής:2S, ὀαριστύν:2S, ὀαριστύς:2S
οαρω	undetermined	0	1	ὀάρων:2S
οβριμο	S	0	6	ὀβριμοεργόν:2S, ὀβριμοεργός:2S, ὄβριμον:2S, ὀβριμοπάτρη:2S, ὀβριμοπάτρης:2S, ὄβριμος:2S
ογδοατη	undetermined	0	1	ὀγδοάτην:3S
ογδοατο	undetermined	0	1	ὀγδόατον:3S
ογδοατω	undetermined	0	1	ὀγδοάτῳ:3S
οδιτα	undetermined	1	0	ὁδιτάων:2L
οδιταω	undetermined	1	0	ὁδιτάων:3L
οδιτη	undetermined	1	0	ὁδίτης:2L
οδυνα	S	0	3	ὀδύναι:2S, ὀδύνας:2S, ὀδυνάων:2S
οδυναω	undetermined	1	0	ὀδυνάων:3L
οδυνη	S	0	5	ὀδύνη:2S, ὀδύνῃσι:2S, ὀδύνῃσιν:2S, ὀδυνήφατα:2S, ὀδυνήφατον:2S
οδυνηφατα	undetermined	0	1	ὀδυνήφατα:4S
οδυνηφατο	undetermined	0	1	ὀδυνήφατον:4S
οδυρα	undetermined	1	0	ὀδυράμενος:2L
οδυραμε	undetermined	0	1	ὀδυράμενος:3S
οδυρε	L	4	0	ὀδύρεαι:2L, ὀδύρεο:2L, ὀδύρεται:2L, ὀδύρετο:2L
οδυρο	L	12	0	ὀδύρομαι:2L, ὀδυρομένη:2L, ὀδυρομένῃ:2L, ὀδυρομένην:2L, ὀδυρόμενοι:2L, ὀδυρομένοισι:2L, ὀδυρομένοισιν:2L, ὀδυρόμενον:2L
οδυσα	undetermined	0	1	ὀδύσαντο:2S
οδυσε	S	0	4	ὀδυσεῖ:2S, ὀδυσεῦ:2S, ὀδυσεύς:2S, ὀδυσεῦς:2S
οδυση	S	0	7	ὀδυσῆ:2S, ὀδυσῆʼ:2S, ὀδυσῆα:2S, ὀδυσῆι:2S, ὀδυσῆϊ:2S, ὀδυσήϊον:2S, ὀδυσῆος:2S
οδυσσαμε	undetermined	0	2	ὀδυσσαμένοιο:3S, ὀδυσσάμενος:3S
οιδανε	undetermined	0	2	οἰδάνει:2S, οἰδάνεται:2S
οιδιπο	undetermined	0	1	οἰδιπόδαο:2S
οιδιποδαο	undetermined	1	0	οἰδιπόδαο:4L
οιδματι	undetermined	0	1	οἴδματι:2S
οιε	L	3	0	ὀΐεαι:2L, ὀίεαι:2L, ὀΐεται:2L
οιζυρα	undetermined	2	0	ὀιζυραί:3L, ὀϊζυραί:3L
οιζυρο	L	6	0	ὀιζυροῖο:3L, ὀιζυροῖσι:3L, ὀϊζυροῖσι:3L, ὀιζυρόν:3L, ὀϊζυρός:3L, ὀϊζυροῦ:3L
οιζυρω	undetermined	2	0	ὀιζυρώτατον:3L, ὀϊζυρώτερον:3L
οιζυρωτατο	undetermined	0	1	ὀιζυρώτατον:5S
οιζυσα	undetermined	2	0	ὀιζύσας:3L, ὀϊζύσας:3L
οικαδε	undetermined	0	1	οἴκαδε:2S
οικτιρε	undetermined	1	0	οἰκτίρεις:2L
οικτιρω	undetermined	1	0	οἰκτίρων:2L
οικτροτατη	undetermined	0	1	οἰκτροτάτην:3S
οιλε	undetermined	1	0	ὀϊλεύς:2L
οιλη	L	3	0	ὀϊλῆα:2L, ὀϊλῆϊ:2L, ὀϊλῆος:2L
οιλι	L	3	0	ὀϊλιάδῃ:2L, ὀϊλιάδην:2L, ὀϊλιάδης:2L
οιλιαδη	S	0	3	ὀϊλιάδῃ:4S, ὀϊλιάδην:4S, ὀϊλιάδης:4S
οινειδαο	undetermined	1	0	οἰνεΐδαο:4L
οινοβαρε	undetermined	0	2	οἰνοβαρείων:3S, οἰνοβαρές:3S
οινοπιδη	undetermined	0	1	οἰνοπίδην:3S
οιο	L	8	0	ὀΐομαι:2L, ὀίομαι:2L, ὀϊόμεθʼ:2L, ὀιομένη:2L, ὀϊομένοισι:2L, ὀϊόμενον:2L, ὀϊόμενος:2L, ὀϊομένῳ:2L
οιοχιτω	undetermined	0	1	οἰοχίτωνʼ:3S
οισα	L	4	0	ὀισάμενος:2L, ὀϊσάμενος:2L, ὀΐσατο:2L, ὀίσατο:2L
οισαμε	undetermined	0	2	ὀισάμενος:3S, ὀϊσάμενος:3S
οισατο	undetermined	0	2	ὀΐσατο:3S, ὀίσατο:3S
οισυινη	undetermined	0	1	οἰσυΐνῃσι:3S
οιτυλο	undetermined	0	1	οἴτυλον:2S
οιχαλι	S	0	3	οἰχαλίηθεν:2S, οἰχαλίην:2S, οἰχαλιῆος:2S
οιω	undetermined	2	0	ὀΐω:2L, ὀίω:2L
οκτωκαιδεκατη	undetermined	0	1	ὀκτωκαιδεκάτῃ:5S
ολεσασα	undetermined	1	0	ὀλέσασα:3L
ολιγη	S	0	7	ὀλίγη:2S, ὀλίγῃ:2S, ὀλίγην:2S, ὀλιγηπελέουσα:2S, ὀλιγηπελέων:2S, ὀλιγηπελίης:2S, ὀλίγης:2S
ολιγι	undetermined	0	1	ὀλίγιστος:2S
ολιγο	S	0	4	ὀλιγοδρανέων:2S, ὀλίγοισι:2S, ὀλίγον:2S, ὀλίγος:2S
ολιγω	undetermined	0	1	ὀλίγῳ:2S
ολλυμε	S	0	3	ὀλλύμενοι:2S, ὀλλυμένους:2S, ὀλλυμένων:2S
ολολυγη	undetermined	1	0	ὀλολυγῇ:3L
ολοφυρα	undetermined	2	0	ὀλοφύραο:3L, ὀλοφύρατο:3L
ολοφυρατο	undetermined	0	1	ὀλοφύρατο:4S
ολοφυρε	undetermined	2	0	ὀλοφύρεαι:3L, ὀλοφύρεται:3L
ολοφυρο	L	8	0	ὀλοφύρομαι:3L, ὀλοφυρόμεθʼ:3L, ὀλοφυρόμεναι:3L, ὀλοφυρομένη:3L, ὀλοφυρομένην:3L, ὀλοφυρόμενοι:3L, ὀλοφυρόμενος:3L, ὀλοφυρομένους:3L
ολοωτατε	undetermined	0	1	ὀλοώτατε:4S
ολοωτατο	undetermined	0	1	ὀλοώτατος:4S
ολυμπιαδε	undetermined	0	1	ὀλυμπιάδες:4S
ολυρα	undetermined	1	0	ὀλύρας:2L
ομαδη	undetermined	0	1	ὁμάδησαν:2S
ομαδο	undetermined	0	2	ὅμαδον:2S, ὅμαδος:2S
ομαδω	undetermined	0	1	ὁμάδῳ:2S
ομαλο	undetermined	0	1	ὁμαλόν:2S
ομηγυρι	undetermined	0	2	ὁμήγυριν:3S, ὁμηγυρίσασθαι:3S
ομηγυρισα	undetermined	0	1	ὁμηγυρίσασθαι:4S
ομηλικα	undetermined	0	2	ὁμήλικα:3S, ὁμήλικας:3S
ομηλικε	undetermined	0	1	ὁμήλικες:3S
ομηλικι	S	0	3	ὁμηλικίη:3S, ὁμηλικίην:3S, ὁμηλικίης:3S
ομιλα	undetermined	1	0	ὁμιλαδόν:2L
ομιλαδο	undetermined	0	1	ὁμιλαδόν:3S
ομιλε	L	7	0	ὁμίλει:2L, ὁμιλεῖ:2L, ὁμιλεῖν:2L, ὁμιλεῖς:2L, ὁμιλέοι:2L, ὁμιλέομεν:2L, ὁμίλεον:2L
ομιλη	L	3	0	ὁμιλήσαντες:2L, ὁμιλήσειεν:2L, ὁμιλήσωσι:2L
ομιλο	L	3	0	ὅμιλον:2L, ὅμιλος:2L, ὁμίλου:2L
ομιλω	undetermined	1	0	ὁμίλῳ:2L
ομμασι	undetermined	0	1	ὄμμασι:2S
ομματα	undetermined	0	1	ὄμματα:2S
ομνυθι	undetermined	0	1	ὄμνυθι:2S
ομοιιο	undetermined	1	0	ὁμοιΐου:3L
ομορξαμε	S	0	3	ὀμορξαμένην:3S, ὀμορξάμενον:3S, ὀμορξάμενος:3S
ομοσσατε	undetermined	0	1	ὀμόσσατε:3S
ομοστιχα	undetermined	0	1	ὁμοστιχάει:3S
ομοτιμο	undetermined	1	0	ὁμότιμον:3L
ομοφροσυνη	undetermined	0	2	ὁμοφροσύνην:4S, ὁμοφροσύνῃσιν:4S
ομφακε	undetermined	0	1	ὄμφακες:2S
ομφαλο	S	0	8	ὀμφαλόεσσαι:2S, ὀμφαλόεσσαν:2S, ὀμφαλοέσσας:2S, ὀμφαλοέσσης:2S, ὀμφαλοί:2S, ὀμφαλόν:2S, ὀμφαλός:2S, ὀμφαλοῦ:2S
ομωνυμο	undetermined	0	1	ὁμώνυμοι:3S
ονειδισα	undetermined	0	1	ὀνείδισας:3S
ονειδισο	undetermined	0	1	ὀνείδισον:3S
ονητοριδη	undetermined	0	1	ὀνητορίδην:4S
ονινη	undetermined	0	1	ὀνίνησι:2S
ονομακλυτο	undetermined	0	1	ὀνομάκλυτος:4S
ονοσσαμε	undetermined	0	1	ὀνοσσάμενος:3S
ονυχε	undetermined	0	1	ὀνύχεσσι:2S
οξυβε	undetermined	0	1	ὀξυβελής:2S
οξυτα	undetermined	0	1	ὀξύτατον:2S
οξυτατο	undetermined	0	1	ὀξύτατον:3S
οπαο	undetermined	1	0	ὀπάονα:2L
οπασα	undetermined	0	1	ὀπάσαιμι:2S
οπασε	undetermined	0	1	ὀπάσειαν:2S
οπασσαμε	undetermined	0	1	ὀπασσάμενος:3S
οπασσατο	undetermined	0	1	ὀπάσσατο:3S
οπαω	undetermined	1	0	ὀπάων:2L
οπιδα	undetermined	0	1	ὄπιδα:2S
οπιδο	undetermined	0	1	ὄπιδος:2S
οπιθε	undetermined	0	1	ὄπιθεν:2S
οπιπε	L	3	0	ὀπιπεύεις:2L, ὀπιπεύσας:2L, ὀπιπεύσεις:2L
οπιστατο	undetermined	0	1	ὀπίστατον:3S
οπισω	undetermined	0	1	ὀπίσω:2S
οπιτη	undetermined	1	0	ὀπίτην:2L
οπλισα	S	0	3	ὁπλίσαθʼ:2S, ὁπλίσαι:2S, ὁπλισάμεσθʼ:2S
οπλισαμε	undetermined	0	1	ὁπλισάμεσθʼ:3S
οπλισο	undetermined	0	1	ὁπλισόμεσθα:2S
οπλισσατο	undetermined	0	1	ὁπλίσσατο:3S
οπλοτατη	undetermined	0	2	ὁπλοτάτη:3S, ὁπλοτάτην:3S
οπλοτατο	undetermined	0	1	ὁπλότατος:3S
οπλοτεραω	undetermined	1	0	ὁπλοτεράων:4L
οπωρινο	undetermined	1	0	ὀπωρινός:3L
οπωρινω	undetermined	1	0	ὀπωρινῷ:3L
ορεξαμε	undetermined	0	2	ὀρεξαμένη:3S, ὀρεξάμενος:3S
ορεξατο	undetermined	0	1	ὀρέξατο:3S
ορεστιαδε	undetermined	0	1	ὀρεστιάδες:4S
ορθοκραιραω	undetermined	1	0	ὀρθοκραιράων:4L
ορινα	L	3	0	ὄρινα:2L, ὀρίναις:2L, ὄρινας:2L
ορινε	L	4	0	ὄρινε:2L, ὀρίνει:2L, ὄρινεν:2L, ὀρίνετον:2L
ορινη	undetermined	1	0	ὀρίνῃς:2L
ορινο	L	6	0	ὀρινομένη:2L, ὀρινόμενοι:2L, ὀρινόμενον:2L, ὀρινομένους:2L, ὀρινομένῳ:2L, ὀρίνονται:2L
ορινω	undetermined	2	0	ὀρίνω:2L, ὀρίνων:2L
ορμαθο	undetermined	0	1	ὁρμαθοῦ:2S
ορμενιδα	undetermined	0	1	ὀρμενίδαο:3S
ορμενιδαο	undetermined	1	0	ὀρμενίδαο:4L
ορμενιδη	undetermined	0	1	ὀρμενίδης:3S
ορμηματα	undetermined	0	1	ὁρμήματα:3S
ορνιθα	undetermined	1	0	ὄρνιθας:2L
ορνιθε	L	3	0	ὄρνιθες:2L, ὀρνίθεσσι:2L, ὀρνίθεσσιν:2L
ορνιθο	undetermined	1	0	ὄρνιθος:2L
ορνιθω	undetermined	1	0	ὀρνίθων:2L
ορνισι	undetermined	1	0	ὄρνισιν:2L
ορνυθι	undetermined	0	1	ὄρνυθι:2S
ορνυμε	S	0	7	ὀρνύμεν:2S, ὀρνύμεναι:2S, ὀρνυμένη:2S, ὀρνυμένοιο:2S, ὀρνύμενον:2S, ὀρνυμένου:2S, ὀρνυμένων:2S
ορνυτα	undetermined	0	1	ὄρνυται:2S
ορνυτε	undetermined	0	1	ὄρνυτε:2S
ορνυτο	undetermined	0	1	ὄρνυτο:2S
οροθυνε	L	3	0	ὀρόθυνε:3L, ὀροθύνει:3L, ὀρόθυνεν:3L
οροθυνο	undetermined	1	0	ὀρόθυνον:3L
ορσιλο	undetermined	0	2	ὀρσίλοχον:2S, ὀρσίλοχος:2S
ορσοθυρη	undetermined	0	2	ὀρσοθύρη:3S, ὀρσοθύρην:3S
ορτιλο	S	0	3	ὀρτιλόχοιο:2S, ὀρτίλοχον:2S, ὀρτίλοχος:2S
ορτυγι	undetermined	0	2	ὀρτυγίῃ:2S, ὀρτυγίης:2S
ορυμα	S	0	4	ὀρυμαγδόν:2S, ὀρυμαγδός:2S, ὀρυμαγδοῦ:2S, ὀρυμαγδῷ:2S
ορφανα	undetermined	0	1	ὀρφαναί:2S
ορφανι	undetermined	0	2	ὀρφανικοί:2S, ὀρφανικόν:2S
ορφανικο	undetermined	0	2	ὀρφανικοί:3S, ὀρφανικόν:3S
ορχαμε	undetermined	0	1	ὄρχαμε:2S
ορχαμο	undetermined	0	2	ὄρχαμον:2S, ὄρχαμος:2S
ορχατο	S	0	4	ὄρχατοι:2S, ὄρχατον:2S, ὄρχατος:2S, ὀρχάτου:2S
ορωρεχατα	undetermined	0	1	ὀρωρέχαται:4S
ορωρεχατο	undetermined	0	1	ὀρωρέχατο:4S
οσσακι	undetermined	0	1	ὁσσάκι:2S
οσσατι	undetermined	0	1	ὁσσάτιον:2S
οτινα	undetermined	0	2	ὅτινα:2S, ὅτινας:2S
οτρυνα	undetermined	1	0	ὀτρύναντος:2L
οτρυνε	L	11	0	ὄτρυνε:2L, ὀτρύνει:2L, ὀτρύνειε:2L, ὀτρύνεις:2L, ὀτρυνέμεν:2L, ὄτρυνεν:2L, ὀτρύνεσθαι:2L, ὀτρύνεσθε:2L
οτρυνη	undetermined	2	0	ὀτρύνῃσι:2L, ὀτρύνῃσιν:2L
οτρυνο	L	10	0	ὀτρύνοιτε:2L, ὀτρύνομεν:2L, ὄτρυνον:2L, ὀτρύνοντες:2L, ὀτρύνοντι:2L, ὀτρύνοντο:2L, ὀτρύνοντος:2L, ὀτρύνουσʼ:2L
οτρυνω	L	4	0	ὀτρύνω:2L, ὀτρυνώμεθʼ:2L, ὀτρύνωμεν:2L, ὀτρύνων:2L
ουασι	undetermined	0	1	οὔασι:2S
ουατα	undetermined	0	1	οὔατα:2S
ουατο	undetermined	0	1	οὔατος:2S
ουθατα	undetermined	0	1	οὔθατα:2S
ουκαλε	undetermined	0	1	οὐκαλέγων:2S
ουλαμο	undetermined	0	1	οὐλαμόν:2S
ουλοκαρη	undetermined	0	1	οὐλοκάρηνος:3S
ουλοχυτα	undetermined	0	1	οὐλοχύτας:3S
ουρανι	undetermined	0	2	οὐρανίωνες:2S, οὐρανιώνων:2S
ουρανο	S	0	6	οὐρανόθεν:2S, οὐρανόθι:2S, οὐρανομήκης:2S, οὐρανόν:2S, οὐρανός:2S, οὐρανοῦ:2S
ουρανω	undetermined	0	1	οὐρανῷ:2S
ουριαχο	undetermined	0	2	οὐρίαχον:3S, οὐρίαχος:3S
ουταμε	S	0	4	οὐτάμεν:2S, οὐτάμεναι:2S, οὐταμένην:2S, οὐτάμενοι:2S
ουτασα	undetermined	0	1	οὐτάσαι:2S
ουτασε	undetermined	0	2	οὔτασε:2S, οὔτασεν:2S
ουταση	undetermined	0	1	οὐτάσῃ:2S
ουτιδα	S	0	3	οὐτιδανοῖο:2S, οὐτιδανοῖσιν:2S, οὐτιδανός:2S
ουτιδανο	S	0	3	οὐτιδανοῖο:3S, οὐτιδανοῖσιν:3S, οὐτιδανός:3S
οφρυσι	undetermined	0	2	ὀφρύσι:2S, ὀφρύσιν:2S
οχησατο	undetermined	0	1	ὀχήσατο:3S
οψιγο	undetermined	0	2	ὀψίγονος:2S, ὀψιγόνων:2S
οψιμο	undetermined	0	1	ὄψιμον:2S
οψιτε	undetermined	0	1	ὀψιτέλεστον:2S
παγη	undetermined	0	1	πάγη:1S
παγο	undetermined	0	1	πάγοι:1S
παθε	S	0	3	πάθεν:1S, πάθες:1S, πάθετʼ:1S
παθη	S	0	5	πάθῃ:1S, πάθῃς:1S, πάθῃσθα:1S, πάθῃσι:1S, πάθῃσιν:1S
παθο	S	0	11	πάθοι:1S, πάθοιεν:1S, πάθοιμεν:1S, πάθοιμι:1S, πάθομεν:1S, πάθον:1S, παθόντʼ:1S, παθόντα:1S
παθω	S	0	4	πάθω:1S, πάθωμεν:1S, παθών:1S, πάθωσιν:1S
παιονιδη	undetermined	0	1	παιονίδην:3S
παιπαλο	S	0	4	παιπαλόεντος:2S, παιπαλόεσσαν:2S, παιπαλοέσσῃ:2S, παιπαλοέσσης:2S
παισατε	undetermined	0	1	παίσατε:2S
παλα	S	0	27	πάλαι:1S, παλαιά:1S, παλαιαί:1S, παλαιγενέϊ:1S, παλαιγενές:1S, παλαιή:1S, παλαιμοσύνῃ:1S, παλαιμοσύνης:1S
παλαιμοσυνη	undetermined	0	2	παλαιμοσύνῃ:4S, παλαιμοσύνης:4S
παλαισμοσυνη	undetermined	0	1	παλαισμοσύνης:4S
παλαιφατα	undetermined	0	1	παλαίφατα:3S
παλαιφατο	undetermined	0	1	παλαιφάτου:3S
παλαμα	undetermined	0	1	παλαμάων:2S
παλαμαω	undetermined	1	0	παλαμάων:3L
παλαμη	S	0	5	παλάμῃ:2S, παλάμῃς:2S, παλάμῃσι:2S, παλάμῃσιν:2S, παλάμηφιν:2S
παλη	undetermined	0	1	πάλῃ:1S
παλι	S	0	13	παλίλλογα:1S, παλιμπετές:1S, παλιμπλαγχθέντα:1S, παλιμπλαγχθέντας:1S, πάλιν:1S, παλινάγρετον:1S, παλίνορσος:1S, παλίντιτα:1S
παλινα	undetermined	0	1	παλινάγρετον:2S
παλινο	undetermined	0	1	παλίνορσος:2S
παλιντιτα	undetermined	0	1	παλίντιτα:3S
παλιω	undetermined	2	0	παλίωξιν:2L, παλίωξις:2L
παλλακι	S	0	3	παλλακίδι:2S, παλλακίδος:2S, παλλακίς:2S
παλλακιδι	undetermined	0	1	παλλακίδι:3S
παλλακιδο	undetermined	0	1	παλλακίδος:3S
παλυ	S	0	5	παλύνας:1S, πάλυνε:1S, παλύνειν:1S, πάλυνεν:1S, πάλυνον:1S
παλυνα	undetermined	1	0	παλύνας:2L
παλυνε	L	3	0	πάλυνε:2L, παλύνειν:2L, πάλυνεν:2L
παλυνο	undetermined	1	0	πάλυνον:2L
παμμελανα	undetermined	0	1	παμμέλανας:3S
παμποικιλα	undetermined	0	1	παμποίκιλα:3S
παμποικιλο	undetermined	0	1	παμποίκιλοι:3S
πανα	S	1	11	πανάγρου:1S, παναίθῃσιν:1S, παναίολον:1S, παναίολος:1S, παναπάλῳ:1L, πανάποτμος:1S, πανάργυρον:1S, παναφήλικα:1S
παναπο	undetermined	0	1	πανάποτμος:2S
παναργυρο	undetermined	0	1	πανάργυρον:3S
παναφη	undetermined	0	1	παναφήλικα:2S
παναφηλικα	undetermined	0	1	παναφήλικα:4S
παναχα	S	0	3	παναχαιοί:2S, παναχαιούς:2S, παναχαιῶν:2S
πανδαμα	undetermined	0	1	πανδαμάτωρ:2S
πανδαματω	undetermined	0	1	πανδαμάτωρ:3S
πανδαρε	undetermined	0	1	πάνδαρε:2S
πανδαρο	undetermined	0	2	πάνδαρον:2S, πάνδαρος:2S
πανδιω	undetermined	1	0	πανδίων:2L
πανε	undetermined	0	1	πανέλληνας:1S
πανη	S	0	6	πανῆμαρ:1S, πανημερίη:1S, πανημερίης:1S, πανημέριοι:1S, πανημερίοις:1S, πανημέριος:1S
πανθοιδα	undetermined	0	1	πανθοΐδαο:3S
πανθοιδαο	undetermined	1	0	πανθοΐδαο:4L
πανθοιδη	undetermined	0	2	πανθοΐδην:3S, πανθοΐδης:3S
πανθυμα	undetermined	1	0	πανθυμαδόν:2L
παννυχι	S	0	4	παννυχίη:2S, παννύχιοι:2S, παννύχιον:2S, παννύχιος:2S
παννυχο	undetermined	0	2	πάννυχον:2S, πάννυχος:2S
πανο	S	0	7	πανομφαίῳ:1S, πανόπη:1S, πανοπῆα:1S, πανοπῆϊ:1S, πανοπῆος:1S, πάνορμοι:1S, πανόψιον:1S
πανσυδι	undetermined	0	1	πανσυδίῃ:2S
πανυ	undetermined	0	2	πανυπερτάτη:1S, πανύστατος:1S
πανυπε	undetermined	0	1	πανυπερτάτη:2S
πανυπερτατη	undetermined	0	1	πανυπερτάτη:4S
πανυστατο	undetermined	0	1	πανύστατος:3S
παπτηνασα	undetermined	1	0	παπτήνασα:3L
παρα	S	0	63	πάρα:1S, παρά:1S, παραβαλλόμενος:1S, παραβλήδην:1S, παραβλῶπες:1S, παραδραθέειν:1S, παραδραμέτην:1S, παραδύμεναι:1S
παραβα	undetermined	0	1	παραβαλλόμενος:2S
παραδραμε	undetermined	0	1	παραδραμέτην:3S
παραδυ	undetermined	0	1	παραδύμεναι:2S
παραδυμε	undetermined	1	0	παραδύμεναι:3L
παραθε	S	0	3	παραθείμην:2S, παραθεῖτο:2S, παράθες:2S
παραθη	undetermined	0	1	παραθήσομεν:2S
παραι	undetermined	1	0	παραΐσσοντος:2L
παραιβατα	undetermined	0	1	παραιβάται:3S
παραιπεπιθη	undetermined	0	1	παραιπεπίθῃσιν:4S
παραιπεπιθο	undetermined	0	1	παραιπεπιθοῦσα:4S
παραιφαμε	undetermined	0	1	παραιφάμενος:3S
παραιφασι	undetermined	0	1	παραίφασις:3S
παρακα	undetermined	0	2	παρακάββαλεν:2S, παρακάββαλον:2S
παρακαββαλε	undetermined	0	1	παρακάββαλεν:4S
παρακαββαλο	undetermined	0	1	παρακάββαλον:4S
παρακε	undetermined	0	1	παράκειται:2S
παρακλιδο	undetermined	0	1	παρακλιδόν:3S
παρακλινα	undetermined	1	0	παρακλίνας:3L
παρακο	S	0	5	παρακοίτας:2S, παρακοίτης:2S, παρακοίτι:2S, παράκοιτιν:2S, παράκοιτις:2S
παρακρεμασα	undetermined	0	1	παρακρεμάσας:4S
παραλε	undetermined	0	1	παραλέξομαι:2S
παραμε	undetermined	0	1	παραμειψάμενος:2S
παραμειψαμε	undetermined	0	1	παραμειψάμενος:4S
παραμι	undetermined	0	1	παραμίμνων:2S
παραμυ	undetermined	0	2	παραμυθησαίμην:2S, παραμυθήσασθαι:2S
παραμυθη	undetermined	2	0	παραμυθησαίμην:3L, παραμυθήσασθαι:3L
παρανη	undetermined	0	1	παρανήξομαι:2S
παραπλαγξασα	undetermined	1	0	παραπλάγξασα:4L
παρασταδο	undetermined	0	1	παρασταδόν:3S
παρατε	undetermined	0	2	παρατεκτήναιο:2S, παρατεκτήναιτο:2S
παραφη	undetermined	0	1	παράφημι:2S
παραφθαμε	undetermined	0	1	παραφθάμενος:3S
παρδαλι	S	0	3	παρδάλιος:2S, πάρδαλις:2S, παρδαλίων:2S
παρε	S	3	73	παρέβασκε:1S, παρεγίγνετο:1S, παρεδέξατο:1S, παρέδραθεν:1S, παρέδραμεν:1S, παρέδραμον:1S, παρέζεο:1S, παρέζετο:1S
παρεδεξατο	undetermined	0	1	παρεδέξατο:4S
παρεδραθε	undetermined	0	1	παρέδραθεν:3S
παρεδραμε	undetermined	0	1	παρέδραμεν:3S
παρεδραμο	undetermined	0	1	παρέδραμον:3S
παρεκπροφυγη	undetermined	0	1	παρεκπροφύγῃσιν:4S
παρελεξατο	undetermined	0	1	παρελέξατο:4S
παρεξελαση	undetermined	0	1	παρεξελάσῃσθα:4S
παρεσταμε	undetermined	0	1	παρεστάμεναι:3S
παρετυγχανε	undetermined	0	1	παρετύγχανε:4S
παρη	S	0	19	παρῆεν:1S, παρηέρθη:1S, παρήϊα:1S, παρήϊξαν:1S, παρήϊξεν:1S, παρήϊον:1S, παρήλασαν:1S, παρήλασε:1S
παρηλασα	undetermined	0	1	παρήλασαν:3S
παρηλασε	undetermined	0	1	παρήλασε:3S
παρηπαφε	undetermined	0	1	παρήπαφεν:3S
παρθενικα	undetermined	0	1	παρθενικαί:3S
παρθενικη	undetermined	0	1	παρθενικῇ:3S
παρι	S	0	16	παρῖζεν:1S, πάριν:1S, πάριος:1S, πάρις:1S, παρίσταμαι:1S, παριστάμεναι:1S, παρισταμένη:1S, παριστάμενοι:1S
παρισταμα	undetermined	0	1	παρίσταμαι:3S
παρισταμε	S	0	4	παριστάμεναι:3S, παρισταμένη:3S, παριστάμενοι:3S, παριστάμενος:3S
παριστασα	undetermined	0	1	παρίστασαι:3S
παριστατα	undetermined	0	1	παρίσταται:3S
παριστατο	undetermined	0	1	παρίστατο:3S
παρκατε	undetermined	0	1	παρκατέλεκτο:2S
παρο	S	0	7	πάροιθʼ:1S, πάροιθε:1S, πάροιθεν:1S, παροίτεραι:1S, παροίτεροι:1S, παροίχωκεν:1S, πάρος:1S
παρπεπιθο	undetermined	0	1	παρπεπιθόντες:3S
παρπεπιθω	undetermined	0	1	παρπεπιθών:3S
παρρασι	undetermined	0	1	παρρασίην:2S
παρτιθε	undetermined	0	1	παρτιθεῖ:2S
παρφαμε	undetermined	0	1	παρφάμενος:2S
παρφασι	undetermined	0	1	πάρφασις:2S
παρω	undetermined	0	1	παρῴχετο:1S
πασα	undetermined	3	3	πάσαις:1L, πασάμην:1S, πάσαντο:1S, πάσας:1L, πάσασθαι:1S, πασάων:1L
πασαμη	undetermined	0	1	πασάμην:2S
πασαω	undetermined	1	0	πασάων:2L
πασε	undetermined	1	0	πασέων:1L
παση	L	3	0	πάσῃ:1L, πάσης:1L, πάσῃσιν:1L
πασι	undetermined	1	0	πασιθέην:1L
πασσαλο	undetermined	0	2	πασσάλου:2S, πασσαλόφι:2S
πασσαλω	undetermined	0	1	πασσάλῳ:2S
πασσαμε	undetermined	0	2	πασσάμενος:2S, πασσαμένω:2S
πατα	S	0	5	πάταγος:1S, πατάγῳ:1S, πάτασσε:1S, πατάσσει:1S, πάτασσεν:1S
παταγο	undetermined	0	1	πάταγος:2S
παταγω	undetermined	0	1	πατάγῳ:2S
πατε	S	0	8	πάτερ:1S, πατέρ:1S, πάτερʼ:1S, πατέρʼ:1S, πατέρα:1S, πατέρι:1S, πατέρος:1S, πατέρων:1S
πατη	undetermined	0	2	πατήρ:1S, πάτησαν:1S
πατο	S	0	3	πάτον:1S, πάτος:1S, πάτου:1S
πατριδα	undetermined	0	1	πατρίδα:2S
πατριδι	undetermined	0	1	πατρίδι:2S
πατριδο	undetermined	0	1	πατρίδος:2S
πατροκασι	S	0	3	πατροκασιγνήτοιο:3S, πατροκασίγνητον:3S, πατροκασιγνήτῳ:3S
παυσαμε	S	0	5	παυσάμεθα:2S, παύσαμεν:2S, παυσάμενοι:2S, παυσάμενον:2S, παυσαμένους:2S
παυσασα	undetermined	1	0	παύσασαι:2L
παυσατο	undetermined	0	1	παύσατο:2S
παφλαγο	S	0	3	παφλαγόνες:2S, παφλαγόνεσσι:2S, παφλαγόνων:2S
παφο	undetermined	0	1	πάφον:1S
παχε	undetermined	0	2	πάχετον:1S, πάχετος:1S
παχι	undetermined	0	1	πάχιστος:1S
παχο	undetermined	0	1	πάχος:1S
παχυ	S	0	3	παχύ:1S, παχύν:1S, παχύς:1S
πεδιλα	undetermined	1	0	πέδιλα:2L
πειθοιατο	undetermined	0	1	πειθοίατο:3S
πειναο	undetermined	2	0	πεινάοντα:2L, πεινάοντε:2L
πειναω	undetermined	1	0	πεινάων:2L
πειραιδα	undetermined	0	1	πειραΐδαο:3S
πειραιδαο	undetermined	1	0	πειραΐδαο:4L
πειρασι	undetermined	0	1	πείρασι:2S
πειρατα	undetermined	0	1	πείρατα:2S
πειρατω	undetermined	1	0	πειράτω:2L
πειρησατο	undetermined	0	1	πειρήσατο:3S
πεισιστρατε	undetermined	0	1	πεισίστρατε:3S
πεισιστρατο	undetermined	0	2	πεισίστρατον:3S, πεισίστρατος:3S
πεισματα	undetermined	0	1	πείσματα:2S
πελαγε	undetermined	0	2	πελάγει:2S, πελάγεσσι:2S
πελαγο	undetermined	0	2	πελάγοντα:2S, πέλαγος:2S
πελαγω	undetermined	0	1	πελάγων:2S
πελασα	S	0	3	πελάσαι:2S, πελασαίατο:2S, πέλασαν:2S
πελασαιατο	undetermined	0	1	πελασαίατο:4S
πελασγικε	undetermined	0	1	πελασγικέ:3S
πελασγικο	undetermined	0	1	πελασγικόν:3S
πελασε	undetermined	0	2	πέλασε:2S, πέλασεν:2S
πελαση	undetermined	0	2	πελάσῃ:2S, πελάσῃς:2S
πελασσατε	undetermined	0	1	πελάσσατε:3S
πελειαδε	undetermined	0	1	πελειάδες:3S
πελιαο	undetermined	1	0	πελίαο:3L
πεντακο	undetermined	1	0	πεντακόσιοι:2L
πενταχα	undetermined	0	1	πένταχα:2S
πεξαμε	undetermined	0	1	πεξαμένη:2S
πεπαθυ	undetermined	0	1	πεπαθυίῃ:2S
πεπαλα	S	0	4	πεπαλαγμένον:2S, πεπάλακτο:2S, πεπαλάσθαι:2S, πεπάλασθε:2S
πεπιθε	undetermined	0	1	πεπιθεῖν:2S
πεπιθη	undetermined	0	1	πεπιθήσω:2S
πεπιθο	S	0	4	πεπίθοιεν:2S, πεπίθοιθʼ:2S, πεπίθοιμεν:2S, πεπιθοῦσα:2S
πεπιθω	undetermined	0	1	πεπίθωμεν:2S
πεπνυμε	L	6	0	πεπνυμένα:2L, πεπνυμένε:2L, πεπνυμένον:2L, πεπνυμένος:2L, πεπνυμένω:2L, πεπνυμένῳ:2L
πεπνυσα	undetermined	1	0	πέπνυσαι:2L
πεπνυσο	undetermined	1	0	πέπνυσο:2L
πεποιθασι	undetermined	1	0	πεποίθασιν:3L
πεποτηατα	undetermined	0	1	πεποτήαται:4S
πεπταμε	undetermined	0	1	πεπταμένας:2S
πεπτατα	undetermined	0	1	πέπταται:2S
πεπτατο	undetermined	0	1	πέπτατο:2S
πεπυθο	undetermined	0	1	πεπύθοιτʼ:2S
πεπυκα	undetermined	0	2	πεπυκασμένα:2S, πεπυκασμένος:2S
περασα	undetermined	0	1	πέρασαν:2S
περασε	undetermined	0	1	περάσειε:2S
περαση	undetermined	0	1	περάσητε:2S
περατη	undetermined	0	1	περάτῃ:2S
περγαμο	undetermined	0	2	πέργαμον:2S, περγάμου:2S
περγαμω	undetermined	0	1	περγάμῳ:2S
περγασι	undetermined	0	1	περγασίδην:2S
περγασιδη	undetermined	0	1	περγασίδην:3S
περησαμε	undetermined	0	1	περήσαμεν:3S
περιαγνυτα	undetermined	0	1	περιάγνυται:4S
περιβα	S	0	6	περίβαλλε:2S, περιβάλλει:2S, περιβάλλετον:2S, περιβαλλομένους:2S, περιβάντα:2S, περιβάς:2S
περιβη	S	0	3	περίβη:2S, περιβῆναι:2S, περίβησαν:2S
περιβο	undetermined	0	1	περίβοια:2S
περιγι	undetermined	0	2	περιγίγνεται:2S, περιγιγνόμεθʼ:2S
περιδε	undetermined	3	2	περιδείδια:2S, περίδεισαν:2L, περιδείσαντες:2L, περιδείσασʼ:2L, περιδέξιος:2S
περιδραμο	undetermined	0	1	περίδραμον:3S
περιδυ	undetermined	0	1	περίδυσε:2S
περιδυσε	undetermined	1	0	περίδυσε:3L
περιδω	undetermined	0	2	περιδώμεθον:2S, περιδώσομαι:2S
περιθε	undetermined	0	1	περιθεῖεν:2S
περικα	S	0	7	περικαλλέʼ:2S, περικαλλέα:2S, περικαλλέας:2S, περικαλλέϊ:2S, περικαλλέος:2S, περικαλλές:2S, περικαλλής:2S
περικε	S	0	3	περικείμενον:2S, περίκειται:2S, περίκειτο:2S
περικη	undetermined	0	2	περικήδετο:2S, περίκηλα:2S
περικλυμε	undetermined	0	1	περικλύμενον:3S
περικλυτα	undetermined	0	1	περικλυτά:3S
περικλυτο	S	0	3	περικλυτόν:3S, περικλυτός:3S, περικλυτοῦ:3S
περικτιτα	undetermined	0	1	περικτίται:3S
περιμα	undetermined	0	1	περιμαιμώωσα:2S
περιμε	undetermined	0	1	περίμετρον:2S
περιμη	S	0	10	περιμήδεος:2S, περιμήδης:2S, περιμήκεα:2S, περιμήκεες:2S, περιμήκεϊ:2S, περιμήκεος:2S, περίμηκες:2S, περιμήκετον:2S
περιμο	undetermined	0	1	πέριμον:2S
περινα	S	0	3	περιναιέται:2S, περιναιετάουσι:2S, περιναιετάουσιν:2S
περιπε	undetermined	0	1	περιπευκές:2S
περιπροχυθε	undetermined	0	1	περιπροχυθείς:4S
περιρρυτο	undetermined	0	1	περίρρυτος:3S
περισταδο	undetermined	0	1	περισταδόν:3S
περισταθη	undetermined	0	1	περιστάθη:3S
περιστειλασα	undetermined	1	0	περιστείλασα:4L
περιστεναχι	undetermined	0	2	περιστεναχίζεται:4S, περιστεναχίζετο:4S
περιτα	undetermined	0	1	περιταμνομένους:2S
περιτε	S	0	3	περιτελλομένου:2S, περιτελλομένους:2S, περιτελλομένων:2S
περιφα	S	0	4	περιφαινομένοιο:2S, περιφαινομένῳ:2S, περίφαντα:2S, περίφαντι:2S
περιφη	undetermined	0	1	περιφήτην:2S
περιφυ	S	0	3	περιφῦναι:2S, περιφύς:2S, περιφῦσʼ:2S
περιχε	S	0	5	περιχεύας:2S, περίχευε:2S, περίχευεν:2S, περιχεύεται:2S, περιχεύῃ:2S
περιχω	undetermined	0	1	περιχώσατο:2S
περιχωσατο	undetermined	0	1	περιχώσατο:4S
περναμε	undetermined	0	1	περνάμενʼ:2S
περονησατο	undetermined	0	1	περονήσατο:4S
περσηιαδα	undetermined	0	1	περσηϊάδαο:4S
περσηιαδαο	undetermined	1	0	περσηϊάδαο:5L
πεταλο	undetermined	0	2	πετάλοις:2S, πετάλοισι:2S
πετασα	undetermined	0	1	πέτασαν:2S
πετασε	undetermined	0	1	πετάσειε:2S
πετραω	undetermined	1	0	πετράων:2L
πευκαλι	undetermined	0	2	πευκαλίμῃσι:2S, πευκαλίμῃσιν:2S
πευκαλιμη	undetermined	0	2	πευκαλίμῃσι:3S, πευκαλίμῃσιν:3S
πευκεδανο	undetermined	0	1	πευκεδανοῖο:3S
πεφατα	undetermined	0	1	πέφαται:2S
πεφιδε	undetermined	0	1	πεφιδέσθαι:2S
πεφιδη	undetermined	0	1	πεφιδήσεται:2S
πεφιδο	undetermined	0	2	πεφιδοίμην:2S, πεφίδοιτο:2S
πεφοβηατο	undetermined	0	1	πεφοβήατο:4S
πεφραδε	undetermined	0	2	πέφραδε:2S, πεφραδέμεν:2S
πεφραδο	undetermined	0	1	πεφράδοι:2S
πεφρικα	undetermined	2	0	πεφρίκασι:2L, πεφρίκασιν:2L
πεφρικασι	undetermined	2	0	πεφρίκασι:3L, πεφρίκασιν:3L
πεφρικυ	undetermined	1	0	πεφρικυῖαι:2L
πεφυασι	undetermined	2	0	πεφύασι:3L, πεφύασιν:3L
πεφυκα	undetermined	1	0	πεφύκασι:2L
πεφυκασι	undetermined	0	1	πεφύκασι:3S
πεφυκε	undetermined	1	0	πεφύκει:2L
πεφυλα	undetermined	0	1	πεφυλαγμένος:2S
πηγεσιμα	undetermined	0	1	πηγεσιμάλλῳ:3S
πηγνυτα	undetermined	0	1	πήγνυται:2S
πηγυλι	undetermined	0	1	πηγυλίς:2S
πηδαλι	undetermined	0	2	πηδάλιʼ:2S, πηδάλιον:2S
πηδασο	undetermined	0	1	πήδασον:2S
πηλειδαο	undetermined	1	0	πηλεΐδαο:4L
πηληιαδα	undetermined	0	1	πηληϊάδαο:4S
πηληιαδαο	undetermined	1	0	πηληϊάδαο:5L
πηληιαδε	undetermined	0	1	πηληϊάδεω:4S
πηλιαδα	undetermined	0	1	πηλιάδα:3S
πηματα	undetermined	0	1	πήματα:2S
πηματο	undetermined	0	1	πήματος:2S
πιδα	undetermined	1	0	πίδακος:1L
πιδακο	undetermined	0	1	πίδακος:2S
πιδη	undetermined	1	0	πιδηέσσης:1L
πιδυ	undetermined	1	0	πιδύτην:1L
πιδυτη	undetermined	1	0	πιδύτην:2L
πιε	L	6	0	πίειρα:1L, πίειραν:1L, πιείρας:1L, πιείρῃ:1L, πιέμεν:1L, πιερίην:1L
πιθε	S	0	5	πίθεσθʼ:1S, πιθέσθαι:1S, πίθεσθε:1S, πιθέσθην:1S, πιθέσθων:1S
πιθη	S	0	4	πίθηαι:1S, πιθήσας:1S, πιθήσεις:1S, πίθηται:1S
πιθο	S	0	5	πίθοι:1S, πιθοίατο:1S, πίθοιο:1S, πιθόμην:1S, πίθοντο:1S
πιθοιατο	undetermined	0	1	πιθοίατο:3S
πιθω	undetermined	0	2	πιθώμεθα:1S, πίθων:1S
πικρογαμο	undetermined	0	1	πικρόγαμοι:3S
πιλνατα	undetermined	0	1	πίλναται:2S
πιλνατο	undetermined	0	1	πίλνατο:2S
πιμπλανε	undetermined	0	1	πιμπλάνεται:2S
πινα	undetermined	0	2	πίνακας:1S, πίνακι:1S
πινακα	undetermined	0	1	πίνακας:2S
πινακι	undetermined	0	1	πίνακι:2S
πινε	L	7	0	πίνειν:1L, πινέμεν:1L, πινέμεναι:1L, πίνεσκεν:1L, πίνετʼ:1L, πίνετε:1L, πίνετο:1L
πινη	undetermined	1	0	πίνῃ:1L
πινο	L	12	0	πίνοιεν:1L, πινομένοιο:1L, πίνοντʼ:1L, πίνοντα:1L, πίνοντας:1L, πίνοντε:1L, πίνοντες:1L, πινόντων:1L
πινυ	S	0	5	πινυτή:1S, πινυτῇ:1S, πινυτήν:1S, πινυτός:1S, πινυτούς:1S
πινυτη	S	0	3	πινυτή:2S, πινυτῇ:2S, πινυτήν:2S
πινυτο	undetermined	0	2	πινυτός:2S, πινυτούς:2S
πινω	undetermined	2	0	πίνων:1L, πίνωσιν:1L
πιο	L	8	0	πιόμενʼ:1L, πιόμενος:1L, πίονα:1L, πίονας:1L, πίονες:1L, πίονι:1L, πίονος:1L, πιότατον:1L
πιοτατο	undetermined	0	1	πιότατον:3S
πισε	undetermined	1	0	πίσεα:1L
πιστοτατο	undetermined	0	1	πιστότατος:3S
πισυ	S	0	4	πίσυνοι:1S, πίσυνος:1S, πίσυρας:1S, πίσυρες:1S
πισυνο	undetermined	0	2	πίσυνοι:2S, πίσυνος:2S
πισυρα	undetermined	0	1	πίσυρας:2S
πισυρε	undetermined	0	1	πίσυρες:2S
πιτυ	S	0	3	πιτύειαν:1S, πίτυς:1S, πίτυσσιν:1S
πιφα	undetermined	1	7	πίφαυσκε:1L, πιφαύσκεαι:1S, πιφαυσκέμεν:1S, πιφαύσκεο:1S, πιφαύσκεται:1S, πιφαύσκομαι:1S, πιφαυσκόμενος:1S, πίφαυσκον:1S
πλαγκτοσυνη	undetermined	0	1	πλαγκτοσύνης:3S
πλατα	S	0	3	πλάταιαν:1S, πλατάνιστον:1S, πλατανίστῳ:1S
πλατανι	undetermined	0	2	πλατάνιστον:2S, πλατανίστῳ:2S
πλατε	undetermined	0	2	πλατέʼ:1S, πλατεῖ:1S
πλατυ	undetermined	0	1	πλατύν:1S
πλεξαμε	undetermined	0	1	πλεξάμενος:2S
πληιαδα	undetermined	0	2	πληιάδας:3S, πληϊάδας:3S
πλημυρι	undetermined	0	1	πλημυρίς:2S
πληξαμε	undetermined	0	1	πληξάμενος:2S
πλησαιατο	undetermined	0	1	πλησαίατο:3S
πλησαμε	undetermined	0	2	πλησάμενοι:2S, πλησάμενος:2S
πλησασα	undetermined	1	0	πλήσασα:2L
πλοκαμο	undetermined	0	1	πλοκάμους:2S
πλυνα	undetermined	1	0	πλύνασʼ:1L
πλυνε	undetermined	1	0	πλύνεσκον:1L
πλυνο	undetermined	1	1	πλυνοί:1S, πλυνούσῃ:1L
ποδαλε	undetermined	0	1	ποδαλείριος:2S
ποδανι	undetermined	0	1	ποδάνιπτρα:2S
ποιησατο	undetermined	0	1	ποιήσατο:3S
ποικιλα	undetermined	0	1	ποικίλα:2S
ποικιλη	undetermined	0	1	ποικίλῃ:2S
ποικιλμασι	undetermined	0	1	ποικίλμασιν:3S
ποικιλο	S	0	4	ποικιλομῆτα:2S, ποικιλομήτην:2S, ποικίλον:2S, ποικίλου:2S
ποιπνυο	undetermined	2	0	ποίπνυον:2L, ποιπνύοντα:2L
ποιπνυσα	undetermined	2	0	ποιπνύσαντι:2L, ποιπνύσασαι:2L
ποιπνυσασα	undetermined	1	0	ποιπνύσασαι:3L
πολια	undetermined	1	0	πόλιας:2L
πολιοκροταφο	undetermined	0	1	πολιοκροτάφους:5S
πολισσαμε	undetermined	0	1	πολίσσαμεν:3S
πολιτα	undetermined	1	0	πολίτας:2L
πολιτη	L	3	0	πολίτῃ:2L, πολίτην:2L, πολίτης:2L
πολλακι	undetermined	0	2	πολλάκι:2S, πολλάκις:2S
πολλαω	undetermined	1	0	πολλάων:2L
πολυαι	undetermined	2	0	πολυάικος:3L, πολυάϊκος:3L
πολυαικο	undetermined	2	0	πολυάικος:4L, πολυάϊκος:4L
πολυαιμονιδη	undetermined	0	1	πολυαιμονίδην:5S
πολυαρη	undetermined	1	0	πολυάρητος:3L
πολυβε	undetermined	0	1	πολυβενθέος:2S
πολυβο	S	0	6	πολύβοιο:2S, πόλυβον:2S, πόλυβος:2S, πολύβου:2S, πολύβουλος:2S, πολυβοῦται:2S
πολυγη	undetermined	0	1	πολυγηθέες:2S
πολυδα	S	0	11	πολυδαίδαλοι:2S, πολυδαίδαλον:2S, πολυδαίδαλος:2S, πολυδαιδάλου:2S, πολυδαιδάλῳ:2S, πολύδακρυν:2S, πολυδακρύου:2S, πολύδακρυς:2S
πολυδαιδαλο	S	0	4	πολυδαίδαλοι:4S, πολυδαίδαλον:4S, πολυδαίδαλος:4S, πολυδαιδάλου:4S
πολυδαιδαλω	undetermined	0	1	πολυδαιδάλῳ:4S
πολυδακρυτο	undetermined	2	0	πολυδακρύτοιο:4L, πολυδάκρυτος:4L
πολυδε	S	0	4	πολυδειράδος:2S, πολυδένδρεον:2S, πολυδέσμου:2S, πολυδεύκεα:2S
πολυδειραδο	undetermined	0	1	πολυδειράδος:4S
πολυδι	undetermined	0	1	πολυδίψιον:2S
πολυδω	S	0	3	πολυδώρη:2S, πολύδωρον:2S, πολύδωρος:2S
πολυζυγω	undetermined	0	1	πολυζύγῳ:3S
πολυηρατο	undetermined	0	2	πολυήρατον:4S, πολυηράτου:4S
πολυηρατω	undetermined	0	1	πολυηράτῳ:4S
πολυθα	undetermined	0	1	πολυθαρσές:2S
πολυθε	undetermined	0	1	πολυθερσεΐδη:2S
πολυιδο	undetermined	2	0	πολύϊδος:3L, πολυΐδου:3L
πολυκα	S	0	3	πολυκαγκέα:2S, πολυκάρπου:2S, πολυκάστη:2S
πολυκε	S	0	3	πολυκερδέα:2S, πολυκερδείῃσιν:2S, πολύκεστος:2S
πολυκη	undetermined	0	2	πολυκηδέʼ:2S, πολυκηδέα:2S
πολυκληιδι	undetermined	1	0	πολυκλήϊδι:4L
πολυκληισι	undetermined	1	0	πολυκλήϊσι:4L
πολυκο	undetermined	0	1	πολυκοιρανίη:2S
πολυκοιρανι	undetermined	0	1	πολυκοιρανίη:4S
πολυκτοριδα	undetermined	0	1	πολυκτορίδαο:4S
πολυκτοριδαο	undetermined	1	0	πολυκτορίδαο:5L
πολυκτοριδη	undetermined	0	1	πολυκτορίδης:4S
πολυλη	undetermined	0	1	πολυλήϊος:2S
πολυμη	S	0	9	πολυμήλη:2S, πολύμηλον:2S, πολυμήλου:2S, πολυμήτιος:2S, πολυμήτις:2S, πολύμητις:2S, πολυμήχανʼ:2S, πολυμηχανίην:2S
πολυμηχανι	undetermined	0	1	πολυμηχανίην:4S
πολυμηχανο	undetermined	0	1	πολυμήχανος:4S
πολυμυ	undetermined	0	2	πολύμυθον:2S, πολύμυθος:2S
πολυμυθο	undetermined	2	0	πολύμυθον:3L, πολύμυθος:3L
πολυνε	undetermined	0	1	πολυνείκεϊ:2S
πολυνη	undetermined	0	1	πολυνήου:2S
πολυπα	undetermined	0	2	πολυπαίπαλοι:2S, πολυπάμονος:2S
πολυπαιπαλο	undetermined	0	1	πολυπαίπαλοι:4S
πολυπαμο	undetermined	1	0	πολυπάμονος:3L
πολυπε	S	0	3	πολυπενθέα:2S, πολυπενθέος:2S, πολυπενθές:2S
πολυπη	undetermined	0	1	πολυπημονίδαο:2S
πολυπημονιδα	undetermined	0	1	πολυπημονίδαο:5S
πολυπημονιδαο	undetermined	1	0	πολυπημονίδαο:6L
πολυπι	S	0	3	πολυπίδακα:2S, πολυπίδακος:2S, πολύπικρα:2S
πολυπιδα	undetermined	2	0	πολυπίδακα:3L, πολυπίδακος:3L
πολυπιδακα	undetermined	0	1	πολυπίδακα:4S
πολυπιδακο	undetermined	0	1	πολυπίδακος:4S
πολυπο	S	0	3	πολυποίταο:2S, πολυποίτην:2S, πολυποίτης:2S
πολυποιταο	undetermined	1	0	πολυποίταο:4L
πολυπτυχο	undetermined	0	1	πολυπτύχου:3S
πολυπυ	S	0	4	πολύπυρον:2S, πολύπυρος:2S, πολυπύρου:2S, πολυπύρῳ:2S
πολυπυρο	L	3	0	πολύπυρον:3L, πολύπυρος:3L, πολυπύρου:3L
πολυπυρω	undetermined	1	0	πολυπύρῳ:3L
πολυσταφυ	undetermined	0	1	πολυστάφυλον:3S
πολυσταφυλο	undetermined	0	1	πολυστάφυλον:4S
πολυφα	undetermined	0	2	πολυφάρμακοι:2S, πολυφαρμάκου:2S
πολυφαρμακο	undetermined	0	2	πολυφάρμακοι:4S, πολυφαρμάκου:4S
πολυφε	undetermined	0	1	πολυφείδεα:2S
πολυφη	S	0	4	πολύφημʼ:2S, πολύφημον:2S, πολύφημος:2S, πολυφήτην:2S
πολυφο	S	0	3	πολυφόντης:2S, πολυφόρβην:2S, πολυφόρβου:2S
πολυχα	S	0	3	πολύχαλκον:2S, πολύχαλκος:2S, πολυχάλκου:2S
πολυχρυσο	undetermined	2	0	πολύχρυσον:3L, πολύχρυσος:3L
πονησαμε	undetermined	0	2	πονησάμενοι:3S, πονησάμενος:3S
πονησατο	undetermined	0	1	πονήσατο:3S
πορσυνε	undetermined	1	0	πόρσυνε:2L
πορτακι	undetermined	0	1	πόρτακι:2S
πορφυρε	undetermined	1	1	πόρφυρε:2L, πορφύρεʼ:2S
πορφυρη	undetermined	1	0	πορφύρῃ:2L
ποσειδαο	undetermined	1	0	ποσείδαον:3L
ποσειδαω	L	5	0	ποσειδάων:3L, ποσειδάωνʼ:3L, ποσειδάωνα:3L, ποσειδάωνι:3L, ποσειδάωνος:3L
ποσιδη	undetermined	0	2	ποσιδήιον:2S, ποσιδήϊον:2S
ποταμο	S	0	7	ποταμοί:2S, ποταμοῖο:2S, ποταμόν:2S, ποταμόνδε:2S, ποταμός:2S, ποταμοῦ:2S, ποταμούς:2S
ποταμω	S	0	3	ποταμώ:2S, ποταμῷ:2S, ποταμῶν:2S
ποτιδε	S	0	6	ποτιδέγμεναι:2S, ποτιδέγμενοι:2S, ποτιδέγμενον:2S, ποτιδέγμενος:2S, ποτιδεγμένω:2S, ποτιδέρκεται:2S
ποτιδο	undetermined	0	1	ποτιδόρπιον:2S
ποτικε	undetermined	0	1	ποτικέκλιται:2S
ποτικεκλιτα	undetermined	0	1	ποτικέκλιται:4S
ποτινι	undetermined	0	1	ποτινίσεται:2S
ποτινισε	undetermined	1	0	ποτινίσεται:3L
ποτιπε	undetermined	0	1	ποτιπεπτηυῖαι:2S
ποτιτε	undetermined	0	1	ποτιτερπέτω:2S
ποτιφω	undetermined	0	1	ποτιφωνήεις:2S
πουλυβο	undetermined	0	2	πουλυβότειραν:2S, πουλυβοτείρῃ:2S
πουλυδα	S	0	6	πουλυδάμα:2S, πουλυδάμαντʼ:2S, πουλυδάμαντα:2S, πουλυδάμαντι:2S, πουλυδάμαντος:2S, πουλυδάμας:2S
πουλυδαμα	S	0	6	πουλυδάμα:3S, πουλυδάμαντʼ:3S, πουλυδάμαντα:3S, πουλυδάμαντι:3S, πουλυδάμαντος:3S, πουλυδάμας:3S
πουλυπο	undetermined	0	1	πουλύποδος:2S
πραπι	S	0	3	πραπίδεσσι:1S, πραπίδεσσιν:1S, πραπίδων:1S
πραπιδε	undetermined	0	2	πραπίδεσσι:2S, πραπίδεσσιν:2S
πραπιδω	undetermined	0	1	πραπίδων:2S
πρασι	undetermined	0	1	πρασιαί:1S
πρεσβυγε	undetermined	0	1	πρεσβυγενής:2S
πρεσβυτα	S	0	4	πρεσβυτάτη:2S, πρεσβυτάτην:2S, πρεσβύτατον:2S, πρεσβύτατος:2S
πρεσβυτατη	undetermined	0	2	πρεσβυτάτη:3S, πρεσβυτάτην:3S
πρεσβυτατο	undetermined	0	2	πρεσβύτατον:3S, πρεσβύτατος:3S
πρεσβυτε	undetermined	0	2	πρεσβυτέροισιν:2S, πρεσβύτερος:2S
πρια	L	6	0	πριαμίδαο:1L, πριαμίδεω:1L, πριαμίδη:1L, πριαμίδῃ:1L, πριαμίδην:1L, πριαμίδης:1L
πριαμε	undetermined	0	1	πρίαμε:2S
πριαμι	S	0	6	πριαμίδαο:2S, πριαμίδεω:2S, πριαμίδη:2S, πριαμίδῃ:2S, πριαμίδην:2S, πριαμίδης:2S
πριαμιδα	undetermined	0	1	πριαμίδαο:3S
πριαμιδαο	undetermined	1	0	πριαμίδαο:4L
πριαμιδε	undetermined	0	1	πριαμίδεω:3S
πριαμιδη	S	0	4	πριαμίδη:3S, πριαμίδῃ:3S, πριαμίδην:3S, πριαμίδης:3S
πριαμο	S	0	4	πριάμοιο:2S, πρίαμον:2S, πρίαμος:2S, πριάμου:2S
πριαμω	undetermined	0	1	πριάμῳ:2S
πριατο	undetermined	0	1	πρίατο:2S
προαλε	undetermined	0	1	προαλεῖ:2S
προβαλε	undetermined	0	1	προβάλεσκε:2S
προβαλο	S	0	3	προβαλοίμην:2S, προβαλόντες:2S, προβάλοντο:2S
προβασι	undetermined	0	1	πρόβασιν:2S
προβιβα	undetermined	0	2	προβιβάντα:2S, προβιβάς:2S
προβιβω	undetermined	0	2	προβιβῶντι:2S, προβιβῶντος:2S
προερεσσαμε	undetermined	0	1	προερέσσαμεν:4S
προθυμι	undetermined	1	0	προθυμίῃσι:2L
προθυμιη	undetermined	1	0	προθυμίῃσι:3L
προθυρο	S	0	6	προθύροιο:2S, προθύροις:2S, προθύροισι:2S, προθύροισιν:2S, πρόθυρον:2S, προθύρου:2S
προιδο	undetermined	0	1	προϊδόντες:2S
προιδω	S	0	3	προϊδών:2S, προΐδωνται:2S, προΐδωσιν:2S
προκαθι	undetermined	0	1	προκαθιζόντων:2S
προκαλε	S	0	3	προκάλεσσαι:2S, προκαλέσσατο:2S, προκαλέσσεται:2S
προκαλεσσατο	undetermined	0	1	προκαλέσσατο:4S
προκαλι	undetermined	0	2	προκαλίζεο:2S, προκαλίζετο:2S
προκυλι	undetermined	0	1	προκυλίνδεται:2S
προλιπε	undetermined	0	1	προλιπεῖν:2S
προλιπο	undetermined	0	1	προλιπόντες:2S
προλιπω	undetermined	0	1	προλιπών:2S
προμαχε	undetermined	0	1	προμάχεσθαι:2S
προμαχι	undetermined	0	2	προμάχιζε:2S, προμάχιζεν:2S
προμαχο	S	0	8	πρόμαχοι:2S, προμάχοιο:2S, προμάχοις:2S, προμάχοισι:2S, προμάχοισιν:2S, πρόμαχον:2S, πρόμαχος:2S, προμάχους:2S
προμαχω	undetermined	0	1	προμάχων:2S
προμιγη	undetermined	0	1	προμιγῆναι:2S
προπαρο	S	0	3	προπάροιθʼ:2S, προπάροιθε:2S, προπάροιθεν:2S
προπασα	undetermined	1	0	προπάσας:2L
προπροκυλι	undetermined	0	1	προπροκυλινδόμενος:3S
προσαι	undetermined	1	0	προσαΐξας:2L
προσαλε	undetermined	0	1	προσάλειφεν:2S
προσαμυ	S	0	3	προσαμῦναι:2S, προσαμύνει:2S, προσαμύνομεν:2S
προσαμυνε	undetermined	1	0	προσαμύνει:3L
προσαμυνο	undetermined	1	0	προσαμύνομεν:3L
προσαρη	undetermined	0	1	προσαρηρότα:2S
προσαυδατω	undetermined	1	0	προσαυδάτω:3L
προσεκλινε	undetermined	1	0	προσέκλινε:3L
προσεπιλνατο	undetermined	0	1	προσεπίλνατο:4S
προσεστιχε	undetermined	0	1	προσέστιχε:3S
προσηγαγε	undetermined	0	1	προσήγαγε:3S
προσπελασα	undetermined	0	1	προσπελάσας:3S
προσπτυξατο	undetermined	0	1	προσπτύξατο:3S
προσφατο	undetermined	0	1	πρόσφατος:2S
προσωπασι	undetermined	0	1	προσώπασι:3S
προσωπατα	undetermined	0	1	προσώπατα:3S
προταμο	undetermined	0	1	προταμοίμην:2S
προταμω	undetermined	0	1	προταμών:2S
προτιαο	undetermined	1	0	προτιάονος:3L
προτιβα	undetermined	0	1	προτιβάλλεαι:2S
προτιθε	undetermined	0	1	πρότιθεν:2S
προτιμυ	undetermined	0	1	προτιμυθήσασθαι:2S
προτιμυθη	undetermined	1	0	προτιμυθήσασθαι:3L
προτραπε	undetermined	0	1	προτραπέσθαι:2S
προτραπη	undetermined	0	1	προτράπηται:2S
προτραπο	undetermined	0	1	προτραποίμην:2S
προτροπαδη	undetermined	0	1	προτροπάδην:3S
προφανε	undetermined	0	2	προφανέντʼ:2S, προφανέντε:2S
προφασι	undetermined	0	1	πρόφασιν:2S
προφερεστατο	undetermined	0	1	προφερέστατος:4S
προφυγε	undetermined	0	1	προφυγεῖν:2S
προφυγη	undetermined	0	1	προφύγῃ:2S
προφυγο	undetermined	0	2	προφύγοισθα:2S, προφυγόντα:2S
προφυγω	undetermined	0	1	προφυγών:2S
πρυμνοτατο	undetermined	0	1	πρυμνότατον:3S
πρυτα	undetermined	0	1	πρύτανιν:1S
πρυτανι	undetermined	0	1	πρύτανιν:2S
πρωτεσιλα	S	0	3	πρωτεσίλαον:3S, πρωτεσίλαος:3S, πρωτεσιλάου:3S
πρωτεσιλαο	L	3	0	πρωτεσίλαον:4L, πρωτεσίλαος:4L, πρωτεσιλάου:4L
πρωτοπαγε	undetermined	0	2	πρωτοπαγέα:3S, πρωτοπαγεῖς:3S
πταμε	undetermined	0	1	πταμένη:1S
πτατο	undetermined	0	1	πτάτο:1S
πτερυγε	undetermined	0	2	πτερύγεσσι:2S, πτερύγεσσιν:2S
πτερυγο	undetermined	0	1	πτέρυγος:2S
πτολιπο	S	0	4	πτολιπόρθιον:2S, πτολίπορθον:2S, πτολίπορθος:2S, πτολιπόρθῳ:2S
πτυξασα	undetermined	1	0	πτύξασα:2L
πτυο	undetermined	1	0	πτύοντα:1L
πτυχα	undetermined	0	1	πτύχας:1S
πτυχε	undetermined	0	1	πτύχες:1S
πτυχι	undetermined	0	1	πτυχί:1S
πυγμαχι	undetermined	0	1	πυγμαχίης:2S
πυγμαχο	undetermined	0	1	πυγμάχοι:2S
πυγο	undetermined	0	1	πυγούσιον:1S
πυε	undetermined	1	0	πύελον:1L
πυθε	undetermined	1	2	πυθέσθαι:1S, πυθέσθην:1S, πύθεται:1L
πυθη	S	0	3	πύθηαι:1S, πύθησθε:1S, πύθηται:1S
πυθο	undetermined	2	4	πυθοῖ:1L, πυθοίατο:1S, πυθοίμην:1S, πύθοιτο:1S, πυθομένων:1L, πυθόμην:1S
πυθοιατο	undetermined	0	1	πυθοίατο:3S
πυθω	undetermined	2	1	πυθώδʼ:1L, πυθῶνα:1L, πύθωνται:1S
πυκα	S	0	7	πύκα:1S, πυκάζοιεν:1S, πυκάσαι:1S, πυκάσας:1S, πυκάσασα:1S, πύκασε:1S, πύκασεν:1S
πυκασα	S	0	3	πυκάσαι:2S, πυκάσας:2S, πυκάσασα:2S
πυκασασα	undetermined	1	0	πυκάσασα:3L
πυκασε	undetermined	0	2	πύκασε:2S, πύκασεν:2S
πυκι	S	0	16	πυκιμηδέος:1S, πυκίνʼ:1S, πυκινά:1S, πυκιναί:1S, πυκινάς:1S, πυκινή:1S, πυκινῇ:1S, πυκινήν:1S
πυκιμη	undetermined	0	1	πυκιμηδέος:2S
πυκινα	S	0	3	πυκινά:2S, πυκιναί:2S, πυκινάς:2S
πυκινη	S	0	5	πυκινή:2S, πυκινῇ:2S, πυκινήν:2S, πυκινῆς:2S, πυκινῇς:2S
πυκινο	S	0	5	πυκινοῖσι:2S, πυκινοῖσιν:2S, πυκινόν:2S, πυκινός:2S, πυκινούς:2S
πυκινω	undetermined	0	1	πυκινῶς:2S
πυλα	S	0	9	πύλαι:1S, πυλαιμένεα:1S, πυλαιμένεος:1S, πύλαιος:1S, πυλάρταο:1S, πυλάρτην:1S, πύλας:1S, πυλάων:1S
πυλαρταο	undetermined	1	0	πυλάρταο:3L
πυλαω	undetermined	1	0	πυλάων:2L
πυλη	S	0	4	πυλήνην:1S, πύλῃς:1S, πύλῃσι:1S, πύλῃσιν:1S
πυλι	S	0	4	πύλιοι:1S, πυλίοισι:1S, πυλίοισιν:1S, πυλίων:1S
πυλο	S	0	8	πυλόθεν:1S, πυλοιγενέες:1S, πυλοιγενέος:1S, πύλοιο:1S, πύλον:1S, πύλονδʼ:1S, πύλονδε:1S, πύλου:1S
πυλω	undetermined	0	2	πύλῳ:1S, πύλωνα:1S
πυμα	S	0	7	πύματα:1S, πυμάτη:1S, πυμάτην:1S, πυμάτης:1S, πυμάτοισι:1S, πύματον:1S, πυμάτῳ:1S
πυματα	undetermined	0	1	πύματα:2S
πυματη	S	0	3	πυμάτη:2S, πυμάτην:2S, πυμάτης:2S
πυματο	undetermined	0	2	πυμάτοισι:2S, πύματον:2S
πυματω	undetermined	0	1	πυμάτῳ:2S
πυνθανο	undetermined	0	2	πυνθάνομαι:2S, πυνθανόμην:2S
πυρα	undetermined	3	3	πυρά:1S, πυράγρην:1S, πυραί:1S, πυραίχμην:1L, πυραίχμης:1L, πύρασον:1L
πυρασο	undetermined	0	1	πύρασον:2S
πυρε	undetermined	0	1	πυρετόν:1S
πυρη	undetermined	1	4	πυρή:1S, πυρῇ:1S, πυρήν:1S, πυρῆς:1S, πυρηφόρον:1L
πυρι	S	0	5	πυρί:1S, πυριήκεα:1S, πυρίκαυστος:1S, πύριν:1S, πυριφλεγέθων:1S
πυρικα	undetermined	0	1	πυρίκαυστος:2S
πυρο	undetermined	5	1	πυροί:1L, πυρόν:1L, πυρός:1S, πυρούς:1L, πυροφόροι:1L, πυροφόροιο:1L
πυρω	undetermined	1	0	πυρῶν:1L
πυσε	undetermined	1	0	πύσει:1L
πωμασι	undetermined	0	1	πώμασιν:2S
ραδα	undetermined	0	2	ῥαδάμανθυν:1S, ῥαδάμανθυς:1S
ραδαμα	undetermined	0	2	ῥαδάμανθυν:2S, ῥαδάμανθυς:2S
ραδι	undetermined	0	1	ῥαδινήν:1S
ραδινη	undetermined	0	1	ῥαδινήν:2S
ραθα	undetermined	0	1	ῥαθάμιγγες:1S
ραθαμι	undetermined	0	1	ῥαθάμιγγες:2S
ρακε	undetermined	0	1	ῥάκεσιν:1S
ρακο	undetermined	0	1	ῥάκος:1S
ρασσατε	undetermined	0	1	ῥάσσατε:2S
ραφα	undetermined	0	1	ῥαφαί:1S
ραχι	undetermined	0	1	ῥάχιν:1S
ρερυπω	undetermined	0	1	ῥερυπωμένα:2S
ρηγνυμε	undetermined	0	1	ῥηγνύμενον:2S
ρηγνυτο	undetermined	0	1	ῥήγνυτο:2S
ρηιδι	S	0	5	ῥηΐδιʼ:2S, ῥηϊδίη:2S, ῥηΐδιον:2S, ῥηιδίως:2S, ῥηϊδίως:2S
ρηιτα	undetermined	0	1	ῥηΐτατʼ:2S
ρηιτε	undetermined	0	1	ῥηΐτεροι:2S
ρηξαμε	S	0	3	ῥηξάμενοι:2S, ῥηξάμενος:2S, ῥηξαμένῳ:2S
ριγε	undetermined	1	0	ῥιγεδανῆς:1L
ριγεδανη	undetermined	0	1	ῥιγεδανῆς:3S
ριγη	L	4	0	ῥίγησʼ:1L, ῥίγησε:1L, ῥιγήσειν:1L, ῥίγησεν:1L
ριγι	undetermined	2	0	ῥίγιον:1L, ῥίγιστα:1L
ριγω	undetermined	1	0	ῥιγωσέμεν:1L
ρινο	L	9	0	ῥινοί:1L, ῥινοῖς:1L, ῥινοῖσι:1L, ῥινοῖσιν:1L, ῥινόν:1L, ῥινός:1L, ῥινοτόρος:1L, ῥινοῦ:1L
ρινω	undetermined	2	0	ῥινῷ:1L, ῥινῶν:1L
ριπε	undetermined	1	0	ῥίπεσσι:1L
ριπη	L	4	0	ῥιπή:1L, ῥιπῇ:1L, ῥίπην:1L, ῥιπῆς:1L
ροαω	undetermined	1	0	ῥοάων:2L
ροδανο	undetermined	0	1	ῥοδανόν:2S
ροδοδακτυλο	undetermined	0	1	ῥοδοδάκτυλος:4S
ροπαλο	undetermined	0	2	ῥοπάλοισι:2S, ῥόπαλον:2S
ροπαλω	undetermined	0	1	ῥοπάλῳ:2S
ρυα	undetermined	1	0	ῥύατʼ:1L
ρυε	undetermined	1	0	ῥύετʼ:1L
ρυμο	undetermined	2	0	ῥυμός:1L, ῥυμοῦ:1L
ρυμω	undetermined	1	0	ῥυμῷ:1L
ρυο	L	3	0	ῥύοισθε:1L, ῥύοιτο:1L, ῥύομʼ:1L
ρυπα	undetermined	0	1	ῥύπα:1S
ρυσα	undetermined	4	1	ῥυσαί:1L, ῥύσαιτο:1L, ῥυσάμην:1S, ῥυσάσθην:1L, ῥύσατʼ:1L
ρυσαμη	undetermined	0	1	ῥυσάμην:2S
ρυσι	undetermined	1	0	ῥύσιʼ:1L
ρυτη	L	3	0	ῥυτῆρα:1L, ῥυτῆρας:1L, ῥυτῆρσι:1L
ρυτι	undetermined	0	1	ῥύτιον:1S
ρυτο	undetermined	1	0	ῥυτοῖσιν:1L
σαγγαρι	undetermined	0	1	σαγγαρίοιο:2S
σακε	S	0	6	σάκεʼ:1S, σάκεα:1S, σάκει:1S, σάκεσιν:1S, σακέσπαλος:1S, σάκεσσι:1S
σακεσπαλο	undetermined	0	1	σακέσπαλος:3S
σακο	undetermined	0	1	σάκος:1S
σαλα	undetermined	0	2	σαλαμῖνι:1S, σαλαμῖνος:1S
σαλαμι	undetermined	0	2	σαλαμῖνι:2S, σαλαμῖνος:2S
σαμη	S	0	3	σάμῃ:1S, σάμηνδʼ:1S, σάμης:1S
σαμο	S	0	3	σάμοιο:1S, σάμον:1S, σάμου:1S
σανι	S	0	5	σανίδας:1S, σανίδες:1S, σανίδεσσιν:1S, σανίδος:1S, σανίδων:1S
σανιδα	undetermined	0	1	σανίδας:2S
σανιδε	undetermined	0	2	σανίδες:2S, σανίδεσσιν:2S
σανιδο	undetermined	0	1	σανίδος:2S
σανιδω	undetermined	0	1	σανίδων:2S
σαοφροσυνη	undetermined	0	2	σαοφροσύνης:4S, σαοφροσύνῃσι:4S
σαπη	undetermined	0	1	σαπήῃ:1S
σαρδανι	undetermined	0	1	σαρδάνιον:2S
σαφα	undetermined	0	1	σάφα:1S
σαωσατε	undetermined	0	1	σαώσατε:3S
σεβασσατο	undetermined	0	1	σεβάσσατο:3S
σεισατο	undetermined	0	1	σείσατο:2S
σελαγο	undetermined	0	1	σελάγου:2S
σεληπιαδα	undetermined	0	1	σεληπιάδαο:4S
σεληπιαδαο	undetermined	1	0	σεληπιάδαο:5L
σελινο	undetermined	2	0	σέλινον:2L, σελίνου:2L
σευαμε	undetermined	0	1	σευάμενος:2S
σηματα	undetermined	0	1	σήματα:2S
σηματι	undetermined	0	1	σήματι:2S
σησαμο	undetermined	0	1	σήσαμον:2S
σθεναρη	undetermined	0	1	σθεναρή:2S
σθενελαο	undetermined	1	0	σθενέλαον:3L
σιαλο	undetermined	0	2	σιάλοιο:2S, σιάλους:2S
σιαλω	undetermined	0	1	σιάλων:2S
σιγα	L	3	0	σίγα:1L, σιγαλόεντα:1L, σιγαλόεντι:1L
σιγαλο	undetermined	0	2	σιγαλόεντα:2S, σιγαλόεντι:2S
σιγη	undetermined	1	0	σιγῇ:1L
σιδη	S	0	12	σιδήρεα:1S, σιδηρέη:1S, σιδηρείη:1S, σιδήρειον:1S, σιδήρειος:1S, σιδήρεον:1S, σιδήρεος:1S, σιδηρέῳ:1S
σιδο	undetermined	4	1	σιδόνες:1S, σιδονίηθεν:1L, σιδονίην:1L, σιδονίους:1L, σιδονίων:1L
σιδω	undetermined	1	0	σιδῶνος:1L
σικα	undetermined	1	0	σικανίης:1L
σικανι	undetermined	0	1	σικανίης:2S
σικε	undetermined	0	2	σικελή:1S, σικελούς:1S
σικυ	undetermined	0	2	σικυῶνʼ:1S, σικυῶνι:1S
σιμο	S	0	4	σιμόεις:1S, σιμοείσιον:1S, σιμόεντι:1S, σιμόεντος:1S
σινε	undetermined	2	0	σινέσκοντο:1L, σίνεται:1L
σινη	undetermined	1	0	σίνηαι:1L
σινο	undetermined	1	0	σίνοιτο:1L
σισυ	undetermined	2	0	σίσυφον:1L, σίσυφος:1L
σισυφο	undetermined	0	2	σίσυφον:2S, σίσυφος:2S
σιτε	undetermined	1	0	σιτέσκοντο:1L
σιτο	undetermined	2	0	σίτοιο:1L, σίτου:1L
σιτω	undetermined	1	0	σίτῳ:1L
σκαιαω	undetermined	1	0	σκαιάων:2L
σκαμα	undetermined	0	2	σκάμανδρε:1S, σκάμανδρος:1S
σκαφι	undetermined	0	1	σκαφίδες:1S
σκαφιδε	undetermined	0	1	σκαφίδες:2S
σκεδασε	undetermined	0	1	σκέδασεν:2S
σκεδασι	undetermined	0	1	σκέδασιν:2S
σκεδασο	undetermined	0	1	σκέδασον:2S
σκεψαμε	undetermined	0	1	σκεψάμενος:2S
σκηπανι	undetermined	0	1	σκηπανίῳ:2S
σκιαση	undetermined	0	1	σκιάσῃ:2S
σκιδνατα	undetermined	0	1	σκίδναται:2S
σκυλα	S	0	3	σκύλακας:1S, σκυλάκεσσι:1S, σκύλακος:1S
σκυλακα	undetermined	0	1	σκύλακας:2S
σκυλακε	undetermined	0	1	σκυλάκεσσι:2S
σκυλακο	undetermined	0	1	σκύλακος:2S
σκυρο	undetermined	2	0	σκυρόθεν:1L, σκύρου:1L
σκυρω	undetermined	1	0	σκύρῳ:1L
σκυτο	undetermined	1	0	σκυτοτόμων:1L
σκυφο	undetermined	0	1	σκύφον:1S
σμαρα	undetermined	0	2	σμαραγεῖ:1S, σμαραγήσῃ:1S
σμαραγε	undetermined	0	1	σμαραγεῖ:2S
σμαραγη	undetermined	0	1	σμαραγήσῃ:2S
σμερδαλε	undetermined	0	1	σμερδαλέʼ:2S
σμυχο	undetermined	1	0	σμύχοιτο:1L
σολυμο	undetermined	0	1	σολύμοισι:2S
σολυμω	undetermined	0	1	σολύμων:2S
σπασα	undetermined	0	2	σπασάμην:1S, σπάσατʼ:1S
σπασαμη	undetermined	0	1	σπασάμην:2S
σπασε	undetermined	0	1	σπάσεν:1S
σπασσαμε	undetermined	0	1	σπασσάμενος:2S
σπασσατο	undetermined	0	1	σπάσσατο:2S
σπευσατε	undetermined	0	1	σπεύσατε:2S
σπιλα	S	0	3	σπιλάδες:1S, σπιλάδεσσι:1S, σπιλάδεσσιν:1S
σπιλαδε	S	0	3	σπιλάδες:2S, σπιλάδεσσι:2S, σπιλάδεσσιν:2S
σταδι	undetermined	0	1	σταδίῃ:1S
σταμι	undetermined	0	1	σταμίνεσσι:1S
σταμινε	undetermined	0	1	σταμίνεσσι:2S
στατο	undetermined	0	1	στατός:1S
σταφυ	S	0	4	σταφυλή:1S, σταφυλῇ:1S, σταφύλῃ:1S, σταφυλῇσι:1S
σταφυλη	S	0	4	σταφυλή:2S, σταφυλῇ:2S, σταφύλῃ:2S, σταφυλῇσι:2S
σταχυ	undetermined	0	1	σταχύεσσιν:1S
στεναχε	undetermined	0	1	στενάχεσχʼ:2S
στεναχι	S	0	3	στεναχίζετο:2S, στεναχίζω:2S, στεναχίζων:2S
στεναχο	S	0	6	στενάχοντα:2S, στενάχοντες:2S, στενάχοντι:2S, στενάχοντο:2S, στενάχοντος:2S, στενάχουσι:2S
στεναχω	undetermined	0	2	στενάχω:2S, στενάχων:2S
στεφανα	undetermined	0	1	στεφάνας:2S
στεφανη	S	0	3	στεφάνη:2S, στεφάνην:2S, στεφάνης:2S
στεφανο	undetermined	0	1	στέφανος:2S
στησαμε	S	0	4	στήσαμεν:2S, στησαμένη:2S, στησαμένῃ:2S, στησάμενοι:2S
στησασα	undetermined	1	0	στήσασα:2L
στιβα	S	0	10	στιβαράς:1S, στιβαρῆς:1S, στιβαρῇσι:1S, στιβαρῇσιν:1S, στιβαροί:1S, στιβαροῖς:1S, στιβαρόν:1S, στιβαρῷ:1S
στιβαρα	undetermined	0	1	στιβαράς:2S
στιβαρη	S	0	3	στιβαρῆς:2S, στιβαρῇσι:2S, στιβαρῇσιν:2S
στιβαρο	S	0	3	στιβαροί:2S, στιβαροῖς:2S, στιβαρόν:2S
στιβαρω	S	0	3	στιβαρῷ:2S, στιβαρῶς:2S, στιβαρώτερον:2S
στιβη	undetermined	1	0	στίβη:1L
στιχα	undetermined	0	1	στίχας:1S
στιχε	undetermined	0	1	στίχες:1S
στιχι	undetermined	0	2	στιχίον:1S, στιχίος:1S
στιχο	undetermined	0	1	στιχός:1S
στοματι	undetermined	0	1	στόματι:2S
στοματο	undetermined	0	1	στόματος:2S
στοματω	undetermined	0	1	στομάτων:2S
στομαχο	S	0	3	στομάχοιο:2S, στόμαχον:2S, στομάχους:2S
στοναχα	undetermined	0	1	στοναχάς:2S
στοναχη	S	0	5	στοναχή:2S, στοναχῇ:2S, στοναχῆς:2S, στοναχῆσαι:2S, στοναχῇσι:2S
στρατι	undetermined	0	2	στρατίην:1S, στρατίος:1S
στρατο	S	0	5	στρατοί:1S, στρατόν:1S, στρατός:1S, στρατοῦ:1S, στρατόφι:1S
στρατω	undetermined	0	1	στρατῷ:1S
στρεφεδινη	undetermined	1	0	στρεφεδίνηθεν:3L
στροφαλι	undetermined	0	2	στροφάλιγγι:2S, στροφαλίζετε:2S
στυγε	S	0	14	στυγεράς:1S, στυγερή:1S, στυγερῇ:1S, στυγερήν:1S, στυγερῆς:1S, στυγερῇσιν:1S, στυγεροί:1S, στυγεροῖο:1S
στυγο	undetermined	0	1	στυγός:1S
στυρα	undetermined	0	1	στύρα:1S
στυφε	S	0	6	στυφελίζειν:1S, στυφελίζετε:1S, στυφελιζομένους:1S, στυφελίξαι:1S, στυφέλιξε:1S, στυφελίξῃ:1S
συβο	undetermined	0	1	συβόσια:1S
συβοσια	undetermined	1	0	συβόσια:3L
συβω	S	0	5	συβῶτα:1S, συβώτεω:1S, συβώτῃ:1S, συβώτην:1S, συβώτης:1S
συγκαλε	undetermined	0	1	συγκαλέσας:2S
συκε	undetermined	2	0	συκέαι:1L, συκέας:1L
συκω	undetermined	1	0	σύκῳ:1L
συλε	undetermined	1	0	συλεύειν:1L
συλη	L	8	0	συλήσας:1L, συλήσειε:1L, συλήσειν:1L, συλήσετε:1L, συλήσω:1L, συλήσων:1L, συλήσωσι:1L, συλήτην:1L
συλλεξατο	undetermined	0	1	συλλέξατο:3S
συμβαλε	undetermined	0	1	συμβάλετʼ:2S
συμβαλο	undetermined	0	1	σύμβαλον:2S
συμη	undetermined	1	0	σύμηθεν:1L
συμπασι	undetermined	1	0	σύμπασιν:2L
συμπλατα	undetermined	0	1	συμπλατάγησεν:2S
συμπλαταγη	undetermined	0	1	συμπλατάγησεν:3S
συμφρασσατο	undetermined	0	1	συμφράσσατο:3S
συνα	S	0	11	συναγειρόμενοι:1S, συναγείρων:1S, σύναγεν:1S, σύναγον:1S, συναγρόμενοι:1S, συναείρεται:1S, συναίνυτο:1S, συναντέσθην:1S
συναγε	S	0	3	συναγειρόμενοι:2S, συναγείρων:2S, σύναγεν:2S
συναγο	undetermined	0	1	σύναγον:2S
συναινυτο	undetermined	0	1	συναίνυτο:3S
συνε	S	1	12	συνέδησα:1S, συνέδραμον:1S, συνεκλόνεον:1S, συνελάσσαμεν:1S, σύνελεν:1S, συνελών:1S, συνέπηξεν:1S, συνέριθος:1S
συνεδραμο	undetermined	0	1	συνέδραμον:3S
συνεεργαθο	undetermined	0	1	συνεέργαθον:4S
συνελασσαμε	undetermined	0	1	συνελάσσαμεν:4S
συνεριθο	undetermined	1	0	συνέριθος:3L
συνη	S	0	3	συνημοσύνας:1S, συνήντετο:1S, συνήορος:1S
συνημοσυνα	undetermined	0	1	συνημοσύνας:4S
συνθεσιαω	undetermined	1	0	συνθεσιάων:4L
συνι	undetermined	0	1	συνίτην:1S
συνιτη	undetermined	0	1	συνίτην:2S
συνο	S	0	3	συνοισόμεθα:1S, συνορινόμεναι:1S, συνοχωκότε:1S
συνορινο	undetermined	1	0	συνορινόμεναι:3L
συνω	undetermined	0	1	συνώμεθα:1S
συρι	undetermined	3	1	σύριγγος:1L, συρίγγων:1L, σύριγξι:1L, συρίη:1S
συσι	undetermined	0	2	συσί:1S, συσίν:1S
συτο	undetermined	0	1	σύτο:1S
συφε	undetermined	0	1	συφειοῦ:1S
συφο	S	0	4	συφορβέ:1S, συφορβόν:1S, συφορβός:1S, συφορβῶν:1S
σφαρα	undetermined	0	1	σφαραγεῦντο:1S
σφαραγε	undetermined	0	1	σφαραγεῦντο:2S
σφεδανο	undetermined	0	1	σφεδανόν:2S
σφετεραω	undetermined	1	0	σφετεράων:3L
σφισι	S	0	4	σφίσι:1S, σφισι:1S, σφίσιν:1S, σφισιν:1S
σφονδυλι	undetermined	0	1	σφονδυλίων:2S
σφυρα	undetermined	0	1	σφυρά:1S
σφυρο	undetermined	0	1	σφυρόν:1S
σφωιτε	undetermined	0	1	σφωΐτερον:2S
σωματα	undetermined	0	1	σώματα:2S
σωματι	undetermined	0	1	σώματι:2S
σωματο	undetermined	0	1	σώματος:2S
ταδε	undetermined	0	1	τάδε:1S
ταθε	undetermined	0	1	ταθείς:1S
ταθη	undetermined	0	1	τάθη:1S
ταλα	S	0	21	ταλαεργοί:1S, ταλαεργόν:1S, ταλαεργοῦ:1S, ταλαιμένεος:1S, ταλαϊονίδαο:1S, τάλαν:1S, τάλαντα:1S, τάλαντον:1S
ταλαιο	undetermined	1	0	ταλαϊονίδαο:3L
ταλαιονιδα	undetermined	0	1	ταλαϊονίδαο:5S
ταλαιονιδαο	undetermined	1	0	ταλαϊονίδαο:6L
ταλαπε	S	0	4	ταλαπείριοι:2S, ταλαπείριον:2S, ταλαπείριος:2S, ταλαπενθέα:2S
ταλαρο	S	0	3	ταλάροισι:2S, ταλάροισιν:2S, τάλαρον:2S
ταλασι	undetermined	0	2	ταλασίφρονα:2S, ταλασίφρονος:2S
ταλαυρινο	undetermined	1	0	ταλαύρινον:3L
ταλθυβι	S	0	4	ταλθύβιʼ:2S, ταλθύβιον:2S, ταλθύβιος:2S, ταλθυβίῳ:2S
ταμε	S	0	4	τάμε:1S, ταμέσθαι:1S, ταμεσίχροα:1S, ταμεσίχροας:1S
ταμη	S	0	4	τάμῃ:1S, τάμῃσι:1S, τάμῃσιν:1S, τάμητε:1S
ταμι	S	0	4	ταμίαι:1S, ταμίη:1S, ταμίην:1S, ταμίης:1S
ταμο	S	0	4	τάμοι:1S, τάμον:1S, ταμόνθʼ:1S, ταμόντες:1S
ταμω	undetermined	0	2	τάμωμεν:1S, ταμών:1S
τανα	S	0	3	ταναήκεϊ:1S, ταναοῖο:1S, ταναύποδα:1S
τανη	undetermined	0	1	τανηλεγέος:1S
τανταλο	undetermined	0	1	τάνταλον:2S
τανυ	S	0	31	τανύγλωσσοι:1S, τανυγλώχινας:1S, τανύειν:1S, τανυήκεας:1S, τανύηκες:1S, τανυήκεσιν:1S, τανύοντο:1S, τανύουσι:1S
τανυγλωχινα	undetermined	1	0	τανυγλώχινας:4L
τανυπε	S	0	3	τανύπεπλε:2S, τανύπεπλος:2S, τανυπέπλῳ:2S
τανυπτερυγε	undetermined	0	1	τανυπτερύγεσσι:4S
τανυσε	undetermined	0	2	τάνυσε:2S, τάνυσεν:2S
τανυση	undetermined	0	1	τανύσῃ:2S
τανυσι	undetermined	0	1	τανυσίπτεροι:2S
τανυσσαμε	undetermined	0	1	τανυσσάμενος:3S
τανυτα	undetermined	0	1	τάνυται:2S
τανυφυ	undetermined	0	2	τανύφυλλος:2S, τανυφύλλου:2S
ταπη	S	0	4	τάπησι:1S, τάπητα:1S, τάπητας:1S, ταπήτων:1S
ταρα	undetermined	0	1	ταράξῃ:1S
ταρβοσυνη	undetermined	0	1	ταρβοσύνῃ:3S
ταρταρο	undetermined	0	2	τάρταρον:2S, τάρταρος:2S
ταρχυσο	undetermined	1	0	ταρχύσουσι:2L
ταρχυσω	undetermined	1	0	ταρχύσωσι:2L
ταφη	undetermined	0	2	ταφήιον:1S, ταφήϊον:1S
ταφι	S	0	4	τάφιοι:1S, ταφίοισι:1S, ταφίοισιν:1S, ταφίων:1S
ταφο	S	0	3	τάφον:1S, τάφος:1S, τάφου:1S
ταφω	undetermined	0	2	τάφῳ:1S, ταφών:1S
ταχα	undetermined	0	1	τάχα:1S
ταχε	S	0	4	ταχέʼ:1S, τάχει:1S, ταχεῖα:1S, ταχείης:1S
ταχι	S	0	3	τάχισθʼ:1S, τάχιστʼ:1S, τάχιστα:1S
ταχο	undetermined	0	1	τάχος:1S
ταχυ	S	0	7	ταχύ:1S, ταχύν:1S, ταχύπωλοι:1S, ταχυπώλων:1S, ταχύς:1S, ταχυτῆτα:1S, ταχυτῆτος:1S
ταχυπω	undetermined	0	2	ταχύπωλοι:2S, ταχυπώλων:2S
ταχυτη	undetermined	0	2	ταχυτῆτα:2S, ταχυτῆτος:2S
ταω	undetermined	1	0	τάων:1L
τεθαλυ	S	0	3	τεθαλυῖα:2S, τεθαλυῖαν:2S, τεθαλυίῃ:2S
τεθαρσηκασι	undetermined	1	0	τεθαρσήκασι:4L
τεθναθι	undetermined	0	1	τέθναθι:2S
τεθναμε	undetermined	0	2	τεθνάμεν:2S, τεθνάμεναι:2S
τεθνατω	undetermined	0	1	τεθνάτω:2S
τειρεσιαο	undetermined	1	0	τειρεσίαο:4L
τειχεσιπλη	undetermined	0	1	τειχεσιπλῆτα:3S
τεκμηρατο	undetermined	0	1	τεκμήρατο:3S
τεκτονιδα	undetermined	0	1	τεκτονίδαο:3S
τεκτονιδαο	undetermined	1	0	τεκτονίδαο:4L
τεκτοσυνα	undetermined	0	1	τεκτοσυνάων:3S
τεκτοσυναω	undetermined	1	0	τεκτοσυνάων:4L
τελαμω	S	0	13	τελαμών:2S, τελαμῶνα:2S, τελαμῶνε:2S, τελαμῶνι:2S, τελαμωνιάδαο:2S, τελαμωνιάδῃ:2S, τελαμωνιάδης:2S, τελαμώνιε:2S
τελαμωνιαδα	undetermined	0	1	τελαμωνιάδαο:5S
τελαμωνιαδαο	undetermined	1	0	τελαμωνιάδαο:6L
τελαμωνιαδη	undetermined	0	2	τελαμωνιάδῃ:5S, τελαμωνιάδης:5S
τερματα	undetermined	0	1	τέρματα:2S
τερπιαδη	undetermined	0	1	τερπιάδης:3S
τερπικε	S	0	3	τερπικέραυνον:2S, τερπικέραυνος:2S, τερπικεραύνῳ:2S
τερψαμε	undetermined	0	1	τερψάμενος:2S
τεσσαρα	S	0	5	τέσσαρα:2S, τεσσαράβοιον:2S, τεσσαράκοντʼ:2S, τεσσαράκοντα:2S, τέσσαρας:2S
τεσσαραβο	undetermined	0	1	τεσσαράβοιον:3S
τεσσαρακο	undetermined	0	2	τεσσαράκοντʼ:3S, τεσσαράκοντα:3S
τεσσαρε	undetermined	0	1	τέσσαρες:2S
τεταγω	undetermined	0	1	τεταγών:2S
τετανυ	undetermined	0	2	τετάνυσται:2S, τετάνυστο:2S
τετατα	undetermined	0	1	τέταται:2S
τετατο	undetermined	0	1	τέτατο:2S
τετευχατα	undetermined	0	1	τετεύχαται:3S
τετευχατο	undetermined	0	1	τετεύχατο:3S
τετιμε	undetermined	2	0	τετιμένον:2L, τετιμένος:2L
τετιμη	L	3	0	τετιμήμεσθα:2L, τετιμῆσθαι:2L, τετίμηται:2L
τετλαθι	undetermined	0	1	τέτλαθι:2S
τετλαμε	S	0	3	τέτλαμεν:2S, τετλάμεν:2S, τετλάμεναι:2S
τετλατω	undetermined	0	1	τετλάτω:2S
τετραγυ	undetermined	0	1	τετράγυος:2S
τετραθε	undetermined	0	1	τετραθέλυμνον:2S
τετρακι	undetermined	0	1	τετράκις:2S
τετρακυ	undetermined	0	1	τετράκυκλον:2S
τετραο	undetermined	1	0	τετράοροι:2L
τετρατο	undetermined	0	2	τέτρατον:2S, τέτρατος:2S
τετραφα	S	0	4	τετράφαθʼ:2S, τετραφάληρον:2S, τετράφαλον:2S, τετραφάλῳ:2S
τετραφαλη	undetermined	0	1	τετραφάληρον:3S
τετραφαλο	undetermined	0	1	τετράφαλον:3S
τετραφαλω	undetermined	0	1	τετραφάλῳ:3S
τετριγε	undetermined	1	0	τετρίγει:2L
τετριγω	undetermined	1	0	τετριγῶτας:2L
τεττιγε	undetermined	1	0	τεττίγεσσιν:2L
τετυκε	undetermined	0	2	τετυκεῖν:2S, τετυκέσθαι:2S
τετυκο	undetermined	0	2	τετυκοίμεθα:2S, τετύκοντο:2S
τετυχη	undetermined	0	2	τετύχηκε:2S, τετυχηκώς:2S
τευθρανι	undetermined	0	1	τευθρανίδην:2S
τευθρανιδη	undetermined	0	1	τευθρανίδην:3S
τευξασα	undetermined	1	0	τεύξασα:2L
τευταμι	undetermined	0	1	τευταμίδαο:2S
τευταμιδα	undetermined	0	1	τευταμίδαο:3S
τευταμιδαο	undetermined	1	0	τευταμίδαο:4L
τεχνησαμε	undetermined	0	1	τεχνησάμενος:3S
τεχνησατο	undetermined	0	1	τεχνήσατο:3S
τηλεδαπα	undetermined	0	1	τηλεδαπάων:3S
τηλεδαπαω	undetermined	1	0	τηλεδαπάων:4L
τηλεδαπο	undetermined	0	1	τηλεδαπός:3S
τηλεδαπω	undetermined	0	2	τηλεδαπῷ:3S, τηλεδαπῶν:3S
τηλεκλυτο	undetermined	0	1	τηλεκλυτός:3S
τηλεμαχε	undetermined	0	1	τηλέμαχε:3S
τηλεμαχο	S	0	4	τηλεμάχοιο:3S, τηλέμαχον:3S, τηλέμαχος:3S, τηλεμάχου:3S
τηλεμαχω	undetermined	0	1	τηλεμάχῳ:3S
τηλεπυλο	undetermined	0	1	τηλέπυλον:3S
τηλεφανη	undetermined	0	1	τηλεφανής:3S
τηλεφιδη	undetermined	0	1	τηλεφίδην:3S
τηλικο	undetermined	0	2	τηλίκος:2S, τηλίκου:2S
τηλοτατω	undetermined	0	1	τηλοτάτω:3S
τηλυγε	S	0	4	τηλυγέτην:2S, τηλύγετον:2S, τηλύγετος:2S, τηλυγέτω:2S
τηυγε	undetermined	0	1	τηΰγετον:2S
τηυσι	undetermined	0	1	τηϋσίην:2S
τιε	L	6	0	τίει:1L, τιέμεν:1L, τίεσκον:1L, τίετʼ:1L, τίεται:1L, τίετο:1L
τιθα	undetermined	0	1	τιθαιβώσσουσι:1S
τιθε	S	0	11	τίθει:1S, τιθεῖ:1S, τιθείς:1S, τιθεῖσι:1S, τιθέμεσθα:1S, τίθενται:1S, τιθέντες:1S, τίθεντο:1S
τιθη	S	0	7	τιθήμεναι:1S, τιθήμενον:1S, τιθήνας:1S, τιθήνη:1S, τιθήνης:1S, τίθησθα:1S, τίθησι:1S
τιθω	undetermined	2	0	τιθωνοῖο:1L, τιθωνόν:1L
τιμα	undetermined	2	0	τίμα:1L, τιμᾷ:1L
τιμη	L	22	0	τιμή:1L, τιμῇ:1L, τιμήεις:1L, τιμῆεν:1L, τιμήεντα:1L, τιμήεντος:1L, τιμήεσσα:1L, τιμηέστατον:1L
τιμηεστατο	undetermined	0	1	τιμηέστατον:4S
τιμι	undetermined	1	0	τίμιος:1L
τιμω	L	3	0	τιμῶν:1L, τιμῶσαι:1L, τιμῶσι:1L
τινα	S	0	13	τίνα:1S, τινά:1S, τινα:1S, τιναξάσθην:1S, τίναξε:1S, τινάξῃ:1S, τινάς:1S, τινας:1S
τινε	undetermined	1	4	τινε:1S, τίνειν:1L, τίνες:1S, τινές:1S, τινες:1S
τινι	undetermined	0	1	τινι:1S
τινυ	L	4	0	τινύμενος:1L, τίνυνται:1L, τίνυσθον:1L, τίνυται:1L
τινυμε	undetermined	0	1	τινύμενος:2S
τινυτα	undetermined	0	1	τίνυται:2S
τινω	undetermined	1	0	τίνων:1L
τιο	L	3	0	τιοίμην:1L, τίουσαι:1L, τίουσι:1L
τιρυ	undetermined	1	0	τίρυνθα:1L
τισα	L	5	0	τισαίατο:1L, τισαίμην:1L, τίσαιτο:1L, τίσασθαι:1L, τίσατο:1L
τισαιατο	undetermined	0	1	τισαίατο:3S
τισατο	undetermined	0	1	τίσατο:2S
τισε	L	7	0	τίσει:1L, τίσειαν:1L, τίσειν:1L, τίσεις:1L, τίσεσθαι:1L, τίσεται:1L, τίσετε:1L
τισι	undetermined	0	1	τίσιν:1S
τισο	L	4	0	τισόμεθʼ:1L, τίσουσʼ:1L, τίσουσι:1L, τίσουσιν:1L
τισω	undetermined	2	0	τίσω:1L, τίσωσιν:1L
τιτα	S	0	8	τιταίνετο:1S, τιταίνετον:1S, τιταίνοιτʼ:1S, τιταινόμενος:1S, τιταινομένω:1S, τιταίνων:1S, τιτάνοιο:1S, τιταρησσόν:1S
τιτανο	undetermined	0	1	τιτάνοιο:2S
τιταρη	undetermined	0	1	τιταρησσόν:2S
τιτη	undetermined	1	1	τιτήνας:1S, τιτῆνες:1L
τιτυ	S	0	7	τιτυόν:1S, τιτύσκετο:1S, τιτυσκόμεναι:1S, τιτυσκομένη:1S, τιτυσκόμενοι:1S, τιτυσκόμενος:1S, τιτυσκομένων:1S
τιω	undetermined	1	0	τίωσʼ:1L
τμαγε	undetermined	0	1	τμάγεν:1S
τοιαδε	undetermined	0	1	τοιάδε:2S
τοκαδε	undetermined	0	1	τοκάδες:2S
τολυπε	S	0	5	τολυπεύειν:2S, τολύπευσα:2S, τολύπευσε:2S, τολύπευσεν:2S, τολυπεύω:2S
τοξαζοιατο	undetermined	0	1	τοξαζοίατο:4S
τοξοσυνη	undetermined	0	1	τοξοσύνῃ:3S
τοσσαδε	undetermined	0	1	τοσσάδε:2S
τοσσακι	undetermined	0	1	τοσσάκι:2S
τραπε	S	0	14	τράπε:1S, τράπεζα:1S, τράπεζαι:1S, τράπεζαν:1S, τραπέζας:1S, τραπέζῃ:1S, τραπεζῆας:1S, τραπεζῆες:1S
τραπο	undetermined	0	1	τράποντο:1S
τραπω	undetermined	0	1	τράπωνται:1S
τραφε	S	0	3	τραφέμεν:1S, τράφεν:1S, τραφερήν:1S
τραφη	undetermined	0	1	τράφη:1S
τρεψαμε	undetermined	0	1	τρεψάμενοι:2S
τριβε	undetermined	2	0	τριβέμεναι:1L, τρίβεσθε:1L
τριγλωχινι	undetermined	1	0	τριγλώχινι:3L
τριη	undetermined	1	0	τριηκόσιʼ:1L
τρικη	undetermined	0	1	τρίκης:1S
τριπλακα	undetermined	0	1	τρίπλακα:2S
τριπο	S	0	9	τρίποδʼ:1S, τρίποδα:1S, τρίποδας:1S, τρίποδες:1S, τρίποδι:1S, τρίποδος:1S, τριπόδων:1S, τρίπολον:1S
τριπτυχο	undetermined	0	1	τρίπτυχος:2S
τρισκαιδεκατη	undetermined	0	1	τρισκαιδεκάτῃ:4S
τρισκαιδεκατο	undetermined	0	2	τρισκαιδέκατον:4S, τρισκαιδέκατος:4S
τρισχιλι	undetermined	1	0	τρισχίλιαι:2L
τριτα	S	0	8	τρίτα:1S, τριτάτη:1S, τριτάτῃ:1S, τριτάτην:1S, τριτάτοισιν:1S, τρίτατον:1S, τρίτατος:1S, τριτάτῳ:1S
τριτατη	S	0	3	τριτάτη:2S, τριτάτῃ:2S, τριτάτην:2S
τριτατο	S	0	3	τριτάτοισιν:2S, τρίτατον:2S, τρίτατος:2S
τριτατω	undetermined	0	1	τριτάτῳ:2S
τριτη	undetermined	0	2	τρίτη:1S, τρίτης:1S
τριτο	undetermined	1	2	τριτογένεια:1L, τρίτον:1S, τρίτος:1S
τριτω	undetermined	0	2	τρίτῳ:1S, τρίτων:1S
τριχα	undetermined	0	2	τρίχα:1S, τρίχας:1S
τριχε	undetermined	0	1	τρίχες:1S
τρομεοιατο	undetermined	0	1	τρομεοίατο:4S
τρυπα	undetermined	1	0	τρυπάνῳ:1L
τρυπανω	undetermined	0	1	τρυπάνῳ:2S
τρυπω	undetermined	1	0	τρυπῷ:1L
τρυφα	undetermined	0	2	τρυφάλεια:1S, τρυφάλειαν:1S
τρυφαλε	undetermined	0	2	τρυφάλεια:2S, τρυφάλειαν:2S
τρυφο	undetermined	0	1	τρύφος:1S
τρυχο	undetermined	2	0	τρυχόμενος:1L, τρύχουσι:1L
τρυχω	undetermined	1	0	τρυχώμεθα:1L
τρωαδα	undetermined	0	1	τρῳάδας:2S
τρωαδε	undetermined	0	1	τρῳάδες:2S
τρωιαδα	undetermined	0	1	τρωϊάδας:3S
τρωιαδο	undetermined	0	1	τρωϊάδος:3S
τρωιαδω	undetermined	0	1	τρωϊάδων:3S
τρωικο	undetermined	0	2	τρωϊκόν:2S, τρωϊκός:2S
τρωιλο	undetermined	0	1	τρωΐλον:2S
τυγχανε	undetermined	0	1	τύγχανε:2S
τυδε	L	9	0	τυδέα:1L, τυδέϊ:1L, τυδεΐδαο:1L, τυδεΐδη:1L, τυδεΐδῃ:1L, τυδεΐδην:1L, τυδεΐδης:1L, τυδέος:1L
τυδειδαο	undetermined	1	0	τυδεΐδαο:4L
τυδη	undetermined	1	0	τυδῆ:1L
τυνη	undetermined	1	0	τύνη:1L
τυπε	undetermined	0	2	τυπείης:1S, τυπείς:1S
τυπη	undetermined	0	1	τυπῇσι:1S
τυρο	undetermined	2	0	τυρόν:1L, τυροῦ:1L
τυρω	undetermined	2	0	τυρώ:1L, τυρῶν:1L
τυφω	undetermined	0	2	τυφωέϊ:1S, τυφωέος:1S
τυχε	undetermined	0	1	τύχε:1S
τυχη	S	0	5	τύχῃ:1S, τύχῃς:1S, τυχήσας:1S, τύχησε:1S, τύχῃσι:1S
τυχι	undetermined	0	1	τυχίος:1S
τυχο	undetermined	0	1	τύχοις:1S
τυχω	undetermined	0	2	τύχωμι:1S, τυχών:1S
υαδα	undetermined	0	1	ὑάδας:2S
υακι	undetermined	0	2	ὑακινθίνῳ:2S, ὑάκινθον:2S
υακινθινω	undetermined	0	1	ὑακινθίνῳ:4S
υγι	undetermined	0	1	ὑγιής:1S
υδα	undetermined	0	1	ὕδατʼ:1S
υδατι	undetermined	0	1	ὕδατι:2S
υδατο	undetermined	0	1	ὕδατος:2S
υδη	undetermined	0	1	ὕδης:1S
υδρηναμε	undetermined	0	1	ὑδρηναμένη:3S
υε	undetermined	1	0	ὑετόν:1L
υιασι	undetermined	0	2	υἱάσι:2S, υἱάσιν:2S
υλα	undetermined	2	6	ὑλαγμόν:1S, ὑλακίδης:1L, ὑλακόμωροι:1L, ὑλάκτει:1S, ὑλάκτεον:1S, ὕλαον:1S, ὑλάοντο:1S, ὑλάουσιν:1S
υλακι	undetermined	0	1	ὑλακίδης:2S
υλακιδη	undetermined	0	1	ὑλακίδης:3S
υλακο	undetermined	0	1	ὑλακόμωροι:2S
υλη	L	8	0	ὕλη:1L, ὑλήεις:1L, ὑλήενθʼ:1L, ὑλήεντα:1L, ὑλήεσσʼ:1L, ὑλήεσσαν:1L, ὕλην:1L, ὕλης:1L
υλο	undetermined	2	0	ὑλοτόμοι:1L, ὑλοτόμους:1L
υμα	undetermined	1	0	ὑμά:1L
υμε	L	15	0	ὑμέας:1L, ὑμεῖς:1L, ὑμείων:1L, ὑμετέρῃ:1L, ὑμετέρης:1L, ὑμετέρῃσιν:1L, ὑμετέροισι:1L, ὑμετέροισιν:1L
υμη	L	3	0	ὑμή:1L, ὑμήν:1L, ὑμῆς:1L
υμι	undetermined	2	0	ὑμῖν:1L, ὕμιν:1L
υο	undetermined	1	0	ὑόμενος:1L
υπα	S	0	22	ὕπαγε:1S, ὕπαγον:1S, ὑπαί:1S, ὕπαιθα:1S, ὑπαΐξας:1S, ὑπαΐξει:1S, ὑπακούει:1S, ὑπακοῦσαι:1S
υπαγε	undetermined	0	1	ὕπαγε:2S
υπαγο	undetermined	0	1	ὕπαγον:2S
υπαι	undetermined	1	0	ὑπαΐξας:2L
υπακο	undetermined	0	2	ὑπακούει:2S, ὑπακοῦσαι:2S
υπαλε	undetermined	0	1	ὑπαλευάμενος:2S
υπαλευαμε	undetermined	0	1	ὑπαλευάμενος:4S
υπαλυ	S	0	6	ὑπαλύξαι:2S, ὑπάλυξας:2S, ὑπάλυξε:2S, ὑπάλυξεν:2S, ὑπάλυξιν:2S, ὑπάλυξις:2S
υπαντιασα	undetermined	0	1	ὑπαντιάσας:4S
υπασπιδι	undetermined	0	1	ὑπασπίδια:3S
υπατη	undetermined	0	1	ὑπάτῃ:2S
υπατο	undetermined	0	2	ὕπατον:2S, ὕπατος:2S
υπε	S	0	162	ὑπεδείδισαν:1S, ὑπέδεκτο:1S, ὑπεδέξατο:1S, ὑπέδεξο:1S, ὑπέδραμε:1S, ὑπέδυ:1S, ὑπεδύσετο:1S, ὑπεθερμάνθη:1S
υπεδειδισα	undetermined	0	1	ὑπεδείδισαν:4S
υπεδεξατο	undetermined	0	1	ὑπεδέξατο:4S
υπεδραμε	undetermined	0	1	ὑπέδραμε:3S
υπεδυσε	undetermined	1	0	ὑπεδύσετο:3L
υπειρεβαλο	undetermined	0	1	ὑπειρέβαλον:4S
υπειροχιδη	undetermined	0	1	ὑπειροχίδην:4S
υπεκπροελυσα	undetermined	1	0	ὑπεκπροέλυσαν:5L
υπεκπροφυγο	undetermined	0	1	ὑπεκπροφύγοιμι:4S
υπεκπροφυγω	undetermined	0	1	ὑπεκπροφυγών:4S
υπεκφυγε	undetermined	0	2	ὑπέκφυγε:3S, ὑπέκφυγες:3S
υπεκφυγο	undetermined	0	2	ὑπεκφύγοι:3S, ὑπέκφυγον:3S
υπελυσα	undetermined	2	0	ὑπέλυσα:3L, ὑπελύσαο:3L
υπελυσε	undetermined	1	0	ὑπέλυσε:3L
υπεμναα	undetermined	1	0	ὑπεμνάασθε:3L
υπεμνημυκε	undetermined	1	0	ὑπεμνήμυκε:4L
υπεξαγα	undetermined	0	1	ὑπεξαγάγοι:3S
υπεξαγαγο	undetermined	0	1	ὑπεξαγάγοι:4S
υπεξανα	undetermined	0	1	ὑπεξαναδύς:3S
υπεξαναδυ	undetermined	0	1	ὑπεξαναδύς:4S
υπεξεφυγε	undetermined	0	2	ὑπεξέφυγε:4S, ὑπεξέφυγεν:4S
υπεξεφυγο	undetermined	0	1	ὑπεξέφυγον:4S
υπερβαλε	undetermined	0	1	ὑπέρβαλε:3S
υπερβασα	undetermined	0	1	ὑπέρβασαν:3S
υπερβασι	S	0	5	ὑπερβασίαι:3S, ὑπερβασίας:3S, ὑπερβασίῃ:3S, ὑπερβασίην:3S, ὑπερβασίης:3S
υπερησιη	undetermined	2	0	ὑπερησίην:4L, ὑπερησίηνδʼ:4L
υπερθυμο	L	7	0	ὑπέρθυμοι:3L, ὑπερθύμοιο:3L, ὑπερθύμοισι:3L, ὑπέρθυμον:3L, ὑπέρθυμος:3L, ὑπερθύμου:3L, ὑπερθύμους:3L
υπερθυρι	undetermined	0	1	ὑπερθύριον:3S
υπεριο	L	3	0	ὑπερίονι:3L, ὑπεριονίδαο:3L, ὑπερίονος:3L
υπεριονιδα	undetermined	0	1	ὑπεριονίδαο:5S
υπεριονιδαο	undetermined	1	0	ὑπεριονίδαο:6L
υπεριω	undetermined	1	0	ὑπερίων:3L
υπερκατε	undetermined	0	1	ὑπερκατέβησαν:3S
υπερκυδα	undetermined	1	0	ὑπερκύδαντας:3L
υπεροπλιη	undetermined	1	0	ὑπεροπλίῃσι:4L
υπερπτατο	undetermined	0	1	ὑπέρπτατο:3S
υπερραγη	undetermined	0	1	ὑπερράγη:3S
υπερτατο	undetermined	0	1	ὑπέρτατος:3S
υπερφιαλο	S	0	6	ὑπερφίαλοι:4S, ὑπερφιάλοισι:4S, ὑπερφιάλοισιν:4S, ὑπερφίαλον:4S, ὑπερφίαλος:4S, ὑπερφιάλους:4S
υπερφιαλω	undetermined	0	2	ὑπερφιάλων:4S, ὑπερφιάλως:4S
υπεστεναχι	undetermined	0	1	ὑπεστενάχιζε:4S
υπη	S	0	7	ὑπήλθετε:1S, ὑπήλυθε:1S, ὑπήνεικαν:1S, ὑπηνήτῃ:1S, ὑπηοῖον:1S, ὑπήριπε:1S, ὑπῆσαν:1S
υπηλυθε	undetermined	0	1	ὑπήλυθε:3S
υπηριπε	undetermined	0	1	ὑπήριπε:3S
υπι	S	0	4	ὑπίσχεο:1S, ὑπίσχεται:1S, ὑπίσχομαι:1S, ὑπισχόμεναι:1S
υπο	S	0	90	ὑπό:1S, ὕπο:1S, ὑποβλήδην:1S, ὑπόβρυχα:1S, ὑποδάμνασαι:1S, ὑποδέγμενος:1S, ὑποδείδιʼ:1S, ὑποδείσαντες:1S
υποβρυχα	undetermined	0	1	ὑπόβρυχα:3S
υποδαμνασα	undetermined	0	1	ὑποδάμνασαι:4S
υποδεισατε	undetermined	0	1	ὑποδείσατε:4S
υποδεξιη	undetermined	1	0	ὑποδεξίη:4L
υποδηματα	undetermined	0	1	ὑποδήματα:4S
υποδυσε	undetermined	1	0	ὑποδύσεαι:3L
υποθημοσυνη	undetermined	0	1	ὑποθημοσύνῃσιν:5S
υποκρινα	undetermined	2	0	ὑπόκριναι:3L, ὑποκρίναιτο:3L
υποκρινο	undetermined	1	0	ὑποκρίνονται:3L
υποκυσα	undetermined	2	0	ὑποκυσάμεναι:3L, ὑποκυσαμένη:3L
υποκυσαμε	undetermined	0	2	ὑποκυσάμεναι:4S, ὑποκυσαμένη:4S
υποπλακι	undetermined	0	1	ὑποπλακίῃ:3S
υποσταχυ	undetermined	0	1	ὑποσταχύοιτο:3S
υποταρταρι	undetermined	0	1	ὑποταρταρίους:4S
υπουρανι	undetermined	0	2	ὑπουράνιον:3S, ὑπουρανίων:3S
υποφθαμε	undetermined	0	2	ὑποφθαμένη:3S, ὑποφθάμενος:3S
υπω	S	0	3	ὑπώπια:1S, ὑπωρείας:1S, ὑπωρόφιοι:1S
υρι	undetermined	0	1	ὑρίην:1S
υρμινη	undetermined	1	0	ὑρμίνη:2L
υρτακι	undetermined	0	1	ὑρτακίδης:2S
υρτακιδη	undetermined	0	1	ὑρτακίδης:3S
υρτακο	undetermined	0	1	ὑρτάκου:2S
υσμινα	undetermined	1	0	ὑσμίνας:2L
υσμινη	L	4	0	ὑσμίνη:2L, ὑσμίνῃ:2L, ὑσμίνην:2L, ὑσμίνης:2L
υστατα	undetermined	0	1	ὕστατα:2S
υστατι	undetermined	0	2	ὑστατίῃσι:2S, ὑστάτιον:2S
υστατο	S	0	3	ὕστατοι:2S, ὕστατον:2S, ὕστατος:2S
υφα	S	0	12	ὕφαινε:1S, ὑφαίνει:1S, ὑφαίνειν:1S, ὑφαίνεσκεν:1S, ὑφαίνεσκον:1S, ὑφαίνῃσιν:1S, ὑφαίνοις:1S, ὕφαινον:1S
υφε	undetermined	0	2	ὕφελκε:1S, ὑφέντες:1S
υφη	S	0	5	ὑφήνας:1S, ὑφήνασα:1S, ὑφηνίοχος:1S, ὕφηνον:1S, ὑφήνω:1S
υφηνασα	undetermined	1	0	ὑφήνασα:3L
υφο	S	0	3	ὑφορβοί:1S, ὑφορβόν:1S, ὑφορβός:1S
υψαγο	undetermined	0	2	ὑψαγόρη:2S, ὑψαγόρην:2S
υψηλαω	undetermined	1	0	ὑψηλάων:3L
υψιζυγο	undetermined	0	1	ὑψίζυγος:3S
υψικα	undetermined	0	1	ὑψικάρηνοι:2S
υψικαρη	undetermined	0	1	ὑψικάρηνοι:3S
υψικε	undetermined	0	1	ὑψίκερων:2S
υψικο	S	0	4	ὑψικόμοιο:2S, ὑψικόμοισι:2S, ὑψικόμοισιν:2S, ὑψικόμους:2S
υψιπε	S	0	4	ὑψιπετήεις:2S, ὑψιπέτηλα:2S, ὑψιπέτηλον:2S, ὑψιπέτης:2S
υψιπυ	undetermined	0	2	ὑψιπύλη:2S, ὑψίπυλον:2S
υψιπυλη	undetermined	0	1	ὑψιπύλη:3S
υψιπυλο	undetermined	0	1	ὑψίπυλον:3S
φααντατο	undetermined	0	1	φαάντατος:3S
φαγε	S	0	3	φάγε:1S, φαγέμεν:1S, φάγες:1S
φαγη	undetermined	0	2	φάγῃσι:1S, φάγῃσιν:1S
φαγο	S	0	5	φάγοι:1S, φάγοιτε:1S, φάγομεν:1S, φάγον:1S, φαγόντε:1S
φαγω	S	0	3	φαγών:1S, φάγωσι:1S, φάγωσιν:1S
φαε	undetermined	1	0	φάεα:1L
φαιδιμα	undetermined	0	1	φαίδιμα:2S
φαιδιμο	S	0	3	φαιδιμόεντες:2S, φαίδιμον:2S, φαίδιμος:2S
φαιδιμω	undetermined	0	1	φαιδίμῳ:2S
φαλα	S	0	6	φάλαγγα:1S, φάλαγγας:1S, φάλαγγες:1S, φαλαγγηδόν:1S, φάλαγξι:1S, φάλαρʼ:1S
φαλη	undetermined	0	1	φαληριόωντα:1S
φαλο	undetermined	0	2	φάλοισι:1S, φάλον:1S
φαμε	S	0	5	φάμεν:1S, φαμεν:1S, φαμένη:1S, φάμενοι:1S, φάμενος:1S
φανε	S	0	6	φανείς:1S, φανεῖσα:1S, φανεῖσθαι:1S, φανέντα:1S, φάνεσκε:1S, φάνεσκεν:1S
φανη	S	0	11	φάνη:1S, φανῇ:1S, φανήῃ:1S, φανήῃς:1S, φάνηθι:1S, φάνημεν:1S, φανήμεναι:1S, φανῆναι:1S
φαρε	undetermined	4	4	φάρεʼ:1L, φάρεα:1L, φάρει:1L, φάρεϊ:1L, φαρέτρη:1S, φαρέτρῃ:1S, φαρέτρην:1S, φαρέτρης:1S
φαρμακα	undetermined	0	1	φάρμακα:2S
φαρμακο	undetermined	0	1	φάρμακον:2S
φαρο	undetermined	0	1	φάρον:1S
φαρυ	undetermined	0	1	φάρυγος:1S
φαρυγο	undetermined	0	1	φάρυγος:2S
φασα	undetermined	0	1	φάσαν:1S
φασγανα	undetermined	0	1	φάσγανα:2S
φασγανο	undetermined	0	1	φάσγανον:2S
φασγανω	undetermined	0	1	φασγάνῳ:2S
φασι	L	4	0	φασί:1L, φασι:1L, φασίν:1L, φασιν:1L
φατε	undetermined	0	1	φατε:1S
φατι	undetermined	0	2	φάτιν:1S, φάτις:1S
φατο	undetermined	0	1	φάτο:1S
φαυσιαδη	undetermined	0	1	φαυσιάδην:3S
φερτατο	S	0	3	φέρτατοι:2S, φέρτατον:2S, φέρτατος:2S
φηρητιαδα	undetermined	0	1	φηρητιάδαο:4S
φηρητιαδαο	undetermined	1	0	φηρητιάδαο:5L
φθαμε	undetermined	0	1	φθάμενος:1S
φθανε	undetermined	1	0	φθάνει:1L
φθεγξαμε	S	0	3	φθεγξαμένη:2S, φθεγξάμενος:2S, φθεγξαμένου:2S
φθεγξατο	undetermined	0	1	φθέγξατο:2S
φθιη	L	5	0	φθίῃ:1L, φθίην:1L, φθίης:1L, φθίῃς:1L, φθίηφι:1L
φθιμε	S	0	3	φθιμένοιο:1S, φθιμένοισι:1S, φθιμένου:1S
φθινε	undetermined	1	0	φθινέτω:1L
φθινο	L	3	0	φθίνοντος:1L, φθινόντων:1L, φθίνουσιν:1L
φθινυ	S	0	7	φθινύθει:1S, φθινύθειν:1S, φθινύθεσκε:1S, φθίνυθον:1S, φθινύθουσι:1S, φθινύθουσιν:1S, φθινύθω:1S
φθινυθε	S	0	3	φθινύθει:2S, φθινύθειν:2S, φθινύθεσκε:2S
φθινυθο	S	0	3	φθίνυθον:2S, φθινύθουσι:2S, φθινύθουσιν:2S
φθινυθω	undetermined	0	1	φθινύθω:2S
φθιρω	undetermined	1	0	φθιρῶν:1L
φθισε	L	4	0	φθίσει:1L, φθίσειν:1L, φθίσεσθʼ:1L, φθίσεσθαι:1L
φθιση	undetermined	1	0	φθισήνορα:1L
φθισι	undetermined	2	0	φθισίμβροτον:1L, φθισίμβροτος:1L
φθισο	undetermined	1	0	φθίσονται:1L
φθισω	undetermined	1	0	φθίσωμεν:1L
φθιω	undetermined	1	0	φθίων:1L
φιαλη	S	0	3	φιάλη:2S, φιάλῃ:2S, φιάλην:2S
φιλα	undetermined	1	3	φίλα:1S, φίλαι:1S, φίλας:1S, φίλατο:1L
φιλατο	undetermined	0	1	φίλατο:2S
φιλε	S	0	6	φίλε:1S, φίλει:1S, φιλεῖ:1S, φιλεῖν:1S, φιλεῦντας:1S, φιλέωμεν:1S
φιλη	S	0	18	φίλη:1S, φίλῃ:1S, φίληθεν:1S, φιλήμεναι:1S, φίλην:1S, φιληρέτμοισι:1S, φιληρέτμοισιν:1S, φίλης:1S
φιλητοριδη	undetermined	0	1	φιλητορίδην:4S
φιλι	undetermined	0	1	φιλίων:1S
φιλο	S	0	33	φίλοι:1S, φιλοίη:1S, φίλοιο:1S, φίλοις:1S, φίλοισι:1S, φίλοισιν:1S, φιλοίτιε:1S, φιλοίτιος:1S
φιλοκτεανωτατε	undetermined	0	1	φιλοκτεανώτατε:6S
φιλοκτηταο	undetermined	1	0	φιλοκτήταο:4L
φιλοφροσυνη	undetermined	0	1	φιλοφροσύνη:4S
φιλτατα	undetermined	0	1	φίλταται:2S
φιλτατε	undetermined	0	1	φίλτατε:2S
φιλτατη	undetermined	0	1	φιλτάτη:2S
φιλτατο	S	0	3	φίλτατοι:2S, φίλτατον:2S, φίλτατος:2S
φιλω	S	0	4	φίλω:1S, φίλῳ:1S, φίλων:1S, φίλως:1S
φλεγεθοιατο	undetermined	0	1	φλεγεθοίατο:4S
φλιη	undetermined	1	0	φλιῇσι:1L
φοινικα	undetermined	2	0	φοίνικα:2L, φοίνικας:2L
φοινικε	undetermined	1	0	φοίνικες:2L
φοινικη	undetermined	1	0	φοινίκην:2L
φοινικι	undetermined	1	0	φοίνικι:2L
φοινικο	undetermined	2	2	φοινικόεσσαι:2S, φοινικόεσσαν:2S, φοινικοπαρῄους:2L, φοίνικος:2L
φοινικοπαρη	undetermined	0	1	φοινικοπαρῄους:4S
φοινικω	undetermined	1	0	φοινίκων:2L
φοιτησασα	undetermined	1	0	φοιτήσασα:3L
φορκυνα	undetermined	1	0	φόρκυνα:2L
φορκυνο	undetermined	1	0	φόρκυνος:2L
φορυνε	undetermined	1	0	φορύνετο:2L
φραδμονιδη	undetermined	0	1	φραδμονίδην:3S
φρασα	S	0	3	φράσαι:1S, φρασάμην:1S, φράσατο:1S
φρασαμη	undetermined	0	1	φρασάμην:2S
φρασατο	undetermined	0	1	φράσατο:2S
φρασε	undetermined	0	2	φράσε:1S, φράσεται:1S
φρασο	undetermined	0	1	φράσομαι:1S
φρασσατο	undetermined	0	1	φράσσατο:2S
φρικι	undetermined	1	0	φρικί:1L
φρικο	undetermined	1	0	φρικός:1L
φροντιδι	undetermined	0	1	φρόντιδι:2S
φρυγα	undetermined	0	1	φρύγας:1S
φρυγε	undetermined	0	1	φρύγες:1S
φρυγι	S	0	4	φρυγίη:1S, φρυγίῃ:1S, φρυγίην:1S, φρυγίης:1S
φυγα	undetermined	0	2	φύγαδʼ:1S, φύγαδε:1S
φυγαδε	undetermined	0	1	φύγαδε:2S
φυγε	S	0	4	φύγε:1S, φυγεῖν:1S, φύγεν:1S, φύγεσκε:1S
φυγη	S	0	5	φυγή:1S, φυγῇ:1S, φύγῃ:1S, φύγῃσι:1S, φύγῃσιν:1S
φυγο	S	0	10	φύγοι:1S, φύγοιμεν:1S, φύγοιμι:1S, φύγομεν:1S, φύγον:1S, φυγόντα:1S, φυγόντε:1S, φυγόντες:1S
φυγω	undetermined	0	2	φύγωμεν:1S, φυγών:1S
φυζακι	undetermined	0	1	φυζακινῇς:2S
φυζακινη	undetermined	0	1	φυζακινῇς:3S
φυκι	undetermined	1	0	φυκιόεντι:1L
φυλα	S	2	34	φυλακαί:1S, φυλακάς:1S, φύλακας:1S, φυλάκεσσʼ:1S, φυλάκεσσι:1S, φυλάκεσσιν:1S, φυλάκῃ:1S, φυλακή:1S
φυλακα	S	0	3	φυλακαί:2S, φυλακάς:2S, φύλακας:2S
φυλακε	S	0	3	φυλάκεσσʼ:2S, φυλάκεσσι:2S, φυλάκεσσιν:2S
φυλακη	S	0	5	φυλάκῃ:2S, φυλακή:2S, φυλάκην:2S, φυλάκης:2S, φυλακῆς:2S
φυλακι	undetermined	0	1	φυλακίδαο:2S
φυλακιδα	undetermined	0	1	φυλακίδαο:3S
φυλακιδαο	undetermined	1	0	φυλακίδαο:4L
φυλακο	S	0	3	φυλάκοιο:2S, φύλακον:2S, φυλάκους:2S
φυλακω	undetermined	0	1	φυλάκων:2S
φυλε	L	5	0	φυλεΐδαο:1L, φυλεΐδην:1L, φυλεΐδης:1L, φυλέος:1L, φυλεύς:1L
φυλειδαο	undetermined	1	0	φυλεΐδαο:4L
φυλη	undetermined	1	0	φυλῆα:1L
φυλι	undetermined	0	1	φυλίης:1S
φυλο	L	6	0	φύλοις:1L, φυλομέδουσα:1L, φυλόπιδα:1L, φυλόπιδος:1L, φύλοπιν:1L, φύλοπις:1L
φυλοπιδα	undetermined	0	1	φυλόπιδα:3S
φυλοπιδο	undetermined	0	1	φυλόπιδος:3S
φυλω	undetermined	1	0	φυλώ:1L
φυξιμο	undetermined	0	1	φύξιμον:2S
φυσα	undetermined	1	0	φύσας:1L
φυσε	undetermined	1	0	φύσει:1L
φυσι	undetermined	2	1	φυσίζοος:1L, φύσιν:1S, φυσιόωντας:1L
φυσω	undetermined	1	0	φυσῶντες:1L
φυτα	undetermined	1	0	φυταλιῆς:1L
φυταλι	undetermined	0	1	φυταλιῆς:2S
φυτε	S	0	6	φυτεύει:1S, φύτευεν:1S, φυτεύουσιν:1S, φυτεῦσαι:1S, φυτεύσω:1S, φυτεύων:1S
φυτο	undetermined	0	1	φυτόν:1S
φυτω	undetermined	0	1	φυτῶν:1S
φωκαω	undetermined	1	0	φωκάων:2L
φωνησασα	undetermined	1	0	φωνήσασα:3L
φωνησαση	undetermined	1	0	φωνησάσης:3L
φωριαμω	undetermined	0	1	φωριαμῶν:3S
χαδε	undetermined	0	1	χάδε:1S
χαιταω	undetermined	1	0	χαιτάων:2L
χαλα	undetermined	0	2	χάλαζα:1S, χάλαζαν:1S
χαλε	S	0	24	χαλέπʼ:1S, χαλεπά:1S, χαλεπαί:1S, χαλέπαινε:1S, χαλεπαίνει:1S, χαλεπαίνειν:1S, χαλεπαίνοι:1S, χαλεπαίνων:1S
χαλι	S	0	4	χαλινούς:1S, χαλιφρονέοντα:1S, χαλιφροσύναι:1S, χαλίφρων:1S
χαλινο	undetermined	1	0	χαλινούς:2L
χαλιφροσυνα	undetermined	0	1	χαλιφροσύναι:4S
χαλκιδα	undetermined	0	1	χαλκίδα:2S
χαλκοβαρε	undetermined	0	2	χαλκοβάρεια:3S, χαλκοβαρές:3S
χαλκοβαρη	undetermined	0	1	χαλκοβαρής:3S
χαλκοβατε	undetermined	0	1	χαλκοβατές:3S
χαλκογλωχινο	undetermined	1	0	χαλκογλώχινος:4L
χαλκοκνημιδε	undetermined	1	0	χαλκοκνήμιδες:4L
χαλκοπαρη	undetermined	0	1	χαλκοπαρῄου:3S
χαλκοτυπο	undetermined	0	1	χαλκοτύπους:3S
χαλκοχιτω	S	0	3	χαλκοχίτωνας:3S, χαλκοχίτωνες:3S, χαλκοχιτώνων:3S
χαλκωδοντιαδη	undetermined	0	1	χαλκωδοντιάδης:5S
χαμα	S	0	5	χαμάδις:1S, χαμᾶζε:1S, χαμαί:1S, χαμαιευνάδες:1S, χαμαιεῦναι:1S
χαμαδι	undetermined	0	1	χαμάδις:2S
χαμαιευναδε	undetermined	0	1	χαμαιευνάδες:4S
χανδανε	undetermined	0	1	χάνδανεν:2S
χανο	undetermined	0	1	χάνοι:1S
χανω	undetermined	0	1	χανών:1S
χαρα	undetermined	0	2	χαράδραι:1S, χαράδρης:1S
χαρε	undetermined	0	1	χαρέντες:1S
χαρη	undetermined	0	2	χάρη:1S, χάρησαν:1S
χαρι	S	0	19	χαρίεν:1S, χαρίεντʼ:1S, χαρίεντα:1S, χαρίεσσαν:1S, χαριεστάτη:1S, χαριέστατος:1S, χαριέστερον:1S, χαρίζεο:1S
χαριεστατη	undetermined	0	1	χαριεστάτη:4S
χαριεστατο	undetermined	0	1	χαριέστατος:4S
χαρισα	undetermined	0	2	χαρίσαιτο:2S, χαρίσασθαι:2S
χαρισι	undetermined	0	1	χάρισι:2S
χαριτε	undetermined	0	2	χάριτες:2S, χαρίτεσσιν:2S
χαριτω	undetermined	0	1	χαρίτων:2S
χαρματα	undetermined	0	1	χάρματα:2S
χαρο	S	0	3	χάροπʼ:1S, χαροποί:1S, χαρόποιο:1S
χαρυ	S	0	3	χάρυβδιν:1S, χαρύβδιος:1S, χάρυβδις:1S
χασσαμε	undetermined	0	1	χασσάμενος:2S
χατι	undetermined	0	2	χατίζεις:1S, χατίζων:1S
χειματο	undetermined	0	1	χείματος:2S
χελιδο	undetermined	1	0	χελιδόνι:2L
χεραδο	undetermined	0	1	χέραδος:2S
χερμαδι	S	0	5	χερμάδια:2S, χερμαδίοισι:2S, χερμαδίοισιν:2S, χερμάδιον:2S, χερμαδίῳ:2S
χερνιβα	undetermined	0	1	χέρνιβα:2S
χερνιβο	undetermined	0	1	χέρνιβον:2S
χερσιδα	undetermined	0	1	χερσιδάμαντα:2S
χερσιδαμα	undetermined	0	1	χερσιδάμαντα:3S
χευατο	undetermined	0	1	χεύατο:2S
χηραμο	undetermined	0	1	χηραμόν:2S
χηρατο	undetermined	0	1	χήρατο:2S
χθαμα	S	0	4	χθαμαλαί:1S, χθαμαλή:1S, χθαμαλώτατον:1S, χθαμαλώτερον:1S
χθαμαλα	undetermined	0	1	χθαμαλαί:2S
χθαμαλη	undetermined	0	1	χθαμαλή:2S
χθαμαλω	undetermined	0	2	χθαμαλώτατον:2S, χθαμαλώτερον:2S
χθαμαλωτατο	undetermined	0	1	χθαμαλώτατον:4S
χιλι	undetermined	2	0	χίλιʼ:1L, χίλια:1L
χιμα	undetermined	0	2	χίμαιρα:1S, χίμαιραν:1S
χιτω	S	0	8	χιτῶνʼ:1S, χιτῶνα:1S, χιτῶνας:1S, χιτῶνες:1S, χιτῶνι:1S, χιτῶνος:1S, χιτώνων:1S, χιτῶσι:1S
χλαιναω	undetermined	1	0	χλαινάων:2L
χοανο	undetermined	0	1	χοάνοισιν:2S
χοινικο	undetermined	0	1	χοίνικος:2S
χολαδε	undetermined	0	1	χολάδες:2S
χολωσαμε	S	0	4	χολωσάμεναι:3S, χολωσαμένη:3S, χολωσάμενοι:3S, χολωσάμενος:3S
χολωσατο	undetermined	0	1	χολώσατο:3S
χοροιτυπι	undetermined	0	1	χοροιτυπίῃσιν:3S
χρημασι	undetermined	0	1	χρήμασι:2S
χρηματα	undetermined	0	1	χρήματα:2S
χριε	undetermined	2	0	χρίεσθαι:1L, χρίεται:1L
χρισα	undetermined	1	0	χρισάμεναι:1L
χρισαμε	undetermined	0	1	χρισάμεναι:2S
χρισο	undetermined	1	0	χρίσομαι:1L
χρομαδο	undetermined	0	1	χρόμαδος:2S
χρυσα	L	3	0	χρυσάμπυκας:1L, χρυσάορον:1L, χρυσαόρου:1L
χρυσαμπυκα	undetermined	0	1	χρυσάμπυκας:3S
χρυσαο	undetermined	2	0	χρυσάορον:2L, χρυσαόρου:2L
χρυσε	L	20	0	χρύσεα:1L, χρύσεαι:1L, χρυσέην:1L, χρύσειʼ:1L, χρύσεια:1L, χρύσειαι:1L, χρυσείας:1L, χρυσείη:1L
χρυση	L	11	0	χρυσῆ:1L, χρυσῇ:1L, χρύση:1L, χρυσηΐς:1L, χρυσηλάκατος:1L, χρυσηλακάτου:1L, χρυσηλακάτῳ:1L, χρυσῆν:1L
χρυσηλακα	S	0	3	χρυσηλάκατος:3S, χρυσηλακάτου:3S, χρυσηλακάτῳ:3S
χρυσηλακατο	undetermined	0	2	χρυσηλάκατος:4S, χρυσηλακάτου:4S
χρυσηλακατω	undetermined	0	1	χρυσηλακάτῳ:4S
χρυσο	L	11	0	χρυσόθρονον:1L, χρυσόθρονος:1L, χρυσοῖο:1L, χρυσόν:1L, χρυσοπεδίλου:1L, χρυσόπτερον:1L, χρυσόρραπι:1L, χρυσόρραπις:1L
χρυσοπεδιλο	undetermined	1	0	χρυσοπεδίλου:4L
χρυσορραπι	undetermined	0	1	χρυσόρραπις:3S
χρυσω	undetermined	1	0	χρυσῷ:1L
χυμε	undetermined	0	1	χυμένη:1S
χυσι	undetermined	0	2	χύσιν:1S, χύσις:1S
χυτη	undetermined	0	2	χυτή:1S, χυτήν:1S
χυτο	undetermined	0	1	χύτο:1S
χωσαμε	undetermined	0	2	χωσαμένη:2S, χωσάμενος:2S
χωσατο	undetermined	0	1	χώσατο:2S
ψαμα	S	0	7	ψάμαθοι:1S, ψαμάθοις:1S, ψαμάθοισι:1S, ψαμάθοισιν:1S, ψάμαθον:1S, ψάμαθος:1S, ψαμάθῳ:1S
ψαμαθο	S	0	6	ψάμαθοι:2S, ψαμάθοις:2S, ψαμάθοισι:2S, ψαμάθοισιν:2S, ψάμαθον:2S, ψάμαθος:2S
ψαμαθω	undetermined	0	1	ψαμάθῳ:2S
ψαρω	undetermined	1	0	ψαρῶν:1L
ψευσαμε	undetermined	0	2	ψευσαμένη:2S, ψευσάμενοι:2S
ψιαδα	undetermined	0	1	ψιάδας:2S
ψιλη	undetermined	1	0	ψιλήν:1L
ψιλο	undetermined	1	0	ψιλόν:1L
ψυξασα	undetermined	1	0	ψύξασα:2L
ψυρι	undetermined	0	1	ψυρίης:1S
ψυχα	undetermined	2	0	ψυχαί:1L, ψυχάς:1L
ψυχε	undetermined	1	0	ψύχεος:1L
ψυχη	L	4	0	ψυχή:1L, ψυχῇ:1L, ψυχήν:1L, ψυχῆς:1L
ωγυγι	S	0	3	ὠγυγίη:2S, ὠγυγίην:2S, ὠγυγίης:2S
ωδινο	undetermined	1	0	ὠδίνουσαν:2L
ωδινω	undetermined	1	0	ὠδίνων:2L
ωδυρο	undetermined	1	0	ὠδύροντο:2L
ωδυσα	S	0	3	ὠδύσαο:2S, ὠδύσατʼ:2S, ὠδύσατο:2S
ωδυσατο	undetermined	0	1	ὠδύσατο:3S
ωιε	undetermined	2	0	ὠΐετο:2L, ὠίετο:2L
ωκειαω	undetermined	1	0	ὠκειάων:3L
ωκτιρε	undetermined	1	0	ᾤκτιρε:2L
ωκυαλο	undetermined	0	2	ὠκύαλος:3S, ὠκυάλου:3S
ωκυμο	S	0	4	ὠκύμοροι:2S, ὠκύμορος:2S, ὠκυμόρων:2S, ὠκυμορώτατος:2S
ωκυμορωτατο	undetermined	0	1	ὠκυμορώτατος:5S
ωκυπε	undetermined	0	1	ὠκυπέτα:2S
ωκυπο	S	0	8	ὠκύποδας:2S, ὠκύποδες:2S, ὠκυπόδεσσιν:2S, ὠκυπόδων:2S, ὠκύποροι:2S, ὠκυπόροισι:2S, ὠκυπόροισιν:2S, ὠκυπόρων:2S
ωκυτα	undetermined	0	1	ὠκύτατον:2S
ωκυτατο	undetermined	0	1	ὠκύτατον:3S
ωλεσικα	undetermined	0	1	ὠλεσίκαρποι:3S
ωμιλε	undetermined	1	0	ὡμίλευν:2L
ωμιλη	undetermined	1	0	ὡμίλησα:2L
ωμοσσαμε	undetermined	0	1	ὠμόσσαμεν:3S
ωμοφαγο	undetermined	0	2	ὠμοφάγοι:3S, ὠμοφάγοισιν:3S
ωνατο	undetermined	0	1	ὤνατο:2S
ωνομασα	undetermined	0	1	ὠνόμασας:3S
ωνοσαμη	undetermined	0	1	ὠνοσάμην:3S
ωπασα	undetermined	0	2	ὤπασα:2S, ὤπασαν:2S
ωπασε	undetermined	0	1	ὤπασε:2S
ωπλισσατο	undetermined	0	1	ὡπλίσσατο:3S
ωρεξατο	undetermined	0	1	ὠρέξατο:3S
ωρινα	undetermined	1	0	ὤρινας:2L
ωρινε	L	3	0	ὤρινε:2L, ὤρινεν:2L, ὠρίνετο:2L
ωριω	L	3	0	ὠρίωνʼ:2L, ὠρίωνα:2L, ὠρίωνος:2L
ωρμισα	undetermined	0	2	ὡρμίσαμεν:2S, ὥρμισαν:2S
ωρμισαμε	undetermined	0	1	ὡρμίσαμεν:3S
ωσαμε	undetermined	0	1	ὠσάμεθʼ:2S
ωσατο	undetermined	0	1	ὤσατο:2S
ωτρυνα	undetermined	1	0	ὤτρυνα:2L
ωτρυνε	undetermined	2	0	ὤτρυνε:2L, ὤτρυνεν:2L
ωτρυνο	undetermined	2	0	ὤτρυνον:2L, ὠτρύνοντʼ:2L
