licence	form	loose	count	citations
accent_contra	αἴαντι	αιαντι	2	Il. 14.459@3; Il. 17.123@5
accent_contra	αἶαν	αιαν	1	Il. 23.493@2
accent_contra	πυλαιμένεα	πυλαιμενεα	1	Il. 5.576@5
accent_contra	πόσεϊ	ποσει	1	Il. 5.71@11
accent_contra	σθένεϊ	σθενει	1	Il. 16.542@11
accent_contra	σπεῖρα	σπειρα	1	Od. 6.269@5
accent_contra	τέκεϊ	τεκει	1	Od. 4.175@11
accent_contra	ἄρηα	αρηα	1	Il. 5.827@5
accent_contra	ἐπήιξα	επηιξα	1	Od. 10.322@5
accent_contra	ἴσασι	ισασι	1	Od. 8.560@5
accent_contra	ὀδυσσῆα	οδυσσηα	1	Od. 24.494@5
accent_contra	ὀδυσσῆι	οδυσσηι	1	Od. 6.248@5
accent_contra	ὄνομα	ονομα	1	Od. 9.366@5
analogy_contra	ἀνήρ	ανηρ	44	Il. 2.553@11; Il. 2.701@11; Il. 4.275@11; Il. 5.361@11; Il. 10.293@11; Il. 10.341@11; Il. 11.475@11; Il. 12.382@7; Il. 13.131@11; Il. 14.484@11
analogy_contra	ἀπόλλωνος	απολλωνοσ	7	Il. 1.14@9; Il. 1.370@9; Il. 1.373@9; Il. 5.444@9; Il. 16.711@9; Od. 9.198@3; Od. 20.278@9
analogy_contra	ἀπόλλωνι	απολλωνι	6	Il. 1.36@1; Il. 1.315@3; Il. 1.438@9; Il. 4.119@3; Il. 16.513@9; Il. 23.872@9
analogy_contra	ἀπόλλωνα	απολλωνα	4	Il. 1.21@9; Il. 1.86@3; Il. 15.143@3; Il. 17.333@9
analogy_contra	κονίης	κονιησ	3	Il. 11.163@11; Il. 16.775@11; Il. 21.503@11
analogy_contra	ἰλίου	ιλιου	3	Il. 15.66@2; Il. 21.104@2; Il. 22.6@2
analogy_contra	κονίη	κονιη	2	Il. 2.150@11; Il. 11.151@11
analogy_contra	κονίῃ	κονιη	2	Il. 11.282@11; Il. 23.732@11
analogy_contra	ὕλῃ	υλη	2	Il. 5.708@2; Il. 7.221@6
analogy_contra	γάμος	γαμοσ	1	Od. 1.226@5
analogy_contra	δαΐζων	δαιζων	1	Il. 11.497@1
analogy_contra	δινήεντος	δινηεντοσ	1	Il. 22.148@9.5
analogy_contra	ἀγρίου	αγριου	1	Il. 22.313@2
analogy_contra	ἐπιτέλλω	επιτελλω	1	Od. 23.361@5
analogy_contra	ἐφίει	εφιει	1	Od. 24.180@6
analogy_contra	ἱμᾶσι	ιμασι	1	Il. 10.475@8
analogy_contra	ἱμᾶσιν	ιμασιν	1	Il. 23.363@4
correption	καί	και	2364	Il. 1.17@4; Il. 1.23@6; Il. 1.31@5.5; Il. 1.33@7.5; Il. 1.63@1.5; Il. 1.81@6; Il. 1.88@5.5; Il. 1.92@6; Il. 1.95@6; Il. 1.116@2
correption	οἱ	οι	415	Il. 1.188@10; Il. 1.200@8; Il. 1.321@1.5; Il. 2.184@9.5; Il. 2.217@10; Il. 2.266@8; Il. 2.392@9.5; Il. 2.408@4; Il. 2.419@5.5; Il. 2.586@1.5
correption	μοι	μοι	318	Il. 1.76@9.5; Il. 1.149@1.5; Il. 1.153@8; Il. 1.162@8; Il. 1.335@4; Il. 1.353@3.5; Il. 1.514@5.5; Il. 2.56@5.5; Il. 2.112@5.5; Il. 2.375@2
correption	τοι	τοι	276	Il. 1.28@2; Il. 1.177@3.5; Il. 1.181@10; Il. 1.298@3.5; Il. 1.303@2; Il. 1.416@4; Il. 1.425@4; Il. 1.426@4; Il. 1.546@5.5; Il. 1.566@2
correption	ἐπεί	επει	232	Il. 1.57@2; Il. 1.114@6; Il. 1.119@8; Il. 1.132@4; Il. 1.153@6; Il. 1.156@6; Il. 1.169@6; Il. 1.231@6; Il. 1.278@4; Il. 2.614@4
correption	ἔμμεναι	εμμεναι	81	Il. 1.117@8; Il. 1.287@10; Il. 2.129@8; Il. 2.216@2; Il. 2.249@2; Il. 2.783@10; Il. 3.44@8; Il. 3.220@8; Il. 4.142@10; Il. 6.208@10
correption	θεοί	θεοι	63	Il. 1.290@8; Il. 1.494@8; Il. 1.566@8; Il. 1.570@8; Il. 3.298@10; Il. 3.308@10; Il. 3.440@8; Il. 4.29@10; Il. 4.63@10; Il. 5.877@8
correption	ἔσσεται	εσσεται	61	Il. 1.239@10; Il. 1.573@8; Il. 1.576@4; Il. 1.583@10; Il. 2.347@10; Il. 2.361@8; Il. 2.380@8; Il. 4.83@2; Il. 4.164@2; Il. 4.168@8
correption	φίλοι	φιλοι	53	Il. 2.79@2; Il. 2.110@2; Il. 2.796@8; Il. 4.41@6; Il. 5.529@2; Il. 5.601@2; Il. 6.67@2; Il. 7.191@2; Il. 8.517@8; Il. 9.17@2
correption	δή	δη	51	Il. 1.61@1.5; Il. 4.180@1.5; Il. 6.98@1.5; Il. 7.172@3.5; Il. 9.245@8; Il. 11.524@10; Il. 13.52@2; Il. 15.163@3.5; Il. 15.251@1.5; Il. 16.763@10
correption	πόποι	ποποι	51	Il. 1.254@2; Il. 2.157@2; Il. 2.272@2; Il. 2.337@2; Il. 5.714@2; Il. 7.124@2; Il. 7.455@2; Il. 8.201@2; Il. 8.352@2; Il. 8.427@2
correption	που	που	50	Il. 2.136@2; Il. 4.88@9.5; Il. 5.168@9.5; Il. 5.193@2; Il. 5.473@1.5; Il. 10.70@10; Il. 13.225@10; Il. 13.760@9.5; Il. 15.43@2; Il. 16.830@3.5
correption	ἤτοι	ητοι	39	Il. 1.68@1.5; Il. 1.101@1.5; Il. 2.76@1.5; Il. 3.305@1.5; Il. 4.22@1.5; Il. 4.51@1.5; Il. 4.537@1.5; Il. 5.842@1.5; Il. 5.847@1.5; Il. 6.201@1.5
correption	μή	μη	38	Il. 1.118@10; Il. 1.578@10; Il. 2.156@1.5; Il. 2.261@1.5; Il. 2.491@1.5; Il. 3.374@1.5; Il. 5.312@1.5; Il. 5.680@1.5; Il. 6.75@1.5; Il. 7.106@1.5
correption	οἵ	οι	38	Il. 2.703@3.5; Il. 2.726@3.5; Il. 2.762@5.5; Il. 4.260@3.5; Il. 5.248@8; Il. 5.404@7.5; Il. 5.890@7.5; Il. 6.142@5.5; Il. 6.525@3.5; Il. 7.231@6
correption	ἄλλοι	αλλοι	29	Il. 1.17@5.5; Il. 3.168@9.5; Il. 3.461@9.5; Il. 4.429@5.5; Il. 6.41@5.5; Il. 7.327@5.5; Il. 7.385@5.5; Il. 9.370@5.5; Il. 9.594@3.5; Il. 10.165@3.5
correption	ἐγώ	εγω	29	Il. 1.29@2; Il. 1.180@8; Il. 3.207@2; Il. 5.201@2; Il. 5.652@2; Il. 8.286@2; Il. 8.477@8; Il. 10.324@2; Il. 11.443@2; Il. 20.371@2
correption	εἶναι	ειναι	27	Il. 5.173@9.5; Il. 5.636@1.5; Il. 5.639@1.5; Il. 6.91@1.5; Il. 6.350@9.5; Il. 6.387@9.5; Il. 8.229@9.5; Il. 9.103@9.5; Il. 9.314@9.5; Il. 12.103@9.5
correption	μευ	μευ	27	Il. 1.37@2; Il. 1.451@2; Il. 5.115@2; Il. 6.334@9.5; Il. 7.235@2; Il. 9.262@3.5; Il. 9.355@8; Il. 10.278@2; Il. 17.29@10; Il. 21.150@6
correption	τοί	τοι	27	Il. 4.220@2; Il. 7.48@10; Il. 9.73@2; Il. 9.640@10; Il. 20.299@6; Il. 20.390@8; Il. 21.75@2; Il. 21.267@6; Od. 1.67@6; Od. 4.479@6
correption	αὐτοῦ	αυτου	25	Il. 2.237@1.5; Il. 5.262@1.5; Il. 13.751@5.5; Il. 16.561@1.5; Il. 16.649@1.5; Il. 18.330@1.5; Il. 18.481@3.5; Il. 19.330@1.5; Il. 19.384@5.5; Il. 21.17@9.5
correption	γίγνεται	γιγνεται	24	Il. 2.468@10; Il. 4.245@10; Il. 11.418@2; Il. 12.150@2; Il. 14.415@10; Il. 15.359@2; Il. 15.490@10; Il. 18.212@2; Il. 20.169@2; Il. 22.150@2
correption	σοί	σοι	24	Il. 1.158@2; Il. 1.299@2; Il. 3.51@10; Il. 3.63@1.5; Il. 6.56@3.5; Il. 6.229@3.5; Il. 9.521@10; Il. 19.178@2; Il. 19.416@10; Il. 21.84@2
correption	ἐμοί	εμοι	24	Il. 5.228@10; Il. 8.190@2; Il. 9.462@2; Il. 10.481@10; Il. 13.73@2; Il. 16.12@10; Il. 17.338@8; Il. 18.182@8; Il. 22.451@10; Il. 23.278@8
correption	κεῖται	κειται	22	Il. 3.195@5.5; Il. 4.144@9.5; Il. 5.467@1.5; Il. 9.335@5.5; Il. 10.407@5.5; Il. 16.558@1.5; Il. 17.92@5.5; Il. 18.435@1.5; Il. 18.461@5.5; Il. 19.212@1.5
correption	ὅσσοι	οσσοι	22	Il. 2.125@9.5; Il. 2.249@3.5; Il. 4.211@9.5; Il. 5.267@3.5; Il. 9.55@9.5; Il. 9.642@9.5; Il. 10.301@1.5; Il. 11.691@9.5; Il. 12.13@9.5; Il. 12.19@1.5
correption	ὀΐομαι	οιομαι	20	Il. 1.78@4; Il. 5.644@8; Il. 11.834@8; Il. 12.217@8; Il. 15.292@8; Il. 17.641@8; Il. 17.687@8; Il. 19.334@8; Il. 20.195@8; Od. 14.190@8
correption	θρόνου	θρονου	19	Il. 1.536@8; Il. 11.645@8; Il. 18.389@8; Il. 18.422@8; Il. 20.62@4; Il. 24.515@4; Il. 24.522@8; Od. 5.195@8; Od. 7.162@8; Od. 7.169@8
correption	κοῦροι	κουροι	19	Il. 1.473@9.5; Il. 2.551@1.5; Il. 2.562@9.5; Il. 3.82@9.5; Il. 3.183@9.5; Il. 9.86@1.5; Il. 12.196@9.5; Il. 14.505@9.5; Il. 15.284@5.5; Il. 17.758@9.5
correption	ἰλίου	ιλιου	19	Il. 2.133@2; Il. 2.230@8; Il. 4.33@2; Il. 5.642@2; Il. 6.60@2; Il. 6.96@10; Il. 6.277@10; Il. 6.386@8; Il. 6.478@8; Il. 7.345@8
correption	εὔχομαι	ευχομαι	18	Il. 6.211@10; Il. 8.190@10; Il. 9.60@10; Il. 9.161@10; Il. 14.113@10; Il. 20.209@2; Il. 20.241@10; Il. 21.187@10; Il. 23.669@8; Od. 1.180@10
correption	ἔχει	εχει	18	Il. 6.509@8; Il. 13.484@2; Il. 15.266@8; Il. 21.221@8; Il. 23.325@2; Il. 24.482@8; Od. 3.123@8; Od. 3.227@8; Od. 4.75@8; Od. 4.142@8
correption	γύναι	γυναι	17	Il. 3.204@2; Il. 6.441@8; Il. 24.300@2; Od. 4.148@8; Od. 17.152@2; Od. 18.259@2; Od. 19.107@2; Od. 19.165@2; Od. 19.221@2; Od. 19.262@2
correption	εὔχεται	ευχεται	17	Il. 1.91@10; Il. 2.82@10; Il. 5.173@8; Il. 5.246@10; Il. 5.248@2; Il. 14.366@8; Il. 14.484@10; Il. 20.102@10; Od. 1.406@10; Od. 1.418@10
correption	μοί	μοι	17	Il. 1.176@4; Il. 1.300@4; Il. 3.172@4; Il. 3.242@10; Il. 5.890@4; Il. 6.429@4; Il. 9.144@2; Il. 12.410@4; Il. 16.55@4; Il. 17.252@4
correption	πολλοί	πολλοι	17	Il. 1.242@5.5; Il. 2.161@9.5; Il. 2.177@9.5; Il. 4.77@5.5; Il. 10.227@9.5; Il. 13.733@5.5; Il. 24.737@9.5; Od. 1.395@1.5; Od. 2.181@5.5; Od. 2.241@9.5
correption	ἤ	η	17	Il. 10.451@5.5; Il. 16.515@1.5; Il. 21.576@6; Il. 23.724@3.5; Od. 3.94@6; Od. 4.324@6; Od. 4.714@6; Od. 9.497@6; Od. 11.58@5.5; Od. 11.415@3.5
correption	πᾶσαι	πασαι	16	Il. 6.301@5.5; Il. 15.636@5.5; Il. 18.38@1.5; Il. 18.470@9.5; Od. 2.388@9.5; Od. 3.487@9.5; Od. 3.497@9.5; Od. 4.720@1.5; Od. 10.412@1.5; Od. 11.12@9.5
correption	τευ	τευ	15	Il. 2.390@4; Il. 5.897@2; Il. 13.252@2; Il. 13.559@1.5; Il. 19.262@10; Od. 1.217@8; Od. 3.348@2; Od. 6.68@10; Od. 6.192@10; Od. 9.497@5.5
correption	ἐλεύσεται	ελευσεται	15	Il. 1.425@8; Il. 8.12@8; Il. 21.62@8; Od. 10.538@8; Od. 11.135@8; Od. 14.161@8; Od. 14.167@8; Od. 16.8@8; Od. 16.204@8; Od. 19.300@10
correption	βροτοί	βροτοι	14	Il. 1.272@4; Il. 5.304@4; Il. 10.83@10; Il. 10.386@10; Il. 12.383@4; Il. 12.449@4; Il. 18.539@8; Il. 20.287@4; Il. 24.363@10; Od. 1.32@8
correption	δήμῳ	δημω	13	Od. 1.103@5.5; Od. 3.100@1.5; Od. 3.104@1.5; Od. 3.220@1.5; Od. 4.243@1.5; Od. 4.330@1.5; Od. 4.821@5.5; Od. 8.211@1.5; Od. 8.220@1.5; Od. 13.266@1.5
correption	δόμου	δομου	13	Il. 22.440@8; Il. 22.472@2; Il. 24.673@6; Od. 1.126@8; Od. 1.255@6; Od. 3.402@8; Od. 4.302@6; Od. 4.304@8; Od. 7.346@8; Od. 8.257@8
correption	μενοιτίου	μενοιτιου	13	Il. 9.202@8; Il. 11.605@8; Il. 11.814@8; Il. 11.837@8; Il. 12.1@8; Il. 16.278@8; Il. 16.307@8; Il. 16.626@8; Il. 16.665@8; Il. 16.827@8
correption	τοῦ	του	13	Il. 3.87@6; Il. 7.374@6; Il. 7.388@6; Il. 14.213@3.5; Il. 17.277@9.5; Il. 24.212@5.5; Od. 1.215@6; Od. 9.387@1.5; Od. 14.204@5.5; Od. 16.188@6
correption	ἄριστοι	αριστοι	13	Il. 4.260@5.5; Il. 10.306@3.5; Il. 10.539@5.5; Il. 12.89@5.5; Il. 12.197@5.5; Il. 13.117@3.5; Il. 15.296@5.5; Il. 17.377@3.5; Od. 1.211@5.5; Od. 8.78@5.5
correption	μαχέσασθαι	μαχεσασθαι	12	Il. 3.20@5.5; Il. 3.433@5.5; Il. 5.496@5.5; Il. 6.105@5.5; Il. 7.40@5.5; Il. 7.51@5.5; Il. 7.74@9.5; Il. 11.213@5.5; Il. 17.168@5.5; Il. 17.490@9.5
correption	ἀθρόοι	αθροοι	12	Il. 2.439@4; Il. 14.38@8; Il. 18.497@8; Il. 19.236@8; Il. 23.200@10; Od. 16.361@8; Od. 19.540@2; Od. 22.76@2; Od. 23.50@2; Od. 24.420@8
correption	ἔρχεται	ερχεται	12	Il. 1.120@10; Il. 7.208@10; Il. 10.341@10; Il. 16.364@8; Il. 17.755@8; Il. 20.167@2; Il. 24.82@2; Od. 4.826@8; Od. 13.94@2; Od. 22.166@2
correption	θεοῦ	θεου	11	Il. 15.270@8; Il. 19.18@8; Il. 20.106@10; Od. 2.297@8; Od. 2.372@8; Od. 3.215@10; Od. 8.499@6; Od. 10.297@10; Od. 12.322@4; Od. 15.531@6
correption	καθήμενοι	καθημενοι	11	Il. 4.1@8; Il. 7.443@8; Il. 18.531@8; Il. 23.448@8; Il. 23.495@8; Il. 24.161@8; Il. 24.403@8; Od. 4.238@8; Od. 7.203@8; Od. 17.530@8
correption	μυθήσομαι	μυθησομαι	11	Il. 2.488@8; Od. 4.240@8; Od. 8.497@8; Od. 9.16@8; Od. 11.328@8; Od. 11.507@8; Od. 11.517@8; Od. 14.151@8; Od. 19.245@8; Od. 19.269@8
correption	οὐρανοῦ	ουρανου	11	Il. 5.749@8; Il. 5.769@8; Il. 6.108@8; Il. 6.128@8; Il. 8.46@8; Il. 8.393@8; Il. 19.130@8; Il. 19.351@2; Od. 7.199@8; Od. 20.113@8
correption	πόλει	πολει	11	Il. 5.686@2; Il. 6.88@10; Il. 6.297@10; Il. 6.317@10; Il. 7.345@10; Il. 22.172@2; Od. 8.569@8; Od. 13.152@8; Od. 13.158@8; Od. 13.177@8
correption	πῃ	πη	11	Il. 6.267@4; Il. 6.383@2; Il. 16.110@10; Il. 24.71@10; Il. 24.381@2; Od. 2.127@10; Od. 3.251@10; Od. 5.140@9.5; Od. 12.232@2; Od. 12.433@10
correption	ἐσθλοί	εσθλοι	11	Il. 4.113@9.5; Il. 5.624@5.5; Il. 16.327@9.5; Od. 2.391@9.5; Od. 3.471@9.5; Od. 5.110@9.5; Od. 5.133@9.5; Od. 7.251@9.5; Od. 14.104@9.5; Od. 23.331@9.5
correption	ἔγχει	εγχει	11	Il. 4.307@1.5; Il. 7.289@5.5; Il. 10.348@1.5; Il. 14.38@1.5; Il. 14.403@1.5; Il. 14.483@1.5; Il. 17.465@1.5; Il. 19.218@1.5; Il. 22.271@1.5; Od. 10.170@1.5
correption	δάρδανοι	δαρδανοι	10	Il. 3.456@8; Il. 7.348@8; Il. 7.368@8; Il. 8.173@8; Il. 8.497@8; Il. 11.286@8; Il. 13.150@8; Il. 15.425@8; Il. 15.486@8; Il. 17.184@8
correption	λαοί	λαοι	10	Il. 2.578@1.5; Il. 13.492@1.5; Il. 13.676@1.5; Il. 13.710@1.5; Il. 16.551@1.5; Od. 2.13@5.5; Od. 3.155@5.5; Od. 13.156@1.5; Od. 17.64@5.5; Od. 19.114@9.5
correption	μένει	μενει	10	Il. 6.127@8; Il. 9.634@6; Il. 11.666@2; Il. 11.836@8; Il. 17.434@6; Il. 20.172@8; Il. 21.151@8; Il. 21.431@8; Od. 8.33@8; Od. 16.33@8
correption	μεῖναι	μειναι	10	Il. 1.535@1.5; Il. 13.830@1.5; Il. 15.165@1.5; Il. 16.147@9.5; Il. 21.609@1.5; Il. 22.5@5.5; Il. 22.252@1.5; Od. 14.270@1.5; Od. 17.570@1.5; Od. 17.582@3.5
correption	νήπιοι	νηπιοι	10	Il. 8.177@2; Il. 12.127@2; Il. 17.236@2; Il. 17.497@2; Il. 18.311@2; Od. 1.8@2; Od. 9.44@8; Od. 21.85@2; Od. 22.32@8; Od. 22.370@8
correption	οἴχεται	οιχεται	10	Il. 5.472@8; Il. 15.223@2; Il. 17.588@8; Il. 23.577@2; Od. 1.410@8; Od. 4.166@8; Od. 4.665@10; Od. 4.707@8; Od. 4.821@8; Od. 8.294@2
correption	πάλαι	παλαι	10	Il. 5.898@4; Il. 9.105@8; Il. 9.527@8; Il. 21.432@4; Il. 23.871@8; Od. 17.366@10; Od. 19.282@8; Od. 20.222@4; Od. 20.293@8; Od. 23.29@6
correption	ἔδμεναι	εδμεναι	10	Il. 4.345@8; Il. 5.203@10; Il. 13.36@2; Il. 22.347@8; Od. 9.476@2; Od. 10.243@2; Od. 14.42@2; Od. 16.84@2; Od. 17.260@2; Od. 20.214@2
correption	αὐτοί	αυτοι	9	Il. 11.121@5.5; Il. 15.565@5.5; Il. 15.718@5.5; Il. 16.562@5.5; Il. 23.496@5.5; Od. 3.193@5.5; Od. 4.334@9.5; Od. 14.415@5.5; Od. 17.125@9.5
correption	δῖοι	διοι	9	Il. 5.451@9.5; Il. 5.663@9.5; Il. 5.692@9.5; Il. 11.455@9.5; Il. 11.504@9.5; Il. 18.241@9.5; Il. 20.354@9.5; Od. 3.116@9.5; Od. 19.199@9.5
correption	εἴη	ειη	9	Il. 9.125@5.5; Il. 9.267@5.5; Il. 12.345@1.5; Il. 12.358@1.5; Il. 22.454@5.5; Od. 7.333@5.5; Od. 14.403@1.5; Od. 18.255@5.5; Od. 19.128@5.5
correption	μαίνεται	μαινεται	9	Il. 5.185@8; Il. 6.101@2; Il. 8.111@8; Il. 8.355@8; Il. 8.360@8; Il. 8.413@10; Il. 9.238@2; Il. 16.75@2; Od. 11.537@10
correption	οἴκῳ	οικω	9	Il. 1.30@5.5; Il. 3.233@1.5; Od. 1.258@1.5; Od. 11.389@1.5; Od. 19.119@1.5; Od. 20.171@1.5; Od. 21.16@1.5; Od. 22.358@1.5; Od. 24.22@1.5
correption	πέλει	πελει	9	Il. 3.3@8; Il. 4.158@6; Il. 9.134@6; Il. 9.324@10; Il. 13.237@6; Od. 4.565@8; Od. 8.124@8; Od. 8.169@10; Od. 8.209@10
correption	πω	πω	9	Il. 10.293@5.5; Il. 11.497@10; Od. 3.383@5.5; Od. 11.161@10; Od. 11.166@10; Od. 11.373@10; Od. 11.481@10; Od. 16.192@5.5; Od. 23.315@4
correption	πύλου	πυλου	9	Il. 1.269@10; Il. 9.153@8; Il. 9.295@8; Il. 11.712@8; Od. 2.326@4; Od. 4.633@8; Od. 15.42@8; Od. 16.131@8; Od. 24.152@2
correption	σεῦ	σευ	9	Il. 2.27@1.5; Il. 2.64@1.5; Il. 7.111@5.5; Il. 14.309@2; Il. 18.333@6; Il. 20.334@1.5; Il. 24.767@3.5; Od. 9.278@2; Od. 19.489@5.5
correption	φέρτεροι	φερτεροι	9	Il. 2.201@4; Il. 10.557@10; Il. 16.780@10; Il. 20.135@10; Il. 21.264@10; Od. 5.170@4; Od. 6.6@10; Od. 9.276@10; Od. 22.289@10
correption	ἔα	εα	9	Il. 1.276@2; Il. 8.399@10; Il. 16.731@8; Il. 22.206@2; Od. 4.744@2; Od. 14.222@2; Od. 14.352@8; Od. 23.77@2; Od. 23.244@10
correption	ἥμενοι	ημενοι	9	Il. 7.100@2; Il. 8.480@2; Il. 24.209@2; Od. 1.108@2; Od. 4.281@2; Od. 8.506@2; Od. 9.8@2; Od. 9.233@2; Od. 11.571@2
correption	μεγάθυμοι	μεγαθυμοι	8	Il. 1.123@9.5; Il. 1.135@9.5; Il. 5.27@5.5; Il. 11.459@5.5; Il. 11.732@9.5; Il. 11.744@9.5; Il. 13.737@5.5; Od. 24.57@9.5
correption	μυρίοι	μυριοι	8	Il. 2.468@2; Il. 23.29@2; Il. 23.134@2; Od. 8.110@2; Od. 10.120@2; Od. 16.121@8; Od. 17.422@8; Od. 19.78@8
correption	οὗ	ου	8	Il. 2.138@6; Il. 18.171@6; Il. 23.748@8; Od. 2.27@1.5; Od. 2.90@1.5; Od. 17.103@9.5; Od. 19.596@9.5; Od. 23.18@9.5
correption	πειρήσομαι	πειρησομαι	8	Il. 2.73@8; Il. 5.279@8; Il. 19.70@8; Il. 20.352@8; Od. 6.126@8; Od. 9.174@8; Od. 21.282@8; Od. 24.216@8
correption	σευ	σευ	8	Il. 5.811@2; Il. 8.482@9.5; Il. 14.95@2; Il. 16.31@4; Il. 16.621@10; Il. 17.173@2; Il. 24.174@1.5; Od. 14.493@5.5
correption	στρατοῦ	στρατου	8	Il. 10.336@8; Il. 10.341@8; Il. 10.562@6; Il. 13.308@8; Il. 13.326@8; Il. 14.84@10; Od. 2.30@6; Od. 2.42@6
correption	ἀνείρεαι	ανειρεαι	8	Il. 3.177@8; Od. 1.231@8; Od. 7.243@8; Od. 13.238@8; Od. 15.390@8; Od. 15.402@8; Od. 19.171@8; Od. 23.99@8
correption	ἀρήϊοι	αρηιοι	8	Il. 4.114@8; Il. 11.800@8; Il. 13.499@8; Il. 16.42@8; Il. 18.200@8; Il. 20.317@8; Il. 21.376@8; Od. 23.220@8
correption	ἀχαιοί	αχαιοι	8	Il. 6.229@5.5; Il. 11.70@5.5; Il. 14.59@5.5; Il. 15.235@5.5; Il. 15.326@5.5; Il. 16.770@5.5; Il. 19.61@5.5; Il. 21.4@5.5
correption	ἐμεῦ	εμευ	8	Il. 9.494@2; Il. 19.105@10; Il. 22.236@4; Od. 1.313@2; Od. 15.538@2; Od. 17.165@2; Od. 19.93@8; Od. 19.311@2
correption	ἐπιβήμεναι	επιβημεναι	8	Il. 9.133@8; Il. 9.275@8; Il. 19.176@8; Od. 7.196@8; Od. 10.340@10; Od. 10.342@10; Od. 12.282@8; Od. 14.229@8
correption	ἰθακήσιοι	ιθακησιοι	8	Od. 2.25@8; Od. 2.161@8; Od. 2.229@8; Od. 15.520@8; Od. 24.354@8; Od. 24.443@8; Od. 24.454@8; Od. 24.531@8
correption	ἵπποι	ιπποι	8	Il. 3.327@1.5; Il. 5.222@5.5; Il. 8.106@5.5; Il. 9.269@5.5; Il. 20.221@5.5; Il. 20.394@5.5; Il. 23.475@1.5; Il. 23.487@5.5
correption	δοκεῖ	δοκει	7	Il. 9.103@8; Il. 9.314@8; Il. 12.215@8; Il. 13.735@8; Od. 2.33@4; Od. 13.154@8; Od. 23.130@8
correption	κεῖσθαι	κεισθαι	7	Il. 5.848@1.5; Il. 8.126@1.5; Il. 11.836@1.5; Il. 15.118@1.5; Il. 15.473@1.5; Il. 17.300@1.5; Il. 19.9@1.5
correption	μάρτυροι	μαρτυροι	7	Il. 1.338@10; Il. 2.302@2; Il. 3.280@4; Il. 14.274@2; Il. 22.255@2; Od. 1.273@10; Od. 14.394@2
correption	νέοι	νεοι	7	Il. 9.36@8; Il. 9.258@8; Il. 13.95@8; Od. 1.395@8; Od. 8.58@8; Od. 14.61@2; Od. 17.294@10
correption	ποτιδέγμενοι	ποτιδεγμενοι	7	Il. 7.415@8; Il. 9.628@8; Od. 2.205@8; Od. 2.403@10; Od. 7.161@8; Od. 9.545@10; Od. 21.156@8
correption	τελέεσθαι	τελεεσθαι	7	Il. 1.204@9.5; Il. 2.36@9.5; Od. 1.201@9.5; Od. 2.156@9.5; Od. 3.226@9.5; Od. 15.173@9.5; Od. 22.215@9.5
correption	τῷ	τω	7	Il. 2.47@1.5; Il. 2.187@1.5; Il. 11.608@5.5; Il. 18.306@6; Od. 4.71@5.5; Od. 8.161@2; Od. 16.19@5.5
correption	φασγάνῳ	φασγανω	7	Il. 5.81@2; Il. 8.88@2; Il. 10.456@2; Il. 20.469@8; Il. 20.481@8; Od. 11.424@8; Od. 22.98@2
correption	φράζεσθαι	φραζεσθαι	7	Il. 9.680@5.5; Od. 1.269@9.5; Od. 16.312@9.5; Od. 17.279@9.5; Od. 20.43@9.5; Od. 22.129@5.5; Od. 23.122@9.5
correption	φύγοι	φυγοι	7	Il. 6.59@8; Il. 14.507@8; Il. 16.98@8; Il. 16.283@8; Od. 4.789@8; Od. 15.300@8; Od. 22.43@8
correption	ἀγοί	αγοι	7	Il. 3.231@8; Il. 12.61@8; Il. 12.346@8; Il. 12.359@8; Il. 13.304@10; Il. 17.335@8; Il. 23.160@8
correption	ἀργύρῳ	αργυρω	7	Il. 10.438@8; Il. 11.237@2; Il. 17.52@8; Od. 6.232@10; Od. 19.56@8; Od. 23.159@10; Od. 23.200@8
correption	ἐναντίοι	εναντιοι	7	Il. 5.497@8; Il. 6.106@8; Il. 6.247@8; Il. 11.67@8; Il. 11.214@8; Il. 17.343@8; Od. 10.391@8
correption	ἐσχάρῃ	εσχαρη	7	Od. 6.52@4; Od. 6.305@8; Od. 7.153@8; Od. 7.160@8; Od. 14.420@8; Od. 20.123@8; Od. 23.71@8
correption	αὐτῷ	αυτω	6	Il. 14.359@3.5; Il. 16.504@9.5; Il. 22.110@3.5; Od. 6.60@3.5; Od. 19.196@9.5; Od. 22.116@5.5
correption	δίφρῳ	διφρω	6	Il. 5.160@3.5; Il. 5.609@3.5; Il. 11.103@3.5; Il. 11.127@3.5; Il. 17.609@1.5; Od. 4.717@1.5
correption	εἴδεται	ειδεται	6	Il. 1.228@10; Il. 8.559@4; Il. 13.98@4; Il. 14.472@8; Il. 24.197@10; Od. 9.11@10
correption	κακοῦ	κακου	6	Il. 2.380@6; Il. 9.250@4; Il. 13.89@8; Il. 15.700@8; Il. 19.290@10; Od. 12.107@8
correption	μεταφρένῳ	μεταφρενω	6	Il. 5.40@8; Il. 8.95@8; Il. 8.258@8; Il. 11.447@8; Il. 17.502@8; Il. 22.283@8
correption	νήσου	νησου	6	Od. 3.171@1.5; Od. 5.238@1.5; Od. 6.172@1.5; Od. 12.285@1.5; Od. 12.335@5.5; Od. 19.275@5.5
correption	νήσῳ	νησω	6	Od. 1.50@1.5; Od. 1.198@1.5; Od. 4.373@5.5; Od. 4.466@5.5; Od. 12.283@1.5; Od. 12.351@9.5
correption	νεώτεροι	νεωτεροι	6	Il. 4.324@8; Il. 10.165@8; Il. 23.643@8; Od. 3.363@8; Od. 7.294@8; Od. 10.395@8
correption	οἴκοι	οικοι	6	Il. 1.113@1.5; Od. 1.12@1.5; Od. 8.324@9.5; Od. 13.42@9.5; Od. 15.15@5.5; Od. 15.178@1.5
correption	οἴκου	οικου	6	Od. 2.59@9.5; Od. 2.136@1.5; Od. 4.596@5.5; Od. 17.538@9.5; Od. 19.572@1.5; Od. 21.375@5.5
correption	οὔδει	ουδει	6	Il. 7.145@9.5; Il. 11.144@9.5; Il. 12.192@9.5; Il. 16.612@1.5; Il. 17.437@1.5; Il. 17.528@1.5
correption	πείσεσθαι	πεισεσθαι	6	Il. 1.289@9.5; Il. 1.296@9.5; Il. 1.427@9.5; Il. 20.466@9.5; Od. 3.146@9.5; Od. 18.132@9.5
correption	τετεύχαται	τετευχαται	6	Il. 13.22@8; Il. 14.53@8; Il. 14.220@8; Od. 2.63@8; Od. 14.138@8; Od. 19.563@8
correption	τῳ	τω	6	Il. 1.299@4; Il. 12.328@4; Il. 13.327@4; Od. 10.32@10; Od. 13.308@2; Od. 20.297@10
correption	φαίνεται	φαινεται	6	Il. 2.456@10; Il. 5.864@10; Od. 9.192@8; Od. 11.336@10; Od. 15.25@10; Od. 15.517@2
correption	ἀνάρσιοι	αναρσιοι	6	Il. 24.365@8; Od. 10.459@4; Od. 11.401@4; Od. 11.408@4; Od. 14.85@8; Od. 24.111@4
correption	ἀπολέσθαι	απολεσθαι	6	Il. 12.70@5.5; Il. 13.227@5.5; Il. 14.70@5.5; Il. 15.511@5.5; Od. 3.234@5.5; Od. 8.511@5.5
correption	ἄλλῳ	αλλω	6	Il. 1.299@5.5; Il. 2.400@3.5; Il. 9.101@5.5; Il. 23.274@5.5; Od. 21.104@1.5; Od. 21.116@3.5
correption	ἐπιτέλλομαι	επιτελλομαι	6	Il. 2.802@8; Il. 9.68@8; Il. 19.192@8; Od. 8.40@8; Od. 12.217@8; Od. 21.240@10
correption	ἔρχευ	ερχευ	6	Il. 6.280@1.5; Il. 23.893@1.5; Od. 6.69@1.5; Od. 10.288@1.5; Od. 16.270@5.5; Od. 18.174@1.5
correption	ἔσσεαι	εσσεαι	6	Il. 10.453@8; Il. 18.95@8; Il. 19.182@2; Il. 22.486@2; Od. 2.270@8; Od. 2.278@8
correption	ἤδη	ηδη	6	Il. 2.699@5.5; Il. 8.236@5.5; Il. 19.122@1.5; Od. 8.502@5.5; Od. 15.268@5.5; Od. 16.471@1.5
correption	ἱκάνεται	ικανεται	6	Il. 10.118@8; Il. 11.610@8; Od. 23.7@8; Od. 23.27@8; Od. 23.36@8; Od. 23.108@8
correption	ὀδύρομαι	οδυρομαι	6	Il. 22.424@8; Od. 4.104@8; Od. 4.819@8; Od. 14.142@8; Od. 14.174@8; Od. 21.250@8
correption	αἴτιοι	αιτιοι	5	Il. 1.153@10; Il. 3.164@10; Il. 19.410@2; Od. 1.348@2; Od. 2.87@10
correption	βούλεται	βουλεται	5	Il. 1.67@2; Il. 15.51@10; Il. 17.331@8; Od. 15.21@4; Od. 17.228@2
correption	δέξαι	δεξαι	5	Il. 5.227@1.5; Il. 17.480@1.5; Il. 24.137@9.5; Il. 24.429@5.5; Il. 24.555@9.5
correption	δήμου	δημου	5	Il. 6.158@3.5; Il. 11.328@9.5; Il. 12.447@9.5; Il. 17.577@1.5; Od. 22.36@1.5
correption	δίκη	δικη	5	Od. 11.218@4; Od. 14.59@10; Od. 19.43@4; Od. 19.168@8; Od. 24.255@8
correption	δαήμεναι	δαημεναι	5	Il. 6.150@8; Il. 20.213@8; Il. 21.487@8; Od. 13.335@8; Od. 23.262@8
correption	δαμήμεναι	δαμημεναι	5	Il. 10.403@8; Il. 17.77@8; Il. 20.266@8; Il. 20.312@8; Il. 21.291@8
correption	δεδμημένοι	δεδμημενοι	5	Il. 6.245@8; Il. 6.249@8; Il. 10.2@10; Il. 24.678@10; Od. 18.237@8
correption	δηΐου	δηιου	5	Il. 7.119@2; Il. 7.174@2; Il. 17.189@2; Il. 19.73@2; Il. 21.422@2
correption	δυνήσεται	δυνησεται	5	Il. 19.163@8; Od. 1.78@8; Od. 2.191@8; Od. 10.291@8; Od. 21.403@8
correption	εἴα	εια	5	Il. 23.4@5.5; Od. 7.41@1.5; Od. 7.274@1.5; Od. 18.346@9.5; Od. 20.284@9.5
correption	εἴσεαι	εισεαι	5	Il. 7.226@8; Il. 21.292@10; Od. 2.40@10; Od. 16.246@8; Od. 24.506@8
correption	εἴσομαι	εισομαι	5	Il. 8.532@2; Il. 14.8@8; Il. 21.335@2; Il. 24.462@8; Od. 22.7@2
correption	εἴσω	εισω	5	Il. 13.553@1.5; Il. 16.340@5.5; Od. 16.41@3.5; Od. 17.30@3.5; Od. 17.256@3.5
correption	εὔχεαι	ευχεαι	5	Il. 4.264@10; Il. 11.388@10; Il. 13.447@10; Od. 9.529@10; Od. 22.321@10
correption	κάλει	καλει	5	Il. 13.740@6; Il. 17.245@8; Od. 10.231@2; Od. 10.257@2; Od. 10.313@2
correption	κήδεται	κηδεται	5	Il. 2.27@8; Il. 2.64@8; Il. 9.342@8; Il. 11.665@8; Il. 24.174@8
correption	καταδῦναι	καταδυναι	5	Il. 10.231@9.5; Il. 10.433@9.5; Il. 13.307@9.5; Il. 15.299@9.5; Od. 15.328@9.5
correption	λίσσομαι	λισσομαι	5	Il. 1.174@2; Il. 19.305@2; Od. 2.68@2; Od. 3.98@2; Od. 4.328@2
correption	λευκῷ	λευκω	5	Od. 19.393@9.5; Od. 19.465@9.5; Od. 21.219@9.5; Od. 23.74@9.5; Od. 24.332@9.5
correption	λιλαίεαι	λιλαιεαι	5	Il. 3.399@8; Il. 14.331@8; Od. 9.451@8; Od. 11.380@8; Od. 15.327@8
correption	μάχεσθαι	μαχεσθαι	5	Il. 4.414@5.5; Il. 12.377@5.5; Il. 14.51@5.5; Il. 15.722@5.5; Od. 22.214@5.5
correption	μέσῳ	μεσω	5	Il. 10.474@4; Il. 16.231@6; Il. 17.375@8; Il. 24.306@6; Od. 9.429@8
correption	μιγήμεναι	μιγημεναι	5	Il. 6.161@8; Il. 6.165@8; Il. 13.286@8; Il. 15.409@8; Il. 21.469@8
correption	μοῦσαι	μουσαι	5	Il. 2.484@5.5; Il. 2.598@1.5; Il. 11.218@5.5; Il. 14.508@5.5; Il. 16.112@5.5
correption	ναυσίκλυτοι	ναυσικλυτοι	5	Od. 8.191@10; Od. 8.369@10; Od. 13.166@10; Od. 15.415@8; Od. 16.227@8
correption	οὐδοῦ	ουδου	5	Il. 9.582@1.5; Od. 1.104@1.5; Od. 18.33@1.5; Od. 22.72@1.5; Od. 22.76@5.5
correption	πάντῃ	παντη	5	Il. 1.384@1.5; Il. 6.81@1.5; Il. 10.167@1.5; Il. 16.496@1.5; Il. 16.533@1.5
correption	πύλῳ	πυλω	5	Il. 1.252@2; Il. 5.397@2; Il. 11.689@10; Od. 4.599@2; Od. 11.257@8
correption	τηλοῦ	τηλου	5	Il. 11.712@1.5; Il. 23.853@1.5; Od. 13.257@1.5; Od. 17.253@5.5; Od. 22.323@1.5
correption	τρέφει	τρεφει	5	Il. 5.52@8; Il. 11.741@8; Il. 17.53@4; Od. 14.223@8; Od. 18.130@8
correption	τροίῃ	τροιη	5	Il. 24.256@1.5; Il. 24.494@1.5; Od. 1.62@1.5; Od. 4.99@1.5; Od. 5.307@1.5
correption	φέρει	φερει	5	Il. 8.541@8; Il. 11.156@8; Il. 13.828@8; Il. 17.757@8; Od. 1.408@8
correption	φέροι	φεροι	5	Il. 11.2@8; Il. 15.731@8; Il. 19.2@8; Od. 5.2@8; Od. 23.348@8
correption	φίλου	φιλου	5	Il. 6.468@8; Od. 1.94@8; Od. 2.360@8; Od. 4.169@6; Od. 11.327@4
correption	φίλτατοι	φιλτατοι	5	Il. 9.198@10; Il. 9.204@4; Il. 9.522@2; Il. 9.586@8; Il. 9.642@8
correption	χέει	χεει	5	Il. 6.147@8; Il. 9.15@10; Il. 12.281@6; Il. 16.4@10; Il. 16.385@10
correption	ἀξιοῦ	αξιου	5	Il. 2.849@8; Il. 2.850@2; Il. 16.288@8; Il. 21.157@8; Il. 21.158@2
correption	ἀποτίσεται	αποτισεται	5	Od. 1.268@8; Od. 3.216@10; Od. 5.24@10; Od. 17.540@10; Od. 24.480@10
correption	ἀργοί	αργοι	5	Il. 18.283@9.5; Il. 18.578@9.5; Il. 23.30@5.5; Od. 17.62@9.5; Od. 20.145@9.5
correption	ἄγριοι	αγριοι	5	Od. 1.199@2; Od. 6.120@8; Od. 8.575@8; Od. 9.175@8; Od. 13.201@8
correption	ἄχνυται	αχνυται	5	Il. 6.524@2; Il. 18.62@2; Il. 18.320@8; Il. 18.443@2; Od. 14.170@2
correption	ἐλεύσομαι	ελευσομαι	5	Il. 6.365@8; Il. 12.369@4; Il. 13.753@4; Od. 4.381@8; Od. 4.470@8
correption	ἐναντίη	εναντιη	5	Il. 6.251@8; Il. 6.394@8; Il. 15.88@8; Od. 6.329@8; Od. 23.89@8
correption	ἔλπομαι	ελπομαι	5	Il. 7.199@2; Il. 7.353@2; Il. 8.526@2; Il. 13.309@10; Il. 17.239@2
correption	ἔρχομαι	ερχομαι	5	Il. 11.839@2; Il. 13.256@2; Il. 14.301@2; Od. 14.373@2; Od. 15.159@2
correption	ἕπευ	επευ	5	Il. 13.465@2; Il. 15.556@2; Od. 15.281@2; Od. 23.52@2; Od. 23.78@2
correption	ἧσθαι	ησθαι	5	Il. 1.416@1.5; Il. 13.253@1.5; Il. 13.280@5.5; Od. 7.160@5.5; Od. 19.120@1.5
correption	ἧσται	ησται	5	Il. 19.345@1.5; Od. 6.305@5.5; Od. 13.337@1.5; Od. 13.424@1.5; Od. 16.145@1.5
correption	ἴσχει	ισχει	5	Il. 5.812@5.5; Il. 17.750@1.5; Od. 4.558@1.5; Od. 5.15@1.5; Od. 17.144@1.5
correption	ἴτω	ιτω	5	Il. 7.75@2; Il. 24.148@10; Il. 24.177@10; Od. 1.276@2; Od. 3.421@8
correption	ὄψεαι	οψεαι	5	Il. 4.353@2; Il. 8.471@2; Il. 9.359@2; Il. 24.601@2; Od. 24.511@2
correption	ᾔδη	ηδη	5	Il. 2.38@5.5; Il. 11.741@5.5; Il. 20.466@5.5; Od. 2.122@1.5; Od. 3.146@5.5
correption	αἰεί	αιει	4	Il. 1.520@5.5; Il. 9.322@1.5; Od. 1.341@5.5; Od. 13.255@1.5
correption	βήμεναι	βημεναι	4	Il. 17.504@10; Od. 8.518@2; Od. 14.327@8; Od. 19.296@8
correption	βαθυρρόου	βαθυρροου	4	Il. 7.422@8; Il. 14.311@8; Od. 11.13@8; Od. 19.434@8
correption	βεβλημένοι	βεβλημενοι	4	Il. 11.659@8; Il. 11.826@8; Il. 13.764@8; Il. 16.24@8
correption	βλημένου	βλημενου	4	Il. 21.594@2; Od. 17.490@2; Od. 17.493@2; Od. 22.18@2
correption	βροτῷ	βροτω	4	Il. 2.821@8; Il. 5.604@8; Od. 4.397@8; Od. 13.312@8
correption	γνώμεναι	γνωμεναι	4	Il. 2.349@2; Il. 21.266@8; Il. 21.609@8; Od. 1.411@2
correption	δεύεται	δευεται	4	Od. 5.53@10; Od. 6.44@2; Od. 7.73@10; Od. 8.137@2
correption	δόλῳ	δολω	4	Il. 23.585@8; Od. 4.92@6; Od. 9.406@8; Od. 9.408@8
correption	δύμεναι	δυμεναι	4	Il. 6.185@10; Il. 6.411@8; Il. 14.63@2; Il. 19.313@8
correption	δώσω	δωσω	4	Il. 14.268@1.5; Il. 23.610@1.5; Od. 4.614@1.5; Od. 15.114@1.5
correption	εἴρεαι	ειρεαι	4	Il. 10.416@10; Il. 15.247@10; Il. 24.390@8; Od. 3.80@2
correption	εἴσεται	εισεται	4	Il. 1.548@8; Il. 8.111@2; Il. 16.243@2; Od. 15.213@8
correption	ζώει	ζωει	4	Od. 2.132@1.5; Od. 4.110@1.5; Od. 4.837@1.5; Od. 11.464@1.5
correption	θοαί	θοαι	4	Il. 10.309@8; Il. 10.396@8; Il. 11.666@8; Il. 16.168@8
correption	θυμῷ	θυμω	4	Il. 7.192@1.5; Il. 21.270@1.5; Il. 24.140@5.5; Od. 22.87@1.5
correption	κείνῳ	κεινω	4	Il. 15.45@5.5; Od. 1.209@1.5; Od. 19.257@1.5; Od. 19.370@5.5
correption	κεχολώσεται	κεχολωσεται	4	Il. 1.139@8; Il. 20.301@8; Od. 15.214@10; Od. 24.544@8
correption	κεχολῶσθαι	κεχολωσθαι	4	Il. 16.61@5.5; Il. 24.114@5.5; Il. 24.135@5.5; Od. 7.310@5.5
correption	κυλίνδεται	κυλινδεται	4	Il. 11.307@8; Il. 11.347@8; Il. 13.142@8; Od. 2.163@8
correption	λάθρῃ	λαθρη	4	Il. 7.243@1.5; Il. 13.352@1.5; Il. 24.72@1.5; Od. 4.92@1.5
correption	μαχήσομαι	μαχησομαι	4	Il. 1.298@8; Il. 3.290@8; Il. 9.32@8; Il. 21.498@8
correption	μυρίαι	μυριαι	4	Il. 4.434@2; Il. 12.327@2; Il. 15.632@2; Od. 15.556@8
correption	νεμεσήσεται	νεμεσησεται	4	Il. 10.129@8; Il. 17.93@8; Il. 17.100@8; Od. 19.121@8
correption	ξίφει	ξιφει	4	Il. 5.584@8; Il. 11.109@8; Il. 16.332@6; Il. 20.475@6
correption	οὐρανῷ	ουρανω	4	Il. 4.44@8; Il. 4.443@2; Il. 8.555@4; Il. 22.318@8
correption	οὕτω	ουτω	4	Il. 3.169@3.5; Od. 3.315@1.5; Od. 6.218@5.5; Od. 15.12@1.5
correption	παρέσσεται	παρεσσεται	4	Il. 1.213@8; Il. 9.135@8; Il. 9.277@8; Il. 18.466@8
correption	παρήμενοι	παρημενοι	4	Il. 9.311@8; Il. 24.652@8; Od. 14.375@8; Od. 18.231@8
correption	πεπνυμένω	πεπνυμενω	4	Il. 3.148@10; Il. 7.276@10; Il. 9.689@10; Od. 18.65@10
correption	πιφαύσκομαι	πιφαυσκομαι	4	Od. 2.44@8; Od. 15.518@8; Od. 21.305@8; Od. 23.202@8
correption	πλησίαι	πλησιαι	4	Il. 4.21@2; Il. 8.458@2; Od. 5.71@2; Od. 10.93@2
correption	πνοιῇ	πνοιη	4	Il. 13.590@1.5; Il. 20.439@1.5; Il. 23.215@1.5; Od. 4.402@1.5
correption	ποθή	ποθη	4	Il. 1.240@6; Il. 14.368@6; Od. 15.514@8; Od. 15.546@10
correption	πολυδαιδάλου	πολυδαιδαλου	4	Il. 3.358@8; Il. 4.136@8; Il. 7.252@8; Il. 11.436@8
correption	πολυπτύχου	πολυπτυχου	4	Il. 8.411@8; Il. 20.5@8; Il. 21.449@8; Il. 22.171@8
correption	πόντῳ	ποντω	4	Il. 16.746@5.5; Il. 24.79@5.5; Od. 7.109@5.5; Od. 12.264@5.5
correption	σταθμῷ	σταθμω	4	Il. 16.642@1.5; Il. 19.377@1.5; Od. 14.32@5.5; Od. 16.45@1.5
correption	στρατῷ	στρατω	4	Il. 14.371@8; Il. 15.296@8; Il. 22.49@8; Od. 20.89@8
correption	τείχει	τειχει	4	Il. 13.764@3.5; Il. 17.404@1.5; Il. 17.558@1.5; Il. 23.81@1.5
correption	τετεύξεται	τετευξεται	4	Il. 12.345@8; Il. 12.358@8; Il. 21.322@8; Il. 21.585@8
correption	τλήσομαι	τλησομαι	4	Il. 11.317@8; Il. 19.308@10; Od. 5.222@2; Od. 5.362@8
correption	τούτου	τουτου	4	Il. 23.707@5.5; Il. 23.753@5.5; Il. 23.831@5.5; Od. 8.415@1.5
correption	τώ	τω	4	Il. 2.296@6; Il. 7.352@6; Il. 12.145@2; Il. 16.149@5.5
correption	φεύξεσθαι	φευξεσθαι	4	Il. 13.89@5.5; Il. 15.700@5.5; Il. 21.93@5.5; Od. 22.67@5.5
correption	φοίβου	φοιβου	4	Il. 5.509@1.5; Il. 9.405@1.5; Il. 9.560@1.5; Od. 9.201@1.5
correption	φράζονται	φραζονται	4	Il. 2.14@5.5; Il. 2.31@5.5; Il. 2.68@5.5; Od. 4.699@5.5
correption	φράσαι	φρασαι	4	Il. 1.83@8; Od. 16.260@2; Od. 22.158@2; Od. 24.331@8
correption	χώρῳ	χωρω	4	Il. 12.423@5.5; Il. 13.473@1.5; Il. 17.54@1.5; Il. 21.262@1.5
correption	ἀγροῦ	αγρου	4	Od. 4.517@1.5; Od. 5.489@1.5; Od. 18.358@1.5; Od. 24.150@1.5
correption	ἀγχιστῖνοι	αγχιστινοι	4	Il. 17.361@9.5; Od. 22.118@9.5; Od. 24.181@9.5; Od. 24.449@9.5
correption	ἀκήριοι	ακηριοι	4	Il. 7.100@8; Il. 21.466@8; Od. 12.98@8; Od. 23.328@8
correption	ἀντίοι	αντιοι	4	Il. 1.535@8; Il. 11.216@8; Il. 13.146@8; Il. 20.373@8
correption	ἄμφω	αμφω	4	Il. 1.196@1.5; Il. 1.209@1.5; Il. 5.258@1.5; Il. 20.461@1.5
correption	ἆσαι	ασαι	4	Il. 5.289@3.5; Il. 20.78@3.5; Il. 22.267@3.5; Il. 24.211@5.5
correption	ἐέλδεται	εελδεται	4	Il. 13.638@8; Od. 15.66@8; Od. 18.164@8; Od. 20.35@8
correption	ἐλεύσεαι	ελευσεαι	4	Od. 4.390@8; Od. 4.424@8; Od. 10.267@8; Od. 10.540@8
correption	ἐμή	εμη	4	Od. 2.411@8; Od. 7.300@2; Od. 10.132@2; Od. 11.452@2
correption	ἐναίσιμοι	εναισιμοι	4	Il. 24.40@8; Od. 2.182@8; Od. 17.363@8; Od. 18.220@8
correption	ἑκατηβόλου	εκατηβολου	4	Il. 1.370@8; Il. 5.444@8; Il. 16.711@8; Od. 20.278@8
correption	ἑκηβόλῳ	εκηβολω	4	Il. 1.438@8; Il. 16.513@8; Il. 22.302@8; Il. 23.872@8
correption	ἔβη	εβη	4	Il. 6.377@2; Od. 1.427@2; Od. 6.253@10; Od. 11.277@2
correption	ἔπλευ	επλευ	4	Il. 9.54@9.5; Il. 16.29@9.5; Il. 23.69@9.5; Il. 23.891@9.5
correption	ἔρχεαι	ερχεαι	4	Il. 10.82@10; Il. 22.483@2; Od. 9.448@10; Od. 10.284@8
correption	ἔσσεσθαι	εσσεσθαι	4	Il. 11.444@5.5; Il. 15.292@5.5; Od. 14.176@5.5; Od. 16.311@9.5
correption	ἔσσομαι	εσσομαι	4	Il. 4.267@2; Il. 10.324@8; Il. 16.499@2; Il. 17.180@8
correption	ἔστη	εστη	4	Il. 6.375@1.5; Il. 21.145@1.5; Il. 21.548@1.5; Od. 16.12@1.5
correption	ἕπεσθαι	επεσθαι	4	Il. 4.430@5.5; Il. 9.512@5.5; Od. 4.162@5.5; Od. 24.117@5.5
correption	ἱκέσθαι	ικεσθαι	4	Il. 2.115@5.5; Il. 9.22@5.5; Od. 15.210@5.5; Od. 20.219@5.5
correption	ἴδμεναι	ιδμεναι	4	Il. 13.273@8; Od. 4.200@8; Od. 4.493@2; Od. 12.154@8
correption	ὀίομαι	οιομαι	4	Od. 1.173@8; Od. 2.198@8; Od. 3.47@8; Od. 8.203@8
correption	ὀδύρεται	οδυρεται	4	Il. 23.222@8; Od. 4.740@8; Od. 15.355@8; Od. 19.265@8
correption	ὀλοφύρεται	ολοφυρεται	4	Il. 8.202@8; Il. 11.656@8; Il. 16.450@10; Il. 22.169@10
correption	ὄρνυται	ορνυται	4	Il. 5.532@8; Il. 11.827@10; Il. 15.564@8; Od. 1.347@8
correption	ὅπῃ	οπη	4	Od. 9.279@4; Od. 10.190@10; Od. 10.191@2; Od. 10.192@2
correption	ὑπεκφύγοι	υπεκφυγοι	4	Il. 6.57@8; Od. 12.287@8; Od. 16.372@8; Od. 20.368@8
correption	ὑποδέξομαι	υποδεξομαι	4	Il. 18.59@10; Il. 18.440@10; Od. 16.70@10; Od. 19.257@10
correption	ὑψοῦ	υψου	4	Il. 1.486@1.5; Il. 13.12@1.5; Il. 13.200@1.5; Il. 13.201@3.5
correption	ὥρῃ	ωρη	4	Il. 2.471@1.5; Il. 16.643@1.5; Od. 18.367@1.5; Od. 22.301@1.5
correption	αὐτή	αυτη	3	Od. 7.291@5.5; Od. 12.390@9.5; Od. 19.385@5.5
correption	αὖ	αυ	3	Il. 10.292@1.5; Il. 24.595@1.5; Od. 3.382@1.5
correption	βάλοι	βαλοι	3	Il. 11.389@8; Od. 17.251@6; Od. 20.80@6
correption	βιάζεται	βιαζεται	3	Il. 11.589@8; Il. 22.229@8; Od. 9.410@8
correption	βουληφόροι	βουληφοροι	3	Il. 10.414@10; Od. 9.112@8; Od. 13.12@8
correption	βούλομαι	βουλομαι	3	Il. 1.112@10; Il. 24.226@2; Od. 15.88@2
correption	γένηται	γενηται	3	Il. 1.341@5.5; Il. 14.98@5.5; Od. 12.191@5.5
correption	γήμασθαι	γημασθαι	3	Od. 2.128@5.5; Od. 15.17@5.5; Od. 18.289@5.5
correption	γαίῃ	γαιη	3	Il. 21.168@1.5; Il. 22.64@5.5; Od. 9.36@1.5
correption	γενέσθαι	γενεσθαι	3	Od. 1.220@5.5; Od. 4.173@5.5; Od. 18.128@5.5
correption	γουνῷ	γουνω	3	Il. 9.534@9.5; Il. 18.57@9.5; Il. 18.438@9.5
correption	δηλήσεται	δηλησεται	3	Il. 14.102@8; Od. 8.444@8; Od. 22.368@8
correption	διείρεαι	διειρεαι	3	Od. 4.492@8; Od. 11.463@8; Od. 24.478@8
correption	δμῳαί	δμωαι	3	Od. 17.34@1.5; Od. 18.311@1.5; Od. 18.313@1.5
correption	δυνήσεαι	δυνησεαι	3	Il. 1.241@8; Il. 1.562@8; Il. 13.729@8
correption	δυσμόρῳ	δυσμορω	3	Od. 1.49@2; Od. 7.270@2; Od. 16.139@2
correption	δόμῳ	δομω	3	Il. 2.513@6; Il. 15.85@8; Il. 22.480@2
correption	δῦναι	δυναι	3	Il. 11.537@9.5; Il. 20.76@9.5; Od. 13.30@1.5
correption	εἰ	ει	3	Il. 6.367@3.5; Il. 22.410@9.5; Od. 11.317@6
correption	εἰρήσομαι	ειρησομαι	3	Od. 7.237@10; Od. 19.104@10; Od. 19.509@10
correption	εἵαται	ειαται	3	Il. 10.100@8; Il. 10.161@2; Il. 10.422@8
correption	εὐνηθῆναι	ευνηθηναι	3	Od. 4.334@5.5; Od. 5.384@9.5; Od. 17.125@5.5
correption	εὐρύτου	ευρυτου	3	Il. 2.596@8; Il. 2.621@8; Il. 2.730@8
correption	ζυγοῦ	ζυγου	3	Il. 5.799@6; Il. 8.543@8; Od. 4.39@8
correption	θωρήξομαι	θωρηξομαι	3	Il. 7.101@8; Il. 8.376@8; Il. 19.23@8
correption	κάλλει	καλλει	3	Il. 9.130@5.5; Il. 9.272@5.5; Il. 23.742@5.5
correption	κήδεαι	κηδεαι	3	Il. 6.55@10; Il. 7.204@10; Od. 17.397@10
correption	κίοι	κιοι	3	Il. 11.705@10; Od. 9.42@10; Od. 9.549@10
correption	καλλισφύρου	καλλισφυρου	3	Il. 9.557@8; Il. 9.560@8; Il. 14.319@8
correption	καρδίῃ	καρδιη	3	Il. 2.452@2; Il. 11.12@2; Il. 14.152@2
correption	καταβήμεναι	καταβημεναι	3	Il. 12.65@8; Il. 14.19@8; Od. 10.432@8
correption	καταβῆναι	καταβηναι	3	Il. 3.252@5.5; Od. 10.558@5.5; Od. 11.63@5.5
correption	κατερύκεται	κατερυκεται	3	Od. 1.197@8; Od. 4.498@8; Od. 4.552@8
correption	κείνου	κεινου	3	Od. 4.109@1.5; Od. 12.76@1.5; Od. 17.563@5.5
correption	κιχήσομαι	κιχησομαι	3	Il. 2.258@8; Il. 10.370@8; Od. 14.139@8
correption	κοτέσσεται	κοτεσσεται	3	Il. 5.747@8; Il. 8.391@8; Od. 1.101@8
correption	λέξομαι	λεξομαι	3	Od. 17.102@2; Od. 19.595@2; Od. 23.172@2
correption	λίποι	λιποι	3	Il. 5.685@10; Od. 7.224@10; Od. 18.91@8
correption	λίσσεσθαι	λισσεσθαι	3	Il. 9.520@5.5; Il. 9.698@5.5; Il. 10.455@5.5
correption	λευκοί	λευκοι	3	Il. 5.503@1.5; Il. 10.263@9.5; Od. 3.408@1.5
correption	λευκωλένῳ	λευκωλενω	3	Il. 1.572@10; Il. 3.121@8; Od. 22.227@8
correption	λευκώλενοι	λευκωλενοι	3	Od. 6.239@8; Od. 18.198@8; Od. 19.60@8
correption	μέλλει	μελλει	3	Il. 2.116@5.5; Il. 9.23@5.5; Il. 14.69@5.5
correption	μέμνηται	μεμνηται	3	Il. 8.362@5.5; Od. 2.233@5.5; Od. 5.11@5.5
correption	μαντεύσομαι	μαντευσομαι	3	Od. 1.200@8; Od. 15.172@8; Od. 17.154@8
correption	μαχήσεται	μαχησεται	3	Il. 9.702@8; Il. 18.265@8; Od. 18.63@8
correption	μενελάῳ	μενελαω	3	Il. 4.7@5.5; Il. 4.94@5.5; Od. 11.460@5.5
correption	μεταπρέπει	μεταπρεπει	3	Il. 2.481@8; Od. 10.525@8; Od. 11.33@8
correption	μνήσεσθαι	μνησεσθαι	3	Il. 2.724@9.5; Il. 19.64@9.5; Od. 12.212@9.5
correption	μυχῷ	μυχω	3	Od. 3.263@6; Od. 13.363@6; Od. 24.6@6
correption	μύθῳ	μυθω	3	Il. 1.221@1.5; Od. 17.399@1.5; Od. 20.344@1.5
correption	νέεσθαι	νεεσθαι	3	Il. 14.221@5.5; Il. 23.51@5.5; Od. 14.91@5.5
correption	ναίει	ναιει	3	Od. 7.246@1.5; Od. 7.255@1.5; Od. 12.449@1.5
correption	νεμεσήσεαι	νεμεσησεαι	3	Il. 10.115@8; Od. 1.158@8; Od. 1.389@8
correption	νηπίη	νηπιη	3	Il. 11.561@10; Il. 16.8@2; Il. 22.445@2
correption	οἴη	οιη	3	Il. 1.398@1.5; Il. 18.565@5.5; Od. 4.250@5.5
correption	οἴσεται	οισεται	3	Il. 23.663@8; Il. 23.667@8; Il. 23.858@8
correption	οἴῳ	οιω	3	Il. 10.116@5.5; Il. 13.481@5.5; Od. 9.550@5.5
correption	οἵη	οιη	3	Od. 20.237@3.5; Od. 21.202@3.5; Od. 22.227@1.5
correption	οἷ	οι	3	Il. 19.385@1.5; Il. 23.126@10; Od. 15.285@10
correption	πέτρῃ	πετρη	3	Il. 16.407@1.5; Il. 16.429@1.5; Od. 14.533@1.5
correption	παρίσταται	παρισταται	3	Il. 23.783@8; Od. 12.43@8; Od. 16.280@8
correption	παύσασθαι	παυσασθαι	3	Il. 3.112@5.5; Od. 4.812@5.5; Od. 16.405@9.5
correption	πείσεται	πεισεται	3	Il. 11.789@8; Il. 20.127@8; Od. 7.197@2
correption	πείσομαι	πεισομαι	3	Il. 7.286@8; Il. 23.96@8; Od. 2.134@8
correption	πειρήσεται	πειρησεται	3	Il. 18.601@8; Od. 4.417@8; Od. 21.159@8
correption	περγάμου	περγαμου	3	Il. 4.508@2; Il. 6.512@10; Il. 7.21@2
correption	πεφυρμένη	πεφυρμενη	3	Od. 17.103@8; Od. 18.173@8; Od. 19.596@8
correption	πηλίου	πηλιου	3	Il. 2.744@4; Il. 16.144@2; Il. 19.391@2
correption	πλάκῳ	πλακω	3	Il. 6.396@8; Il. 6.425@8; Il. 22.479@8
correption	πλησίοι	πλησιοι	3	Il. 11.593@2; Il. 13.488@2; Il. 23.732@2
correption	πλυνοί	πλυνοι	3	Il. 22.153@6; Od. 6.40@8; Od. 6.86@4
correption	πολλαί	πολλαι	3	Il. 9.395@1.5; Od. 2.293@1.5; Od. 21.251@5.5
correption	προκάλεσσαι	προκαλεσσαι	3	Il. 3.432@5.5; Il. 7.50@5.5; Od. 8.142@5.5
correption	προσπτύξομαι	προσπτυξομαι	3	Od. 3.22@10; Od. 8.478@8; Od. 17.509@8
correption	προτετύχθαι	προτετυχθαι	3	Il. 16.60@5.5; Il. 18.112@5.5; Il. 19.65@5.5
correption	πόνου	πονου	3	Il. 10.164@8; Il. 14.429@8; Il. 17.718@8
correption	πόροι	ποροι	3	Od. 14.460@8; Od. 18.202@8; Od. 19.413@8
correption	πύργῳ	πυργω	3	Il. 3.384@1.5; Il. 6.373@1.5; Il. 22.97@1.5
correption	σίτου	σιτου	3	Il. 24.619@1.5; Od. 17.418@1.5; Od. 17.457@1.5
correption	σκοποί	σκοποι	3	Il. 18.523@8; Il. 24.799@8; Od. 16.365@4
correption	στήμεναι	στημεναι	3	Il. 17.167@2; Il. 22.253@2; Od. 5.414@2
correption	σχέτλιοι	σχετλιοι	3	Il. 24.33@2; Od. 5.118@2; Od. 12.21@2
correption	σχήσεσθαι	σχησεσθαι	3	Il. 9.655@9.5; Il. 13.747@9.5; Il. 17.503@9.5
correption	σόοι	σοοι	3	Il. 5.531@8; Il. 15.563@8; Od. 4.98@6
correption	τάμοι	ταμοι	3	Il. 5.214@8; Il. 17.126@8; Od. 16.102@8
correption	τέρπομαι	τερπομαι	3	Od. 4.102@8; Od. 4.598@2; Od. 21.105@8
correption	τίσασθαι	τισασθαι	3	Il. 3.351@5.5; Il. 3.366@5.5; Od. 20.121@9.5
correption	τείρει	τειρει	3	Il. 4.315@5.5; Il. 13.251@9.5; Od. 1.342@1.5
correption	τελείεται	τελειεται	3	Od. 14.160@8; Od. 19.305@8; Od. 19.561@8
correption	τελευτήσεσθαι	τελευτησεσθαι	3	Il. 13.100@9.5; Od. 8.510@9.5; Od. 9.511@9.5
correption	τοῖοι	τοιοι	3	Il. 3.153@1.5; Il. 7.231@5.5; Od. 2.60@5.5
correption	τρώϊοι	τρωιοι	3	Il. 5.222@4; Il. 8.106@4; Il. 23.378@2
correption	τόσσοι	τοσσοι	3	Il. 2.472@1.5; Il. 19.61@3.5; Od. 8.340@5.5
correption	τύμβῳ	τυμβω	3	Il. 2.793@1.5; Il. 4.177@1.5; Od. 11.77@9.5
correption	φανῆναι	φανηναι	3	Od. 16.410@5.5; Od. 18.160@5.5; Od. 18.165@5.5
correption	φοβεῖται	φοβειται	3	Il. 12.46@5.5; Il. 21.575@5.5; Il. 22.141@5.5
correption	φράζευ	φραζευ	3	Il. 9.251@1.5; Od. 13.376@1.5; Od. 16.257@1.5
correption	φόνου	φονου	3	Od. 21.4@10; Od. 22.376@2; Od. 24.169@10
correption	χαμαί	χαμαι	3	Il. 5.442@6; Il. 11.145@8; Od. 7.160@4
correption	χραισμῆσαι	χραισμησαι	3	Il. 11.120@9.5; Il. 18.62@9.5; Il. 18.443@9.5
correption	χρυσέῳ	χρυσεω	3	Il. 1.15@1.5; Il. 1.374@1.5; Il. 4.2@2
correption	ἀΐσσονται	αισσονται	3	Il. 6.510@5.5; Il. 11.417@5.5; Il. 15.267@5.5
correption	ἀέξεται	αεξεται	3	Il. 18.110@8; Od. 2.315@8; Od. 14.66@8
correption	ἀγρίου	αγριου	3	Il. 4.106@2; Il. 8.338@8; Od. 14.50@10
correption	ἀλήμεναι	αλημεναι	3	Il. 5.823@8; Il. 18.76@8; Il. 18.286@8
correption	ἀλφίτου	αλφιτου	3	Il. 11.631@8; Od. 2.355@10; Od. 14.429@10
correption	ἀναφαίνεται	αναφαινεται	3	Il. 11.62@8; Il. 11.174@8; Il. 17.244@8
correption	ἀργύρου	αργυρου	3	Il. 2.857@8; Il. 5.726@4; Od. 4.73@8
correption	ἀσκῷ	ασκω	3	Il. 3.247@1.5; Od. 6.78@1.5; Od. 10.45@9.5
correption	ἀφελέσθαι	αφελεσθαι	3	Il. 5.622@5.5; Il. 13.511@5.5; Il. 16.54@5.5
correption	ἁθρόοι	αθροοι	3	Il. 15.657@2; Od. 2.392@2; Od. 3.34@8
correption	ἄλλαι	αλλαι	3	Od. 10.132@5.5; Od. 11.388@5.5; Od. 24.21@5.5
correption	ἄξομαι	αξομαι	3	Il. 9.367@2; Od. 4.601@8; Od. 21.214@2
correption	ἄσμενοι	ασμενοι	3	Od. 9.63@2; Od. 9.566@2; Od. 10.134@2
correption	ἅρπυιαι	αρπυιαι	3	Od. 1.241@7.5; Od. 14.371@7.5; Od. 20.77@7.5
correption	ἐμπάζομαι	εμπαζομαι	3	Il. 16.50@8; Od. 1.415@8; Od. 19.134@8
correption	ἐπέσσυται	επεσσυται	3	Il. 1.173@8; Il. 6.361@8; Il. 9.42@8
correption	ἐπιείσομαι	επιεισομαι	3	Il. 11.367@8; Il. 20.454@8; Od. 15.504@8
correption	ἐπιειμένοι	επιειμενοι	3	Il. 7.164@10; Il. 8.262@10; Il. 18.157@10
correption	ἐπικίδναται	επικιδναται	3	Il. 2.850@10; Il. 7.451@10; Il. 7.458@10
correption	ἐπιπείσεται	επιπεισεται	3	Il. 15.162@8; Il. 17.154@10; Il. 18.296@8
correption	ἐπισχερώ	επισχερω	3	Il. 11.668@8; Il. 18.68@8; Il. 23.125@8
correption	ἐρρέτω	ερρετω	3	Il. 9.377@2; Il. 20.349@2; Od. 5.139@2
correption	ἐρύεσθαι	ερυεσθαι	3	Il. 9.248@5.5; Il. 14.422@5.5; Il. 20.195@5.5
correption	ἑδριάασθαι	εδριαασθαι	3	Il. 11.646@9.5; Il. 11.778@9.5; Od. 3.35@9.5
correption	ἔλθοι	ελθοι	3	Od. 1.403@3.5; Od. 14.172@1.5; Od. 16.459@1.5
correption	ἔπει	επει	3	Il. 1.395@2; Il. 1.504@2; Il. 15.106@2
correption	ἔσται	εσται	3	Il. 7.451@5.5; Il. 7.458@5.5; Od. 1.318@9.5
correption	ἔσχατοι	εσχατοι	3	Il. 10.434@10; Od. 1.23@10; Od. 6.205@2
correption	ἕψεται	εψεται	3	Il. 4.415@8; Il. 24.182@8; Od. 3.359@8
correption	ἠπύει	ηπυει	3	Il. 14.399@2; Od. 10.83@2; Od. 17.271@2
correption	ἡμένη	ημενη	3	Il. 1.358@2; Il. 18.36@2; Od. 17.506@2
correption	ἡμέραι	ημεραι	3	Od. 11.294@8; Od. 14.93@8; Od. 14.293@8
correption	ἡμέρη	ημερη	3	Il. 8.541@4; Il. 13.828@4; Od. 24.514@4
correption	ἰλίῳ	ιλιω	3	Il. 6.493@8; Il. 17.145@8; Il. 24.67@10
correption	ἰνδάλλεται	ινδαλλεται	3	Il. 23.460@8; Od. 3.246@8; Od. 19.224@10
correption	ἰῷ	ιω	3	Il. 11.476@1.5; Il. 11.664@1.5; Il. 12.388@1.5
correption	ἱκάνομαι	ικανομαι	3	Il. 18.457@8; Od. 3.92@8; Od. 4.322@8
correption	ἵσταμαι	ισταμαι	3	Il. 4.54@8; Il. 5.809@8; Il. 13.271@2
correption	ἵσταται	ισταται	3	Il. 10.173@10; Il. 15.293@8; Il. 22.318@10
correption	ὀλοφύρεαι	ολοφυρεαι	3	Il. 16.17@8; Il. 21.106@10; Od. 22.232@8
correption	ὀλυμπίου	ολυμπιου	3	Il. 15.131@8; Od. 2.68@8; Od. 4.74@8
correption	ὄψεται	οψεται	3	Od. 11.450@10; Od. 15.516@2; Od. 17.7@2
correption	ὅσσαι	οσσαι	3	Il. 14.371@3.5; Od. 11.227@1.5; Od. 24.21@9.5
correption	ὑπίσχεται	υπισχεται	3	Il. 23.209@8; Od. 2.91@8; Od. 13.380@8
correption	ὑποθήσομαι	υποθησομαι	3	Od. 1.279@8; Od. 2.194@10; Od. 5.143@8
correption	ὑπολείψομαι	υπολειψομαι	3	Od. 17.276@10; Od. 17.282@10; Od. 19.44@10
correption	ὕπνῳ	υπνω	3	Il. 24.636@1.5; Od. 4.295@1.5; Od. 23.255@1.5
correption	ῥέξαι	ρεξαι	3	Il. 1.444@1.5; Il. 3.354@5.5; Od. 22.314@5.5
correption	αἵ	αι	2	Il. 1.604@3.5; Od. 6.123@3.5
correption	βάλλεαι	βαλλεαι	2	Il. 9.435@2; Il. 20.196@2
correption	βέῃ	βεη	2	Il. 16.852@8; Il. 24.131@8
correption	βεβλήαται	βεβληαται	2	Il. 11.657@8; Od. 11.194@10
correption	βλημένῳ	βλημενω	2	Il. 15.580@2; Il. 17.726@2
correption	βουκόλοι	βουκολοι	2	Il. 13.571@10; Od. 11.293@8
correption	βούλεαι	βουλεαι	2	Od. 17.404@8; Od. 18.364@2
correption	βῆναι	βηναι	2	Il. 13.459@1.5; Il. 14.24@1.5
correption	γάμου	γαμου	2	Il. 24.62@8; Od. 15.126@10
correption	γίγνονται	γιγνονται	2	Od. 4.362@5.5; Od. 20.211@5.5
correption	γαιηόχῳ	γαιηοχω	2	Il. 9.183@8; Il. 14.355@8
correption	γαργάρῳ	γαργαρω	2	Il. 14.352@10; Il. 15.152@10
correption	γεύσεσθαι	γευσεσθαι	2	Od. 17.413@9.5; Od. 21.98@9.5
correption	γνοίη	γνοιη	2	Il. 17.630@1.5; Od. 16.458@1.5
correption	γνώσεαι	γνωσεαι	2	Il. 10.88@2; Od. 16.310@2
correption	γουνάζομαι	γουναζομαι	2	Il. 15.665@8; Od. 11.66@8
correption	γόου	γοου	2	Il. 23.14@8; Il. 24.227@8
correption	δάμνασθαι	δαμνασθαι	2	Il. 8.244@9.5; Il. 15.376@9.5
correption	δέξεται	δεξεται	2	Il. 17.208@2; Il. 18.331@2
correption	δέξομαι	δεξομαι	2	Il. 18.115@8; Il. 22.365@8
correption	δέχθαι	δεχθαι	2	Il. 1.23@9.5; Il. 1.377@9.5
correption	δήϊοι	δηιοι	2	Il. 9.76@8; Il. 18.208@8
correption	δίου	διου	2	Il. 7.138@1.5; Od. 3.84@1.5
correption	δαήσεαι	δαησεαι	2	Od. 3.187@8; Od. 19.325@8
correption	δαίεται	δαιεται	2	Od. 1.48@10; Od. 6.132@2
correption	δαίνυται	δαινυται	2	Il. 15.99@10; Od. 11.186@2
correption	δαμάσσεται	δαμασσεται	2	Il. 11.478@8; Il. 21.226@8
correption	δειδίξεσθαι	δειδιξεσθαι	2	Il. 20.201@5.5; Il. 20.432@5.5
correption	δεξιαί	δεξιαι	2	Il. 2.341@8; Il. 4.159@8
correption	δεσμῷ	δεσμω	2	Od. 15.232@1.5; Od. 15.444@1.5
correption	δευήσεαι	δευησεαι	2	Od. 6.192@8; Od. 14.510@8
correption	δευήσεσθαι	δευησεσθαι	2	Il. 13.786@5.5; Od. 23.128@5.5
correption	δευτέρῳ	δευτερω	2	Il. 23.265@8; Il. 23.750@2
correption	δεύτεροι	δευτεροι	2	Il. 23.248@2; Il. 23.498@8
correption	δημιοεργοί	δημιοεργοι	2	Od. 17.383@9.5; Od. 19.135@9.5
correption	διακρινέεσθαι	διακρινεεσθαι	2	Od. 18.149@9.5; Od. 20.180@9.5
correption	διακτόρου	διακτορου	2	Od. 12.390@8; Od. 15.319@8
correption	διασκοπιᾶσθαι	διασκοπιασθαι	2	Il. 10.388@9.5; Il. 17.252@9.5
correption	δρήστειραι	δρηστειραι	2	Od. 10.349@9.5; Od. 19.345@9.5
correption	δρόμου	δρομου	2	Il. 18.281@4; Il. 23.300@8
correption	δυσάμμοροι	δυσαμμοροι	2	Il. 22.485@8; Il. 24.727@8
correption	δότω	δοτω	2	Il. 2.383@8; Od. 7.166@8
correption	δύη	δυη	2	Od. 18.348@1.5; Od. 20.286@1.5
correption	δώσει	δωσει	2	Il. 8.143@1.5; Od. 2.135@1.5
correption	δώῃ	δωη	2	Il. 6.527@1.5; Od. 22.253@1.5
correption	εἰδῇ	ειδη	2	Il. 20.122@5.5; Il. 23.322@5.5
correption	εἰκέλη	εικελη	2	Od. 21.411@10; Od. 22.240@10
correption	εἰλυμένοι	ειλυμενοι	2	Il. 18.522@8; Od. 14.479@10
correption	εἰρήσεται	ειρησεται	2	Il. 23.795@10; Od. 19.46@8
correption	εἰρύαται	ειρυαται	2	Il. 14.75@8; Od. 16.463@8
correption	εἱμένοι	ειμενοι	2	Il. 4.432@8; Od. 15.331@8
correption	εἴποι	ειποι	2	Od. 2.31@5.5; Od. 11.480@1.5
correption	εἴπω	ειπω	2	Od. 2.43@5.5; Od. 24.337@1.5
correption	εὐνῇ	ευνη	2	Il. 9.618@1.5; Od. 22.196@1.5
correption	εὔχεσθαι	ευχεσθαι	2	Il. 11.364@5.5; Il. 20.451@5.5
correption	θέει	θεει	2	Il. 13.141@6; Il. 22.192@6
correption	θείη	θειη	2	Od. 8.465@5.5; Od. 15.180@5.5
correption	θεαί	θεαι	2	Il. 2.485@4; Il. 18.429@8
correption	θεῷ	θεω	2	Il. 9.49@8; Il. 16.176@8
correption	κάλλισται	καλλισται	2	Il. 9.140@9.5; Il. 9.282@9.5
correption	κέλονται	κελονται	2	Od. 18.12@5.5; Od. 20.213@5.5
correption	κίρκη	κιρκη	2	Od. 10.136@1.5; Od. 12.150@1.5
correption	καήμεναι	καημεναι	2	Il. 23.198@8; Il. 23.210@8
correption	καίεται	καιεται	2	Il. 19.376@8; Il. 20.491@10
correption	κακομηχάνου	κακομηχανου	2	Il. 6.344@8; Il. 9.257@8
correption	κακῷ	κακω	2	Il. 16.111@8; Od. 15.488@8
correption	καπρίῳ	καπριω	2	Il. 11.293@8; Il. 17.282@2
correption	καρτεραί	καρτεραι	2	Il. 5.592@2; Il. 13.127@2
correption	κατάνεται	κατανεται	2	Od. 2.58@8; Od. 17.537@8
correption	καταθείομαι	καταθειομαι	2	Il. 22.111@8; Od. 19.17@8
correption	κατακῆαι	κατακηαι	2	Od. 10.533@5.5; Od. 11.46@5.5
correption	κατανεῦσαι	κατανευσαι	2	Il. 1.558@5.5; Il. 2.350@5.5
correption	κατεσθίει	κατεσθιει	2	Il. 3.25@8; Il. 21.24@8
correption	κείνη	κεινη	2	Od. 11.429@5.5; Od. 15.361@5.5
correption	κεκαλυμμένοι	κεκαλυμμενοι	2	Od. 8.503@10; Od. 11.15@8
correption	κεχολώσεαι	κεχολωσεαι	2	Il. 5.421@8; Il. 5.762@8
correption	κεῖνοι	κεινοι	2	Il. 1.266@5.5; Od. 10.437@5.5
correption	κιχήσεαι	κιχησεαι	2	Od. 4.546@8; Od. 7.53@8
correption	κοίρανοι	κοιρανοι	2	Il. 2.487@10; Il. 2.760@10
correption	κορύσσεται	κορυσσεται	2	Il. 4.424@8; Il. 4.442@8
correption	κρίνονται	κρινονται	2	Il. 18.209@9.5; Od. 24.507@9.5
correption	κτείνονται	κτεινονται	2	Il. 13.110@9.5; Il. 14.60@5.5
correption	κτενεῖ	κτενει	2	Il. 15.65@6; Il. 15.68@6
correption	κτύπου	κτυπου	2	Od. 21.237@8; Od. 21.383@8
correption	κυκωμένη	κυκωμενη	2	Od. 12.238@8; Od. 12.241@8
correption	κωρύκῳ	κωρυκω	2	Od. 5.267@2; Od. 9.213@2
correption	λάθοι	λαθοι	2	Il. 10.468@2; Il. 24.566@8
correption	λέξεται	λεξεται	2	Il. 4.131@10; Od. 4.413@2
correption	λήθεαι	ληθεαι	2	Il. 9.259@8; Il. 11.790@8
correption	λίσσεαι	λισσεαι	2	Od. 4.347@8; Od. 17.138@8
correption	λαβρεύεαι	λαβρευεαι	2	Il. 23.474@8; Il. 23.478@8
correption	λελιημένοι	λελιημενοι	2	Il. 12.106@8; Il. 16.552@8
correption	λεῖψαι	λειψαι	2	Il. 7.481@5.5; Od. 12.362@5.5
correption	λιλαίεται	λιλαιεται	2	Od. 13.31@8; Od. 20.27@8
correption	λιλαίομαι	λιλαιομαι	2	Il. 13.253@8; Od. 15.308@8
correption	λούεσθαι	λουεσθαι	2	Il. 6.508@5.5; Il. 15.265@5.5
correption	λούσασθαι	λουσασθαι	2	Il. 23.41@5.5; Od. 8.449@9.5
correption	λυγρῷ	λυγρω	2	Od. 3.87@9.5; Od. 15.268@9.5
correption	λόχου	λοχου	2	Il. 11.379@2; Od. 16.463@2
correption	μέμνημαι	μεμνημαι	2	Il. 5.818@5.5; Il. 6.222@5.5
correption	μίσγεσθαι	μισγεσθαι	2	Il. 23.73@5.5; Od. 18.49@5.5
correption	μίσγεται	μισγεται	2	Il. 13.797@8; Od. 7.247@2
correption	μαντεύεαι	μαντευεαι	2	Il. 16.859@8; Il. 19.420@8
correption	μαρμάρῳ	μαρμαρω	2	Il. 12.380@2; Od. 9.499@2
correption	μεμνήσεσθαι	μεμνησεσθαι	2	Od. 19.581@5.5; Od. 21.79@5.5
correption	μεσσάτῳ	μεσσατω	2	Il. 8.223@4; Il. 11.6@4
correption	μετέσσομαι	μετεσσομαι	2	Il. 4.322@8; Od. 14.487@8
correption	μηλέαι	μηλεαι	2	Od. 7.115@8; Od. 11.589@8
correption	μητίσομαι	μητισομαι	2	Il. 3.416@8; Il. 15.349@8
correption	μιμνέτω	μιμνετω	2	Il. 6.69@2; Il. 19.189@2
correption	μνάσθω	μνασθω	2	Od. 16.391@1.5; Od. 21.161@1.5
correption	μνήσασθαι	μνησασθαι	2	Od. 7.217@9.5; Od. 11.71@9.5
correption	μνᾶται	μναται	2	Od. 16.77@1.5; Od. 19.529@1.5
correption	μυθήσεαι	μυθησεαι	2	Od. 1.124@8; Od. 19.500@8
correption	νάπαι	ναπαι	2	Il. 8.558@2; Il. 16.300@2
correption	νέαι	νεαι	2	Od. 2.293@8; Od. 4.720@8
correption	νεμεσίζεται	νεμεσιζεται	2	Il. 8.421@8; Od. 2.138@10
correption	νεμεσίζομαι	νεμεσιζομαι	2	Il. 8.407@8; Od. 2.239@8
correption	νεμεσίζῃ	νεμεσιζη	2	Il. 5.757@5.5; Il. 5.872@5.5
correption	νεωτέρῳ	νεωτερω	2	Od. 18.31@8; Od. 18.52@8
correption	νότου	νοτου	2	Od. 12.289@2; Od. 13.111@4
correption	νύμφαι	νυμφαι	2	Il. 6.420@1.5; Od. 12.132@1.5
correption	νύμφῃ	νυμφη	2	Od. 1.86@1.5; Od. 5.30@1.5
correption	ξείνῳ	ξεινω	2	Od. 13.10@5.5; Od. 24.263@3.5
correption	ξεινίου	ξεινιου	2	Il. 13.625@2; Od. 14.284@2
correption	οἰσέτω	οισετω	2	Il. 19.173@2; Od. 8.255@2
correption	οἴνου	οινου	2	Il. 9.491@1.5; Od. 14.113@1.5
correption	οὐτάσαι	ουτασαι	2	Il. 14.424@2; Il. 16.322@8
correption	οὗτοι	ουτοι	2	Il. 2.760@1.5; Il. 16.351@1.5
correption	πάννυχοι	παννυχοι	2	Il. 11.551@2; Il. 17.660@2
correption	πάντη	παντη	2	Od. 21.394@1.5; Od. 24.355@1.5
correption	πέτονται	πετονται	2	Il. 2.89@5.5; Il. 3.5@5.5
correption	παρέμμεναι	παρεμμεναι	2	Il. 18.472@8; Od. 4.640@8
correption	παρίστασαι	παριστασαι	2	Il. 10.279@8; Od. 17.450@8
correption	πασσάλου	πασσαλου	2	Il. 5.209@8; Od. 21.53@8
correption	πατρωΐῃ	πατρωιη	2	Od. 13.188@8; Od. 13.251@8
correption	πατρώιοι	πατρωιοι	2	Od. 1.187@8; Od. 2.254@8
correption	πατρώϊοι	πατρωιοι	2	Il. 6.231@8; Od. 17.69@8
correption	παύομαι	παυομαι	2	Il. 8.295@2; Od. 4.103@2
correption	παύσεσθαι	παυσεσθαι	2	Od. 2.198@5.5; Od. 17.7@9.5
correption	παῦσαι	παυσαι	2	Il. 7.331@9.5; Od. 19.268@5.5
correption	πείθεσθαι	πειθεσθαι	2	Il. 1.274@9.5; Od. 3.358@5.5
correption	πείρησαι	πειρησαι	2	Il. 1.302@5.5; Od. 8.145@9.5
correption	πειρᾷ	πειρα	2	Il. 24.390@1.5; Il. 24.433@1.5
correption	πενθήμεναι	πενθημεναι	2	Od. 18.174@8; Od. 19.120@8
correption	περίδρομοι	περιδρομοι	2	Il. 5.726@8; Il. 5.728@8
correption	περγάμῳ	περγαμω	2	Il. 5.446@2; Il. 5.460@10
correption	περικλυτοῦ	περικλυτου	2	Od. 8.287@8; Od. 24.75@8
correption	περιχεύεται	περιχευεται	2	Od. 6.232@8; Od. 23.159@8
correption	περκωσίου	περκωσιου	2	Il. 2.831@8; Il. 11.329@8
correption	πεφήσεαι	πεφησεαι	2	Il. 13.829@8; Od. 22.217@8
correption	πεφήσεται	πεφησεται	2	Il. 15.140@8; Il. 17.155@8
correption	πεφοβημένοι	πεφοβημενοι	2	Il. 15.4@8; Il. 21.606@8
correption	πεύθεσθαι	πευθεσθαι	2	Od. 9.88@9.5; Od. 10.100@9.5
correption	πεύσεται	πευσεται	2	Il. 20.129@10; Od. 2.256@2
correption	πη	πη	2	Od. 22.25@2; Od. 22.140@10
correption	πιφαύσκεται	πιφαυσκεται	2	Il. 15.97@8; Od. 2.32@8
correption	πλάζομαι	πλαζομαι	2	Il. 10.91@2; Od. 13.204@2
correption	πλατεῖ	πλατει	2	Il. 7.86@8; Od. 24.82@8
correption	ποιήσασθαι	ποιησασθαι	2	Od. 5.259@5.5; Od. 21.71@5.5
correption	ποιήσεται	ποιησεται	2	Il. 3.409@8; Od. 10.433@8
correption	πομποί	πομποι	2	Od. 8.566@5.5; Od. 13.174@5.5
correption	ποτιδέρκεται	ποτιδερκεται	2	Il. 16.10@8; Od. 17.518@8
correption	προγενέστεροι	προγενεστεροι	2	Od. 2.29@10; Od. 24.160@10
correption	προμάχεσθαι	προμαχεσθαι	2	Il. 11.217@9.5; Il. 17.358@5.5
correption	πρώτῃ	πρωτη	2	Il. 15.340@1.5; Il. 20.395@1.5
correption	πυκνοί	πυκνοι	2	Il. 13.133@5.5; Il. 16.217@5.5
correption	πωλεύμενοι	πωλευμενοι	2	Od. 2.55@8; Od. 17.534@8
correption	πύθεται	πυθεται	2	Il. 11.395@2; Od. 1.161@10
correption	πῆλαι	πηλαι	2	Il. 16.142@9.5; Il. 19.389@9.5
correption	πῆξαι	πηξαι	2	Il. 18.177@1.5; Od. 5.163@9.5
correption	πῶλοι	πωλοι	2	Il. 11.681@9.5; Od. 23.246@9.5
correption	σάκει	σακει	2	Il. 13.565@2; Il. 20.259@6
correption	σθένει	σθενει	2	Il. 13.678@8; Il. 20.361@2
correption	σκίδναται	σκιδναται	2	Il. 11.308@2; Od. 7.130@2
correption	σκοποῦ	σκοπου	2	Od. 11.344@8; Od. 21.425@6
correption	στήσομαι	στησομαι	2	Il. 18.308@2; Il. 20.90@2
correption	στρεύγεσθαι	στρευγεσθαι	2	Il. 15.512@5.5; Od. 12.351@5.5
correption	στῆναι	στηναι	2	Il. 21.266@1.5; Od. 17.439@1.5
correption	σχήσει	σχησει	2	Od. 22.70@5.5; Od. 22.248@5.5
correption	τάφου	ταφου	2	Od. 1.417@10; Od. 4.547@8
correption	τέρπεται	τερπεται	2	Od. 11.603@2; Od. 15.400@10
correption	τέρψομαι	τερψομαι	2	Il. 20.23@8; Od. 16.26@2
correption	τίσεται	τισεται	2	Od. 14.163@8; Od. 15.177@8
correption	τανυσίπτεροι	τανυσιπτεροι	2	Od. 5.65@8; Od. 22.468@8
correption	ταρπήμεναι	ταρπημεναι	2	Il. 24.3@8; Od. 23.346@8
correption	τελευτηθῆναι	τελευτηθηναι	2	Il. 15.74@9.5; Od. 2.171@9.5
correption	τερψιμβρότου	τερψιμβροτου	2	Od. 12.269@8; Od. 12.274@8
correption	τεύξεσθαι	τευξεσθαι	2	Il. 5.653@5.5; Il. 16.609@5.5
correption	τεώ	τεω	2	Il. 5.230@10; Il. 5.237@10
correption	τιθήμεναι	τιθημεναι	2	Il. 23.83@8; Il. 23.247@8
correption	τιμῆσαι	τιμησαι	2	Il. 8.372@5.5; Il. 15.77@5.5
correption	τοίῳ	τοιω	2	Od. 17.421@1.5; Od. 19.77@1.5
correption	τοῖαι	τοιαι	2	Il. 4.280@1.5; Il. 7.65@1.5
correption	τράφη	τραφη	2	Il. 3.201@2; Il. 11.222@2
correption	τρέχει	τρεχει	2	Il. 23.520@8; Od. 9.386@8
correption	τρῳαί	τρωαι	2	Il. 6.380@1.5; Il. 6.385@1.5
correption	τόξῳ	τοξω	2	Il. 10.500@1.5; Od. 12.84@1.5
correption	τῇ	τη	2	Il. 9.654@3.5; Il. 14.78@5.5
correption	φήῃ	φηη	2	Od. 11.128@1.5; Od. 23.275@1.5
correption	φίλῳ	φιλω	2	Il. 5.325@8; Od. 3.237@2
correption	φαίνονται	φαινονται	2	Od. 7.201@9.5; Od. 16.161@9.5
correption	φαιδίμῳ	φαιδιμω	2	Od. 11.128@10; Od. 23.275@10
correption	φεύγω	φευγω	2	Od. 13.259@1.5; Od. 15.276@1.5
correption	φιλήσεαι	φιλησεαι	2	Od. 1.123@8; Od. 15.281@8
correption	φράσσεται	φρασσεται	2	Od. 1.205@2; Od. 24.217@8
correption	φράσσομαι	φρασσομαι	2	Od. 5.188@8; Od. 16.238@2
correption	φόνῳ	φονω	2	Il. 24.610@8; Od. 11.416@6
correption	φῖλαι	φιλαι	2	Il. 5.117@9.5; Il. 10.280@9.5
correption	χάνοι	χανοι	2	Il. 4.182@8; Il. 8.150@8
correption	χαριεστάτη	χαριεστατη	2	Il. 24.348@10; Od. 10.279@10
correption	χαῖται	χαιται	2	Il. 1.529@5.5; Il. 23.284@1.5
correption	χοροί	χοροι	2	Od. 12.4@4; Od. 12.318@8
correption	χρύσεαι	χρυσεαι	2	Il. 19.383@2; Il. 22.316@2
correption	χόλου	χολου	2	Il. 10.107@2; Od. 11.554@8
correption	χόλῳ	χολω	2	Il. 6.335@8; Il. 9.646@8
correption	χώρου	χωρου	2	Od. 10.282@1.5; Od. 21.142@5.5
correption	ψεύσομαι	ψευσομαι	2	Il. 10.534@2; Od. 4.140@2
correption	ψυχαί	ψυχαι	2	Od. 10.530@1.5; Od. 11.37@1.5
correption	ἀήμεναι	αημεναι	2	Il. 23.214@8; Od. 3.176@8
correption	ἀγάλλεται	αγαλλεται	2	Il. 17.473@8; Il. 18.132@8
correption	ἀθέσφατοι	αθεσφατοι	2	Od. 15.392@8; Od. 20.211@8
correption	ἀκτῇ	ακτη	2	Il. 2.395@1.5; Od. 24.82@1.5
correption	ἀκόρητοι	ακορητοι	2	Il. 13.621@9.5; Il. 13.639@9.5
correption	ἀλάλημαι	αλαλημαι	2	Il. 23.74@5.5; Od. 11.167@9.5
correption	ἀλέασθαι	αλεασθαι	2	Il. 23.340@9.5; Il. 23.605@5.5
correption	ἀλίτηται	αλιτηται	2	Il. 19.265@9.5; Il. 24.586@9.5
correption	ἀλεύεται	αλευεται	2	Od. 14.400@8; Od. 24.29@8
correption	ἀμείψεται	αμειψεται	2	Il. 9.409@8; Od. 10.328@8
correption	ἀνέξομαι	ανεξομαι	2	Il. 5.895@8; Od. 19.27@8
correption	ἀναίνομαι	αναινομαι	2	Il. 9.116@8; Od. 8.212@8
correption	ἀναιρήσεσθαι	αναιρησεσθαι	2	Od. 21.261@9.5; Od. 22.9@9.5
correption	ἀπέσσεται	απεσσεται	2	Od. 2.285@8; Od. 8.150@8
correption	ἀπερύκοι	απερυκοι	2	Il. 4.542@9.5; Il. 17.562@9.5
correption	ἀποβήσομαι	αποβησομαι	2	Il. 5.227@8; Il. 17.480@8
correption	ἀποδάσσομαι	αποδασσομαι	2	Il. 17.231@8; Il. 24.595@8
correption	ἀποδρύφοι	αποδρυφοι	2	Il. 23.187@8; Il. 24.21@8
correption	ἀποθέσθαι	αποθεσθαι	2	Il. 3.89@5.5; Il. 5.492@9.5
correption	ἀποτίσεαι	αποτισεαι	2	Od. 11.118@10; Od. 16.255@10
correption	ἀρκέσει	αρκεσει	2	Il. 21.131@2; Od. 16.261@2
correption	ἀρχοί	αρχοι	2	Il. 2.618@5.5; Il. 13.196@1.5
correption	ἀσκληπιοῦ	ασκληπιου	2	Il. 4.194@4; Il. 11.518@4
correption	ἀστεροπαίῳ	αστεροπαιω	2	Il. 21.140@3.5; Il. 21.170@3.5
correption	ἀτάλαντοι	αταλαντοι	2	Il. 13.500@9.5; Il. 13.795@9.5
correption	ἀφίκηαι	αφικηαι	2	Il. 8.482@5.5; Od. 11.122@5.5
correption	ἀφίξεαι	αφιξεαι	2	Od. 12.39@8; Od. 12.127@8
correption	ἀφαιρήσεσθαι	αφαιρησεσθαι	2	Il. 1.161@9.5; Il. 23.544@9.5
correption	ἀψορρόου	αψορροου	2	Il. 18.399@8; Od. 20.65@8
correption	ἁθρόαι	αθροαι	2	Od. 4.405@2; Od. 9.544@8
correption	ἁρπάσῃ	αρπαση	2	Il. 17.62@8; Il. 18.319@10
correption	ἄγγελοι	αγγελοι	2	Il. 1.334@8; Il. 7.274@8
correption	ἄγεσθαι	αγεσθαι	2	Il. 16.223@5.5; Il. 23.263@5.5
correption	ἄλκιμοι	αλκιμοι	2	Il. 11.483@8; Il. 21.586@8
correption	ἄλλῃ	αλλη	2	Od. 8.516@3.5; Od. 19.556@1.5
correption	ἄμβροτοι	αμβροτοι	2	Il. 16.381@2; Il. 16.867@2
correption	ἄμπελοι	αμπελοι	2	Od. 9.110@8; Od. 9.133@10
correption	ἄναρχοι	αναρχοι	2	Il. 2.703@5.5; Il. 2.726@5.5
correption	ἄνθει	ανθει	2	Od. 6.231@9.5; Od. 23.158@9.5
correption	ἄξει	αξει	2	Od. 2.326@5.5; Od. 17.22@5.5
correption	ἄργει	αργει	2	Il. 6.456@3.5; Od. 4.562@1.5
correption	ἄρισται	αρισται	2	Il. 2.763@5.5; Il. 14.371@5.5
correption	ἅδοι	αδοι	2	Od. 6.245@8; Od. 20.327@8
correption	ἐέλδομαι	εελδομαι	2	Il. 14.276@8; Od. 5.219@8
correption	ἐέλπεται	εελπεται	2	Il. 10.105@8; Il. 13.813@8
correption	ἐελμένοι	εελμενοι	2	Il. 12.38@8; Il. 18.287@8
correption	ἐκεῖνοι	εκεινοι	2	Od. 10.397@5.5; Od. 10.414@5.5
correption	ἐκρέμω	εκρεμω	2	Il. 15.18@6; Il. 15.21@2
correption	ἐκτελέεσθαι	εκτελεεσθαι	2	Il. 7.353@5.5; Il. 12.217@5.5
correption	ἐλήλαται	εληλαται	2	Il. 16.518@8; Od. 7.113@8
correption	ἐμβάλοι	εμβαλοι	2	Il. 13.320@2; Il. 15.598@2
correption	ἐναντίαι	εναντιαι	2	Od. 10.89@8; Od. 10.412@8
correption	ἐνιπλησθῆναι	ενιπλησθηναι	2	Od. 7.221@9.5; Od. 11.452@9.5
correption	ἐννεάχιλοι	εννεαχιλοι	2	Il. 5.860@5.5; Il. 14.148@5.5
correption	ἐξαίρετοι	εξαιρετοι	2	Il. 2.227@8; Od. 4.643@8
correption	ἐξαλαπάξαι	εξαλαπαξαι	2	Il. 4.33@5.5; Il. 8.288@5.5
correption	ἐξοίχεται	εξοιχεται	2	Il. 6.379@8; Il. 6.384@8
correption	ἐπήτριμοι	επητριμοι	2	Il. 18.211@8; Il. 19.226@8
correption	ἐπεύχεται	επευχεται	2	Il. 5.119@8; Il. 17.450@10
correption	ἐπιβώσομαι	επιβωσομαι	2	Od. 1.378@8; Od. 2.143@8
correption	ἐπιδεύεαι	επιδευεαι	2	Il. 2.229@8; Il. 5.636@10
correption	ἐπιδεύομαι	επιδευομαι	2	Il. 23.670@8; Od. 15.371@8
correption	ἐπιμέμφεται	επιμεμφεται	2	Il. 1.65@8; Il. 1.93@8
correption	ἐπιμίσγεται	επιμισγεται	2	Od. 6.205@10; Od. 6.241@8
correption	ἐπιτέλλεαι	επιτελλεαι	2	Il. 10.61@8; Il. 23.95@8
correption	ἐπιόψομαι	επιοψομαι	2	Il. 9.167@8; Od. 2.294@8
correption	ἐποχήσεται	εποχησεται	2	Il. 10.330@10; Il. 17.449@8
correption	ἐπόψεαι	εποψεαι	2	Il. 14.145@10; Od. 20.233@8
correption	ἐργάζεσθαι	εργαζεσθαι	2	Od. 14.272@9.5; Od. 17.441@9.5
correption	ἐσέρχεται	εσερχεται	2	Il. 17.157@8; Od. 15.407@8
correption	ἐσελεύσομαι	εσελευσομαι	2	Od. 1.88@8; Od. 17.52@8
correption	ἐφέλκεται	εφελκεται	2	Od. 16.294@8; Od. 19.13@8
correption	ἐϋστρεφεῖ	ευστρεφει	2	Il. 13.599@8; Il. 13.716@8
correption	ἑκηβόλου	εκηβολου	2	Il. 1.14@8; Il. 1.373@8
correption	ἑοῖ	εοι	2	Il. 13.495@10; Od. 4.38@10
correption	ἔγνω	εγνω	2	Il. 16.639@1.5; Il. 17.334@1.5
correption	ἔλθῃ	ελθη	2	Il. 16.622@1.5; Od. 19.515@5.5
correption	ἔλπεαι	ελπεαι	2	Il. 9.40@8; Od. 21.314@2
correption	ἔλπεται	ελπεται	2	Il. 9.371@8; Il. 24.491@8
correption	ἔλσαι	ελσαι	2	Il. 1.409@9.5; Il. 18.294@9.5
correption	ἔμπεδοι	εμπεδοι	2	Il. 6.352@8; Od. 18.215@8
correption	ἔρχαται	ερχαται	2	Il. 16.481@8; Od. 10.283@2
correption	ἔρχεσθαι	ερχεσθαι	2	Od. 6.261@5.5; Od. 20.362@5.5
correption	ἔσεσθαι	εσεσθαι	2	Od. 4.108@5.5; Od. 4.494@5.5
correption	ἔστω	εστω	2	Od. 1.370@1.5; Od. 19.409@5.5
correption	ἔτλη	ετλη	2	Od. 11.143@1.5; Od. 11.425@5.5
correption	ἔφθη	εφθη	2	Il. 16.314@1.5; Il. 16.322@1.5
correption	ἔχοι	εχοι	2	Il. 12.382@6; Od. 18.142@8
correption	ἕκαστοι	εκαστοι	2	Il. 2.127@5.5; Il. 7.100@5.5
correption	ἕπωμαι	επωμαι	2	Od. 15.81@5.5; Od. 19.528@5.5
correption	ἕψομαι	εψομαι	2	Od. 2.287@10; Od. 6.32@8
correption	ἠπίου	ηπιου	2	Il. 23.281@2; Od. 15.490@2
correption	ἠῶ	ηω	2	Od. 17.497@9.5; Od. 19.319@9.5
correption	ἥ	η	2	Il. 7.236@4; Il. 23.877@10
correption	ἥμεναι	ημεναι	2	Od. 7.106@2; Od. 12.45@2
correption	ἰήσεται	ιησεται	2	Od. 9.520@8; Od. 9.525@8
correption	ἰαρδάνου	ιαρδανου	2	Il. 7.135@8; Od. 3.292@8
correption	ἰδέσθαι	ιδεσθαι	2	Od. 14.143@5.5; Od. 23.107@5.5
correption	ἰθύει	ιθυει	2	Il. 11.552@2; Il. 17.661@2
correption	ἰσχίῳ	ισχιω	2	Il. 5.306@2; Od. 17.234@2
correption	ἰτέαι	ιτεαι	2	Il. 21.350@8; Od. 10.510@8
correption	ἰόμωροι	ιομωροι	2	Il. 4.242@5.5; Il. 14.479@5.5
correption	ἱδρῶ	ιδρω	2	Il. 11.621@5.5; Il. 22.2@1.5
correption	ἱμείρεται	ιμειρεται	2	Od. 1.41@10; Od. 1.59@8
correption	ἴδοι	ιδοι	2	Il. 5.845@8; Il. 24.583@10
correption	ἵζευ	ιζευ	2	Il. 3.162@9.5; Il. 7.115@5.5
correption	ἵκηται	ικηται	2	Od. 5.448@5.5; Od. 15.345@5.5
correption	ἵκωμαι	ικωμαι	2	Il. 5.360@5.5; Il. 22.123@5.5
correption	ἵξεται	ιξεται	2	Il. 1.240@8; Od. 8.198@8
correption	ὀΐεται	οιεται	2	Od. 17.586@8; Od. 19.312@8
correption	ὀίεαι	οιεαι	2	Od. 3.255@8; Od. 10.380@8
correption	ὀκτώ	οκτω	2	Il. 2.313@1.5; Il. 2.327@1.5
correption	ὀλέσθαι	ολεσθαι	2	Il. 13.349@5.5; Il. 22.110@5.5
correption	ὀλύμπιοι	ολυμπιοι	2	Il. 1.399@8; Il. 20.47@8
correption	ὀνήσεται	ονησεται	2	Il. 7.173@8; Il. 16.31@8
correption	ὀρχήσασθαι	ορχησασθαι	2	Od. 8.371@5.5; Od. 14.465@9.5
correption	ὀρώρεται	ορωρεται	2	Od. 19.377@8; Od. 19.524@8
correption	ὁμοιωθήμεναι	ομοιωθημεναι	2	Il. 1.187@10; Od. 3.120@10
correption	ὁμοῦ	ομου	2	Il. 23.84@2; Od. 15.365@2
correption	ὁρώμενοι	ορωμενοι	2	Od. 4.47@8; Od. 10.181@8
correption	ὄζῳ	οζω	2	Il. 2.312@1.5; Il. 6.39@1.5
correption	ὄλβιοι	ολβιοι	2	Od. 11.137@2; Od. 23.284@2
correption	ὄλωνται	ολωνται	2	Il. 8.37@5.5; Il. 8.468@5.5
correption	ὑακινθίνῳ	υακινθινω	2	Od. 6.231@8; Od. 23.158@8
correption	ὑπερράγη	υπερραγη	2	Il. 8.558@8; Il. 16.300@8
correption	ὑποδάμνασαι	υποδαμνασαι	2	Od. 3.214@8; Od. 16.95@8
correption	ὑποκρίνονται	υποκρινονται	2	Il. 7.407@5.5; Od. 2.111@9.5
correption	ὑρτάκου	υρτακου	2	Il. 13.759@10; Il. 13.771@10
correption	ὤσασθαι	ωσασθαι	2	Il. 12.420@5.5; Il. 15.418@5.5
correption	αἰδέσσεται	αιδεσσεται	1	Il. 22.419@8
correption	αἰδέσσομαι	αιδεσσομαι	1	Od. 14.388@8
correption	αἰετοῦ	αιετου	1	Il. 21.252@2
correption	αἰετώ	αιετω	1	Od. 2.146@8
correption	αἰπόλοι	αιπολοι	1	Il. 2.474@10
correption	αἰσίμη	αισιμη	1	Od. 23.14@10
correption	αἰσχύνομαι	αισχυνομαι	1	Od. 18.12@10
correption	αἰτίη	αιτιη	1	Il. 3.164@4
correption	αἰτιάασθαι	αιτιαασθαι	1	Il. 10.120@9.5
correption	αἰόλαι	αιολαι	1	Il. 22.509@2
correption	αἰόλοι	αιολοι	1	Il. 12.167@8
correption	αἱ	αι	1	Od. 10.132@4
correption	αἱρήσεαι	αιρησεαι	1	Il. 10.235@8
correption	αἱρήσομαι	αιρησομαι	1	Od. 2.357@8
correption	αἱρεύμενοι	αιρευμενοι	1	Il. 16.353@8
correption	αἴνυται	αινυται	1	Od. 14.144@8
correption	αἴσῃ	αιση	1	Il. 22.61@1.5
correption	αὐγάζομαι	αυγαζομαι	1	Il. 23.458@8
correption	αὐταί	αυται	1	Il. 23.480@3.5
correption	βάλλευ	βαλλευ	1	Od. 12.218@1.5
correption	βάλλονται	βαλλονται	1	Il. 14.50@5.5
correption	βάλῃ	βαλη	1	Od. 17.279@2
correption	βέβληαι	βεβληαι	1	Il. 11.380@2
correption	βήσεται	βησεται	1	Il. 2.339@10
correption	βίῃ	βιη	1	Il. 16.387@2
correption	βαινέτω	βαινετω	1	Il. 11.513@2
correption	βαρύνεται	βαρυνεται	1	Il. 19.165@8
correption	βασιλευέτω	βασιλευετω	1	Od. 24.483@10
correption	βασιλεύσει	βασιλευσει	1	Od. 1.401@9.5
correption	βείομαι	βειομαι	1	Il. 22.431@8
correption	βεβρώσεται	βεβρωσεται	1	Od. 2.203@8
correption	βιήσεται	βιησεται	1	Od. 21.348@8
correption	βιόωνται	βιοωνται	1	Od. 11.503@5.5
correption	βλάπτει	βλαπτει	1	Od. 21.294@1.5
correption	βλάπτοι	βλαπτοι	1	Od. 13.22@1.5
correption	βλήεται	βληεται	1	Od. 17.472@2
correption	βοαγρίου	βοαγριου	1	Il. 2.533@8
correption	βουκόλῳ	βουκολω	1	Od. 22.104@4
correption	βουλῇ	βουλη	1	Il. 11.627@5.5
correption	βρέμει	βρεμει	1	Il. 4.425@8
correption	βροτολοιγοῦ	βροτολοιγου	1	Il. 8.349@9.5
correption	βροτοῦ	βροτου	1	Il. 18.85@6
correption	βρόχοι	βροχοι	1	Od. 22.472@4
correption	βρύει	βρυει	1	Il. 17.56@8
correption	βωμοῦ	βωμου	1	Il. 2.310@1.5
correption	βόθρου	βοθρου	1	Od. 11.95@5.5
correption	βόσκει	βοσκει	1	Od. 12.97@5.5
correption	βώρου	βωρου	1	Il. 5.44@1.5
correption	βῆ	βη	1	Il. 19.397@9.5
correption	γέλω	γελω	1	Od. 20.346@4
correption	γέλῳ	γελω	1	Od. 18.100@6
correption	γένει	γενει	1	Il. 3.215@8
correption	γένευ	γενευ	1	Il. 5.897@8
correption	γέφυραι	γεφυραι	1	Il. 5.89@5.5
correption	γίγνομαι	γιγνομαι	1	Od. 2.320@2
correption	γαμβρῷ	γαμβρω	1	Il. 13.464@1.5
correption	γανύσσεται	γανυσσεται	1	Il. 14.504@8
correption	γείνασθαι	γεινασθαι	1	Od. 8.312@9.5
correption	γείνεαι	γεινεαι	1	Od. 20.202@10
correption	γενείου	γενειου	1	Od. 19.473@5.5
correption	γεύσασθαι	γευσασθαι	1	Od. 20.181@5.5
correption	γεύσεται	γευσεται	1	Il. 21.61@2
correption	γηθεῖ	γηθει	1	Il. 14.140@1.5
correption	γνήσιοι	γνησιοι	1	Od. 14.202@2
correption	γνώσεται	γνωσεται	1	Il. 18.270@2
correption	γνώσῃ	γνωση	1	Il. 2.365@1.5
correption	γοήμεναι	γοημεναι	1	Il. 14.502@8
correption	γοήσεται	γοησεται	1	Il. 22.353@8
correption	γουνούμενοι	γουνουμενοι	1	Il. 22.240@8
correption	γυμνοῦ	γυμνου	1	Il. 18.21@1.5
correption	γυνή	γυνη	1	Od. 11.237@6
correption	δάμη	δαμη	1	Od. 3.90@6
correption	δάμναται	δαμναται	1	Od. 14.488@2
correption	δάψει	δαψει	1	Il. 13.831@1.5
correption	δέγμενοι	δεγμενοι	1	Il. 18.524@2
correption	δέδασται	δεδασται	1	Il. 15.189@5.5
correption	δέκτῃ	δεκτη	1	Od. 4.248@1.5
correption	δέξασθαι	δεξασθαι	1	Il. 1.112@5.5
correption	δέρκεσθαι	δερκεσθαι	1	Il. 17.675@5.5
correption	δήμιοι	δημιοι	1	Od. 8.259@2
correption	δίφρου	διφρου	1	Il. 24.15@9.5
correption	δίῃ	διη	1	Od. 11.325@1.5
correption	δαίνυσαι	δαινυσαι	1	Od. 21.290@2
correption	δαινύῃ	δαινυη	1	Od. 19.328@2
correption	δακρυόεσσαι	δακρυοεσσαι	1	Il. 18.66@3.5
correption	δαμνᾷ	δαμνα	1	Od. 11.221@1.5
correption	δαμῆναι	δαμηναι	1	Il. 13.603@5.5
correption	δαρδάνου	δαρδανου	1	Il. 20.304@2
correption	δαῆναι	δαηναι	1	Od. 4.493@5.5
correption	δείξω	δειξω	1	Od. 7.29@1.5
correption	δείπνῳ	δειπνω	1	Il. 10.578@1.5
correption	δεδάασθαι	δεδαασθαι	1	Od. 16.316@9.5
correption	δεδέξομαι	δεδεξομαι	1	Il. 5.238@8
correption	δεδαίαται	δεδαιαται	1	Od. 1.23@8
correption	δεδαϊγμένοι	δεδαιγμενοι	1	Il. 19.203@8
correption	δειδίσσεαι	δειδισσεαι	1	Il. 13.810@10
correption	δειπνῆσαι	δειπνησαι	1	Il. 19.304@5.5
correption	δενδρέῳ	δενδρεω	1	Il. 3.152@1.5
correption	δεξιοί	δεξιοι	1	Od. 24.312@2
correption	δεξιώ	δεξιω	1	Od. 2.154@2
correption	δεξιῇ	δεξιη	1	Il. 10.542@2
correption	δεύεαι	δευεαι	1	Il. 23.484@2
correption	δεύῃ	δευη	1	Od. 1.254@1.5
correption	δεῖξαι	δειξαι	1	Il. 3.452@1.5
correption	δηΐῳ	δηιω	1	Il. 5.117@2
correption	δηλήσεαι	δηλησεαι	1	Il. 23.428@8
correption	διέρχεται	διερχεται	1	Il. 3.198@8
correption	διίξομαι	διιξομαι	1	Il. 9.61@8
correption	διαβήμεναι	διαβημεναι	1	Od. 4.635@8
correption	διαδράκοι	διαδρακοι	1	Il. 14.344@8
correption	διαδράμοι	διαδραμοι	1	Od. 5.100@8
correption	διαείδεται	διαειδεται	1	Il. 13.277@10
correption	διαείσεται	διαεισεται	1	Il. 8.535@8
correption	διακέρσαι	διακερσαι	1	Il. 8.8@5.5
correption	διακρινθήμεναι	διακρινθημεναι	1	Il. 3.98@10
correption	διακτόρῳ	διακτορω	1	Il. 2.103@8
correption	διαπέρσαι	διαπερσαι	1	Il. 4.53@3.5
correption	διαρραίσεσθαι	διαρραισεσθαι	1	Il. 24.355@9.5
correption	διζημένη	διζημενη	1	Il. 4.88@8
correption	δικαζέτω	δικαζετω	1	Il. 8.431@8
correption	δικασπόλοι	δικασπολοι	1	Il. 1.238@8
correption	δικτύῳ	δικτυω	1	Od. 22.386@2
correption	δοάσσεται	δοασσεται	1	Il. 23.339@8
correption	δοίη	δοιη	1	Il. 9.385@5.5
correption	δοιαί	δοιαι	1	Il. 22.148@1.5
correption	δορπῆσαι	δορπησαι	1	Od. 7.215@5.5
correption	δουπῆσαι	δουπησαι	1	Il. 13.426@5.5
correption	δρόμοι	δρομοι	1	Od. 4.605@6
correption	δυνήσομαι	δυνησομαι	1	Il. 1.588@8
correption	δυσχειμέρου	δυσχειμερου	1	Il. 16.234@8
correption	δυσωρήσωνται	δυσωρησωνται	1	Il. 10.183@9.5
correption	δυσώνυμοι	δυσωνυμοι	1	Il. 6.255@8
correption	δόμοι	δομοι	1	Od. 8.57@10
correption	δύνανται	δυνανται	1	Od. 3.237@5.5
correption	δύσεαι	δυσεαι	1	Il. 9.231@10
correption	δύσεσθαι	δυσεσθαι	1	Od. 7.18@9.5
correption	δύσομαι	δυσομαι	1	Od. 12.383@2
correption	δύσονται	δυσονται	1	Il. 7.298@9.5
correption	δώρῳ	δωρω	1	Il. 10.304@1.5
correption	δῆσαι	δησαι	1	Il. 24.190@9.5
correption	εἰκέλω	εικελω	1	Od. 19.384@8
correption	εἰλυμένω	ειλυμενω	1	Il. 17.492@10
correption	εἰρυμέναι	ειρυμεναι	1	Il. 13.682@8
correption	εἰσαναβῆναι	εισαναβηναι	1	Il. 17.337@5.5
correption	εἰσορόωσαι	εισοροωσαι	1	Il. 5.418@5.5
correption	εἱανοῦ	ειανου	1	Il. 16.9@2
correption	εἴλει	ειλει	1	Od. 12.210@1.5
correption	εἴρεσθαι	ειρεσθαι	1	Od. 19.95@5.5
correption	εἴρηαι	ειρηαι	1	Od. 1.188@9.5
correption	εἴρηται	ειρηται	1	Od. 9.503@5.5
correption	εἴρομαι	ειρομαι	1	Il. 1.553@8
correption	εἴρυσθαι	ειρυσθαι	1	Od. 3.268@9.5
correption	εἴσῃ	ειση	1	Od. 16.313@5.5
correption	εἵλευ	ειλευ	1	Il. 17.206@1.5
correption	εὐδειέλου	ευδειελου	1	Od. 14.344@8
correption	εὐλαί	ευλαι	1	Il. 22.509@3.5
correption	εὐνάσω	ευνασω	1	Od. 4.408@2
correption	εὐφραίνεσθαι	ευφραινεσθαι	1	Od. 2.311@9.5
correption	εὐχετόωνται	ευχετοωνται	1	Od. 4.139@5.5
correption	εὑ	ευ	1	Il. 14.427@5.5
correption	εὑδέτω	ευδετω	1	Od. 15.396@2
correption	εὔξεαι	ευξεαι	1	Od. 3.45@8
correption	εὕδει	ευδει	1	Od. 11.190@5.5
correption	ζυγῷ	ζυγω	1	Il. 24.270@8
correption	ζωῷ	ζωω	1	Od. 19.331@1.5
correption	ζόφου	ζοφου	1	Il. 21.56@8
correption	ζώγρει	ζωγρει	1	Il. 5.698@1.5
correption	ζώννυσθαι	ζωννυσθαι	1	Il. 11.15@9.5
correption	ζώω	ζωω	1	Od. 3.354@1.5
correption	θάμνῳ	θαμνω	1	Il. 17.677@1.5
correption	θάνοι	θανοι	1	Od. 15.359@8
correption	θάρσει	θαρσει	1	Od. 22.372@1.5
correption	θέλγει	θελγει	1	Od. 1.57@1.5
correption	θέρει	θερει	1	Od. 12.76@8
correption	θέσθαι	θεσθαι	1	Od. 13.207@5.5
correption	θήβῃ	θηβη	1	Il. 6.397@1.5
correption	θήγει	θηγει	1	Il. 13.475@1.5
correption	θήσεσθαι	θησεσθαι	1	Od. 21.316@9.5
correption	θαυμάσσεται	θαυμασσεται	1	Il. 18.467@8
correption	θείω	θειω	1	Il. 16.437@1.5
correption	θεσσαλοῦ	θεσσαλου	1	Il. 2.679@2
correption	θεύσεαι	θευσεαι	1	Il. 23.623@2
correption	θεώτεραι	θεωτεραι	1	Od. 13.111@8
correption	θεῖναι	θειναι	1	Il. 6.92@1.5
correption	θλίψεται	θλιψεται	1	Od. 17.221@10
correption	θνητῷ	θνητω	1	Il. 24.537@3.5
correption	θοοί	θοοι	1	Il. 16.422@10
correption	θρόνῳ	θρονω	1	Od. 5.86@2
correption	θυοσκόοι	θυοσκοοι	1	Il. 24.221@8
correption	θωρήσσεσθαι	θωρησσεσθαι	1	Il. 11.718@5.5
correption	θύραι	θυραι	1	Od. 13.109@10
correption	θῦσαι	θυσαι	1	Il. 9.219@9.5
correption	κάπρου	καπρου	1	Il. 19.254@1.5
correption	κάρη	καρη	1	Il. 10.271@8
correption	κάτω	κατω	1	Il. 17.136@6
correption	κέλσαι	κελσαι	1	Od. 10.511@5.5
correption	κένσαι	κενσαι	1	Il. 23.337@1.5
correption	κέντρῳ	κεντρω	1	Il. 23.430@1.5
correption	κέρᾳ	κερα	1	Il. 11.385@6
correption	κίδναται	κιδναται	1	Il. 23.227@10
correption	κίρκῃ	κιρκη	1	Od. 10.322@1.5
correption	καθήμεναι	καθημεναι	1	Il. 4.9@8
correption	καθεψιόωνται	καθεψιοωνται	1	Od. 19.372@9.5
correption	καθημένω	καθημενω	1	Od. 16.264@8
correption	καιρίῳ	καιριω	1	Il. 4.185@4
correption	κακοί	κακοι	1	Il. 13.382@10
correption	καλήμεναι	καλημεναι	1	Il. 10.125@8
correption	καλεῖ	καλει	1	Od. 17.382@6
correption	καλλικρήδεμνοι	καλλικρηδεμνοι	1	Od. 4.623@9.5
correption	καλλιρρόω	καλλιρροω	1	Il. 22.147@8
correption	καλῇ	καλη	1	Il. 2.307@1.5
correption	καρπῷ	καρπω	1	Od. 18.258@5.5
correption	καρτεροί	καρτεροι	1	Od. 15.534@10
correption	κατάλεξαι	καταλεξαι	1	Od. 19.44@5.5
correption	κατέρχεται	κατερχεται	1	Od. 11.188@8
correption	κατέχονται	κατεχονται	1	Il. 17.644@5.5
correption	καταΐσχεται	καταισχεται	1	Od. 9.122@8
correption	καταβήσεται	καταβησεται	1	Il. 15.382@8
correption	καταδάψαι	καταδαψαι	1	Il. 22.339@9.5
correption	καταδέρκεται	καταδερκεται	1	Od. 11.16@8
correption	καταδράθω	καταδραθω	1	Od. 5.471@8
correption	καταδύμεναι	καταδυμεναι	1	Il. 3.241@10
correption	καταθέσθαι	καταθεσθαι	1	Od. 19.20@5.5
correption	καταθήσω	καταθησω	1	Od. 19.572@9.5
correption	καταθεῖναι	καταθειναι	1	Od. 16.285@9.5
correption	καταιβαταί	καταιβαται	1	Od. 13.110@8
correption	κατακείαται	κατακειαται	1	Il. 24.527@8
correption	κατακεῖσθαι	κατακεισθαι	1	Il. 24.523@5.5
correption	κατακτάνῃ	κατακτανη	1	Il. 22.86@8
correption	κατακτενεῖ	κατακτενει	1	Il. 23.412@8
correption	καταλέξαι	καταλεξαι	1	Od. 23.309@9.5
correption	καταλέξεται	καταλεξεται	1	Od. 3.353@8
correption	καταλέξω	καταλεξω	1	Od. 19.497@5.5
correption	καταλέχθαι	καταλεχθαι	1	Od. 15.394@5.5
correption	καταμάρψῃ	καταμαρψη	1	Il. 6.364@9.5
correption	κατανεύσομαι	κατανευσομαι	1	Il. 1.524@8
correption	καταπαύσῃ	καταπαυση	1	Il. 22.457@5.5
correption	καταπύθεται	καταπυθεται	1	Il. 23.328@10
correption	κατατήκομαι	κατατηκομαι	1	Od. 19.136@10
correption	κατελεύσομαι	κατελευσομαι	1	Od. 1.303@10
correption	κατερύκομαι	κατερυκομαι	1	Od. 4.377@8
correption	κατοίσεται	κατοισεται	1	Il. 22.425@8
correption	καϋστρίου	καυστριου	1	Il. 2.461@8
correption	κείσεαι	κεισεαι	1	Il. 18.338@10
correption	κείσεται	κεισεται	1	Il. 8.537@2
correption	κείσθω	κεισθω	1	Od. 15.128@1.5
correption	κείσομαι	κεισομαι	1	Od. 22.319@2
correption	κειμένου	κειμενου	1	Il. 4.175@2
correption	κειμένῳ	κειμενω	1	Il. 24.414@2
correption	κεκακωμένοι	κεκακωμενοι	1	Il. 11.689@8
correption	κεκαλυμμέναι	κεκαλυμμεναι	1	Od. 8.562@8
correption	κεκλήσῃ	κεκληση	1	Il. 3.138@9.5
correption	κεκλῆσθαι	κεκλησθαι	1	Il. 14.268@9.5
correption	κεκονιμένοι	κεκονιμενοι	1	Il. 21.541@8
correption	κεκορημένοι	κεκορημενοι	1	Od. 14.456@8
correption	κεκορυθμένοι	κεκορυθμενοι	1	Il. 13.305@8
correption	κελήσεται	κελησεται	1	Od. 10.296@8
correption	κελαινεφεῖ	κελαινεφει	1	Il. 21.520@8
correption	κεχαρήσεται	κεχαρησεται	1	Od. 23.266@8
correption	κεχολωμένη	κεχολωμενη	1	Od. 11.544@8
correption	κεχολωμένοι	κεχολωμενοι	1	Il. 16.546@8
correption	κεχολώσομαι	κεχολωσομαι	1	Il. 23.543@8
correption	κεχρημένοι	κεχρημενοι	1	Od. 14.124@8
correption	κεχρημένῳ	κεχρημενω	1	Od. 17.347@8
correption	κεχόλωται	κεχολωται	1	Od. 1.69@5.5
correption	κεύθῃ	κευθη	1	Il. 9.313@5.5
correption	κεῖμαι	κειμαι	1	Od. 19.516@1.5
correption	κεῖσαι	κεισαι	1	Il. 20.389@1.5
correption	κικλήσκεται	κικλησκεται	1	Od. 15.403@8
correption	κιχάνεται	κιχανεται	1	Il. 11.441@8
correption	κιχάνομαι	κιχανομαι	1	Il. 19.289@8
correption	κιχήμεναι	κιχημεναι	1	Il. 15.274@8
correption	κιχήσεται	κιχησεται	1	Il. 18.268@8
correption	κλαύσομαι	κλαυσομαι	1	Il. 22.87@2
correption	κλινθῆναι	κλινθηναι	1	Il. 23.335@5.5
correption	κλονέεσθαι	κλονεεσθαι	1	Il. 4.302@9.5
correption	κλονέονται	κλονεονται	1	Il. 18.7@5.5
correption	κλυτοῦ	κλυτου	1	Il. 24.789@6
correption	κοιμήσωνται	κοιμησωνται	1	Il. 10.99@3.5
correption	κοιμᾶται	κοιμαται	1	Od. 4.403@5.5
correption	κομίζω	κομιζω	1	Il. 24.541@5.5
correption	κονισάλῳ	κονισαλω	1	Il. 5.503@8
correption	κορέσασθαι	κορεσασθαι	1	Il. 13.635@5.5
correption	κορυφοῦται	κορυφουται	1	Il. 4.426@5.5
correption	κορύσσεαι	κορυσσεαι	1	Il. 10.37@8
correption	κουλεῷ	κουλεω	1	Od. 11.98@2
correption	κοῦραι	κουραι	1	Il. 9.396@1.5
correption	κρήνη	κρηνη	1	Od. 9.141@1.5
correption	κρήτῃ	κρητη	1	Il. 13.453@1.5
correption	κρίνασθαι	κρινασθαι	1	Od. 4.408@9.5
correption	κρίνηται	κρινηται	1	Od. 16.269@9.5
correption	κρίνῃ	κρινη	1	Il. 5.501@1.5
correption	κρανέεσθαι	κρανεεσθαι	1	Il. 9.626@5.5
correption	κρανίῳ	κρανιω	1	Il. 8.84@2
correption	κρημνοῦ	κρημνου	1	Il. 21.234@1.5
correption	κριτοί	κριτοι	1	Od. 8.258@6
correption	κρόνου	κρονου	1	Il. 13.345@8
correption	κτείνεσθαι	κτεινεσθαι	1	Il. 5.465@5.5
correption	κτεῖναι	κτειναι	1	Il. 21.279@5.5
correption	κυδάνει	κυδανει	1	Il. 14.73@2
correption	κυθηρίῳ	κυθηριω	1	Il. 10.268@8
correption	κυνηγέται	κυνηγεται	1	Od. 9.120@8
correption	κυπαρισσίνῳ	κυπαρισσινω	1	Od. 17.340@8
correption	κυρτώ	κυρτω	1	Il. 2.218@1.5
correption	κωκύει	κωκυει	1	Od. 8.527@8
correption	κόλπῳ	κολπω	1	Il. 6.400@3.5
correption	κόπρου	κοπρου	1	Il. 18.575@5.5
correption	κύκλῳ	κυκλω	1	Od. 8.278@9.5
correption	κύνει	κυνει	1	Od. 4.522@2
correption	κύρεται	κυρεται	1	Il. 24.530@8
correption	κύφου	κυφου	1	Il. 2.748@4
correption	κῆαι	κηαι	1	Od. 15.97@3.5
correption	λάβῃ	λαβη	1	Il. 24.480@8
correption	λάθρη	λαθρη	1	Od. 17.43@1.5
correption	λάϊνοι	λαινοι	1	Od. 13.106@2
correption	λέξασθαι	λεξασθαι	1	Il. 2.125@5.5
correption	λέξεαι	λεξεαι	1	Od. 7.319@2
correption	λέχει	λεχει	1	Od. 23.189@2
correption	λήθει	ληθει	1	Od. 19.88@1.5
correption	λήμνῳ	λημνω	1	Il. 2.722@1.5
correption	λήξω	ληξω	1	Il. 21.224@5.5
correption	λήσει	λησει	1	Od. 22.198@1.5
correption	λήσεσθαι	λησεσθαι	1	Od. 11.554@5.5
correption	λήσομαι	λησομαι	1	Od. 1.308@10
correption	λίθῳ	λιθω	1	Il. 8.327@8
correption	λίσαι	λισαι	1	Il. 1.394@8
correption	λίσσεται	λισσεται	1	Od. 8.30@8
correption	λαοῦ	λαου	1	Il. 10.364@1.5
correption	λείη	λειη	1	Il. 4.484@1.5
correption	λείποι	λειποι	1	Od. 21.116@1.5
correption	λείπονται	λειπονται	1	Od. 22.250@5.5
correption	λείψει	λειψει	1	Il. 15.136@1.5
correption	λείψω	λειψω	1	Od. 4.602@3.5
correption	λελείψεται	λελειψεται	1	Il. 24.742@8
correption	λελειμμένοι	λελειμμενοι	1	Il. 24.687@8
correption	λεπτοί	λεπτοι	1	Od. 7.97@1.5
correption	λεύσσει	λευσσει	1	Il. 3.110@1.5
correption	ληΐου	ληιου	1	Il. 23.599@2
correption	ληΐσσομαι	ληισσομαι	1	Od. 23.357@8
correption	ληθάνει	ληθανει	1	Od. 7.221@2
correption	λητοῖ	λητοι	1	Il. 21.498@1.5
correption	λιταί	λιται	1	Il. 9.502@4
correption	λοέσσομαι	λοεσσομαι	1	Od. 6.221@8
correption	λοκροί	λοκροι	1	Il. 13.712@9.5
correption	λοχήσομαι	λοχησομαι	1	Od. 4.670@8
correption	λούσῃ	λουση	1	Il. 14.7@5.5
correption	λύει	λυει	1	Od. 2.69@8
correption	λύκοι	λυκοι	1	Od. 10.212@4
correption	λύκτου	λυκτου	1	Il. 17.611@5.5
correption	λύσομαι	λυσομαι	1	Il. 10.378@8
correption	μάρναται	μαρναται	1	Il. 4.513@2
correption	μάσσεται	μασσεται	1	Il. 9.394@10
correption	μέλει	μελει	1	Il. 6.450@8
correption	μέλλω	μελλω	1	Il. 13.777@1.5
correption	μέλπεσθαι	μελπεσθαι	1	Il. 7.241@9.5
correption	μέμνησαι	μεμνησαι	1	Il. 23.648@5.5
correption	μήδεαι	μηδεαι	1	Od. 5.173@8
correption	μήδεται	μηδεται	1	Il. 21.413@8
correption	μήσεαι	μησεαι	1	Od. 11.474@10
correption	μίμνει	μιμνει	1	Il. 13.747@1.5
correption	μίσγεαι	μισγεαι	1	Il. 2.232@8
correption	μαίνεαι	μαινεαι	1	Od. 9.350@8
correption	μαίνεσθαι	μαινεσθαι	1	Il. 5.717@5.5
correption	μακρή	μακρη	1	Od. 11.373@5.5
correption	μακραί	μακραι	1	Il. 18.276@1.5
correption	μακρῷ	μακρω	1	Il. 13.613@1.5
correption	μαντεύεται	μαντευεται	1	Il. 2.300@8
correption	μαντεύομαι	μαντευομαι	1	Od. 2.170@8
correption	μαχήσεαι	μαχησεαι	1	Il. 23.621@8
correption	μαχεούμενοι	μαχεουμενοι	1	Od. 24.113@8
correption	μείνῃ	μεινη	1	Il. 8.536@1.5
correption	μεγαλίζομαι	μεγαλιζομαι	1	Od. 23.174@8
correption	μεδήσομαι	μεδησομαι	1	Il. 9.650@8
correption	μελήσεται	μελησεται	1	Il. 1.523@8
correption	μεμακυῖαι	μεμακυιαι	1	Il. 4.435@5.5
correption	μεμιγμένη	μεμιγμενη	1	Od. 19.175@8
correption	μεμιγμένοι	μεμιγμενοι	1	Il. 10.424@8
correption	μεμνημένη	μεμνημενη	1	Od. 1.343@10
correption	μεμνημένοι	μεμνημενοι	1	Od. 10.464@8
correption	μεμνῆσθαι	μεμνησθαι	1	Od. 4.353@9.5
correption	μενελάου	μενελαου	1	Il. 17.697@5.5
correption	μεσσήνιοι	μεσσηνιοι	1	Od. 21.18@8
correption	μετέμμεναι	μετεμμεναι	1	Il. 18.91@8
correption	μετέρχεται	μετερχεται	1	Od. 6.132@8
correption	μετέρχομαι	μετερχομαι	1	Od. 3.83@8
correption	μετέσσεται	μετεσσεται	1	Il. 2.386@8
correption	μεταδαίνυται	μεταδαινυται	1	Il. 22.498@10
correption	μεταδαίσεται	μεταδαισεται	1	Od. 18.48@8
correption	μεταδαίσομαι	μεταδαισομαι	1	Il. 23.207@10
correption	μετακλαύσεσθαι	μετακλαυσεσθαι	1	Il. 11.764@5.5
correption	μεταπρέπω	μεταπρεπω	1	Il. 16.835@8
correption	μετατρέπῃ	μετατρεπη	1	Il. 1.160@8
correption	μεταφρένου	μεταφρενου	1	Il. 2.267@8
correption	μετελεύσομαι	μετελευσομαι	1	Il. 6.280@8
correption	μηνίει	μηνιει	1	Od. 17.14@8
correption	μιμνήσκεσθαι	μιμνησκεσθαι	1	Od. 3.142@5.5
correption	μιμνήσκεται	μιμνησκεται	1	Od. 15.54@8
correption	μισθῷ	μισθω	1	Il. 21.445@1.5
correption	μιχθήμεναι	μιχθημεναι	1	Il. 11.438@8
correption	μνάασθαι	μναασθαι	1	Od. 1.39@9.5
correption	μνήσομαι	μνησομαι	1	Il. 9.647@2
correption	μνήσονται	μνησονται	1	Il. 4.172@5.5
correption	μνήσῃ	μνηση	1	Od. 8.462@1.5
correption	μνῶνται	μνωνται	1	Od. 6.34@5.5
correption	μογοστόκοι	μογοστοκοι	1	Il. 11.270@8
correption	μούνου	μουνου	1	Il. 9.335@9.5
correption	μούνω	μουνω	1	Od. 16.239@1.5
correption	μοῦνοι	μουνοι	1	Od. 4.496@5.5
correption	μυθέαι	μυθεαι	1	Od. 2.202@2
correption	μυκώμεναι	μυκωμεναι	1	Od. 10.413@8
correption	μυληφάτου	μυληφατου	1	Od. 2.355@8
correption	μυρικίνῳ	μυρικινω	1	Il. 6.39@8
correption	μωμήσονται	μωμησονται	1	Il. 3.412@5.5
correption	μόθου	μοθου	1	Il. 7.117@8
correption	μόλου	μολου	1	Il. 13.249@4
correption	μόλῃ	μολη	1	Il. 24.781@10
correption	μύλαι	μυλαι	1	Od. 20.106@6
correption	νάει	ναει	1	Od. 6.292@8
correption	νέηται	νεηται	1	Od. 1.205@5.5
correption	νέμει	νεμει	1	Od. 6.188@4
correption	νέονται	νεονται	1	Od. 20.156@5.5
correption	νέου	νεου	1	Il. 23.589@4
correption	νέῳ	νεω	1	Od. 3.376@4
correption	νίσομαι	νισομαι	1	Il. 23.76@2
correption	ναυσικλυτοί	ναυσικλυτοι	1	Od. 7.39@8
correption	ναυτίλλεται	ναυτιλλεται	1	Od. 4.672@8
correption	ναύλοχοι	ναυλοχοι	1	Od. 4.846@10
correption	ναῦται	ναυται	1	Od. 12.98@5.5
correption	νείκει	νεικει	1	Il. 7.95@1.5
correption	νεηνίαι	νεηνιαι	1	Od. 14.524@8
correption	νεηνίῃ	νεηνιη	1	Od. 10.278@8
correption	νεικέοι	νεικεοι	1	Od. 19.108@2
correption	νεικέσω	νεικεσω	1	Il. 10.115@2
correption	νεκροί	νεκροι	1	Il. 17.362@1.5
correption	νεκροῦ	νεκρου	1	Il. 18.158@1.5
correption	νεουτάτου	νεουτατου	1	Il. 13.539@8
correption	νεωτάτη	νεωτατη	1	Od. 1.352@8
correption	νεωτέρου	νεωτερου	1	Il. 24.433@8
correption	νεωτέρω	νεωτερω	1	Il. 1.259@8
correption	νεῖσθαι	νεισθαι	1	Od. 15.88@5.5
correption	νεῦμαι	νευμαι	1	Il. 18.136@5.5
correption	νηίῳ	νηιω	1	Od. 1.186@8
correption	νηλήϊαι	νηληιαι	1	Il. 11.597@10
correption	νηληΐῳ	νηληιω	1	Il. 2.20@8
correption	νομοῦ	νομου	1	Od. 10.159@10
correption	νοστήσῃ	νοστηση	1	Od. 14.395@5.5
correption	νοσφίζεαι	νοσφιζεαι	1	Od. 23.98@8
correption	νούσῳ	νουσω	1	Il. 13.667@1.5
correption	νοῆσαι	νοησαι	1	Il. 1.343@5.5
correption	νυμφίου	νυμφιου	1	Il. 23.223@2
correption	νυοί	νυοι	1	Il. 24.166@8
correption	νόου	νοου	1	Il. 24.354@8
correption	νόστου	νοστου	1	Od. 19.270@9.5
correption	νόστῳ	νοστω	1	Od. 5.108@5.5
correption	νόῳ	νοω	1	Od. 13.229@8
correption	νώτου	νωτου	1	Od. 8.475@1.5
correption	ξεινίσαι	ξεινισαι	1	Od. 14.322@2
correption	ξυμβλήμεναι	ξυμβλημεναι	1	Il. 21.578@8
correption	ξυνέσεσθαι	ξυνεσεσθαι	1	Od. 7.270@9.5
correption	ξυνδῆσαι	ξυνδησαι	1	Il. 1.399@5.5
correption	ξυροῦ	ξυρου	1	Il. 10.173@8
correption	ξύμβληται	ξυμβληται	1	Od. 7.204@9.5
correption	οἰδάνει	οιδανει	1	Il. 9.554@2
correption	οἰκτίστῳ	οικτιστω	1	Od. 23.79@9.5
correption	οἰνοποτάζει	οινοποταζει	1	Od. 6.309@5.5
correption	οἴνῳ	οινω	1	Od. 24.73@1.5
correption	οἴομαι	οιομαι	1	Od. 10.193@10
correption	οἴσῃ	οιση	1	Il. 23.441@9.5
correption	οἴῃ	οιη	1	Od. 16.133@1.5
correption	οἶμοι	οιμοι	1	Il. 11.24@5.5
correption	οἶοι	οιοι	1	Il. 10.141@9.5
correption	οὐτάσῃ	ουταση	1	Il. 21.576@8
correption	πάγοι	παγοι	1	Od. 5.411@6
correption	πάθοι	παθοι	1	Il. 13.670@8
correption	πάλλεται	παλλεται	1	Il. 22.452@4
correption	πάσασθαι	πασασθαι	1	Il. 19.160@3.5
correption	πάσσασθαι	πασσασθαι	1	Od. 10.384@5.5
correption	πάτου	πατου	1	Il. 20.137@2
correption	πέζῃ	πεζη	1	Il. 24.272@1.5
correption	πέλευ	πελευ	1	Il. 24.219@8
correption	πέμψαι	πεμψαι	1	Il. 2.6@1.5
correption	πέμψω	πεμψω	1	Il. 1.184@1.5
correption	πέπλου	πεπλου	1	Il. 5.338@5.5
correption	πέπρωται	πεπρωται	1	Il. 18.329@5.5
correption	πέπταται	πεπταται	1	Od. 6.45@2
correption	πέρσεται	περσεται	1	Il. 24.729@2
correption	πέτραι	πετραι	1	Od. 12.59@5.5
correption	πήγνυται	πηγνυται	1	Il. 22.453@2
correption	πήχει	πηχει	1	Od. 21.419@3.5
correption	πίλναται	πιλναται	1	Il. 19.93@2
correption	πίπτει	πιπτει	1	Il. 17.633@9.5
correption	παγχρύσεοι	παγχρυσεοι	1	Il. 2.448@8
correption	παλαιφάτου	παλαιφατου	1	Od. 19.163@8
correption	παμποίκιλοι	παμποικιλοι	1	Od. 15.105@8
correption	παντοῖαι	παντοιαι	1	Od. 24.343@9.5
correption	πανυπερτάτη	πανυπερτατη	1	Od. 9.25@8
correption	παράκειται	παρακειται	1	Od. 22.65@5.5
correption	παρέρχεται	παρερχεται	1	Od. 12.62@8
correption	παρέσσομαι	παρεσσομαι	1	Od. 13.393@8
correption	παρέχῃ	παρεχη	1	Od. 19.113@10
correption	παρίσταμαι	παρισταμαι	1	Od. 13.301@8
correption	παραδύμεναι	παραδυμεναι	1	Il. 23.416@8
correption	παραιβάται	παραιβαται	1	Il. 23.132@8
correption	παραλέξομαι	παραλεξομαι	1	Il. 14.237@8
correption	παρανήξομαι	παρανηξομαι	1	Od. 5.417@8
correption	παραστήσεσθαι	παραστησεσθαι	1	Od. 24.28@9.5
correption	παρελεύσεαι	παρελευσεαι	1	Il. 1.132@8
correption	παρεῖναι	παρειναι	1	Od. 5.105@5.5
correption	παρημένω	παρημενω	1	Od. 11.578@8
correption	παρθένοι	παρθενοι	1	Il. 18.593@8
correption	παροίτεραι	παροιτεραι	1	Il. 23.480@8
correption	παροίτεροι	παροιτεροι	1	Il. 23.459@8
correption	παρτιθεῖ	παρτιθει	1	Od. 1.192@2
correption	πασσάλῳ	πασσαλω	1	Od. 1.440@2
correption	πατρόκλου	πατροκλου	1	Il. 23.192@5.5
correption	παύεσθαι	παυεσθαι	1	Od. 16.278@5.5
correption	παύσῃ	παυση	1	Od. 4.35@5.5
correption	παῦροι	παυροι	1	Il. 15.283@9.5
correption	πείθευ	πειθευ	1	Il. 14.235@1.5
correption	πείθηται	πειθηται	1	Il. 1.150@9.5
correption	πείθομαι	πειθομαι	1	Od. 1.414@8
correption	πείθονται	πειθονται	1	Il. 1.79@9.5
correption	πείθωνται	πειθωνται	1	Il. 2.364@9.5
correption	πείθῃ	πειθη	1	Od. 15.541@1.5
correption	πείρεω	πειρεω	1	Il. 20.484@10
correption	πείσεαι	πεισεαι	1	Il. 9.74@8
correption	πεινήμεναι	πεινημεναι	1	Od. 20.137@8
correption	πειρήσεαι	πειρησεαι	1	Od. 13.336@8
correption	πειρήσω	πειρησω	1	Il. 19.30@5.5
correption	πειρηθήμεναι	πειρηθημεναι	1	Od. 8.213@10
correption	πειρηθήτω	πειρηθητω	1	Od. 8.205@5.5
correption	πειρωμένη	πειρωμενη	1	Od. 23.181@8
correption	πελεμίξαι	πελεμιξαι	1	Il. 16.108@5.5
correption	πεμπάσσεται	πεμπασσεται	1	Od. 4.412@8
correption	πενθερῷ	πενθερω	1	Il. 6.170@8
correption	πενθῆσαι	πενθησαι	1	Il. 19.225@9.5
correption	πεπαλάσθαι	πεπαλασθαι	1	Od. 9.331@9.5
correption	πεπαρμένη	πεπαρμενη	1	Il. 21.577@8
correption	πεπαυμένοι	πεπαυμενοι	1	Il. 3.150@8
correption	πεπιθήσω	πεπιθησω	1	Il. 22.223@5.5
correption	πεπνυμένῳ	πεπνυμενω	1	Od. 3.52@8
correption	πεπνῦσθαι	πεπνυσθαι	1	Il. 23.440@9.5
correption	πεποτήαται	πεποτηαται	1	Il. 2.90@8
correption	περίκειται	περικειται	1	Il. 9.321@5.5
correption	περιάγνυται	περιαγνυται	1	Il. 16.78@8
correption	περιίδμεναι	περιιδμεναι	1	Il. 13.728@10
correption	περιβάλλει	περιβαλλει	1	Od. 15.17@9.5
correption	περιβῆναι	περιβηναι	1	Il. 5.21@5.5
correption	περιγίγνεται	περιγιγνεται	1	Il. 23.318@8
correption	περιδώσομαι	περιδωσομαι	1	Od. 23.78@10
correption	περικτίται	περικτιται	1	Od. 11.288@8
correption	περιναιέται	περιναιεται	1	Il. 24.488@8
correption	περιστάθη	περισταθη	1	Od. 11.243@8
correption	περιστέφει	περιστεφει	1	Od. 5.303@8
correption	περιστεναχίζεται	περιστεναχιζεται	1	Od. 10.10@10
correption	περιφῦναι	περιφυναι	1	Od. 24.236@5.5
correption	πεφάσθαι	πεφασθαι	1	Il. 13.447@5.5
correption	πεφιδέσθαι	πεφιδεσθαι	1	Il. 21.101@5.5
correption	πεφιδήσεται	πεφιδησεται	1	Il. 15.215@8
correption	πεφράδοι	πεφραδοι	1	Il. 14.335@2
correption	πεύθομαι	πευθομαι	1	Od. 3.187@2
correption	πεύσεαι	πευσεαι	1	Il. 18.19@2
correption	πεύσομαι	πευσομαι	1	Od. 23.262@2
correption	πηδῆσαι	πηδησαι	1	Il. 14.455@9.5
correption	πιστωθῆναι	πιστωθηναι	1	Od. 15.436@5.5
correption	πιφαύσκεαι	πιφαυσκεαι	1	Il. 16.12@8
correption	πλάγξομαι	πλαγξομαι	1	Od. 15.312@2
correption	πλάγχθη	πλαγχθη	1	Od. 1.2@1.5
correption	πλήξῃ	πληξη	1	Od. 18.57@1.5
correption	πλανόωνται	πλανοωνται	1	Il. 23.321@5.5
correption	πλατανίστῳ	πλατανιστω	1	Il. 2.307@5.5
correption	πλείου	πλειου	1	Il. 10.579@1.5
correption	πλευραί	πλευραι	1	Od. 17.232@1.5
correption	πλησίω	πλησιω	1	Od. 2.149@2
correption	πλυνέουσαι	πλυνεουσαι	1	Od. 6.31@5.5
correption	πλωτῇ	πλωτη	1	Od. 10.3@1.5
correption	πνέει	πνεει	1	Od. 5.469@8
correption	πνοιή	πνοιη	1	Od. 6.20@5.5
correption	ποίει	ποιει	1	Od. 5.253@1.5
correption	ποθήμεναι	ποθημεναι	1	Od. 12.110@8
correption	ποθῇ	ποθη	1	Il. 19.321@2
correption	ποιήσωνται	ποιησωνται	1	Il. 12.168@5.5
correption	ποιήσῃ	ποιηση	1	Il. 15.363@5.5
correption	ποικίλου	ποικιλου	1	Il. 10.501@2
correption	ποικίλῃ	ποικιλη	1	Il. 10.30@2
correption	ποιῆσαι	ποιησαι	1	Il. 12.432@9.5
correption	πολλή	πολλη	1	Od. 5.323@5.5
correption	πολυδαίδαλοι	πολυδαιδαλοι	1	Il. 23.743@8
correption	πολυδαιδάλῳ	πολυδαιδαλω	1	Il. 24.597@8
correption	πολυδακρύου	πολυδακρυου	1	Il. 17.192@8
correption	πολυζύγῳ	πολυζυγω	1	Il. 2.293@8
correption	πολυηράτου	πολυηρατου	1	Od. 15.126@8
correption	πολυηράτῳ	πολυηρατω	1	Od. 11.275@8
correption	πολυκάρπου	πολυκαρπου	1	Od. 24.221@5.5
correption	πολυπαίπαλοι	πολυπαιπαλοι	1	Od. 15.419@8
correption	πολυφάρμακοι	πολυφαρμακοι	1	Il. 16.28@8
correption	πολυφαρμάκου	πολυφαρμακου	1	Od. 10.276@8
correption	πομπῇ	πομπη	1	Od. 7.193@1.5
correption	πονέεσθαι	πονεεσθαι	1	Il. 23.245@9.5
correption	πονήσομαι	πονησομαι	1	Od. 22.377@8
correption	ποτέονται	ποτεονται	1	Od. 24.7@5.5
correption	ποτιδέγμεναι	ποτιδεγμεναι	1	Il. 2.137@8
correption	ποτιδεγμένω	ποτιδεγμενω	1	Od. 22.380@10
correption	ποτικέκλιται	ποτικεκλιται	1	Od. 6.308@10
correption	ποτινίσεται	ποτινισεται	1	Il. 9.381@8
correption	ποτιτερπέτω	ποτιτερπετω	1	Il. 15.401@8
correption	ποτῶνται	ποτωνται	1	Il. 2.462@5.5
correption	πού	που	1	Il. 17.446@4
correption	πρέπει	πρεπει	1	Od. 8.172@8
correption	προκαλέσσεται	προκαλεσσεται	1	Il. 7.39@8
correption	προκυλίνδεται	προκυλινδεται	1	Il. 14.18@8
correption	προλελεγμένοι	προλελεγμενοι	1	Il. 13.689@8
correption	προμιγῆναι	προμιγηναι	1	Il. 9.452@5.5
correption	προμνηστῖναι	προμνηστιναι	1	Od. 11.233@5.5
correption	προμνηστῖνοι	προμνηστινοι	1	Od. 21.230@5.5
correption	προνοῆσαι	προνοησαι	1	Od. 5.364@9.5
correption	προπέφανται	προπεφανται	1	Il. 14.332@9.5
correption	προσερεύγεται	προσερευγεται	1	Il. 15.621@10
correption	προσπτύξεται	προσπτυξεται	1	Od. 11.451@8
correption	προτιβάλλεαι	προτιβαλλεαι	1	Il. 5.879@8
correption	προτιείποι	προτιειποι	1	Il. 22.329@5.5
correption	προτιόσσομαι	προτιοσσομαι	1	Il. 22.356@8
correption	προφέρηται	προφερηται	1	Od. 8.210@9.5
correption	προφερέστεραι	προφερεστεραι	1	Il. 10.352@10
correption	προφερέστεροι	προφερεστεροι	1	Od. 21.134@10
correption	προὐχούσῃ	προυχουση	1	Od. 24.82@5.5
correption	πρωτίστῳ	πρωτιστω	1	Il. 16.656@5.5
correption	πρώτη	πρωτη	1	Il. 15.17@1.5
correption	πτωχοί	πτωχοι	1	Od. 17.377@1.5
correption	πτώσσουσαι	πτωσσουσαι	1	Od. 22.304@9.5
correption	πυγμάχοι	πυγμαχοι	1	Od. 8.246@4
correption	πυθέσθαι	πυθεσθαι	1	Od. 10.152@5.5
correption	πυθοῖ	πυθοι	1	Od. 8.80@1.5
correption	πωλήσεαι	πωλησεαι	1	Il. 5.350@8
correption	πόντου	ποντου	1	Od. 9.285@9.5
correption	πύλαι	πυλαι	1	Il. 3.145@10
correption	πύργοι	πυργοι	1	Il. 4.347@9.5
correption	πύσει	πυσει	1	Il. 4.174@9.5
correption	σάμου	σαμου	1	Il. 13.12@8
correption	σήπεται	σηπεται	1	Il. 24.414@8
correption	σίνεται	σινεται	1	Il. 24.45@8
correption	σίνται	σινται	1	Il. 16.353@1.5
correption	σαώσεαι	σαωσεαι	1	Od. 21.309@8
correption	σαῶσαι	σαωσαι	1	Il. 21.274@5.5
correption	σεύῃ	σευη	1	Il. 11.293@1.5
correption	σημαινέτω	σημαινετω	1	Il. 2.805@8
correption	σιγῇ	σιγη	1	Il. 7.195@1.5
correption	σιδηρέη	σιδηρεη	1	Od. 4.293@8
correption	σιδηρέῳ	σιδηρεω	1	Il. 5.723@8
correption	σκίδνασθαι	σκιδνασθαι	1	Od. 1.274@9.5
correption	σκιαί	σκιαι	1	Od. 10.495@8
correption	σκιῇ	σκιη	1	Od. 11.207@6
correption	σκύζευ	σκυζευ	1	Od. 23.209@5.5
correption	σπένδῃ	σπενδη	1	Od. 8.432@1.5
correption	σπεύσομαι	σπευσομαι	1	Il. 15.402@2
correption	σπεῖσαι	σπεισαι	1	Od. 3.47@1.5
correption	σποδοῦ	σποδου	1	Od. 9.375@8
correption	σπουδῇ	σπουδη	1	Il. 13.687@1.5
correption	στένει	στενει	1	Il. 20.169@8
correption	στέφει	στεφει	1	Od. 8.170@8
correption	στήσασθαι	στησασθαι	1	Il. 6.528@5.5
correption	στήσεσθαι	στησεσθαι	1	Il. 11.609@9.5
correption	στήῃ	στηη	1	Il. 5.598@1.5
correption	στίβη	στιβη	1	Od. 17.25@1.5
correption	σταίη	σταιη	1	Od. 1.256@1.5
correption	στείνει	στεινει	1	Il. 8.476@1.5
correption	στερεωτέρη	στερεωτερη	1	Od. 23.103@8
correption	στηρίξασθαι	στηριξασθαι	1	Il. 21.242@5.5
correption	στοναχῆσαι	στοναχησαι	1	Il. 18.124@9.5
correption	στρέφει	στρεφει	1	Il. 23.323@6
correption	στρατοί	στρατοι	1	Il. 18.509@8
correption	στυφελίξαι	στυφελιξαι	1	Il. 1.581@5.5
correption	συλλέξομαι	συλλεξομαι	1	Od. 2.292@8
correption	συμβλήσεαι	συμβλησεαι	1	Il. 20.335@10
correption	συμμίσγεται	συμμισγεται	1	Il. 2.753@8
correption	συμφράσσομαι	συμφρασσομαι	1	Il. 9.374@8
correption	συναείρεται	συναειρεται	1	Il. 15.680@10
correption	συναντήσωνται	συναντησωνται	1	Il. 17.134@9.5
correption	συνθεύσεται	συνθευσεται	1	Od. 20.245@8
correption	σφαίρῃ	σφαιρη	1	Od. 8.377@5.5
correption	σφενδόνῃ	σφενδονη	1	Il. 13.600@2
correption	σχέτλιαι	σχετλιαι	1	Od. 4.729@2
correption	σχήσω	σχησω	1	Il. 17.182@1.5
correption	σχετλίη	σχετλιη	1	Od. 23.150@2
correption	σχοίνῳ	σχοινω	1	Od. 5.463@1.5
correption	σχῶνται	σχωνται	1	Od. 13.151@5.5
correption	σῇ	ση	1	Il. 17.243@1.5
correption	σῷ	σω	1	Od. 17.455@5.5
correption	τάφρῳ	ταφρω	1	Il. 12.72@5.5
correption	τάφῳ	ταφω	1	Od. 24.87@6
correption	τέξεσθαι	τεξεσθαι	1	Il. 19.99@5.5
correption	τέρπεαι	τερπεαι	1	Od. 4.372@8
correption	τέρσεται	τερσεται	1	Od. 7.124@2
correption	τέτυκται	τετυκται	1	Il. 15.207@5.5
correption	τίεται	τιεται	1	Od. 7.67@10
correption	τίθενται	τιθενται	1	Od. 8.554@5.5
correption	τίνυνται	τινυνται	1	Il. 19.260@5.5
correption	τίνυται	τινυται	1	Od. 13.214@8
correption	τίσεσθαι	τισεσθαι	1	Il. 3.28@9.5
correption	ταλαπείριοι	ταλαπειριοι	1	Od. 19.379@8
correption	τανυφύλλου	τανυφυλλου	1	Od. 23.195@9.5
correption	ταρβεῖ	ταρβει	1	Il. 13.285@1.5
correption	ταχύπωλοι	ταχυπωλοι	1	Il. 23.6@5.5
correption	τεθνάτω	τεθνατω	1	Il. 15.496@2
correption	τεκμαίρεται	τεκμαιρεται	1	Il. 7.70@8
correption	τεκμαίρομαι	τεκμαιρομαι	1	Od. 7.317@8
correption	τελαμωνίου	τελαμωνιου	1	Il. 13.702@8
correption	τερσήμεναι	τερσημεναι	1	Od. 6.98@10
correption	τετάρτη	τεταρτη	1	Od. 10.358@3.5
correption	τετέλεσται	τετελεσται	1	Od. 13.40@5.5
correption	τετιημέναι	τετιημεναι	1	Il. 8.437@10
correption	τετιημένη	τετιημενη	1	Od. 4.804@10
correption	τετλάτω	τετλατω	1	Od. 16.275@2
correption	τετράκυκλοι	τετρακυκλοι	1	Od. 9.242@5.5
correption	τετράοροι	τετραοροι	1	Od. 13.81@8
correption	τετραμμέναι	τετραμμεναι	1	Od. 5.71@8
correption	τετραμμένοι	τετραμμενοι	1	Il. 5.605@8
correption	τετριγυῖαι	τετριγυιαι	1	Od. 24.9@5.5
correption	τετυμμένω	τετυμμενω	1	Il. 13.782@8
correption	τεχνήσομαι	τεχνησομαι	1	Il. 23.415@8
correption	τεύξῃ	τευξη	1	Od. 19.314@1.5
correption	τηλίκου	τηλικου	1	Il. 24.487@2
correption	τινάσσεται	τινασσεται	1	Od. 6.43@8
correption	τμώλῳ	τμωλω	1	Il. 20.385@1.5
correption	τοιούτου	τοιουτου	1	Od. 16.94@9.5
correption	τοξάζεαι	τοξαζεαι	1	Od. 22.27@8
correption	τοξάσσεται	τοξασσεται	1	Od. 22.72@8
correption	τορνώσεται	τορνωσεται	1	Od. 5.249@10
correption	τούτῳ	τουτω	1	Od. 3.46@3.5
correption	τοῖχοι	τοιχοι	1	Od. 7.86@5.5
correption	τρίζουσαι	τριζουσαι	1	Od. 24.5@9.5
correption	τρίστοιχοι	τριστοιχοι	1	Od. 12.91@9.5
correption	τρίτῳ	τριτω	1	Il. 11.707@8
correption	τραφθῆναι	τραφθηναι	1	Od. 15.80@5.5
correption	τρισχίλιαι	τρισχιλιαι	1	Il. 20.221@4
correption	τρομέεσθαι	τρομεεσθαι	1	Od. 16.446@9.5
correption	τροπαί	τροπαι	1	Od. 15.404@8
correption	τροχοῦ	τροχου	1	Il. 23.517@4
correption	τρυπάνῳ	τρυπανω	1	Od. 9.385@2
correption	τρωπᾶσθαι	τρωπασθαι	1	Il. 16.95@5.5
correption	τρώσεσθαι	τρωσεσθαι	1	Il. 12.66@9.5
correption	τρῖψαι	τριψαι	1	Od. 9.333@1.5
correption	τόξου	τοξου	1	Il. 8.279@1.5
correption	τόσοι	τοσοι	1	Il. 3.190@4
correption	τόσσῃ	τοσση	1	Il. 17.266@1.5
correption	υἱεῖ	υιει	1	Il. 18.144@1.5
correption	φάει	φαει	1	Od. 21.429@2
correption	φάρει	φαρει	1	Od. 8.186@5.5
correption	φάσθαι	φασθαι	1	Od. 9.504@1.5
correption	φάσθω	φασθω	1	Od. 20.100@5.5
correption	φάτνῃ	φατνη	1	Il. 10.568@1.5
correption	φέρτατοι	φερτατοι	1	Od. 12.246@10
correption	φέρτεραι	φερτεραι	1	Il. 23.461@10
correption	φήμῃ	φημη	1	Od. 2.35@5.5
correption	φήσει	φησει	1	Il. 8.148@5.5
correption	φίλαι	φιλαι	1	Od. 14.224@10
correption	φίλταται	φιλταται	1	Il. 4.51@8
correption	φίλτεροι	φιλτεροι	1	Il. 11.162@8
correption	φαίνεσθαι	φαινεσθαι	1	Il. 20.131@9.5
correption	φαίνηται	φαινηται	1	Od. 14.106@9.5
correption	φαεσιμβρότου	φαεσιμβροτου	1	Od. 10.138@8
correption	φαινέτω	φαινετω	1	Od. 20.309@2
correption	φανήμεναι	φανημεναι	1	Il. 9.240@8
correption	φερτέρη	φερτερη	1	Il. 21.488@4
correption	φεύξομαι	φευξομαι	1	Il. 18.307@2
correption	φεύξονται	φευξονται	1	Il. 2.159@5.5
correption	φηγῷ	φηγω	1	Il. 7.60@1.5
correption	φημίῳ	φημιω	1	Od. 1.154@2
correption	φθήῃ	φθηη	1	Il. 16.861@1.5
correption	φθίσεσθαι	φθισεσθαι	1	Il. 19.329@5.5
correption	φθίσθαι	φθισθαι	1	Il. 9.246@1.5
correption	φθίσονται	φθισονται	1	Il. 11.821@5.5
correption	φθαίη	φθαιη	1	Il. 10.368@1.5
correption	φθινέτω	φθινετω	1	Od. 5.161@2
correption	φθόγγῳ	φθογγω	1	Od. 18.199@1.5
correption	φιλήμεναι	φιλημεναι	1	Il. 22.265@8
correption	φιλτάτη	φιλτατη	1	Od. 8.284@8
correption	φιλῆσαι	φιλησαι	1	Od. 14.322@5.5
correption	φλέγει	φλεγει	1	Il. 21.13@8
correption	φοίτα	φοιτα	1	Il. 13.760@1.5
correption	φοβέεσθαι	φοβεεσθαι	1	Il. 16.507@5.5
correption	φοβήσομαι	φοβησομαι	1	Il. 22.250@8
correption	φοινικόεσσαι	φοινικοεσσαι	1	Il. 23.717@5.5
correption	φορήμεναι	φορημεναι	1	Il. 15.310@8
correption	φράζεαι	φραζεαι	1	Il. 1.554@8
correption	φράζωνται	φραζωνται	1	Il. 9.423@5.5
correption	φράσσονται	φρασσονται	1	Od. 2.367@9.5
correption	φύγῃ	φυγη	1	Il. 21.103@8
correption	φύει	φυει	1	Il. 6.149@8
correption	φύσει	φυσει	1	Il. 1.235@1.5
correption	φῆναι	φηναι	1	Od. 16.217@1.5
correption	χάζεσθαι	χαζεσθαι	1	Il. 17.357@9.5
correption	χάλκεοι	χαλκεοι	1	Il. 11.33@10
correption	χάσσονται	χασσονται	1	Il. 13.153@5.5
correption	χήτει	χητει	1	Od. 16.35@1.5
correption	χαίρω	χαιρω	1	Od. 23.267@1.5
correption	χαλκέῳ	χαλκεω	1	Od. 7.89@8
correption	χαλκοῦ	χαλκου	1	Il. 19.363@1.5
correption	χαλκῷ	χαλκω	1	Il. 13.649@9.5
correption	χαρίζεαι	χαριζεαι	1	Il. 13.633@8
correption	χαρίσασθαι	χαρισασθαι	1	Od. 17.452@5.5
correption	χείλει	χειλει	1	Il. 12.52@1.5
correption	χείσεται	χεισεται	1	Od. 18.17@8
correption	χειῇ	χειη	1	Il. 22.93@5.5
correption	χεύῃ	χευη	1	Il. 14.165@1.5
correption	χλαῖναι	χλαιναι	1	Od. 14.513@5.5
correption	χλωροί	χλωροι	1	Il. 15.4@1.5
correption	χολώσεαι	χολωσεαι	1	Il. 14.310@8
correption	χορῷ	χορω	1	Il. 16.183@2
correption	χρή	χρη	1	Od. 3.14@5.5
correption	χρίεται	χριεται	1	Od. 18.194@2
correption	χρίσομαι	χρισομαι	1	Od. 6.220@2
correption	χρειοῖ	χρειοι	1	Il. 8.57@1.5
correption	χρειώ	χρειω	1	Il. 1.341@1.5
correption	χρεώ	χρεω	1	Il. 11.606@9.5
correption	χρυσέου	χρυσεου	1	Il. 23.219@2
correption	χρυσαόρου	χρυσαορου	1	Il. 5.509@8
correption	χρυσοθρόνου	χρυσοθρονου	1	Il. 15.5@10
correption	χώεται	χωεται	1	Il. 20.29@10
correption	χώσεται	χωσεται	1	Il. 1.80@8
correption	ψεύδεσθαι	ψευδεσθαι	1	Od. 14.365@5.5
correption	ψυχή	ψυχη	1	Il. 23.106@1.5
correption	ἀΐξασθαι	αιξασθαι	1	Il. 22.195@5.5
correption	ἀγέρεσθαι	αγερεσθαι	1	Od. 2.385@9.5
correption	ἀγαγέσθαι	αγαγεσθαι	1	Il. 18.87@9.5
correption	ἀγαστρόφου	αγαστροφου	1	Il. 11.373@8
correption	ἀγροιῶται	αγροιωται	1	Od. 21.85@5.5
correption	ἀγρόται	αγροται	1	Od. 16.218@2
correption	ἀγρῷ	αγρω	1	Il. 5.137@5.5
correption	ἀγχιστῖναι	αγχιστιναι	1	Il. 5.141@5.5
correption	ἀεικίσσασθαι	αεικισσασθαι	1	Il. 22.404@5.5
correption	ἀεικισθήμεναι	αεικισθημεναι	1	Od. 18.222@10
correption	ἀεικιῶ	αεικιω	1	Il. 22.256@8
correption	ἀκάχησθαι	ακαχησθαι	1	Od. 4.806@5.5
correption	ἀκαχίζευ	ακαχιζευ	1	Od. 11.486@9.5
correption	ἀκοντίσαι	ακοντισαι	1	Od. 22.263@8
correption	ἀκουάζωνται	ακουαζωνται	1	Od. 9.7@9.5
correption	ἀκουσάτω	ακουσατω	1	Od. 16.301@8
correption	ἀκούσεαι	ακουσεαι	1	Il. 15.96@8
correption	ἀκταί	ακται	1	Od. 13.98@1.5
correption	ἀλάλησθαι	αλαλησθαι	1	Od. 12.284@9.5
correption	ἀλίτωμαι	αλιτωμαι	1	Il. 24.570@9.5
correption	ἀλαλητῷ	αλαλητω	1	Il. 18.149@5.5
correption	ἀλεῖψαι	αλειψαι	1	Od. 12.47@9.5
correption	ἀλησίου	αλησιου	1	Il. 11.757@8
correption	ἀλιτέσθαι	αλιτεσθαι	1	Od. 4.378@5.5
correption	ἀλωμένη	αλωμενη	1	Il. 8.482@8
correption	ἀλώμενοι	αλωμενοι	1	Od. 4.368@8
correption	ἀμέρδεαι	αμερδεαι	1	Od. 21.290@8
correption	ἀμήχανοι	αμηχανοι	1	Od. 19.560@8
correption	ἀμαλδύνηται	αμαλδυνηται	1	Il. 7.463@9.5
correption	ἀμβρότῳ	αμβροτω	1	Od. 8.365@2
correption	ἀμείβεται	αμειβεται	1	Il. 15.684@8
correption	ἀμειλίχου	αμειλιχου	1	Il. 24.734@8
correption	ἀμισωδάρου	αμισωδαρου	1	Il. 16.328@8
correption	ἀμφίδρυφοι	αμφιδρυφοι	1	Il. 11.393@8
correption	ἀμφιβαλεῦμαι	αμφιβαλευμαι	1	Od. 22.103@5.5
correption	ἀμῦναι	αμυναι	1	Il. 9.576@5.5
correption	ἀνέχεσθαι	ανεχεσθαι	1	Od. 17.13@5.5
correption	ἀναίνεαι	αναινεαι	1	Od. 14.149@8
correption	ἀναίνεται	αναινεται	1	Il. 9.679@8
correption	ἀναβήμεναι	αναβημεναι	1	Od. 1.210@8
correption	ἀνακηκίει	ανακηκιει	1	Il. 13.705@10
correption	ἀναπάλλεται	αναπαλλεται	1	Il. 23.692@10
correption	ἀναπλεύσεσθαι	αναπλευσεσθαι	1	Il. 11.22@9.5
correption	ἀναρπάξασαι	αναρπαξασαι	1	Od. 8.409@9.5
correption	ἀναστήσονται	αναστησονται	1	Il. 21.56@5.5
correption	ἀναχάζομαι	αναχαζομαι	1	Il. 5.822@8
correption	ἀνεγεῖραι	ανεγειραι	1	Od. 4.730@5.5
correption	ἀνελέσθαι	ανελεσθαι	1	Il. 16.8@9.5
correption	ἀνεμώλιοι	ανεμωλιοι	1	Il. 20.123@8
correption	ἀνεψιοί	ανεψιοι	1	Il. 9.464@8
correption	ἀνστήσεσθαι	ανστησεσθαι	1	Il. 2.694@9.5
correption	ἀνσχήσεσθαι	ανσχησεσθαι	1	Il. 5.285@5.5
correption	ἀντίη	αντιη	1	Od. 19.478@8
correption	ἀντιβολῆσαι	αντιβολησαι	1	Il. 7.114@5.5
correption	ἀντολαί	αντολαι	1	Od. 12.4@8
correption	ἀνωγέτω	ανωγετω	1	Od. 2.195@8
correption	ἀξύλῳ	αξυλω	1	Il. 11.155@8
correption	ἀοίδιμοι	αοιδιμοι	1	Il. 6.358@8
correption	ἀολλισθήμεναι	αολλισθημεναι	1	Il. 15.588@10
correption	ἀπέσσομαι	απεσσομαι	1	Od. 15.515@8
correption	ἀποίχεαι	αποιχεαι	1	Il. 19.342@8
correption	ἀποίχεται	αποιχεται	1	Od. 4.109@8
correption	ἀποαίνυμαι	αποαινυμαι	1	Il. 13.262@8
correption	ἀποαίνυται	αποαινυται	1	Od. 17.322@8
correption	ἀποβῆναι	αποβηναι	1	Od. 5.357@9.5
correption	ἀποθείομαι	αποθειομαι	1	Il. 18.409@8
correption	ἀποκτάνῃ	αποκτανη	1	Od. 12.301@8
correption	ἀπολείβεται	απολειβεται	1	Od. 7.107@8
correption	ἀπολιχμήσονται	απολιχμησονται	1	Il. 21.123@5.5
correption	ἀπολούσομαι	απολουσομαι	1	Od. 6.219@8
correption	ἀπολυμαίνεσθαι	απολυμαινεσθαι	1	Il. 1.313@9.5
correption	ἀπονήσεται	απονησεται	1	Il. 11.763@8
correption	ἀποπέμψω	αποπεμψω	1	Od. 17.76@5.5
correption	ἀποπαύεαι	αποπαυεαι	1	Il. 16.721@8
correption	ἀποπαύσει	αποπαυσει	1	Od. 12.126@5.5
correption	ἀποπαύσεται	αποπαυσεται	1	Il. 8.473@8
correption	ἀποπαύσομαι	αποπαυσομαι	1	Il. 21.372@8
correption	ἀποπνείουσαι	αποπνειουσαι	1	Od. 4.406@5.5
correption	ἀποσκίδνασθαι	αποσκιδνασθαι	1	Il. 23.4@9.5
correption	ἀποστήσωνται	αποστησωνται	1	Il. 13.745@9.5
correption	ἀποτίσομαι	αποτισομαι	1	Od. 13.386@10
correption	ἀποφώλιοι	αποφωλιοι	1	Od. 11.249@10
correption	ἀπόληται	αποληται	1	Od. 2.333@5.5
correption	ἀπόλλυται	απολλυται	1	Od. 7.117@8
correption	ἀπώσεαι	απωσεαι	1	Od. 1.270@8
correption	ἀπώσεται	απωσεται	1	Il. 8.533@8
correption	ἀρέσθαι	αρεσθαι	1	Il. 16.88@5.5
correption	ἀρέσσομαι	αρεσσομαι	1	Od. 8.402@8
correption	ἀρήμεναι	αρημεναι	1	Od. 22.322@8
correption	ἀρήσασθαι	αρησασθαι	1	Il. 6.115@5.5
correption	ἀρίστου	αριστου	1	Il. 14.213@5.5
correption	ἀρδμοί	αρδμοι	1	Od. 13.247@5.5
correption	ἀριθμηθήμεναι	αριθμηθημεναι	1	Il. 2.124@10
correption	ἀρκεισίου	αρκεισιου	1	Od. 14.182@8
correption	ἀρτύει	αρτυει	1	Od. 4.771@2
correption	ἀρχέτω	αρχετω	1	Il. 7.286@2
correption	ἀσίου	ασιου	1	Il. 13.403@2
correption	ἀσίω	ασιω	1	Il. 2.461@2
correption	ἀσίῳ	ασιω	1	Il. 16.717@2
correption	ἀσμένῳ	ασμενω	1	Il. 14.108@10
correption	ἀσπέτῳ	ασπετω	1	Il. 13.139@4
correption	ἀτάσθαλοι	ατασθαλοι	1	Od. 24.282@8
correption	ἀτέρπου	ατερπου	1	Il. 6.285@5.5
correption	ἀταρπιτοῦ	αταρπιτου	1	Od. 17.234@8
correption	ἀτασθάλῳ	ατασθαλω	1	Od. 8.166@8
correption	ἀφάρτεροι	αφαρτεροι	1	Il. 23.311@8
correption	ἀφέξεαι	αφεξεαι	1	Il. 12.248@8
correption	ἀφέξομαι	αφεξομαι	1	Od. 19.489@8
correption	ἀφίκηται	αφικηται	1	Il. 16.63@5.5
correption	ἀφίκωμαι	αφικωμαι	1	Od. 23.269@5.5
correption	ἀφίξεται	αφιξεται	1	Il. 18.270@8
correption	ἀφίσταται	αφισταται	1	Il. 23.517@8
correption	ἀφανδάνει	αφανδανει	1	Od. 16.387@8
correption	ἀχαιικοῦ	αχαιικου	1	Od. 3.251@8
correption	ἀχυρμιαί	αχυρμιαι	1	Il. 5.502@8
correption	ἁλώμεναι	αλωμεναι	1	Il. 21.495@8
correption	ἁμαρτήσεσθαι	αμαρτησεσθαι	1	Od. 9.512@9.5
correption	ἁνδάνει	ανδανει	1	Od. 2.114@10
correption	ἄβρομοι	αβρομοι	1	Il. 13.41@2
correption	ἄγηται	αγηται	1	Il. 6.455@5.5
correption	ἄγριαι	αγριαι	1	Od. 9.119@2
correption	ἄκριτοι	ακριτοι	1	Il. 2.796@10
correption	ἄλλη	αλλη	1	Od. 6.138@5.5
correption	ἄλτεω	αλτεω	1	Il. 21.86@2
correption	ἄλφοι	αλφοι	1	Od. 15.453@1.5
correption	ἄμεναι	αμεναι	1	Il. 21.70@8
correption	ἄνεται	ανεται	1	Il. 10.251@8
correption	ἄξεσθαι	αξεσθαι	1	Od. 21.322@5.5
correption	ἄξιοι	αξιοι	1	Il. 8.234@10
correption	ἄξω	αξω	1	Il. 1.139@1.5
correption	ἄρθμιοι	αρθμιοι	1	Od. 16.427@10
correption	ἄρξομαι	αρξομαι	1	Il. 9.97@8
correption	ἄσχετοι	ασχετοι	1	Od. 3.104@8
correption	ἄσῃ	αση	1	Il. 18.281@5.5
correption	ἄφθιτοι	αφθιτοι	1	Od. 9.133@8
correption	ἄχθομαι	αχθομαι	1	Il. 5.361@4
correption	ἄχνῃ	αχνη	1	Il. 15.626@1.5
correption	ἅζομαι	αζομαι	1	Il. 6.267@2
correption	ἅπτεαι	απτεαι	1	Od. 10.379@8
correption	ἅπτεται	απτεται	1	Il. 17.631@8
correption	ἅψασθαι	αψασθαι	1	Od. 19.348@9.5
correption	ἅψεται	αψεται	1	Od. 19.344@8
correption	ἆξαι	αξαι	1	Il. 21.178@1.5
correption	ἐέλδεαι	εελδεαι	1	Od. 5.210@8
correption	ἐΰζυγοι	ευζυγοι	1	Od. 17.288@8
correption	ἐγγείνωνται	εγγεινωνται	1	Il. 19.26@5.5
correption	ἐγγύαι	εγγυαι	1	Od. 8.351@8
correption	ἐγεῖραι	εγειραι	1	Il. 5.510@5.5
correption	ἐγκέκλιται	εγκεκλιται	1	Il. 6.78@8
correption	ἐγρήγορθαι	εγρηγορθαι	1	Il. 10.67@9.5
correption	ἐγχέσπαλοι	εγχεσπαλοι	1	Il. 2.131@8
correption	ἐδήδοται	εδηδοται	1	Od. 22.56@8
correption	ἐεργμέναι	εεργμεναι	1	Il. 5.89@8
correption	ἐζευγμέναι	εζευγμεναι	1	Il. 18.276@8
correption	ἐκδέρκεται	εκδερκεται	1	Il. 23.477@10
correption	ἐκδῆσαι	εκδησαι	1	Od. 22.174@9.5
correption	ἐκλύσομαι	εκλυσομαι	1	Od. 10.286@8
correption	ἐκτήσω	εκτησω	1	Od. 24.193@9.5
correption	ἐκφέροι	εκφεροι	1	Il. 10.505@8
correption	ἐκφανεῖ	εκφανει	1	Il. 19.104@2
correption	ἐλαΐνῳ	ελαινω	1	Il. 13.612@8
correption	ἐμπάζεαι	εμπαζεαι	1	Od. 16.422@8
correption	ἐμπέσῃ	εμπεση	1	Il. 11.155@10
correption	ἐνέρτεροι	ενερτεροι	1	Il. 15.225@4
correption	ἐναλίγκιοι	εναλιγκιοι	1	Od. 7.5@8
correption	ἐναντίω	εναντιω	1	Il. 5.12@8
correption	ἐνδείξομαι	ενδειξομαι	1	Il. 19.83@8
correption	ἐντρέχοι	εντρεχοι	1	Il. 19.385@8
correption	ἐξάλλεται	εξαλλεται	1	Il. 5.142@10
correption	ἐξέμμεναι	εξεμμεναι	1	Il. 6.100@8
correption	ἐξακέονται	εξακεονται	1	Il. 9.507@9.5
correption	ἐξαναβᾶσαι	εξαναβασαι	1	Il. 24.97@5.5
correption	ἐξεναρίξαι	εξεναριξαι	1	Od. 22.264@5.5
correption	ἐούσῃ	εουση	1	Il. 21.483@5.5
correption	ἐπάλμενοι	επαλμενοι	1	Od. 22.305@8
correption	ἐπέρχεαι	επερχεαι	1	Od. 16.27@8
correption	ἐπέσσεται	επεσσεται	1	Od. 4.756@8
correption	ἐπίκουροι	επικουροι	1	Il. 5.477@9.5
correption	ἐπίσκοποι	επισκοποι	1	Il. 22.255@8
correption	ἐπίσταμαι	επισταμαι	1	Od. 13.207@8
correption	ἐπαΐξασθαι	επαιξασθαι	1	Il. 23.773@9.5
correption	ἐπαΐσσονται	επαισσονται	1	Il. 23.628@9.5
correption	ἐπαίτιοι	επαιτιοι	1	Il. 1.335@8
correption	ἐπαγλαϊεῖσθαι	επαγλαιεισθαι	1	Il. 18.133@5.5
correption	ἐπακοῦσαι	επακουσαι	1	Od. 24.262@5.5
correption	ἐπαμείβεται	επαμειβεται	1	Il. 6.339@10
correption	ἐπαμῦναι	επαμυναι	1	Il. 18.99@5.5
correption	ἐπαυρήσεσθαι	επαυρησεσθαι	1	Il. 6.353@9.5
correption	ἐπεντύνονται	επεντυνονται	1	Od. 24.89@9.5
correption	ἐπεφράσω	επεφρασω	1	Il. 21.410@8
correption	ἐπεύξεαι	επευξεαι	1	Il. 11.431@8
correption	ἐπηράτου	επηρατου	1	Il. 9.228@8
correption	ἐπιανδάνει	επιανδανει	1	Il. 7.407@10
correption	ἐπιβήσεαι	επιβησεαι	1	Il. 8.165@8
correption	ἐπιβρέμει	επιβρεμει	1	Il. 17.739@8
correption	ἐπιγίγνεται	επιγιγνεται	1	Il. 6.148@10
correption	ἐπιδήμιοι	επιδημιοι	1	Il. 24.262@8
correption	ἐπιδημίου	επιδημιου	1	Il. 9.64@8
correption	ἐπιδοῦναι	επιδουναι	1	Il. 23.559@5.5
correption	ἐπικάρσιαι	επικαρσιαι	1	Od. 9.70@8
correption	ἐπικλώσωνται	επικλωσωνται	1	Od. 20.196@9.5
correption	ἐπιλήσεται	επιλησεται	1	Od. 1.57@8
correption	ἐπιλήσομαι	επιλησομαι	1	Il. 22.387@8
correption	ἐπιλεύσσει	επιλευσσει	1	Il. 3.12@5.5
correption	ἐπιμάσσεται	επιμασσεται	1	Il. 4.190@8
correption	ἐπιμέμφεαι	επιμεμφεαι	1	Il. 2.225@8
correption	ἐπιμέμφομαι	επιμεμφομαι	1	Od. 16.115@8
correption	ἐπιμίσγομαι	επιμισγομαι	1	Il. 10.548@8
correption	ἐπιμεῖναι	επιμειναι	1	Od. 11.351@5.5
correption	ἐπιπίλναται	επιπιλναται	1	Od. 6.44@8
correption	ἐπιπείσεαι	επιπεισεαι	1	Il. 15.178@8
correption	ἐπιπείσομαι	επιπεισομαι	1	Il. 23.609@8
correption	ἐπιπρέπει	επιπρεπει	1	Od. 24.252@8
correption	ἐπιρρέει	επιρρεει	1	Il. 2.754@8
correption	ἐπιρρέπῃ	επιρρεπη	1	Il. 14.99@8
correption	ἐπισκύζωνται	επισκυζωνται	1	Il. 9.370@9.5
correption	ἐπισσεύεσθαι	επισσευεσθαι	1	Il. 15.347@5.5
correption	ἐπιστάτῃ	επιστατη	1	Od. 17.455@8
correption	ἐπιστήσονται	επιστησονται	1	Il. 21.320@9.5
correption	ἐπιτάρροθοι	επιταρροθοι	1	Il. 12.180@10
correption	ἐπιτέρπεται	επιτερπεται	1	Od. 14.228@10
correption	ἐπιταρρόθω	επιταρροθω	1	Il. 21.289@10
correption	ἐπιφλέγει	επιφλεγει	1	Il. 2.455@8
correption	ἐπιφλέγῃ	επιφλεγη	1	Il. 23.52@8
correption	ἐπιχεῦαι	επιχευαι	1	Il. 24.303@5.5
correption	ἐπιχρίεσθαι	επιχριεσθαι	1	Od. 18.179@9.5
correption	ἐράνῳ	ερανω	1	Od. 11.415@5.5
correption	ἐρίσσεται	ερισσεται	1	Od. 4.80@8
correption	ἐρεύγεται	ερευγεται	1	Od. 5.438@8
correption	ἐριδήσασθαι	εριδησασθαι	1	Il. 23.792@5.5
correption	ἐρυκάκοι	ερυκακοι	1	Il. 7.342@8
correption	ἐρύκεαι	ερυκεαι	1	Od. 4.373@8
correption	ἐρύκεται	ερυκεται	1	Il. 12.285@8
correption	ἐρύκοι	ερυκοι	1	Od. 22.138@5.5
correption	ἐρύκομαι	ερυκομαι	1	Od. 4.466@8
correption	ἐρύσασθαι	ερυσασθαι	1	Il. 22.351@9.5
correption	ἐρύσσεαι	ερυσσεαι	1	Il. 20.311@8
correption	ἐρύσσεται	ερυσσεται	1	Il. 10.44@8
correption	ἐσδύσεαι	εσδυσεαι	1	Il. 23.622@8
correption	ἐσθίει	εσθιει	1	Il. 23.182@8
correption	ἐσθλή	εσθλη	1	Il. 12.321@1.5
correption	ἐστάθη	εσταθη	1	Od. 17.463@8
correption	ἐσχάραι	εσχαραι	1	Il. 10.418@8
correption	ἐσόψεται	εσοψεται	1	Il. 24.206@8
correption	ἐσόψομαι	εσοψομαι	1	Il. 5.212@8
correption	ἐυξόου	ευξοου	1	Od. 1.128@8
correption	ἐυσκόπῳ	ευσκοπω	1	Od. 7.137@8
correption	ἐφάψεαι	εφαψεαι	1	Od. 5.348@8
correption	ἐφέστιοι	εφεστιοι	1	Il. 2.125@8
correption	ἐφήμενοι	εφημενοι	1	Od. 12.215@8
correption	ἐφήσομαι	εφησομαι	1	Il. 23.82@8
correption	ἐφεψιόωνται	εφεψιοωνται	1	Od. 19.331@9.5
correption	ἐφοπλίσαι	εφοπλισαι	1	Od. 6.37@8
correption	ἐφορμηθῆναι	εφορμηθηναι	1	Il. 18.282@9.5
correption	ἐχθοδοπῆσαι	εχθοδοπησαι	1	Il. 1.518@9.5
correption	ἐχθραί	εχθραι	1	Od. 21.147@1.5
correption	ἐϋζύγου	ευζυγου	1	Od. 13.116@8
correption	ἑκάστῳ	εκαστω	1	Od. 13.7@5.5
correption	ἑκαστάτω	εκαστατω	1	Il. 10.113@8
correption	ἑκαστέρω	εκαστερω	1	Od. 7.321@8
correption	ἑκατόμπυλοι	εκατομπυλοι	1	Il. 9.383@4
correption	ἑλίξεται	ελιξεται	1	Il. 17.728@8
correption	ἑλίσσεται	ελισσεται	1	Il. 23.320@8
correption	ἑοί	εοι	1	Od. 4.643@10
correption	ἑρμέᾳ	ερμεα	1	Il. 5.390@2
correption	ἑστήκει	εστηκει	1	Il. 18.557@5.5
correption	ἑταίρου	εταιρου	1	Il. 13.211@5.5
correption	ἑταῖροι	εταιροι	1	Il. 13.213@3.5
correption	ἑτερήμεροι	ετερημεροι	1	Od. 11.303@8
correption	ἑῷ	εω	1	Il. 10.204@10
correption	ἔγρεσθαι	εγρεσθαι	1	Od. 13.124@5.5
correption	ἔδει	εδει	1	Il. 15.636@2
correption	ἔδονται	εδονται	1	Il. 22.509@5.5
correption	ἔθει	εθει	1	Od. 12.407@2
correption	ἔλδεαι	ελδεαι	1	Od. 23.6@8
correption	ἔλδεται	ελδεται	1	Il. 5.481@8
correption	ἔμμοροι	εμμοροι	1	Od. 8.480@4
correption	ἔξοχοι	εξοχοι	1	Od. 21.266@8
correption	ἔξω	εξω	1	Od. 14.526@3.5
correption	ἔοι	εοι	1	Il. 14.333@2
correption	ἔσσυμαι	εσσυμαι	1	Il. 13.79@2
correption	ἔσσυται	εσσυται	1	Od. 10.484@10
correption	ἔσῃ	εση	1	Od. 19.254@8
correption	ἔτει	ετει	1	Od. 4.82@10
correption	ἔφεσσαι	εφεσσαι	1	Od. 15.277@5.5
correption	ἔφη	εφη	1	Od. 12.390@2
correption	ἔχονται	εχονται	1	Il. 7.102@5.5
correption	ἔχω	εχω	1	Od. 17.573@2
correption	ἕδραι	εδραι	1	Od. 3.7@3.5
correption	ἕζεαι	εζεαι	1	Od. 10.378@8
correption	ἕζευ	εζευ	1	Il. 24.522@5.5
correption	ἕλευ	ελευ	1	Il. 13.294@8
correption	ἕλκει	ελκει	1	Il. 24.417@1.5
correption	ἕλκεσθαι	ελκεσθαι	1	Il. 22.398@9.5
correption	ἕλκεται	ελκεται	1	Il. 17.136@8
correption	ἕλωνται	ελωνται	1	Il. 16.545@5.5
correption	ἕξεται	εξεται	1	Il. 9.102@8
correption	ἕξω	εξω	1	Il. 17.232@1.5
correption	ἕπηται	επηται	1	Od. 16.76@5.5
correption	ἕρκει	ερκει	1	Od. 22.469@1.5
correption	ἕσσω	εσσω	1	Od. 13.400@1.5
correption	ἕψεαι	εψεαι	1	Il. 24.733@2
correption	ἠλάσκουσαι	ηλασκουσαι	1	Il. 13.104@5.5
correption	ἠμύει	ημυει	1	Il. 2.148@8
correption	ἠπίη	ηπιη	1	Od. 13.314@10
correption	ἡγήσασθαι	ηγησασθαι	1	Od. 14.238@5.5
correption	ἡγήσομαι	ηγησομαι	1	Il. 14.374@8
correption	ἤρκει	ηρκει	1	Il. 13.440@9.5
correption	ἥρη	ηρη	1	Il. 1.523@1.5
correption	ἥρῃ	ηρη	1	Il. 1.519@1.5
correption	ἧμαι	ημαι	1	Il. 24.542@1.5
correption	ἧσαι	ησαι	1	Il. 2.255@1.5
correption	ἰαίνεται	ιαινεται	1	Od. 6.156@8
correption	ἰαίνομαι	ιαινομαι	1	Od. 19.537@8
correption	ἰθύνει	ιθυνει	1	Il. 23.317@5.5
correption	ἰνίου	ινιου	1	Il. 14.495@4
correption	ἰξάλου	ιξαλου	1	Il. 4.105@10
correption	ἰοί	ιοι	1	Od. 22.119@5.5
correption	ἰσμάρῳ	ισμαρω	1	Od. 9.40@2
correption	ἰσχάνει	ισχανει	1	Il. 17.747@10
correption	ἱεροῦ	ιερου	1	Il. 11.631@10
correption	ἱζάνει	ιζανει	1	Il. 10.92@2
correption	ἱκνεύμεναι	ικνευμεναι	1	Od. 9.128@8
correption	ἱλάσσεαι	ιλασσεαι	1	Il. 1.147@8
correption	ἱππάζεαι	ιππαζεαι	1	Il. 23.426@8
correption	ἱππάσου	ιππασου	1	Il. 11.450@4
correption	ἱρεύσασθαι	ιρευσασθαι	1	Od. 19.198@5.5
correption	ἱστίῳ	ιστιω	1	Il. 15.627@2
correption	ἱστῷ	ιστω	1	Il. 23.878@1.5
correption	ἴδηαι	ιδηαι	1	Il. 19.144@5.5
correption	ἴδηται	ιδηται	1	Od. 17.9@5.5
correption	ἴδωμαι	ιδωμαι	1	Il. 21.61@5.5
correption	ἴμεναι	ιμεναι	1	Il. 20.365@8
correption	ἴου	ιου	1	Od. 5.72@8
correption	ἴρου	ιρου	1	Od. 18.334@5.5
correption	ἴστω	ιστω	1	Il. 7.411@5.5
correption	ἴψεται	ιψεται	1	Il. 2.193@8
correption	ἵεται	ιεται	1	Od. 2.327@10
correption	ἵζει	ιζει	1	Od. 11.449@9.5
correption	ἵκει	ικει	1	Il. 18.292@5.5
correption	ἵκευ	ικευ	1	Od. 13.4@5.5
correption	ἵξεσθαι	ιξεσθαι	1	Il. 15.252@5.5
correption	ἵξομαι	ιξομαι	1	Il. 6.367@10
correption	ἵππῳ	ιππω	1	Od. 4.272@1.5
correption	ἶσοι	ισοι	1	Il. 13.39@5.5
correption	ὀΐεαι	οιεαι	1	Il. 1.561@8
correption	ὀΐω	οιω	1	Od. 18.259@5.5
correption	ὀδύρεαι	οδυρεαι	1	Od. 8.577@8
correption	ὀλέεσθαι	ολεεσθαι	1	Il. 21.278@5.5
correption	ὀλέθρῳ	ολεθρω	1	Od. 4.489@5.5
correption	ὀλβίου	ολβιου	1	Od. 18.218@10
correption	ὀλολύξαι	ολολυξαι	1	Od. 22.408@5.5
correption	ὀλοφύρομαι	ολοφυρομαι	1	Il. 23.75@8
correption	ὀμφαλοί	ομφαλοι	1	Il. 11.34@4
correption	ὀμφαλοῦ	ομφαλου	1	Il. 13.568@8
correption	ὀνήσεαι	ονησεαι	1	Il. 6.260@8
correption	ὀνήσει	ονησει	1	Il. 7.172@5.5
correption	ὀνόσσεται	ονοσσεται	1	Il. 9.55@8
correption	ὀπάσσεαι	οπασσεαι	1	Il. 10.238@8
correption	ὀπίζομαι	οπιζομαι	1	Od. 13.148@8
correption	ὀρέστεροι	ορεστεροι	1	Od. 10.212@8
correption	ὀρμένω	ορμενω	1	Il. 11.326@8
correption	ὀρφαναί	ορφαναι	1	Od. 20.68@2
correption	ὀρχάτου	ορχατου	1	Od. 24.358@8
correption	ὀρύξαι	ορυξαι	1	Od. 10.517@3.5
correption	ὀρῷ	ορω	1	Od. 9.222@8
correption	ὀστέου	οστεου	1	Il. 11.97@8
correption	ὀστέω	οστεω	1	Il. 5.662@2
correption	ὀτρύνεσθαι	οτρυνεσθαι	1	Od. 7.222@5.5
correption	ὀτρῦναι	οτρυναι	1	Il. 8.219@9.5
correption	ὀφέλλεται	οφελλεται	1	Od. 3.367@8
correption	ὀχησίου	οχησιου	1	Il. 5.843@8
correption	ὀϊστοί	οιστοι	1	Il. 1.46@5.5
correption	ὁδοῦ	οδου	1	Il. 10.349@8
correption	ὁμηγυρίσασθαι	ομηγυρισασθαι	1	Od. 16.376@9.5
correption	ὁμιλέοι	ομιλεοι	1	Il. 5.86@8
correption	ὁμώνυμοι	ομωνυμοι	1	Il. 17.720@8
correption	ὁπλίσαι	οπλισαι	1	Il. 24.190@2
correption	ὁρμήσωνται	ορμησωνται	1	Il. 8.511@5.5
correption	ὁρμαθοῦ	ορμαθου	1	Od. 24.8@2
correption	ὁρῶμαι	ορωμαι	1	Il. 22.169@5.5
correption	ὄγχνη	ογχνη	1	Od. 7.120@1.5
correption	ὄζοι	οζοι	1	Il. 4.484@5.5
correption	ὄμβρῳ	ομβρω	1	Il. 13.139@5.5
correption	ὄνειροι	ονειροι	1	Od. 19.560@5.5
correption	ὄρχατοι	ορχατοι	1	Il. 14.123@10
correption	ὄχοι	οχοι	1	Od. 5.404@8
correption	ὄψει	οψει	1	Od. 12.101@9.5
correption	ὄψῃ	οψη	1	Il. 23.620@1.5
correption	ὅπλῳ	οπλω	1	Od. 14.346@1.5
correption	ὅππῃ	οππη	1	Od. 8.573@1.5
correption	ὅσοι	οσοι	1	Il. 2.143@6
correption	ὅσση	οσση	1	Il. 14.400@1.5
correption	ὑλάκτει	υλακτει	1	Od. 20.16@5.5
correption	ὑπίσχομαι	υπισχομαι	1	Od. 8.347@8
correption	ὑπείξεαι	υπειξεαι	1	Od. 12.117@8
correption	ὑπείξομαι	υπειξομαι	1	Il. 1.294@8
correption	ὑπεξαλέασθαι	υπεξαλεασθαι	1	Il. 15.180@9.5
correption	ὑπερμενεῖ	υπερμενει	1	Il. 11.727@8
correption	ὑπερωΐῳ	υπερωιω	1	Od. 15.517@8
correption	ὑπερωίῳ	υπερωιω	1	Od. 4.787@4
correption	ὑποδέξεαι	υποδεξεαι	1	Il. 18.89@10
correption	ὑποδύσεαι	υποδυσεαι	1	Od. 20.53@10
correption	ὑποείξομαι	υποειξομαι	1	Il. 23.602@10
correption	ὑποθήσεται	υποθησεται	1	Od. 3.27@8
correption	ὑποκλονέεσθαι	υποκλονεεσθαι	1	Il. 21.556@9.5
correption	ὑποκρίνασθαι	υποκρινασθαι	1	Od. 19.555@9.5
correption	ὑπολευκαίνονται	υπολευκαινονται	1	Il. 5.502@5.5
correption	ὑπονηίου	υπονηιου	1	Od. 3.81@8
correption	ὑποστρέψεσθαι	υποστρεψεσθαι	1	Od. 18.23@9.5
correption	ὑποτρέσαι	υποτρεσαι	1	Il. 7.217@8
correption	ὑποφῆται	υποφηται	1	Il. 16.235@5.5
correption	ὕλη	υλη	1	Il. 13.141@1.5
correption	ὕλλῳ	υλλω	1	Il. 20.392@1.5
correption	ὕπνου	υπνου	1	Od. 15.44@9.5
correption	ὕπτιοι	υπτιοι	1	Il. 11.179@8
correption	ὕστατοι	υστατοι	1	Il. 2.281@8
correption	ὤμῳ	ωμω	1	Il. 5.400@1.5
correption	ὦσαι	ωσαι	1	Il. 13.688@1.5
correption	ὧραι	ωραι	1	Od. 24.344@5.5
correption	ῥέει	ρεει	1	Od. 9.140@8
correption	ῥέοι	ρεοι	1	Il. 3.300@8
correption	ῥήξασθαι	ρηξασθαι	1	Il. 12.308@9.5
correption	ῥήσου	ρησου	1	Il. 10.519@1.5
correption	ῥίου	ριου	1	Il. 14.154@8
correption	ῥαίσῃ	ραιση	1	Od. 23.235@1.5
correption	ῥαῖσαι	ραισαι	1	Od. 13.151@1.5
correption	ῥινοί	ρινοι	1	Od. 5.435@1.5
correption	ῥόδου	ροδου	1	Il. 2.654@2
correption	ῥύσκευ	ρυσκευ	1	Il. 24.730@1.5
correption	ῥῦσαι	ρυσαι	1	Il. 17.645@5.5
dichronon_contra	γάρ	γαρ	4	Il. 9.377@4; Il. 14.521@2; Il. 22.438@4; Od. 4.292@4
dichronon_contra	μέγα	μεγα	4	Il. 14.421@3; Il. 17.213@3; Il. 18.160@3; Od. 10.323@3
dichronon_contra	διά	δια	3	Il. 3.357@1; Il. 7.251@1; Il. 11.435@1
dichronon_contra	πολλά	πολλα	3	Il. 21.368@2; Il. 22.91@2; Il. 24.755@2
dichronon_contra	νηί	νηι	2	Od. 9.194@5; Od. 10.444@5
dichronon_contra	ἄρηα	αρηα	2	Il. 5.827@3; Il. 20.152@7
dichronon_contra	ἄρηος	αρηοσ	2	Il. 2.767@7; Il. 3.128@7
dichronon_contra	ὕδατι	υδατι	2	Od. 10.520@5; Od. 11.28@5
dichronon_contra	διί	διι	1	Il. 2.781@7
dichronon_contra	δύω	δυω	1	Il. 21.559@11
dichronon_contra	δῶρα	δωρα	1	Od. 10.36@2
dichronon_contra	φίλε	φιλε	1	Il. 21.308@1
dichronon_contra	ἀνδρί	ανδρι	1	Il. 4.86@3
dichronon_contra	ἄρα	αρα	1	Il. 17.196@7
dichronon_contra	ἄρηϊ	αρηι	1	Il. 2.515@1
dichronon_contra	ἑτάροιο	εταροιο	1	Il. 23.748@10
dichronon_contra	ἰδών	ιδων	1	Od. 21.396@6
dichronon_contra	ἴμεναι	ιμεναι	1	Il. 20.365@7
dichronon_contra	ἵει	ιει	1	Il. 16.152@11
dichronon_contra	ἵκανεν	ικανεν	1	Il. 8.47@3
dichronon_contra	ἵκετο	ικετο	1	Od. 23.327@1.5
digamma	οἱ	οι	768	Il. 1.79@6; Il. 1.104@4; Il. 1.188@9.5; Il. 1.200@7.5; Il. 1.251@3; Il. 1.291@2; Il. 1.321@1; Il. 1.325@6; Il. 1.381@8; Il. 1.537@6
digamma	ἔπος	εποσ	112	Il. 1.108@7; Il. 1.216@7; Il. 1.419@5.5; Il. 2.361@5; Il. 3.83@3.5; Il. 3.204@5.5; Il. 3.398@5.5; Il. 4.350@5.5; Il. 5.170@5.5; Il. 5.816@7
digamma	ἔργα	εργα	104	Il. 1.115@10; Il. 1.573@4; Il. 2.38@10; Il. 2.252@10; Il. 2.338@10; Il. 2.614@8; Il. 2.751@8; Il. 3.130@8; Il. 3.321@4; Il. 3.422@8
digamma	ἄστυ	αστυ	80	Il. 2.801@10; Il. 2.803@4; Il. 3.116@4; Il. 3.245@4; Il. 6.256@4; Il. 6.287@8; Il. 6.331@4; Il. 6.392@10; Il. 6.505@4; Il. 7.32@10
digamma	ἰδών	ιδων	79	Il. 1.148@3.5; Il. 1.330@5.5; Il. 2.245@3.5; Il. 3.33@5.5; Il. 3.191@5.5; Il. 3.225@5.5; Il. 4.255@1.5; Il. 4.279@3.5; Il. 4.336@1.5; Il. 4.349@3.5
digamma	ὥς	ωσ	69	Il. 2.190@7; Il. 2.764@11; Il. 2.781@7; Il. 3.2@11; Il. 3.60@7; Il. 3.230@11; Il. 4.471@11; Il. 4.482@11; Il. 5.476@7; Il. 6.443@3
digamma	ἄνακτος	ανακτοσ	58	Il. 1.75@9.5; Il. 1.529@9.5; Il. 2.373@9.5; Il. 2.566@9.5; Il. 2.624@9.5; Il. 2.679@9.5; Il. 2.693@9.5; Il. 2.725@9.5; Il. 4.18@9.5; Il. 4.290@9.5
digamma	οἶνον	οινον	53	Il. 1.462@10; Il. 3.246@4; Il. 3.269@10; Il. 4.259@10; Il. 5.341@10; Il. 6.258@8; Il. 6.264@2; Il. 6.266@10; Il. 9.489@8; Il. 10.579@10
digamma	ἔργον	εργον	52	Il. 2.137@10; Il. 2.436@4; Il. 4.539@4; Il. 5.303@4; Il. 7.444@4; Il. 7.465@8; Il. 9.527@4; Il. 10.39@10; Il. 10.282@4; Il. 10.303@4
digamma	ἔπεα	επεα	51	Il. 2.213@1; Il. 4.92@5; Il. 4.203@5; Il. 5.123@5; Il. 5.871@5; Il. 7.356@5; Il. 8.496@5; Il. 11.815@5; Il. 13.462@5; Il. 14.356@5
digamma	ἄναξ	αναξ	47	Il. 1.7@3.5; Il. 1.172@5.5; Il. 1.506@5.5; Il. 2.77@5.5; Il. 2.104@3.5; Il. 2.284@5.5; Il. 2.360@1.5; Il. 2.402@5.5; Il. 2.434@5.5; Il. 3.267@5.5
digamma	ἐρέω	ερεω	47	Il. 1.204@3; Il. 1.233@3; Il. 1.297@3; Il. 2.257@3; Il. 3.177@3; Il. 4.39@3; Il. 5.259@3; Il. 6.334@3; Il. 9.611@3; Il. 10.534@5
digamma	οἴκῳ	οικω	44	Il. 1.30@4; Il. 6.500@10; Il. 7.127@10; Il. 8.284@10; Od. 1.359@10; Od. 2.186@1; Od. 3.349@10; Od. 4.4@10; Od. 4.112@10; Od. 4.144@10
digamma	ἕκαστος	εκαστοσ	44	Il. 1.606@9.5; Il. 2.449@9.5; Il. 5.37@9.5; Il. 5.878@9.5; Il. 7.175@9.5; Il. 7.185@9.5; Il. 7.371@9.5; Il. 8.233@9.5; Il. 8.347@9.5; Il. 9.88@9.5
digamma	εἰδώς	ειδωσ	42	Il. 1.385@1; Il. 2.718@10; Il. 4.196@10; Il. 4.206@10; Il. 4.218@10; Il. 4.310@10; Il. 5.245@10; Il. 6.438@10; Il. 7.278@10; Il. 12.350@10
digamma	οἶκον	οικον	41	Il. 1.606@7; Il. 2.158@3; Il. 2.174@3; Il. 2.290@7; Il. 2.354@7; Il. 2.357@7; Il. 3.390@7; Il. 4.180@3; Il. 4.397@7; Il. 6.56@10
digamma	ἴλιον	ιλιον	38	Il. 2.216@8; Il. 2.249@8; Il. 2.492@8; Il. 2.673@8; Il. 3.305@6; Il. 4.416@8; Il. 5.210@6; Il. 6.113@6; Il. 6.403@8; Il. 6.461@6
digamma	εἵματα	ειματα	33	Il. 2.261@8; Il. 5.905@8; Il. 16.670@8; Il. 16.680@8; Il. 18.517@8; Il. 22.154@6; Il. 23.67@8; Od. 4.253@2; Od. 6.111@8; Od. 6.144@8
digamma	ἴδον	ιδον	33	Il. 3.169@7; Il. 3.185@1.5; Il. 4.375@3.5; Il. 5.27@7; Il. 11.745@7; Il. 12.83@7; Il. 13.330@5.5; Il. 15.279@3; Il. 15.488@7; Il. 16.660@5.5
digamma	εἰπέ	ειπε	28	Il. 1.85@4; Il. 6.86@8; Il. 10.384@4; Il. 10.405@4; Il. 11.819@4; Il. 24.113@4; Il. 24.197@4; Il. 24.380@4; Il. 24.656@4; Od. 1.169@4
digamma	εἶπε	ειπε	26	Il. 4.22@10; Il. 5.600@8; Il. 6.75@8; Il. 8.459@10; Il. 11.403@4; Il. 11.647@8; Il. 12.60@8; Il. 12.210@8; Il. 13.725@8; Il. 17.90@4
digamma	οἶδα	οιδα	26	Il. 4.163@4; Il. 6.447@4; Il. 7.237@4; Il. 16.50@10; Il. 19.219@10; Il. 19.421@2; Il. 20.201@8; Il. 20.432@8; Il. 21.440@10; Od. 3.184@10
digamma	ἐοικώς	εοικωσ	26	Il. 1.47@9.5; Il. 2.20@9.5; Il. 3.219@9.5; Il. 3.449@9.5; Il. 5.87@9.5; Il. 5.604@9.5; Il. 11.546@9.5; Il. 12.385@9.5; Il. 13.357@9.5; Il. 14.136@9.5
digamma	ἄνακτι	ανακτι	23	Il. 1.36@3.5; Il. 1.390@9.5; Il. 2.102@9.5; Il. 7.194@9.5; Il. 7.200@9.5; Il. 9.164@9.5; Il. 13.582@9.5; Il. 15.57@9.5; Il. 15.158@9.5; Il. 17.443@9.5
digamma	ἶρις	ιρισ	23	Il. 2.786@10; Il. 2.790@10; Il. 2.795@10; Il. 3.129@10; Il. 5.368@10; Il. 8.409@4; Il. 8.425@10; Il. 11.195@10; Il. 11.199@10; Il. 11.210@10
digamma	ἐπέεσσιν	επεεσσιν	22	Il. 1.304@9; Il. 3.249@9; Il. 4.233@9; Il. 4.241@9; Il. 12.249@3; Il. 15.210@9; Il. 21.98@3; Il. 22.329@9; Il. 23.492@9; Od. 2.189@3
digamma	ἕκαστα	εκαστα	22	Il. 1.550@3.5; Il. 10.432@9.5; Il. 11.706@3.5; Od. 3.361@9.5; Od. 4.119@5.5; Od. 9.218@9.5; Od. 10.292@9.5; Od. 11.9@3.5; Od. 12.16@3.5; Od. 12.25@9.5
digamma	ἄνακτα	ανακτα	20	Il. 1.444@9.5; Il. 1.502@9.5; Il. 2.405@9.5; Il. 5.794@3.5; Il. 6.166@3.5; Il. 10.112@9.5; Il. 12.139@3.5; Il. 12.414@9.5; Il. 13.38@3.5; Il. 15.8@9.5
digamma	ἑκάστῳ	εκαστω	20	Il. 1.607@1.5; Il. 2.618@9.5; Il. 3.326@9.5; Il. 8.562@9.5; Il. 9.85@9.5; Il. 11.76@9.5; Il. 13.230@9.5; Il. 18.375@5.5; Il. 20.353@9.5; Od. 2.91@9.5
digamma	ἕκαστον	εκαστον	20	Il. 2.164@9.5; Il. 2.180@9.5; Il. 7.215@9.5; Il. 7.424@9.5; Il. 9.11@9.5; Il. 10.68@9.5; Il. 10.166@3.5; Il. 15.660@9.5; Il. 17.215@3.5; Il. 17.222@9.5
digamma	εἶδος	ειδοσ	19	Il. 3.39@2; Il. 3.55@4; Il. 5.787@8; Il. 8.228@8; Il. 10.316@3; Il. 13.769@2; Il. 17.142@2; Il. 17.279@5; Il. 21.316@10; Il. 22.370@8
digamma	ἰδέσθαι	ιδεσθαι	19	Il. 4.476@9.5; Il. 5.725@9.5; Il. 9.373@9.5; Il. 10.439@9.5; Il. 14.286@9.5; Il. 18.83@9.5; Il. 18.377@9.5; Od. 4.141@9.5; Od. 4.162@9.5; Od. 5.217@9.5
digamma	ἶσος	ισοσ	19	Il. 5.438@10; Il. 5.459@10; Il. 5.884@10; Il. 11.295@8; Il. 11.297@8; Il. 11.747@10; Il. 12.40@8; Il. 13.802@8; Il. 16.705@10; Il. 16.786@10
digamma	ἐρυσσάμενος	ερυσσαμενοσ	17	Il. 1.190@5.5; Il. 3.271@3.5; Il. 3.361@3.5; Il. 12.190@5.5; Il. 13.610@3.5; Il. 14.496@5.5; Il. 19.252@3.5; Il. 21.116@5.5; Il. 21.173@5.5; Od. 4.666@1.5
digamma	ἔοικε	εοικε	17	Il. 1.119@9.5; Il. 2.190@3.5; Il. 3.170@9.5; Il. 11.613@9.5; Il. 12.212@9.5; Il. 14.212@3.5; Il. 23.493@9.5; Od. 1.278@3.5; Od. 1.292@3.5; Od. 2.197@3.5
digamma	ἡδύ	ηδυ	17	Il. 2.270@8; Il. 4.17@8; Il. 7.387@8; Il. 11.378@8; Il. 21.508@8; Il. 23.784@8; Od. 4.746@4; Od. 7.265@4; Od. 9.162@10; Od. 9.557@10
digamma	εἴπω	ειπω	16	Il. 2.139@5; Il. 9.26@5; Il. 9.704@5; Il. 12.75@5; Il. 14.127@10; Il. 14.370@5; Il. 18.297@5; Il. 24.75@3; Od. 2.43@4; Od. 6.239@10
digamma	ἴδε	ιδε	16	Il. 5.241@1.5; Il. 5.510@7; Il. 5.846@1.5; Il. 8.397@7; Il. 9.195@7; Il. 11.243@7; Il. 15.9@5; Il. 16.377@9; Il. 17.179@9; Il. 18.382@1.5
digamma	οἶκονδε	οικονδε	15	Od. 1.17@7; Od. 1.317@7; Od. 1.360@7; Od. 1.424@7; Od. 3.396@7; Od. 5.204@3; Od. 6.110@7; Od. 7.229@7; Od. 10.562@3; Od. 11.410@7
digamma	οἷ	οι	15	Il. 5.800@3; Il. 8.327@2; Il. 9.392@2; Il. 10.307@5; Il. 11.239@2; Il. 13.542@4; Il. 19.385@1; Il. 20.418@4; Il. 22.326@2; Il. 23.126@9.5
digamma	εἴπεσκεν	ειπεσκεν	14	Il. 2.271@3; Il. 3.297@3; Il. 3.319@3; Il. 4.81@3; Il. 4.85@3; Il. 7.178@3; Il. 7.201@3; Il. 17.414@3; Il. 22.372@3; Od. 8.328@3
digamma	οἶδε	οιδε	14	Il. 1.343@2; Il. 3.308@4; Il. 4.361@4; Il. 5.406@4; Il. 5.761@8; Il. 11.657@10; Il. 18.363@10; Od. 3.244@4; Od. 4.386@4; Od. 11.445@10
digamma	ἅλις	αλισ	14	Il. 2.90@3.5; Il. 3.384@9; Il. 9.137@1.5; Il. 9.279@1.5; Il. 14.122@5.5; Il. 22.340@5.5; Il. 22.473@9; Od. 5.38@5.5; Od. 13.136@5.5; Od. 16.231@5.5
digamma	ἐπέεσσι	επεεσσι	14	Il. 1.582@3; Il. 14.208@3; Il. 17.215@9; Il. 20.200@5; Il. 20.367@3; Il. 20.431@5; Il. 23.489@9; Il. 24.771@3; Od. 2.240@9; Od. 4.420@9
digamma	ἴφια	ιφια	13	Il. 5.556@8; Il. 8.505@8; Il. 8.545@8; Il. 9.406@8; Il. 9.466@2; Il. 23.166@2; Od. 11.108@8; Od. 12.128@8; Od. 12.263@2; Od. 12.322@8
digamma	εἴπεσκε	ειπεσκε	12	Il. 17.423@3; Il. 22.375@3; Od. 2.324@3; Od. 4.769@3; Od. 4.772@3; Od. 13.170@3; Od. 17.482@3; Od. 20.375@3; Od. 21.361@3; Od. 21.401@3
digamma	ἑκάς	εκασ	12	Il. 5.791@1.5; Il. 9.246@5; Il. 13.107@1.5; Il. 15.740@5; Od. 3.260@5; Od. 4.99@5; Od. 5.358@7; Od. 6.8@5; Od. 12.435@3; Od. 15.33@1.5
digamma	ἕ	ε	12	Il. 4.497@1.5; Il. 5.103@9.5; Il. 11.589@9.5; Il. 13.414@9.5; Il. 15.241@1.5; Il. 15.574@1.5; Il. 17.27@3.5; Il. 17.551@9.5; Il. 18.132@9.5; Il. 21.569@7.5
digamma	ἰσόθεος	ισοθεοσ	12	Il. 3.310@8; Il. 4.212@8; Il. 7.136@8; Il. 9.211@8; Il. 11.472@8; Il. 11.644@8; Il. 15.559@8; Il. 16.632@8; Il. 23.569@8; Il. 23.677@8
digamma	ἴδμεν	ιδμεν	12	Il. 1.124@3; Il. 2.252@4; Il. 2.301@4; Il. 2.486@10; Il. 7.281@8; Il. 10.100@10; Il. 11.719@5; Il. 23.890@3; Od. 4.109@10; Od. 4.632@4
digamma	οἴκαδʼ	οικαδʼ	11	Il. 3.72@8; Il. 3.93@8; Il. 3.404@8; Il. 7.79@2; Il. 9.393@8; Il. 22.342@2; Il. 24.287@8; Od. 4.520@8; Od. 7.188@8; Od. 15.210@2
digamma	ἑκών	εκων	11	Il. 4.43@5.5; Il. 6.523@1.5; Il. 7.197@5.5; Il. 8.81@1.5; Il. 13.234@5.5; Od. 3.214@3.5; Od. 4.372@1.5; Od. 4.377@3.5; Od. 4.647@1.5; Od. 16.95@3.5
digamma	ἰάχων	ιαχων	11	Il. 5.302@3; Il. 6.468@3; Il. 8.321@3; Il. 16.785@3; Il. 17.213@3; Il. 18.160@3; Il. 19.41@3; Il. 20.285@3; Il. 20.382@3; Il. 20.443@3
digamma	ἴδεν	ιδεν	11	Il. 4.151@1.5; Il. 4.217@3; Il. 16.188@9; Il. 16.427@7; Il. 22.25@7; Od. 5.333@1.5; Od. 11.615@7; Od. 16.160@5; Od. 17.511@1; Od. 22.383@1.5
digamma	ἴς	ισ	11	Il. 11.668@11; Il. 12.320@11; Od. 2.409@7; Od. 12.175@11; Od. 13.276@8; Od. 16.476@7; Od. 18.60@7; Od. 18.405@7; Od. 21.101@7; Od. 21.130@7
digamma	οἰκία	οικια	10	Il. 6.15@8; Il. 7.221@8; Il. 13.664@8; Il. 16.595@8; Il. 17.584@8; Od. 2.335@8; Od. 4.555@8; Od. 4.798@8; Od. 20.288@8; Od. 24.104@8
digamma	ἕλικας	ελικασ	10	Il. 9.466@9; Il. 18.524@9; Il. 21.448@5; Il. 23.166@9; Od. 1.92@9; Od. 4.320@9; Od. 9.46@9; Od. 11.289@5; Od. 12.136@9; Od. 24.66@9
digamma	ἶσον	ισον	10	Il. 1.163@4; Il. 5.467@4; Il. 9.284@8; Il. 9.603@2; Il. 11.101@3; Il. 12.130@8; Il. 20.46@8; Od. 11.243@10; Od. 14.175@10; Od. 14.203@4
digamma	ἶφι	ιφι	10	Il. 1.38@8; Il. 1.452@8; Il. 3.375@7; Il. 18.14@8; Il. 19.417@8; Il. 21.208@8; Od. 11.284@8; Od. 17.443@8; Od. 18.57@8; Od. 18.156@8
digamma	οἴνοιο	οινοιο	9	Il. 9.706@3; Il. 19.161@3; Od. 2.340@3; Od. 5.265@9; Od. 8.70@3; Od. 9.196@9; Od. 9.346@9; Od. 14.46@3; Od. 22.11@3
digamma	οἶνος	οινοσ	9	Il. 3.300@10; Il. 6.261@8; Od. 9.163@8; Od. 9.373@10; Od. 13.244@10; Od. 14.463@7; Od. 18.331@4; Od. 18.391@4; Od. 23.305@10
digamma	ἐῴκει	εωκει	9	Il. 14.474@9.5; Il. 18.548@9.5; Il. 24.258@9.5; Il. 24.630@9.5; Od. 1.411@9.5; Od. 4.654@9.5; Od. 9.190@9.5; Od. 24.273@9.5; Od. 24.446@9.5
digamma	ἑκάεργος	εκαεργοσ	9	Il. 1.479@7; Il. 5.439@7; Il. 9.564@3; Il. 15.243@7; Il. 16.94@7; Il. 17.585@7; Il. 21.478@7; Il. 21.600@3; Il. 22.220@7
digamma	ἔοικας	εοικασ	9	Il. 15.90@9.5; Od. 1.208@9.5; Od. 6.187@9.5; Od. 8.166@9.5; Od. 17.416@9.5; Od. 18.128@9.5; Od. 19.381@9.5; Od. 24.253@9.5; Od. 24.254@3.5
digamma	ἔοικεν	εοικεν	9	Il. 3.158@9.5; Il. 19.79@9.5; Il. 21.436@9.5; Od. 3.335@9.5; Od. 3.357@9.5; Od. 5.212@9.5; Od. 21.319@9.5; Od. 21.322@9.5; Od. 22.196@9.5
digamma	ἔργʼ	εργʼ	9	Il. 1.518@4; Il. 16.392@8; Il. 19.131@8; Od. 6.259@8; Od. 9.295@2; Od. 14.84@8; Od. 16.107@8; Od. 19.514@2; Od. 20.317@8
digamma	εἴπῃ	ειπη	8	Il. 8.373@10; Il. 9.313@10; Od. 1.86@5; Od. 1.302@10; Od. 3.19@10; Od. 3.200@10; Od. 19.98@5; Od. 22.397@10
digamma	οἴνοπα	οινοπα	8	Il. 2.613@8; Il. 5.771@8; Il. 7.88@8; Il. 23.143@8; Od. 2.421@8; Od. 3.286@8; Od. 4.474@8; Od. 6.170@8
digamma	οἶδεν	οιδεν	8	Il. 24.41@10; Od. 1.53@4; Od. 2.88@10; Od. 4.771@4; Od. 15.39@10; Od. 17.153@4; Od. 20.46@10; Od. 20.75@8
digamma	ἰδόντες	ιδοντεσ	8	Il. 8.76@9.5; Il. 15.85@9.5; Il. 16.354@9.5; Il. 24.320@9.5; Od. 4.43@9.5; Od. 7.144@9.5; Od. 8.17@9.5; Od. 15.164@9.5
digamma	ἵετο	ιετο	8	Il. 2.589@8; Il. 5.434@8; Il. 8.301@8; Il. 8.310@8; Il. 11.537@6; Il. 13.386@8; Il. 13.424@8; Il. 20.502@6
digamma	εἰδῇ	ειδη	7	Il. 15.207@10; Il. 15.412@1; Il. 20.122@4; Il. 23.322@4; Od. 8.586@10; Od. 19.329@10; Od. 19.332@10
digamma	εἰδῶ	ειδω	7	Od. 1.174@10; Od. 4.645@10; Od. 13.232@10; Od. 14.186@10; Od. 24.258@10; Od. 24.297@10; Od. 24.403@10
digamma	εἴκελος	εικελοσ	7	Il. 4.253@8; Il. 13.53@6; Il. 17.88@6; Il. 17.281@8; Il. 18.154@8; Il. 20.423@6; Il. 22.134@8
digamma	εἴκων	εικων	7	Il. 10.122@3; Il. 10.238@10; Il. 22.459@10; Od. 11.515@10; Od. 13.143@10; Od. 14.157@5; Od. 18.139@10
digamma	εἴσατο	εισατο	7	Il. 4.138@8; Il. 5.538@8; Il. 17.518@8; Il. 20.81@8; Il. 24.319@8; Od. 13.352@8; Od. 24.524@8
digamma	οἴνοπι	οινοπι	7	Il. 23.316@8; Od. 5.132@8; Od. 5.221@8; Od. 7.250@8; Od. 12.388@8; Od. 19.172@8; Od. 19.274@8
digamma	οἴνῳ	οινω	7	Il. 23.237@10; Il. 23.250@10; Il. 24.791@10; Od. 3.139@3; Od. 9.516@10; Od. 10.519@10; Od. 11.27@10
digamma	ἄστεος	αστεοσ	7	Il. 3.140@6; Il. 15.351@6; Il. 24.320@6; Il. 24.783@6; Od. 10.105@6; Od. 10.118@6; Od. 24.468@6
digamma	ἐϊκυῖα	εικυια	7	Il. 3.386@3; Il. 6.389@3; Il. 8.305@7; Il. 11.638@7; Il. 19.286@7; Il. 22.151@7; Il. 22.227@3
digamma	ἑκάτερθε	εκατερθε	7	Od. 1.335@7; Od. 6.19@3; Od. 9.386@3; Od. 11.578@3; Od. 18.211@7; Od. 21.66@7; Od. 22.181@3
digamma	ἔθνος	εθνοσ	7	Il. 7.115@8; Il. 11.595@8; Il. 12.330@8; Il. 15.591@8; Il. 17.114@8; Il. 17.581@8; Il. 17.680@8
digamma	ἔργῳ	εργω	7	Il. 1.504@3; Il. 4.175@10; Il. 4.258@10; Il. 5.879@10; Od. 16.111@10; Od. 21.239@10; Od. 21.385@10
digamma	ἔτος	ετοσ	7	Il. 24.765@9; Od. 1.16@3; Od. 7.261@9; Od. 14.287@9; Od. 19.222@9; Od. 24.288@3; Od. 24.309@9
digamma	ἕκηλοι	εκηλοι	7	Il. 5.759@9.5; Il. 6.70@9.5; Il. 11.75@9.5; Il. 17.340@9.5; Od. 12.301@9.5; Od. 14.91@9.5; Od. 21.259@9.5
digamma	ἕκηλος	εκηλοσ	7	Il. 9.376@9.5; Il. 15.194@9.5; Od. 11.184@9.5; Od. 13.423@9.5; Od. 14.167@9.5; Od. 21.289@3.5; Od. 21.309@9.5
digamma	ἴδηαι	ιδηαι	7	Il. 3.130@9.5; Il. 5.221@9.5; Il. 8.105@9.5; Il. 13.229@9.5; Il. 19.144@3.5; Od. 18.269@9.5; Od. 23.5@9.5
digamma	εἰδομένη	ειδομενη	6	Od. 2.268@2; Od. 2.401@2; Od. 3.372@2; Od. 22.206@2; Od. 24.503@2; Od. 24.548@2
digamma	εἰδότε	ειδοτε	6	Il. 2.823@8; Il. 5.11@8; Il. 5.549@8; Il. 10.360@8; Il. 11.710@6; Il. 12.100@8
digamma	εἰδῇς	ειδησ	6	Il. 1.185@10; Il. 6.150@10; Il. 20.213@10; Il. 21.487@10; Od. 7.317@10; Od. 11.442@10
digamma	εἰπεῖν	ειπειν	6	Il. 1.543@5; Il. 4.404@10; Od. 5.30@5; Od. 16.151@10; Od. 21.235@7; Od. 22.288@6
digamma	εἴπῃσι	ειπησι	6	Il. 7.87@3; Il. 15.57@3; Il. 22.106@3; Od. 4.391@3; Od. 21.229@7; Od. 21.324@3
digamma	εἶπεν	ειπεν	6	Il. 16.513@4; Il. 19.257@4; Il. 23.143@4; Od. 5.300@10; Od. 7.330@4; Od. 21.248@4
digamma	ἐικυῖα	εικυια	6	Od. 2.383@3; Od. 4.122@9; Od. 5.353@3; Od. 7.20@3; Od. 8.194@3; Od. 12.79@9
digamma	ἐοικότα	εοικοτα	6	Il. 5.800@5.5; Od. 3.125@5.5; Od. 4.141@5.5; Od. 4.239@5.5; Od. 6.301@5.5; Od. 19.380@5.5
digamma	ἐσθῆτα	εσθητα	6	Od. 5.38@7; Od. 6.74@7; Od. 7.6@5; Od. 13.136@7; Od. 16.231@7; Od. 23.341@7
digamma	ἑήν	εην	6	Il. 9.420@1.5; Il. 9.687@1.5; Il. 19.277@5.5; Il. 23.3@5.5; Od. 4.338@5.5; Od. 17.129@5.5
digamma	ἔλπετο	ελπετο	6	Il. 13.8@6; Il. 15.288@6; Il. 17.404@8; Il. 17.406@8; Il. 17.603@8; Od. 3.275@8
digamma	ἔρυσσαν	ερυσσαν	6	Il. 1.485@9.5; Il. 16.781@9.5; Od. 4.780@9.5; Od. 8.51@9.5; Od. 16.325@9.5; Od. 16.359@9.5
digamma	ἔτʼ	ετʼ	6	Il. 2.39@3; Il. 6.501@3; Il. 23.490@5; Od. 11.495@1; Od. 20.12@1; Od. 24.351@3.5
digamma	ἕθεν	εθεν	6	Il. 5.96@5.5; Il. 10.27@5; Il. 17.407@7; Il. 20.305@1; Od. 19.481@3; Od. 23.304@1
digamma	ἕξ	εξ	6	Il. 5.270@2; Il. 24.604@5; Od. 10.6@5; Od. 16.248@5; Od. 22.252@3; Od. 24.497@5
digamma	ἰδέειν	ιδεειν	6	Il. 3.236@5; Il. 5.475@5; Il. 17.643@5; Il. 22.47@3; Il. 23.463@5; Od. 17.142@5
digamma	ἰδυῖα	ιδυια	6	Od. 1.428@9.5; Od. 11.432@9.5; Od. 13.417@9.5; Od. 15.418@9.5; Od. 19.346@9.5; Od. 20.57@9.5
digamma	ἴδωμαι	ιδωμαι	6	Il. 1.262@9.5; Il. 6.365@9.5; Il. 8.376@9.5; Il. 21.61@3.5; Od. 6.126@9.5; Od. 23.83@9.5
digamma	ἴδῃ	ιδη	6	Il. 3.163@1.5; Il. 4.195@1.5; Il. 13.449@1.5; Il. 15.32@1.5; Od. 11.94@3.5; Od. 15.432@1.5
digamma	ἴλιος	ιλιοσ	6	Il. 4.46@8; Il. 4.164@8; Il. 6.448@8; Il. 8.551@8; Il. 20.216@8; Il. 24.27@8
digamma	εἴποι	ειποι	5	Il. 6.479@3; Il. 18.508@10; Il. 19.82@1; Od. 2.31@4; Od. 22.133@1
digamma	οἰκίʼ	οικιʼ	5	Il. 12.221@8; Il. 16.261@8; Od. 9.505@8; Od. 9.531@8; Od. 14.210@8
digamma	ἐπέων	επεων	5	Il. 16.630@7; Il. 17.695@5; Il. 20.249@3; Od. 4.704@5; Od. 11.367@5
digamma	ἐρέει	ερεει	5	Il. 4.182@3; Il. 6.462@3; Il. 7.91@3; Il. 9.56@3; Od. 16.378@5
digamma	ἑκάστου	εκαστου	5	Il. 17.226@5.5; Il. 23.350@5.5; Il. 23.374@9.5; Od. 11.527@9.5; Od. 18.238@9.5
digamma	ἑόν	εον	5	Il. 1.533@1.5; Il. 24.296@5; Od. 1.409@1; Od. 2.247@5.5; Od. 7.7@5
digamma	ἔπεσσι	επεσσι	5	Il. 10.542@5.5; Od. 9.376@5.5; Od. 13.323@3.5; Od. 19.415@5.5; Od. 21.192@3.5
digamma	ἔται	εται	5	Il. 9.464@3.5; Il. 16.456@9.5; Il. 16.674@9.5; Od. 4.16@3.5; Od. 15.273@9.5
digamma	ἴδοι	ιδοι	5	Il. 2.198@5.5; Il. 5.845@7; Il. 10.14@5.5; Il. 24.583@9; Od. 6.113@5.5
digamma	ἴδοιτο	ιδοιτο	5	Il. 17.681@9.5; Il. 24.366@3.5; Il. 24.653@3.5; Od. 8.280@9.5; Od. 11.366@9.5
digamma	ἴσασιν	ισασιν	5	Il. 18.420@9.5; Il. 23.312@2; Od. 2.283@2; Od. 4.379@9.5; Od. 4.468@9.5
digamma	ἶσα	ισα	5	Il. 11.336@4; Il. 12.436@4; Il. 15.413@4; Il. 21.315@8; Od. 3.290@8
digamma	εἰδότες	ειδοτεσ	4	Il. 2.720@6; Od. 3.277@6; Od. 12.156@6; Od. 13.296@8
digamma	εἰσάμενος	εισαμενοσ	4	Il. 16.716@2; Il. 17.73@2; Il. 21.213@2; Od. 11.241@2
digamma	εἴδωλον	ειδωλον	4	Il. 5.449@2; Il. 23.104@3; Od. 4.824@7; Od. 4.835@7
digamma	εἴκοσʼ	εικοσʼ	4	Od. 2.212@8; Od. 4.669@8; Od. 9.241@8; Od. 10.208@8
digamma	εἴκοσι	εικοσι	4	Il. 2.510@8; Il. 2.748@8; Il. 13.260@8; Od. 9.209@8
digamma	εἴπῃσιν	ειπησιν	4	Il. 6.459@3; Il. 23.575@3; Od. 4.389@3; Od. 10.539@3
digamma	εἶπες	ειπεσ	4	Il. 24.744@3; Od. 3.227@4; Od. 4.204@4; Od. 16.243@4
digamma	οἶδʼ	οιδʼ	4	Il. 6.367@2; Il. 7.238@4; Od. 13.314@4; Od. 23.175@7
digamma	οἶκος	οικοσ	4	Il. 15.498@1; Od. 1.232@4; Od. 4.318@4; Od. 14.233@4
digamma	οἶσθα	οισθα	4	Il. 1.85@10; Il. 11.653@2; Il. 15.93@8; Od. 16.320@4
digamma	ἀλείς	αλεισ	4	Il. 16.403@1.5; Il. 21.571@5.5; Il. 22.308@3.5; Od. 24.538@3.5
digamma	ἁλῶναι	αλωναι	4	Il. 12.172@9.5; Il. 21.281@9.5; Od. 5.312@9.5; Od. 24.34@9.5
digamma	ἐρύσαντο	ερυσαντο	4	Od. 3.65@9; Od. 3.470@9; Od. 8.504@9; Od. 20.279@9
digamma	ἑκάστῃ	εκαστη	4	Il. 2.509@9.5; Il. 2.610@9.5; Il. 16.169@9.5; Od. 12.90@9.5
digamma	ἔθνεα	εθνεα	4	Il. 2.87@2; Od. 10.526@8; Od. 11.34@8; Od. 14.73@6
digamma	ἔολπα	εολπα	4	Il. 22.216@3.5; Od. 2.275@3.5; Od. 3.375@3.5; Od. 5.379@3.5
digamma	ἔοργε	εοργε	4	Il. 2.272@9.5; Il. 5.175@9.5; Il. 8.356@9.5; Il. 16.424@9.5
digamma	ἔπεσσιν	επεσσιν	4	Od. 17.123@3.5; Od. 17.393@9.5; Od. 21.206@3.5; Od. 23.216@9.5
digamma	ἔργων	εργων	4	Il. 9.443@10; Il. 17.549@10; Od. 20.378@10; Od. 21.26@10
digamma	ἥνδανε	ηνδανε	4	Il. 1.24@8; Il. 1.378@8; Il. 15.674@8; Od. 5.153@8
digamma	ἰδυίας	ιδυιασ	4	Il. 9.128@9.5; Il. 9.270@9.5; Il. 19.245@9.5; Od. 24.278@9.5
digamma	ἰκέλη	ικελη	4	Il. 4.86@3; Il. 11.467@1; Il. 24.80@5; Il. 24.699@5
digamma	ἱέμενοι	ιεμενοι	4	Il. 16.382@2; Od. 3.160@2; Od. 9.261@2; Od. 21.72@2
digamma	ἱεμένη	ιεμενη	4	Il. 15.543@2; Il. 20.280@2; Il. 20.399@2; Il. 21.70@2
digamma	ἴδησθε	ιδησθε	4	Il. 15.147@9.5; Od. 4.414@9.5; Od. 4.421@9.5; Od. 8.307@9.5
digamma	ἴδηται	ιδηται	4	Il. 2.237@9.5; Od. 4.412@9.5; Od. 17.9@3.5; Od. 21.159@9.5
digamma	ἴκελος	ικελοσ	4	Il. 16.11@1; Il. 24.758@3; Od. 4.249@1; Od. 5.54@1
digamma	ἴσασι	ισασι	4	Od. 2.211@3.5; Od. 8.559@3; Od. 14.89@3.5; Od. 24.188@3
digamma	ἶρι	ιρι	4	Il. 8.399@2; Il. 11.186@2; Il. 15.158@2; Il. 24.144@2
digamma	εἰπόντα	ειποντα	3	Il. 16.502@3; Il. 16.855@3; Il. 22.361@3
digamma	εἰπόντι	ειποντι	3	Il. 13.821@3; Od. 15.160@3; Od. 15.525@3
digamma	εἰπών	ειπων	3	Od. 4.690@10; Od. 8.185@10; Od. 22.249@10
digamma	εἴδομεν	ειδομεν	3	Il. 1.363@8; Il. 16.19@8; Il. 22.244@6
digamma	εἴκελον	εικελον	3	Il. 13.330@8; Il. 13.688@6; Od. 10.304@8
digamma	εἴξειε	ειξειε	3	Il. 22.321@7; Od. 14.221@7; Od. 22.91@3
digamma	εἴρω	ειρω	3	Od. 2.162@10; Od. 11.137@10; Od. 13.7@10
digamma	οἰνοβαρείων	οινοβαρειων	3	Od. 9.374@8; Od. 10.555@8; Od. 21.304@8
digamma	οἴκοθεν	οικοθεν	3	Il. 7.364@6; Il. 7.391@6; Il. 11.632@6
digamma	οἴκοθι	οικοθι	3	Il. 8.513@8; Od. 3.303@8; Od. 21.398@8
digamma	οἴκους	οικουσ	3	Od. 1.375@10; Od. 2.140@10; Od. 6.9@10
digamma	ἀνάκτων	ανακτων	3	Il. 2.777@9.5; Od. 12.290@9.5; Od. 13.223@5.5
digamma	ἀνάσσεις	ανασσεισ	3	Il. 1.38@9.5; Il. 1.452@9.5; Od. 4.602@9.5
digamma	ἐΐσκω	εισκω	3	Il. 3.197@5.5; Il. 5.181@9.5; Il. 24.371@9.5
digamma	ἐπʼ	επʼ	3	Il. 13.309@1; Od. 5.277@5; Od. 6.75@9
digamma	ἐργάζεσθαι	εργαζεσθαι	3	Il. 18.469@8; Od. 17.321@8; Od. 20.72@8
digamma	ἐρυσαίμεθα	ερυσαιμεθα	3	Il. 14.79@5; Il. 17.159@5; Il. 17.161@7
digamma	ἐρύειν	ερυειν	3	Il. 17.235@5; Il. 17.287@5; Il. 17.396@3
digamma	ἐρύσσατο	ερυσσατο	3	Il. 4.530@5.5; Il. 21.200@5.5; Il. 22.367@5.5
digamma	ἑκάτερθεν	εκατερθεν	3	Il. 23.329@3; Il. 24.319@3; Od. 9.430@3
digamma	ἑκάτοιο	εκατοιο	3	Il. 7.83@9; Il. 20.71@9; Il. 20.295@9
digamma	ἑκατηβόλου	εκατηβολου	3	Il. 5.444@5; Il. 16.711@5; Od. 20.278@5
digamma	ἑσσάμενος	εσσαμενοσ	3	Od. 2.3@2; Od. 4.308@2; Od. 20.125@2
digamma	ἔλποντο	ελποντο	3	Il. 12.261@5; Il. 13.41@5; Il. 14.67@7
digamma	ἔοργας	εοργασ	3	Il. 3.57@9.5; Il. 21.399@9.5; Il. 22.347@9.5
digamma	ἔρρων	ερρων	3	Il. 8.239@10; Il. 9.364@10; Il. 18.421@10
digamma	ἕκαστοι	εκαστοι	3	Il. 2.127@3.5; Il. 7.100@3.5; Il. 9.66@9.5
digamma	ἕκητι	εκητι	3	Od. 15.319@3.5; Od. 19.86@9.5; Od. 20.42@9.5
digamma	ἕσπερον	εσπερον	3	Od. 1.422@8; Od. 4.786@8; Od. 18.305@8
digamma	ἡδυπότοιο	ηδυποτοιο	3	Od. 2.340@8; Od. 3.391@2; Od. 15.507@8
digamma	ἤνοπι	ηνοπι	3	Il. 16.408@8; Il. 18.349@8; Od. 10.360@8
digamma	ἦρα	ηρα	3	Il. 14.132@2; Od. 3.164@8; Od. 18.56@4
digamma	ἰαχῇ	ιαχη	3	Il. 15.384@5; Il. 17.266@5; Od. 11.43@3
digamma	ἰδεῖν	ιδειν	3	Il. 8.453@3.5; Od. 11.143@3.5; Od. 16.144@3.5
digamma	ἰδοίατο	ιδοιατο	3	Il. 18.524@5.5; Od. 1.163@5.5; Od. 11.361@5.5
digamma	ἰδυίῃ	ιδυιη	3	Il. 1.365@5.5; Od. 13.289@9.5; Od. 16.158@9.5
digamma	ἰδυῖαν	ιδυιαν	3	Il. 23.263@9.5; Od. 23.182@9.5; Od. 23.232@9.5
digamma	ἰλίου	ιλιου	3	Il. 6.96@8; Il. 6.277@8; Il. 6.478@6
digamma	ἰλιόθι	ιλιοθι	3	Il. 8.561@8; Il. 10.12@8; Od. 8.581@8
digamma	ἴδμεναι	ιδμεναι	3	Il. 13.273@6; Od. 4.200@6; Od. 12.154@6
digamma	ἴδοιμι	ιδοιμι	3	Il. 6.284@3.5; Od. 9.229@3.5; Od. 10.147@3.5
digamma	ἴδωμεν	ιδωμεν	3	Il. 10.97@9.5; Od. 21.112@9.5; Od. 21.336@9.5
digamma	ἴκελον	ικελον	3	Il. 5.450@5; Il. 18.591@1; Od. 13.157@3
digamma	εἰδότα	ειδοτα	2	Il. 15.527@6; Od. 9.215@6
digamma	εἰκέλη	εικελη	2	Od. 21.411@8; Od. 22.240@8
digamma	εἰπέμεν	ειπεμεν	2	Od. 3.89@6; Od. 17.106@6
digamma	εἱμένοι	ειμενοι	2	Il. 4.432@6; Od. 15.331@6
digamma	εἴδεται	ειδεται	2	Il. 8.559@2; Il. 13.98@2
digamma	εἴδεϊ	ειδει	2	Od. 17.308@8; Od. 17.454@6
digamma	εἴδωλα	ειδωλα	2	Il. 23.72@7; Od. 24.14@7
digamma	εἴξαντες	ειξαντεσ	2	Od. 14.262@3; Od. 17.431@3
digamma	εἴπῃσθα	ειπησθα	2	Od. 11.224@7; Od. 22.373@7
digamma	εἴσεαι	εισεαι	2	Il. 7.226@6; Il. 21.292@8
digamma	εἶδον	ειδον	2	Od. 11.281@3; Od. 11.576@3
digamma	εἶξαν	ειξαν	2	Il. 24.718@8; Od. 2.14@7
digamma	εἶπας	ειπασ	2	Il. 1.108@5; Od. 22.46@4
digamma	οἰνίζοντο	οινιζοντο	2	Il. 7.472@2; Il. 8.546@8
digamma	οἰνοχοεύειν	οινοχοευειν	2	Il. 2.127@8; Il. 20.234@8
digamma	οἰνοχοῆσαι	οινοχοησαι	2	Od. 4.233@8; Od. 15.323@8
digamma	οἴκοι	οικοι	2	Od. 8.324@8; Od. 15.15@4
digamma	οἴκου	οικου	2	Od. 2.59@8; Od. 17.538@8
digamma	οἴνοπε	οινοπε	2	Il. 13.703@6; Od. 13.32@6
digamma	οἴνου	οινου	2	Il. 9.71@3; Od. 20.378@3
digamma	ἀγνυμενάων	αγνυμεναων	2	Il. 16.769@8; Od. 10.123@8
digamma	ἀνάσσειν	ανασσειν	2	Il. 2.108@9.5; Il. 6.478@9.5
digamma	ἀραιαί	αραιαι	2	Il. 18.411@9.5; Il. 20.37@9.5
digamma	ἀρνῶν	αρνων	2	Il. 4.158@10; Il. 4.435@10
digamma	ἁλώῃ	αλωη	2	Il. 9.592@9.5; Il. 14.81@9.5
digamma	ἄνασσʼ	ανασσʼ	2	Od. 3.380@1.5; Od. 6.175@1.5
digamma	ἄνασσεν	ανασσεν	2	Od. 11.284@9.5; Od. 17.443@9.5
digamma	ἄρνʼ	αρνʼ	2	Il. 3.103@2; Il. 22.310@4
digamma	ἅδοι	αδοι	2	Od. 6.245@7; Od. 20.327@7
digamma	ἐρύουσι	ερυουσι	2	Il. 11.454@3; Il. 15.351@3
digamma	ἐρύσσαι	ερυσσαι	2	Il. 8.23@9.5; Il. 21.175@5.5
digamma	ἑκάεργε	εκαεργε	2	Il. 7.34@3; Il. 21.472@3
digamma	ἑκάστη	εκαστη	2	Od. 4.729@9.5; Od. 11.233@9.5
digamma	ἑκάστην	εκαστην	2	Od. 9.159@9.5; Od. 11.229@9.5
digamma	ἑκάστης	εκαστησ	2	Il. 18.31@9.5; Od. 18.341@9.5
digamma	ἑλισσόμενον	ελισσομενον	2	Il. 8.340@5.5; Il. 18.372@5.5
digamma	ἑοῖ	εοι	2	Il. 13.495@9; Od. 4.38@9
digamma	ἑσσαμένω	εσσαμενω	2	Il. 14.282@2; Il. 23.803@2
digamma	ἔαρος	εαροσ	2	Il. 6.148@5; Od. 19.519@5
digamma	ἔρυσθαι	ερυσθαι	2	Od. 9.194@9.5; Od. 10.444@9.5
digamma	ἔτας	ετασ	2	Il. 6.239@9.5; Il. 7.295@3.5
digamma	ἔτεος	ετεοσ	2	Od. 11.295@5; Od. 14.294@5
digamma	ἕκαθεν	εκαθεν	2	Il. 13.179@5; Od. 17.25@5
digamma	ἕννυτο	εννυτο	2	Od. 5.230@8; Od. 10.543@8
digamma	ἕσπερος	εσπεροσ	2	Od. 1.423@8; Od. 18.306@8
digamma	ἕσσαν	εσσαν	2	Od. 8.366@4; Od. 24.59@10
digamma	ἤνοπος	ηνοποσ	2	Il. 16.401@8; Il. 23.634@8
digamma	ἰδοῦσʼ	ιδουσʼ	2	Il. 8.350@1.5; Il. 17.399@1.5
digamma	ἰδοῦσα	ιδουσα	2	Od. 3.438@9.5; Od. 8.526@9.5
digamma	ἰδρείῃ	ιδρειη	2	Il. 7.198@2; Il. 16.359@6
digamma	ἰδυίῃσι	ιδυιησι	2	Il. 18.380@5.5; Il. 18.482@5.5
digamma	ἰλίῳ	ιλιω	2	Il. 6.493@6; Il. 17.145@6
digamma	ἰοδνεφές	ιοδνεφεσ	2	Od. 4.135@5.5; Od. 9.426@5.5
digamma	ἰφιάνασσα	ιφιανασσα	2	Il. 9.145@8; Il. 9.287@8
digamma	ἱέμενος	ιεμενοσ	2	Od. 1.6@8; Od. 17.5@2
digamma	ἴδοιεν	ιδοιεν	2	Il. 12.268@9.5; Od. 18.246@3.5
digamma	ἴδοις	ιδοισ	2	Il. 4.223@5.5; Il. 6.330@5.5
digamma	ἴδοντο	ιδοντο	2	Il. 24.484@9.5; Od. 18.320@9.5
digamma	ἴκελοι	ικελοι	2	Od. 12.418@5; Od. 14.308@5
digamma	ἴσην	ισην	2	Il. 3.347@10; Il. 3.356@10
digamma	ἶρον	ιρον	2	Od. 18.333@4; Od. 18.393@4
digamma	ἶσοι	ισοι	2	Il. 12.375@10; Il. 13.39@4
digamma	εἰαρινῇσιν	ειαρινησιν	1	Il. 8.307@8
digamma	εἰδείη	ειδειη	1	Il. 16.73@2
digamma	εἰδόθʼ	ειδοθʼ	1	Il. 9.440@4
digamma	εἰδόμενος	ειδομενοσ	1	Il. 13.69@2
digamma	εἰδότος	ειδοτοσ	1	Il. 9.345@6
digamma	εἰδῶσι	ειδωσι	1	Od. 2.112@5
digamma	εἰκέλω	εικελω	1	Od. 19.384@6
digamma	εἰκοστόν	εικοστον	1	Il. 24.765@6
digamma	εἰκυῖα	εικυια	1	Od. 13.222@3
digamma	εἰλυμένα	ειλυμενα	1	Od. 14.136@7
digamma	εἰλυμένοι	ειλυμενοι	1	Od. 14.479@7
digamma	εἰλυμένος	ειλυμενοσ	1	Il. 5.186@7
digamma	εἰλυφάζει	ειλυφαζει	1	Il. 20.492@8
digamma	εἰπόντʼ	ειποντʼ	1	Od. 5.313@3
digamma	εἰρύαται	ειρυαται	1	Il. 14.75@5
digamma	εἰρύατο	ειρυατο	1	Il. 15.654@5
digamma	εἰσαμένη	εισαμενη	1	Il. 5.785@2
digamma	εἱμένος	ειμενοσ	1	Od. 19.327@6
digamma	εἴδατα	ειδατα	1	Od. 12.252@8
digamma	εἴδετε	ειδετε	1	Il. 8.18@8
digamma	εἴκοι	εικοι	1	Od. 18.374@5
digamma	εἴκουσι	εικουσι	1	Il. 12.48@6
digamma	εἴλυτο	ειλυτο	1	Od. 5.403@5
digamma	εἴξασα	ειξασα	1	Od. 5.126@3
digamma	εἴξασκε	ειξασκε	1	Od. 5.332@7
digamma	εἴξειαν	ειξειαν	1	Il. 13.807@3
digamma	εἴξωσι	ειξωσι	1	Il. 12.224@7
digamma	εἴξῃ	ειξη	1	Il. 17.230@7
digamma	εἴποιμι	ειποιμι	1	Od. 18.166@3
digamma	εἴπωμι	ειπωμι	1	Od. 22.392@3
digamma	εἴπῃς	ειπησ	1	Il. 1.90@10
digamma	εἴρηται	ειρηται	1	Od. 9.503@3
digamma	εἴρυσθαι	ειρυσθαι	1	Od. 23.82@2
digamma	εἴρυτο	ειρυτο	1	Od. 23.229@3
digamma	εἴσεται	εισεται	1	Il. 1.548@6
digamma	εἴσκοντες	εισκοντεσ	1	Il. 11.799@3
digamma	εἴσομʼ	εισομʼ	1	Od. 19.501@8
digamma	εἴσομαι	εισομαι	1	Il. 14.8@6
digamma	εἵμασιν	ειμασιν	1	Il. 3.392@6
digamma	εἶδε	ειδε	1	Od. 17.31@5
digamma	εἶξε	ειξε	1	Il. 24.100@8
digamma	εἶπον	ειπον	1	Od. 6.223@7
digamma	εἷται	ειται	1	Od. 11.191@10
digamma	οἰκέοιτο	οικεοιτο	1	Il. 4.18@3
digamma	οἰκήων	οικηων	1	Od. 14.4@2
digamma	οἰκῆες	οικηεσ	1	Od. 17.533@7
digamma	οἰκῆϊ	οικηι	1	Od. 14.63@3
digamma	οἰνίζεσθε	οινιζεσθε	1	Il. 8.506@8
digamma	οἰνοπέδοιο	οινοπεδοιο	1	Il. 9.579@8
digamma	οἰνοπληθής	οινοπληθησ	1	Od. 15.406@5
digamma	οἰνοποτάζει	οινοποταζει	1	Od. 6.309@2
digamma	οἰνοποτάζων	οινοποταζων	1	Il. 20.84@8
digamma	οἰνοποτῆρας	οινοποτηρασ	1	Od. 8.456@8
digamma	οἰνοχοεύων	οινοχοευων	1	Od. 1.143@8
digamma	οἰνοχόοιο	οινοχοοιο	1	Il. 2.128@8
digamma	οἴδματι	οιδματι	1	Il. 21.234@8
digamma	οἴκοθʼ	οικοθʼ	1	Od. 19.237@8
digamma	οἶδας	οιδασ	1	Od. 1.337@10
digamma	οἶκοι	οικοι	1	Il. 17.738@10
digamma	ἀνάσσει	ανασσει	1	Od. 7.23@9.5
digamma	ἀνάσσης	ανασσησ	1	Il. 14.326@9.5
digamma	ἀνασσέμεν	ανασσεμεν	1	Il. 2.643@5.5
digamma	ἀραιήν	αραιην	1	Il. 5.425@9.5
digamma	ἀραιθυρέην	αραιθυρεην	1	Il. 2.571@5.5
digamma	ἁδήσειεν	αδησειεν	1	Od. 1.134@2
digamma	ἁλώμεναι	αλωμεναι	1	Il. 21.495@5.5
digamma	ἁνδάνει	ανδανει	1	Od. 2.114@8
digamma	ἄνακτʼ	ανακτʼ	1	Od. 19.475@5.5
digamma	ἄνασσα	ανασσα	1	Od. 6.149@3.5
digamma	ἄνασσε	ανασσε	1	Il. 24.536@5.5
digamma	ἄξῃ	αξη	1	Il. 5.161@10
digamma	ἄρνας	αρνασ	1	Il. 3.310@5
digamma	ἄρνες	αρνεσ	1	Il. 8.131@10
digamma	ἄρνεσσιν	αρνεσσιν	1	Il. 16.352@3
digamma	ἄστεα	αστεα	1	Od. 16.63@6
digamma	ἅδε	αδε	1	Od. 24.465@3
digamma	ἆξαι	αξαι	1	Il. 23.467@10
digamma	ἐΐκτην	εικτην	1	Il. 1.104@9.5
digamma	ἐΐσκει	εισκει	1	Od. 20.362@9.5
digamma	ἐΐσκεις	εισκεισ	1	Od. 13.313@9.5
digamma	ἐΐσκομεν	εισκομεν	1	Il. 13.446@5.5
digamma	ἐάγη	εαγη	1	Il. 13.162@3
digamma	ἐάλη	εαλη	1	Il. 20.168@3
digamma	ἐέλπετο	εελπετο	1	Od. 23.345@5.5
digamma	ἐίκτην	εικτην	1	Od. 4.662@9.5
digamma	ἐίσκεις	εισκεισ	1	Od. 4.148@9.5
digamma	ἐίσκω	εισκω	1	Od. 8.159@9.5
digamma	ἐείκοσι	εεικοσι	1	Od. 12.78@5.5
digamma	ἐεικοστῷ	εεικοστω	1	Od. 17.327@5.5
digamma	ἐελμένοι	εελμενοι	1	Il. 18.287@5.5
digamma	ἐλπήνορα	ελπηνορα	1	Od. 12.10@5
digamma	ἐλπήνορος	ελπηνοροσ	1	Od. 11.51@5
digamma	ἐλπίδος	ελπιδοσ	1	Od. 19.84@8
digamma	ἐοικότες	εοικοτεσ	1	Od. 3.124@5.5
digamma	ἐοικότι	εοικοτι	1	Od. 1.46@5.5
digamma	ἐοργώς	εοργωσ	1	Il. 9.320@9.5
digamma	ἐργάζοιο	εργαζοιο	1	Il. 24.733@8
digamma	ἐργάζοντο	εργαζοντο	1	Od. 24.210@8
digamma	ἐρυσάρματας	ερυσαρματασ	1	Il. 15.354@7
digamma	ἐρυσάρματες	ερυσαρματεσ	1	Il. 16.370@5
digamma	ἐρυσίπτολι	ερυσιπτολι	1	Il. 6.305@5
digamma	ἐρυσαίατο	ερυσαιατο	1	Il. 5.298@5
digamma	ἐρύεσθαι	ερυεσθαι	1	Il. 14.422@3
digamma	ἐρύοντα	ερυοντα	1	Il. 4.467@3
digamma	ἐρύοντι	ερυοντι	1	Il. 15.464@3
digamma	ἐρύουσιν	ερυουσιν	1	Il. 22.67@3
digamma	ἐρύσαι	ερυσαι	1	Il. 17.419@5
digamma	ἐρύσαιμʼ	ερυσαιμʼ	1	Il. 8.24@5
digamma	ἐρύσαιτʼ	ερυσαιτʼ	1	Il. 8.21@3
digamma	ἐρύσασʼ	ερυσασʼ	1	Il. 5.836@3
digamma	ἐρύσασθαι	ερυσασθαι	1	Il. 22.351@7
digamma	ἐρύσσας	ερυσσασ	1	Od. 9.99@9.5
digamma	ἐρύσσασθαι	ερυσσασθαι	1	Il. 18.174@1.5
digamma	ἐρύσσομεν	ερυσσομεν	1	Il. 14.76@5.5
digamma	ἐρύσσῃς	ερυσσησ	1	Il. 5.110@5.5
digamma	ἐσθῆτος	εσθητοσ	1	Od. 1.165@8
digamma	ἐϊκυῖʼ	εικυιʼ	1	Il. 4.78@1
digamma	ἐϊκυῖαν	εικυιαν	1	Il. 9.399@7
digamma	ἐϊκώς	εικωσ	1	Il. 21.254@1
digamma	ἑά	εα	1	Od. 2.258@5.5
digamma	ἑέ	εε	1	Il. 20.171@3
digamma	ἑκάεργον	εκαεργον	1	Il. 1.474@3
digamma	ἑκάστοθι	εκαστοθι	1	Od. 3.8@5.5
digamma	ἑκατηβελέταο	εκατηβελεταο	1	Il. 1.75@5
digamma	ἑκατηβόλε	εκατηβολε	1	Il. 15.231@5
digamma	ἑκηβολίαι	εκηβολιαι	1	Il. 5.54@1.5
digamma	ἑκηβόλῳ	εκηβολω	1	Il. 22.302@5.5
digamma	ἑκυρή	εκυρη	1	Il. 24.770@1
digamma	ἑκυρός	εκυροσ	1	Il. 24.770@3
digamma	ἑλίσσετο	ελισσετο	1	Od. 20.28@5.5
digamma	ἑλισσόμενοι	ελισσομενοι	1	Il. 21.11@5.5
digamma	ἑοί	εοι	1	Od. 4.643@9
digamma	ἑσπερίων	εσπεριων	1	Od. 8.29@6
digamma	ἑῆς	εησ	1	Od. 8.524@1.5
digamma	ἔθνεʼ	εθνεʼ	1	Od. 11.632@4
digamma	ἔικτον	εικτον	1	Od. 4.27@9.5
digamma	ἔλπεαι	ελπεαι	1	Il. 9.40@6
digamma	ἔλπεσθʼ	ελπεσθʼ	1	Il. 15.504@1
digamma	ἔλπετʼ	ελπετʼ	1	Od. 21.157@4
digamma	ἔλπεται	ελπεται	1	Il. 9.371@6
digamma	ἔλποιο	ελποιο	1	Od. 7.293@3
digamma	ἔλποιτο	ελποιτο	1	Il. 21.605@3
digamma	ἔλπομαι	ελπομαι	1	Il. 13.309@8
digamma	ἔλσαι	ελσαι	1	Il. 1.409@8
digamma	ἔργαθεν	εργαθεν	1	Il. 11.437@6
digamma	ἔργοιο	εργοιο	1	Od. 18.366@7
digamma	ἔργοισιν	εργοισιν	1	Il. 13.432@3
digamma	ἔργου	εργου	1	Od. 18.369@10
digamma	ἔρδοι	ερδοι	1	Od. 15.360@10
digamma	ἔρυσεν	ερυσεν	1	Il. 13.598@5
digamma	ἔτει	ετει	1	Od. 4.82@9
digamma	ἕκαστʼ	εκαστʼ	1	Il. 23.95@3.5
digamma	ἕκασται	εκασται	1	Od. 9.220@9.5
digamma	ἕννυσθαι	εννυσθαι	1	Od. 14.514@2
digamma	ἕννυτʼ	εννυτʼ	1	Od. 5.229@8
digamma	ἕο	εο	1	Od. 8.211@5
digamma	ἕρδοι	ερδοι	1	Il. 14.261@10
digamma	ἕρξαντα	ερξαντα	1	Il. 5.650@3
digamma	ἕσπερα	εσπερα	1	Od. 17.191@6
digamma	ἕσσα	εσσα	1	Od. 4.253@4
digamma	ἕσσαι	εσσαι	1	Od. 24.250@10
digamma	ἕσσατο	εσσατο	1	Il. 7.207@8
digamma	ἠρίον	ηριον	1	Il. 23.126@6
digamma	ἠχήεντα	ηχηεντα	1	Od. 4.72@8
digamma	ἠχήεσσα	ηχηεσσα	1	Il. 1.157@8
digamma	ἤνασσε	ηνασσε	1	Il. 16.572@9
digamma	ἰάχοντα	ιαχοντα	1	Od. 9.392@9
digamma	ἰάχοντες	ιαχοντεσ	1	Il. 14.421@3
digamma	ἰάχουσα	ιαχουσα	1	Od. 10.323@3
digamma	ἰαχή	ιαχη	1	Il. 14.1@5
digamma	ἰδέω	ιδεω	1	Il. 14.235@5
digamma	ἰδοῦσαι	ιδουσαι	1	Od. 6.199@9.5
digamma	ἰδόμην	ιδομην	1	Il. 10.47@3
digamma	ἰδόντα	ιδοντα	1	Od. 7.224@5.5
digamma	ἰδόντι	ιδοντι	1	Od. 7.306@9.5
digamma	ἰδῇ	ιδη	1	Il. 8.406@1.5
digamma	ἰδῇς	ιδησ	1	Il. 8.420@1.5
digamma	ἰοειδέα	ιοειδεα	1	Il. 11.298@5
digamma	ἰτέαι	ιτεαι	1	Od. 10.510@6
digamma	ἰφίκλοιο	ιφικλοιο	1	Il. 13.698@2
digamma	ἰφίτου	ιφιτου	1	Il. 2.518@2
digamma	ἰφιδάμαντα	ιφιδαμαντα	1	Il. 11.257@2
digamma	ἰφικληείη	ιφικληειη	1	Od. 11.296@7
digamma	ἰόεντα	ιοεντα	1	Il. 23.850@7
digamma	ἱεμένων	ιεμενων	1	Il. 2.154@2
digamma	ἴδες	ιδεσ	1	Il. 22.236@7
digamma	ἴδεσθε	ιδεσθε	1	Il. 23.469@1.5
digamma	ἴδεσκε	ιδεσκε	1	Il. 3.217@3.5
digamma	ἴδηθʼ	ιδηθʼ	1	Od. 10.426@1.5
digamma	ἴδητʼ	ιδητʼ	1	Il. 4.249@1.5
digamma	ἴδωμι	ιδωμι	1	Il. 18.63@3.5
digamma	ἴδῃς	ιδησ	1	Il. 4.205@1.5
digamma	ἴρου	ιρου	1	Od. 18.334@4
digamma	ἴρῳ	ιρω	1	Od. 18.75@3
digamma	ἴση	ιση	1	Il. 22.460@10
digamma	ἴσης	ισησ	1	Il. 12.423@10
digamma	ἴσθι	ισθι	1	Od. 2.356@4
digamma	ἴστε	ιστε	1	Il. 2.485@8
digamma	ἴτυλον	ιτυλον	1	Od. 19.522@5
digamma	ἴτυν	ιτυν	1	Il. 4.486@3.5
digamma	ἵδρωσα	ιδρωσα	1	Il. 4.27@3
digamma	ἶριν	ιριν	1	Il. 24.117@8
digamma	ἶρος	ιροσ	1	Od. 18.73@2
digamma_double	δήν	δην	12	Il. 1.416@11; Il. 6.139@11; Il. 8.126@11; Il. 13.573@11; Il. 16.736@7; Il. 20.426@11; Il. 23.690@11; Od. 2.36@3; Od. 2.296@11; Od. 2.397@11
digamma_double	ἕθεν	εθεν	3	Il. 6.62@7; Il. 10.465@7; Il. 12.205@7
digamma_double	δείσαντες	δεισαντεσ	2	Od. 9.236@3; Od. 9.396@3
digamma_double	δεινοῖσιν	δεινοισιν	2	Il. 10.254@7; Il. 10.272@7
digamma_double	δεινόν	δεινον	2	Il. 11.10@9; Od. 3.322@9
digamma_double	δείσῃ	δειση	1	Il. 24.116@5
digamma_double	δειδισκόμενος	δειδισκομενοσ	1	Od. 3.41@5
digamma_double	δειλώ	δειλω	1	Il. 5.574@3
digamma_double	δεινούς	δεινουσ	1	Od. 5.52@3
digamma_double	δεινοῖο	δεινοιο	1	Il. 21.25@7
digamma_double	δεινός	δεινοσ	1	Il. 3.172@9
digamma_double	δεισήνορα	δεισηνορα	1	Il. 17.217@5
digamma_double	δεῖμον	δειμον	1	Il. 15.119@7
digamma_double	δεῖμος	δειμοσ	1	Il. 11.37@7
digamma_double	δηρόν	δηρον	1	Od. 1.203@3
digamma_double	οἱ	οι	1	Il. 22.307@1
digamma_double	ἑκυρέ	εκυρε	1	Il. 3.172@7
digamma_internal	ἔδεισεν	εδεισεν	8	Il. 1.33@3; Il. 1.568@3; Il. 3.418@3; Il. 10.240@3; Il. 20.61@1; Il. 24.571@3; Il. 24.689@3; Od. 10.448@3
digamma_internal	ἔδεισαν	εδεισαν	2	Od. 10.219@4; Od. 13.184@4
digamma_internal	ἔδεισας	εδεισασ	2	Il. 22.19@8; Il. 24.364@3
digamma_internal	ἐδείσατε	εδεισατε	1	Il. 13.624@8
digamma_internal	ἔδεισε	εδεισε	1	Il. 23.425@4
hiatus	δέ	δε	52	Il. 1.4@5.5; Il. 2.197@7.5; Il. 2.216@5.5; Il. 2.668@2; Il. 4.428@8; Il. 4.541@7.5; Il. 5.248@7.5; Il. 5.310@4; Il. 5.391@7.5; Il. 6.24@7.5
hiatus	τε	τε	36	Il. 2.90@10; Il. 2.213@10; Il. 4.147@5.5; Il. 5.542@8; Il. 6.469@5.5; Il. 8.162@5.5; Il. 10.573@5.5; Il. 12.140@8; Il. 12.311@5.5; Il. 17.392@4
hiatus	πότνια	ποτνια	26	Il. 1.551@10; Il. 1.568@10; Il. 4.2@10; Il. 4.50@10; Il. 8.198@10; Il. 8.218@10; Il. 8.471@10; Il. 13.826@10; Il. 14.159@10; Il. 14.197@10
hiatus	τί	τι	23	Il. 1.365@2; Il. 5.465@1.5; Il. 6.55@6; Il. 6.145@6; Il. 10.432@2; Il. 11.407@2; Il. 12.310@2; Il. 13.810@6; Il. 14.264@2; Il. 15.244@6
hiatus	εἵματα	ειματα	16	Il. 5.905@10; Il. 16.670@10; Il. 16.680@10; Il. 18.517@10; Il. 23.67@10; Od. 6.228@4; Od. 7.265@10; Od. 10.542@10; Od. 14.320@10; Od. 15.338@10
hiatus	ὅ	ο	15	Il. 1.333@2; Il. 2.105@2; Il. 2.107@2; Il. 3.379@2; Il. 5.142@2; Il. 5.303@6; Il. 8.271@2; Il. 8.446@2; Il. 13.100@2; Il. 13.399@2
hiatus	τά	τα	12	Il. 2.38@4; Il. 4.219@2; Il. 5.481@6; Il. 8.430@6; Il. 12.280@9.5; Il. 15.58@6; Il. 17.193@3.5; Il. 18.451@7.5; Od. 9.250@9.5; Od. 9.310@9.5
hiatus	ἔπειτα	επειτα	10	Il. 11.47@5.5; Il. 12.84@5.5; Il. 14.223@5.5; Il. 23.820@5.5; Il. 24.297@5.5; Od. 12.397@5.5; Od. 14.249@5.5; Od. 16.48@5.5; Od. 17.67@5.5; Od. 21.160@5.5
hiatus	γε	γε	9	Il. 2.528@5.5; Il. 17.27@8; Il. 23.5@2; Il. 24.207@8; Il. 24.784@5.5; Od. 16.142@6; Od. 17.497@5.5; Od. 19.407@5.5; Od. 24.328@5.5
hiatus	χροΐ	χροι	9	Od. 4.750@8; Od. 4.759@8; Od. 6.61@8; Od. 14.506@8; Od. 16.210@8; Od. 17.48@8; Od. 17.58@8; Od. 23.95@8; Od. 24.156@8
hiatus	ἔγχεϊ	εγχει	9	Il. 5.50@8; Il. 7.11@8; Il. 12.117@2; Il. 13.584@8; Il. 15.536@8; Il. 15.742@8; Il. 16.309@2; Od. 20.306@8; Od. 21.433@8
hiatus	ὁ	ο	9	Od. 6.224@2; Od. 7.230@2; Od. 14.1@2; Od. 14.413@2; Od. 19.1@2; Od. 19.51@2; Od. 19.231@2; Od. 20.1@2; Od. 24.167@2
hiatus	τό	το	8	Il. 6.201@5.5; Il. 7.452@5.5; Il. 20.466@4; Il. 21.305@6; Il. 22.459@6; Il. 23.585@5.5; Od. 3.146@4; Od. 11.515@6
hiatus	ἐπί	επι	8	Il. 10.351@8; Il. 18.501@6; Il. 22.206@6; Il. 23.274@4; Od. 13.114@8; Od. 15.492@4; Od. 19.170@4; Od. 23.267@8
hiatus	σύ	συ	7	Il. 1.393@2; Il. 6.123@2; Il. 11.787@4; Il. 15.247@2; Il. 15.365@2; Il. 20.205@5.5; Il. 24.387@2
hiatus	ἄστυ	αστυ	7	Il. 10.348@9.5; Il. 12.74@5.5; Il. 18.286@5.5; Il. 22.12@5.5; Il. 22.47@9.5; Il. 24.662@5.5; Il. 24.696@3.5
hiatus	με	με	6	Il. 5.684@5.5; Il. 17.16@1.5; Il. 22.339@1.5; Il. 23.71@2; Il. 23.72@2; Od. 11.144@5.5
hiatus	τάδε	ταδε	6	Il. 8.366@4; Od. 7.238@8; Od. 7.296@8; Od. 17.24@4; Od. 19.237@4; Od. 19.255@4
hiatus	ἄρα	αρα	6	Il. 13.506@4; Il. 14.182@2; Il. 19.93@4; Il. 19.115@10; Il. 22.371@4; Od. 2.430@4
hiatus	πολύφρονα	πολυφρονα	5	Od. 1.83@8; Od. 14.424@8; Od. 20.239@8; Od. 20.329@8; Od. 21.204@8
hiatus	μυρία	μυρια	4	Il. 16.190@10; Il. 22.472@10; Od. 2.16@10; Od. 11.282@10
hiatus	οὐδέ	ουδε	4	Il. 23.323@9.5; Od. 4.805@3.5; Od. 22.426@9.5; Od. 24.292@9.5
hiatus	πάντα	παντα	4	Od. 5.76@5.5; Od. 7.134@5.5; Od. 15.132@5.5; Od. 22.256@5.5
hiatus	προτί	προτι	4	Il. 17.200@6; Il. 17.442@6; Od. 5.285@6; Od. 5.376@6
hiatus	πρό	προ	4	Il. 4.156@5.5; Il. 4.382@7.5; Il. 10.224@7.5; Il. 10.286@5.5
hiatus	τέ	τε	4	Il. 1.510@9.5; Il. 15.682@7.5; Il. 22.142@7.5; Od. 1.321@9.5
hiatus	ἀέξετο	αεξετο	4	Il. 8.66@8; Il. 11.84@8; Od. 9.56@8; Od. 22.426@8
hiatus	ἔπλετο	επλετο	4	Il. 15.227@2; Il. 24.94@10; Od. 7.217@2; Od. 15.327@2
hiatus	ἠδέ	ηδε	4	Od. 5.135@9.5; Od. 7.256@9.5; Od. 23.335@9.5; Od. 24.209@9.5
hiatus	ὀδυσῆα	οδυσηα	4	Od. 1.212@5.5; Od. 8.459@5.5; Od. 19.185@3.5; Od. 21.393@5.5
hiatus	ὦκα	ωκα	4	Od. 10.178@5.5; Od. 10.428@5.5; Od. 12.222@5.5; Od. 24.430@9.5
hiatus	αὔδα	αυδα	3	Il. 14.195@1.5; Il. 18.426@1.5; Od. 5.89@1.5
hiatus	αὖτε	αυτε	3	Il. 22.172@7.5; Od. 10.41@5.5; Od. 13.14@5.5
hiatus	δέπα	δεπα	3	Od. 15.466@8; Od. 19.62@2; Od. 20.153@2
hiatus	εἰπόντι	ειποντι	3	Il. 13.821@5.5; Od. 15.160@5.5; Od. 15.525@5.5
hiatus	κέρα	κερα	3	Il. 4.109@2; Od. 19.211@6; Od. 21.395@2
hiatus	κατά	κατα	3	Il. 5.73@6; Il. 13.707@4; Il. 21.295@2
hiatus	κλέα	κλεα	3	Il. 9.189@10; Il. 9.524@10; Od. 8.73@10
hiatus	μεγαλήτορα	μεγαλητορα	3	Od. 5.81@8; Od. 23.153@8; Od. 24.365@8
hiatus	μετά	μετα	3	Od. 1.19@2; Od. 1.237@2; Od. 9.369@8
hiatus	σάφα	σαφα	3	Il. 2.192@4; Od. 2.108@10; Od. 24.144@10
hiatus	σε	σε	3	Il. 19.288@3.5; Od. 6.151@3.5; Od. 24.63@5.5
hiatus	σῆμα	σημα	3	Il. 24.416@5.5; Od. 21.217@5.5; Od. 23.73@5.5
hiatus	τι	τι	3	Il. 13.674@10; Od. 8.136@10; Od. 15.83@8
hiatus	ἀνά	ανα	3	Il. 4.251@8; Il. 4.273@8; Il. 20.113@8
hiatus	ἀποιχομένοιο	αποιχομενοιο	3	Od. 1.135@9.5; Od. 3.77@9.5; Od. 19.19@5.5
hiatus	ἀπό	απο	3	Il. 2.292@8; Il. 4.306@4; Od. 22.19@8
hiatus	ἄλγεα	αλγεα	3	Od. 1.4@8; Od. 10.458@8; Od. 13.90@8
hiatus	ἅρματα	αρματα	3	Il. 8.403@10; Il. 8.417@10; Il. 23.341@10
hiatus	ἔτι	ετι	3	Il. 7.217@4; Il. 14.358@10; Il. 17.354@4
hiatus	ἕ	ε	3	Il. 14.162@10; Il. 17.551@10; Od. 17.387@10
hiatus	γλαυκώπιδι	γλαυκωπιδι	2	Il. 9.390@8; Il. 23.769@8
hiatus	δάκρυ	δακρυ	2	Od. 8.88@1.5; Od. 11.530@1.5
hiatus	διί	διι	2	Il. 1.578@8; Il. 9.238@8
hiatus	δυσκλέα	δυσκλεα	2	Il. 2.115@2; Il. 9.22@2
hiatus	εἰσαγαγοῦσα	εισαγαγουσα	2	Od. 10.314@5.5; Od. 10.366@5.5
hiatus	εἵνεκα	εινεκα	2	Il. 20.235@4; Od. 15.251@4
hiatus	ζεφύροιο	ζεφυροιο	2	Il. 4.276@9.5; Il. 7.63@5.5
hiatus	καλά	καλα	2	Il. 23.533@5.5; Od. 7.191@5.5
hiatus	κομίσσατο	κομισσατο	2	Il. 8.284@8; Od. 6.278@8
hiatus	κρέα	κρεα	2	Il. 4.345@6; Il. 22.347@6
hiatus	κόνι	κονι	2	Il. 24.18@2; Od. 11.191@2
hiatus	λευκά	λευκα	2	Od. 2.426@5.5; Od. 15.291@5.5
hiatus	μάλιστα	μαλιστα	2	Il. 4.96@5.5; Il. 20.77@7.5
hiatus	μέγα	μεγα	2	Il. 15.232@8; Od. 22.408@8
hiatus	μητέρα	μητερα	2	Il. 19.20@4; Od. 2.195@2
hiatus	οἷο	οιο	2	Il. 20.235@5.5; Od. 15.251@5.5
hiatus	πάρα	παρα	2	Il. 5.603@4; Il. 20.98@4
hiatus	παρά	παρα	2	Il. 11.109@4; Od. 10.61@4
hiatus	πατρί	πατρι	2	Il. 10.285@5.5; Il. 23.278@1.5
hiatus	περί	περι	2	Il. 17.133@8; Od. 17.471@4
hiatus	ποταμοῖο	ποταμοιο	2	Il. 11.732@5.5; Il. 23.73@9.5
hiatus	πώεα	πωεα	2	Il. 11.678@10; Od. 14.100@10
hiatus	τανύπεπλε	τανυπεπλε	2	Il. 18.385@5.5; Il. 18.424@5.5
hiatus	τεύχεα	τευχεα	2	Il. 18.451@10; Od. 24.466@8
hiatus	ἀλλά	αλλα	2	Il. 5.613@9.5; Il. 18.119@1.5
hiatus	ἀολλέα	αολλεα	2	Od. 8.394@8; Od. 14.432@8
hiatus	ἀπερείσια	απερεισια	2	Il. 16.178@10; Od. 19.529@10
hiatus	ἄνδρα	ανδρα	2	Il. 5.118@3.5; Od. 4.693@9.5
hiatus	ἄρτια	αρτια	2	Il. 5.326@10; Od. 19.248@10
hiatus	ἐΰ	ευ	2	Od. 19.194@8; Od. 24.271@8
hiatus	ἐκέκλετο	εκεκλετο	2	Il. 13.489@8; Il. 15.501@8
hiatus	ἐντύνοντο	εντυνοντο	2	Il. 24.124@9.5; Od. 16.2@3.5
hiatus	ἐοικότα	εοικοτα	2	Od. 4.141@8; Od. 19.380@8
hiatus	ἐπαύσατο	επαυσατο	2	Od. 5.391@8; Od. 12.168@8
hiatus	ἐπιβήσεο	επιβησεο	2	Il. 5.221@8; Il. 8.105@8
hiatus	ἐσσί	εσσι	2	Il. 5.896@5.5; Il. 9.57@5.5
hiatus	ἑτάροιο	εταροιο	2	Il. 23.224@5.5; Il. 23.252@5.5
hiatus	ἔθνεα	εθνεα	2	Il. 2.87@4; Od. 14.73@8
hiatus	ἔνθα	ενθα	2	Il. 16.456@1.5; Il. 16.674@1.5
hiatus	ἔχοντα	εχοντα	2	Il. 15.447@5.5; Il. 19.133@5.5
hiatus	ἕζετο	εζετο	2	Od. 2.417@8; Od. 14.448@8
hiatus	ἕκτορα	εκτορα	2	Il. 6.500@8; Il. 24.72@8
hiatus	ἡνία	ηνια	2	Il. 16.404@2; Il. 23.465@8
hiatus	ἵνα	ινα	2	Il. 1.203@2; Od. 8.580@4
hiatus	ὠκύ	ωκυ	2	Il. 14.407@5.5; Il. 22.292@5.5
hiatus	ῥά	ρα	2	Il. 1.236@7.5; Il. 11.249@9.5
hiatus	ῥίμφα	ριμφα	2	Il. 6.511@1.5; Il. 15.268@1.5
hiatus	αἰπύ	αιπυ	1	Il. 15.71@3.5
hiatus	αἴσιμα	αισιμα	1	Od. 14.433@10
hiatus	αἵματι	αιματι	1	Il. 21.21@10
hiatus	βάλοιμι	βαλοιμι	1	Od. 8.216@5.5
hiatus	βασιλῆϊ	βασιληι	1	Od. 14.336@9.5
hiatus	γένοιτο	γενοιτο	1	Il. 5.3@5.5
hiatus	γείνατο	γεινατο	1	Il. 4.400@2
hiatus	γλαυκῶπι	γλαυκωπι	1	Il. 8.420@5.5
hiatus	γυναῖκα	γυναικα	1	Il. 23.263@3.5
hiatus	δέκα	δεκα	1	Il. 11.24@4
hiatus	δέρμα	δερμα	1	Od. 14.50@5.5
hiatus	δίφροιο	διφροιο	1	Il. 5.854@5.5
hiatus	δαΐφρονι	δαιφρονι	1	Il. 11.791@8
hiatus	δαιτί	δαιτι	1	Il. 19.179@5.5
hiatus	δηΐοιο	δηιοιο	1	Il. 16.127@9.5
hiatus	διά	δια	1	Il. 14.495@2
hiatus	διακρινθέντε	διακρινθεντε	1	Il. 7.306@5.5
hiatus	διώκετο	διωκετο	1	Od. 18.8@8
hiatus	δμήτορι	δμητορι	1	Od. 17.443@2
hiatus	δμῶε	δμωε	1	Od. 21.244@5.5
hiatus	δουλιχίοιο	δουλιχιοιο	1	Il. 2.625@5.5
hiatus	δουλιχιῆα	δουλιχιηα	1	Od. 18.127@5.5
hiatus	δυνήσατο	δυνησατο	1	Od. 17.303@8
hiatus	δυώδεκα	δυωδεκα	1	Od. 9.159@8
hiatus	δῶρα	δωρα	1	Il. 19.194@1.5
hiatus	εἰδότα	ειδοτα	1	Od. 9.215@8
hiatus	εἰπέ	ειπε	1	Od. 24.329@5.5
hiatus	εἰργάζετο	ειργαζετο	1	Od. 3.435@8
hiatus	εὔξατο	ευξατο	1	Od. 5.444@8
hiatus	εὕρεο	ευρεο	1	Od. 19.403@8
hiatus	ζωστῆρι	ζωστηρι	1	Il. 4.134@5.5
hiatus	θάρσεϊ	θαρσει	1	Il. 7.153@2
hiatus	θέσφατα	θεσφατα	1	Il. 5.64@10
hiatus	θυώδεα	θυωδεα	1	Od. 21.52@8
hiatus	θύραζε	θυραζε	1	Od. 20.367@5.5
hiatus	θώρηκα	θωρηκα	1	Il. 11.373@5.5
hiatus	κάθησο	καθησο	1	Il. 1.565@5.5
hiatus	κάτα	κατα	1	Od. 19.233@8
hiatus	κέ	κε	1	Il. 9.155@1.5
hiatus	κέκλιτο	κεκλιτο	1	Il. 10.472@8
hiatus	καθήατο	καθηατο	1	Il. 11.76@8
hiatus	καθῆστο	καθηστο	1	Il. 1.569@5.5
hiatus	κακά	κακα	1	Od. 2.45@8
hiatus	καρρέζουσα	καρρεζουσα	1	Il. 5.424@5.5
hiatus	κατάγοντο	καταγοντο	1	Od. 3.10@5.5
hiatus	κατέπηκτο	κατεπηκτο	1	Il. 11.378@5.5
hiatus	κατεβήσετο	κατεβησετο	1	Od. 1.330@8
hiatus	κατελέξατο	κατελεξατο	1	Il. 9.690@8
hiatus	κειμήλια	κειμηλια	1	Od. 17.527@8
hiatus	κενά	κενα	1	Od. 22.249@8
hiatus	κενεῶνα	κενεωνα	1	Il. 5.857@5.5
hiatus	κεῖνο	κεινο	1	Od. 12.258@5.5
hiatus	κεῖντο	κειντο	1	Il. 21.426@5.5
hiatus	κλαυθμοῖο	κλαυθμοιο	1	Il. 24.717@5.5
hiatus	κλυτά	κλυτα	1	Od. 6.58@8
hiatus	κορέσσατο	κορεσσατο	1	Od. 20.59@8
hiatus	κρυόεσσα	κρυοεσσα	1	Il. 5.740@9.5
hiatus	κτήσατο	κτησατο	1	Od. 14.450@4
hiatus	κυνάμυια	κυναμυια	1	Il. 21.421@5.5
hiatus	κόωνι	κοωνι	1	Il. 11.256@5.5
hiatus	λέλυντο	λελυντο	1	Od. 22.186@9.5
hiatus	λέξο	λεξο	1	Od. 10.320@9.5
hiatus	λακεδαίμονι	λακεδαιμονι	1	Il. 3.244@4
hiatus	λωβητῆρα	λωβητηρα	1	Il. 2.275@5.5
hiatus	μέντορα	μεντορα	1	Od. 4.654@2
hiatus	μακρά	μακρα	1	Il. 11.88@5.5
hiatus	μαχέοιντο	μαχεοιντο	1	Il. 1.344@9.5
hiatus	μεγάροιο	μεγαροιο	1	Od. 21.229@5.5
hiatus	μελιηδέα	μελιηδεα	1	Il. 12.320@8
hiatus	μηδέ	μηδε	1	Od. 10.536@3.5
hiatus	μηκέτι	μηκετι	1	Od. 4.543@2
hiatus	μηριόναο	μηριοναο	1	Il. 17.610@5.5
hiatus	μητρί	μητρι	1	Od. 16.469@9.5
hiatus	νεμεσίζετο	νεμεσιζετο	1	Od. 1.263@8
hiatus	νεόπλυτα	νεοπλυτα	1	Od. 6.64@8
hiatus	νηλέι	νηλει	1	Od. 12.372@10
hiatus	νιφόεντι	νιφοεντι	1	Il. 20.385@5.5
hiatus	νῶϊ	νωι	1	Il. 8.428@1.5
hiatus	ξείνοιο	ξεινοιο	1	Od. 1.405@9.5
hiatus	ξεινήϊα	ξεινηια	1	Od. 24.273@8
hiatus	οἶδα	οιδα	1	Od. 8.215@5.5
hiatus	οἷα	οια	1	Od. 3.480@3.5
hiatus	οὐλύμποιο	ουλυμποιο	1	Il. 14.154@5.5
hiatus	οὔρεα	ουρεα	1	Od. 6.102@8
hiatus	οὔτε	ουτε	1	Il. 5.521@9.5
hiatus	οὖλε	ουλε	1	Il. 2.8@3.5
hiatus	πάγχυ	παγχυ	1	Od. 13.133@1.5
hiatus	παιδί	παιδι	1	Il. 17.196@9.5
hiatus	πείρα	πειρα	1	Od. 4.545@1.5
hiatus	πελάγοντα	πελαγοντα	1	Il. 4.295@5.5
hiatus	πελάσσατε	πελασσατε	1	Od. 10.404@8
hiatus	περίβοια	περιβοια	1	Il. 21.142@5.5
hiatus	περιδείδια	περιδειδια	1	Il. 10.93@8
hiatus	περισσείοντο	περισσειοντο	1	Il. 22.315@9.5
hiatus	πηλέϊ	πηλει	1	Il. 24.61@2
hiatus	πηλῆα	πηληα	1	Il. 9.480@3.5
hiatus	πηλῆϊ	πηληι	1	Il. 23.278@5.5
hiatus	πλείονα	πλειονα	1	Il. 13.355@10
hiatus	ποιήσατο	ποιησατο	1	Od. 5.255@8
hiatus	πολέμοιο	πολεμοιο	1	Il. 19.73@5.5
hiatus	πολλά	πολλα	1	Od. 22.273@5.5
hiatus	πολυπλάγκτοιο	πολυπλαγκτοιο	1	Il. 11.308@9.5
hiatus	πονεώμεθα	πονεωμεθα	1	Il. 10.70@8
hiatus	ποτί	ποτι	1	Od. 18.102@8
hiatus	πριάμοιο	πριαμοιο	1	Il. 2.332@9.5
hiatus	προσεβήσετο	προσεβησετο	1	Od. 21.5@8
hiatus	προφανέντε	προφανεντε	1	Il. 8.378@5.5
hiatus	πρόχνυ	προχνυ	1	Od. 14.69@1.5
hiatus	πτυχί	πτυχι	1	Il. 20.22@8
hiatus	πόντοιο	ποντοιο	1	Il. 8.479@5.5
hiatus	σέ	σε	1	Il. 20.152@2
hiatus	σήματι	σηματι	1	Il. 10.415@10
hiatus	σαρπηδόνα	σαρπηδονα	1	Il. 16.445@8
hiatus	σείετο	σειετο	1	Il. 14.285@10
hiatus	σεύαιτο	σευαιτο	1	Il. 20.148@5.5
hiatus	σεῖο	σειο	1	Il. 22.253@5.5
hiatus	στόμα	στομα	1	Il. 15.389@8
hiatus	συνοχωκότε	συνοχωκοτε	1	Il. 2.218@8
hiatus	σφέλα	σφελα	1	Od. 17.231@6
hiatus	τάχιστα	ταχιστα	1	Od. 3.175@5.5
hiatus	τέκνα	τεκνα	1	Od. 11.249@5.5
hiatus	τέτυκτο	τετυκτο	1	Il. 23.332@5.5
hiatus	τελαμῶνα	τελαμωνα	1	Od. 11.614@5.5
hiatus	τελαμῶνι	τελαμωνι	1	Il. 8.283@5.5
hiatus	τετέλεστο	τετελεστο	1	Od. 5.262@9.5
hiatus	τετελεσμένα	τετελεσμενα	1	Il. 18.4@10
hiatus	τοιόσδε	τοιοσδε	1	Il. 3.46@3.5
hiatus	τοῖσδε	τοισδε	1	Od. 9.286@5.5
hiatus	τρυφάλεια	τρυφαλεια	1	Il. 3.376@5.5
hiatus	υἷι	υιι	1	Od. 11.273@5.5
hiatus	φάρμακα	φαρμακα	1	Il. 11.741@4
hiatus	φαίνοπι	φαινοπι	1	Il. 17.583@2
hiatus	φημι	φημι	1	Od. 5.290@5.5
hiatus	φοίνικα	φοινικα	1	Il. 23.360@5.5
hiatus	φρένα	φρενα	1	Il. 2.3@8
hiatus	φρεσί	φρεσι	1	Od. 23.172@10
hiatus	χάλκεα	χαλκεα	1	Il. 5.723@2
hiatus	χαρίζετο	χαριζετο	1	Od. 1.61@8
hiatus	χρυσόρραπι	χρυσορραπι	1	Od. 5.87@8
hiatus	χρόα	χροα	1	Il. 23.191@6
hiatus	ἀΐδαο	αιδαο	1	Il. 23.76@5.5
hiatus	ἀέθλια	αεθλια	1	Il. 23.823@8
hiatus	ἀγαγοῦσα	αγαγουσα	1	Od. 4.407@5.5
hiatus	ἀγαμέμνονι	αγαμεμνονι	1	Il. 2.6@8
hiatus	ἀγῶνι	αγωνι	1	Od. 24.86@5.5
hiatus	ἀδευκέι	αδευκει	1	Od. 4.489@8
hiatus	ἀεικέα	αεικεα	1	Od. 16.199@10
hiatus	ἀθεμίστια	αθεμιστια	1	Od. 9.189@10
hiatus	ἀκλέα	ακλεα	1	Od. 4.728@2
hiatus	ἀμογητί	αμογητι	1	Il. 11.637@9.5
hiatus	ἀμφεποτᾶτο	αμφεποτατο	1	Il. 2.315@5.5
hiatus	ἀνέμεινα	ανεμεινα	1	Od. 19.342@5.5
hiatus	ἀνέρι	ανερι	1	Od. 8.547@2
hiatus	ἀνέσαιμι	ανεσαιμι	1	Il. 14.209@5.5
hiatus	ἀνίστατο	ανιστατο	1	Od. 21.144@8
hiatus	ἀναΐξαντε	αναιξαντε	1	Od. 8.361@5.5
hiatus	ἀνδρί	ανδρι	1	Il. 24.335@1.5
hiatus	ἀνεχάζετο	ανεχαζετο	1	Il. 11.461@8
hiatus	ἀντρῶνα	αντρωνα	1	Il. 2.697@5.5
hiatus	ἀνώγετε	ανωγετε	1	Od. 23.132@8
hiatus	ἀποκρινθέντε	αποκρινθεντε	1	Il. 5.12@5.5
hiatus	ἀπόλοιτο	απολοιτο	1	Il. 5.388@5.5
hiatus	ἀπώλεσα	απωλεσα	1	Od. 2.46@8
hiatus	ἀπώσατο	απωσατο	1	Il. 24.508@8
hiatus	ἀσπίδι	ασπιδι	1	Il. 7.272@2
hiatus	ἀστέρα	αστερα	1	Il. 4.75@4
hiatus	ἀτρεΐωνα	ατρειωνα	1	Il. 23.233@5.5
hiatus	ἀφνειοῖο	αφνειοιο	1	Il. 24.318@5.5
hiatus	ἀχιλῆα	αχιληα	1	Il. 15.402@5.5
hiatus	ἄλλοτε	αλλοτε	1	Od. 4.236@10
hiatus	ἄνα	ανα	1	Il. 9.247@2
hiatus	ἄνακτα	ανακτα	1	Il. 13.38@5.5
hiatus	ἄντροιο	αντροιο	1	Od. 20.21@5.5
hiatus	ἄνωγα	ανωγα	1	Od. 20.364@5.5
hiatus	ἄξονι	αξονι	1	Il. 5.723@10
hiatus	ἄστυδε	αστυδε	1	Od. 6.296@2
hiatus	ἄφθιτα	αφθιτα	1	Il. 13.22@10
hiatus	ἅλα	αλα	1	Il. 1.532@2
hiatus	ἐέλπετο	εελπετο	1	Od. 23.345@8
hiatus	ἐγένοντο	εγενοντο	1	Il. 5.270@5.5
hiatus	ἐδέξατο	εδεξατο	1	Il. 24.305@8
hiatus	ἐδύσετο	εδυσετο	1	Il. 20.379@8
hiatus	ἐθέλουσα	εθελουσα	1	Il. 18.434@5.5
hiatus	ἐκέλευσα	εκελευσα	1	Il. 5.823@5.5
hiatus	ἐμέ	εμε	1	Od. 21.211@4
hiatus	ἐμεῖο	εμειο	1	Il. 21.112@5.5
hiatus	ἐμπάζετο	εμπαζετο	1	Od. 9.553@10
hiatus	ἐνί	ενι	1	Od. 14.501@8
hiatus	ἐννοσίγαιε	εννοσιγαιε	1	Il. 20.20@5.5
hiatus	ἐξέσσυτο	εξεσσυτο	1	Od. 9.438@8
hiatus	ἐξεγένοντο	εξεγενοντο	1	Il. 5.637@5.5
hiatus	ἐπείθετο	επειθετο	1	Od. 16.192@8
hiatus	ἐπεχεύατο	επεχευατο	1	Od. 5.257@10
hiatus	ἐπιθεῖτε	επιθειτε	1	Il. 24.264@5.5
hiatus	ἐρύσσατε	ερυσσατε	1	Od. 10.403@8
hiatus	ἐρώμεθα	ερωμεθα	1	Od. 8.133@8
hiatus	ἐτάνυσσα	ετανυσσα	1	Od. 23.201@3.5
hiatus	ἐτέθαπτο	ετεθαπτο	1	Od. 11.52@5.5
hiatus	ἐτέρπετο	ετερπετο	1	Il. 21.45@8
hiatus	ἐτίσατο	ετισατο	1	Od. 23.57@8
hiatus	ἐφοπλισόμεσθα	εφοπλισομεσθα	1	Il. 8.503@5.5
hiatus	ἐφράσσαντο	εφρασσαντο	1	Il. 9.426@5.5
hiatus	ἐόντα	εοντα	1	Il. 8.285@5.5
hiatus	ἑ	ε	1	Od. 8.396@4
hiatus	ἑκάστοθι	εκαστοθι	1	Od. 3.8@8
hiatus	ἑλίσσετο	ελισσετο	1	Od. 20.24@8
hiatus	ἑρσήεντα	ερσηεντα	1	Il. 14.348@5.5
hiatus	ἔγχεα	εγχεα	1	Il. 5.568@8
hiatus	ἔκειτο	εκειτο	1	Od. 22.362@5.5
hiatus	ἔλπετο	ελπετο	1	Il. 13.8@8
hiatus	ἔμπλητο	εμπλητο	1	Il. 21.607@9.5
hiatus	ἔολπα	εολπα	1	Od. 5.379@5.5
hiatus	ἔργα	εργα	1	Il. 24.733@5.5
hiatus	ἔρεβοσδε	ερεβοσδε	1	Od. 20.356@5.5
hiatus	ἔφαντο	εφαντο	1	Il. 6.501@5.5
hiatus	ἕζοντο	εζοντο	1	Il. 2.211@5.5
hiatus	ἕλκεϊ	ελκει	1	Il. 14.130@8
hiatus	ἕλοντο	ελοντο	1	Od. 12.199@5.5
hiatus	ἕο	εο	1	Il. 19.384@4
hiatus	ἕποντο	εποντο	1	Il. 4.91@5.5
hiatus	ἕρματα	ερματα	1	Il. 14.182@4
hiatus	ἕσπετο	εσπετο	1	Il. 13.300@2
hiatus	ἠγερέθοντο	ηγερεθοντο	1	Od. 19.542@5.5
hiatus	ἠνείκαντο	ηνεικαντο	1	Il. 9.127@5.5
hiatus	ἠρᾶτο	ηρατο	1	Od. 3.64@5.5
hiatus	ἡδεῖα	ηδεια	1	Od. 9.210@5.5
hiatus	ἡδύ	ηδυ	1	Od. 4.746@5.5
hiatus	ἤκουσα	ηκουσα	1	Od. 11.421@5.5
hiatus	ἤλυξα	ηλυξα	1	Od. 12.335@9.5
hiatus	ἤματι	ηματι	1	Il. 6.422@8
hiatus	ἥρωϊ	ηρωι	1	Il. 23.747@5.5
hiatus	ἦσθα	ησθα	1	Il. 5.898@5.5
hiatus	ἰάχουσα	ιαχουσα	1	Od. 10.323@5.5
hiatus	ἰασίωνι	ιασιωνι	1	Od. 5.125@5.5
hiatus	ἰδώμεθα	ιδωμεθα	1	Od. 10.44@8
hiatus	ἰοῦσα	ιουσα	1	Od. 19.392@5.5
hiatus	ἰσχία	ισχια	1	Il. 20.170@8
hiatus	ἰχθυόεντα	ιχθυοεντα	1	Od. 9.83@5.5
hiatus	ἰόντι	ιοντι	1	Od. 13.305@5.5
hiatus	ἱερεύσατε	ιερευσατε	1	Od. 24.215@8
hiatus	ἱππηλάτα	ιππηλατα	1	Il. 9.581@10
hiatus	ἱππότα	ιπποτα	1	Il. 14.117@10
hiatus	ἴθι	ιθι	1	Il. 2.8@2
hiatus	ἴλοιο	ιλοιο	1	Il. 24.349@9.5
hiatus	ἵκοντο	ικοντο	1	Od. 3.388@5.5
hiatus	ἶσα	ισα	1	Od. 3.290@9.5
hiatus	ὀδυσσέα	οδυσσεα	1	Od. 17.301@8
hiatus	ὀδυσῆι	οδυσηι	1	Od. 5.287@3.5
hiatus	ὀδυσῆϊ	οδυσηι	1	Od. 21.195@5.5
hiatus	ὀδύρετο	οδυρετο	1	Il. 23.224@8
hiatus	ὀλύμπιε	ολυμπιε	1	Od. 1.60@8
hiatus	ὀτρύνεσθε	οτρυνεσθε	1	Od. 10.425@5.5
hiatus	ὄλοντο	ολοντο	1	Il. 16.848@5.5
hiatus	ὄσσε	οσσε	1	Il. 24.637@5.5
hiatus	ὄφρα	οφρα	1	Il. 7.85@1.5
hiatus	ὅθι	οθι	1	Il. 6.516@6
hiatus	ὅρκια	ορκια	1	Il. 22.266@2
hiatus	ὅτι	οτι	1	Il. 24.593@6
hiatus	ὅττι	οττι	1	Od. 9.402@9.5
hiatus	ὑπέμεινα	υπεμεινα	1	Od. 10.258@5.5
hiatus	ὑπερίονι	υπεριονι	1	Od. 12.374@8
hiatus	ὑποκλοπέοιτο	υποκλοπεοιτο	1	Od. 22.382@5.5
hiatus	ὑψηλοῖο	υψηλοιο	1	Il. 16.512@5.5
hiatus	ὠκέϊ	ωκει	1	Il. 16.583@2
hiatus	ὠρείθυια	ωρειθυια	1	Il. 18.48@5.5
hiatus	ᾤχοντο	ωχοντο	1	Il. 4.382@5.5
hiatus	ῥέα	ρεα	1	Il. 12.58@4
hiatus	ῥα	ρα	1	Od. 14.233@9.5
hiatus_long	ἤ	η	126	Il. 1.27@6; Il. 1.40@1; Il. 1.62@9; Il. 1.117@9; Il. 1.138@3; Il. 1.138@9; Il. 1.145@1; Il. 1.145@4; Il. 1.190@1; Il. 1.395@1
hiatus_long	ἦ	η	63	Il. 1.133@1; Il. 1.203@1; Il. 2.229@1; Il. 2.368@1; Il. 5.673@1; Il. 5.800@1; Il. 6.368@1; Il. 7.26@1; Il. 8.140@1; Il. 9.675@1
hiatus_long	τῷ	τω	56	Il. 2.109@1; Il. 2.351@3; Il. 2.743@3; Il. 3.189@3; Il. 4.531@1; Il. 5.210@3; Il. 6.345@5; Il. 8.365@1; Il. 8.475@3; Il. 8.496@1
hiatus_long	καί	και	25	Il. 1.307@8; Il. 3.408@9; Il. 12.162@6; Il. 13.316@6; Il. 15.290@9; Il. 18.47@9; Il. 24.60@3; Il. 24.293@6; Il. 24.311@6; Il. 24.532@1
hiatus_long	ᾧ	ω	24	Il. 1.162@1; Il. 6.500@9; Il. 7.127@9; Il. 8.284@9; Il. 14.55@9; Il. 14.220@3; Il. 19.291@3; Il. 24.40@1; Od. 3.349@1; Od. 4.4@9
hiatus_long	δή	δη	21	Il. 4.189@3; Il. 6.306@3; Il. 10.235@3; Il. 10.242@3; Il. 10.536@3; Il. 11.171@3; Il. 13.633@3; Il. 23.374@7; Od. 1.74@3; Od. 1.207@2
hiatus_long	εἰ	ει	20	Il. 5.104@9; Il. 5.717@1; Il. 8.423@9; Il. 12.217@9; Il. 13.153@9; Il. 13.375@1; Il. 14.125@9; Il. 15.16@4; Od. 3.122@9; Od. 9.529@1
hiatus_long	μή	μη	20	Il. 9.698@1; Il. 10.39@3; Il. 12.216@1; Il. 13.319@7; Il. 14.248@7; Il. 16.30@1; Il. 16.545@1; Il. 17.686@7; Il. 18.19@7; Il. 22.481@7
hiatus_long	κρατερῇ	κρατερη	14	Il. 3.349@5; Il. 4.462@9; Il. 5.712@9; Il. 7.18@9; Il. 11.468@9; Il. 13.522@9; Il. 16.451@9; Il. 16.567@9; Il. 16.648@9; Il. 16.788@9
hiatus_long	φίλῳ	φιλω	14	Il. 1.345@7; Il. 1.441@3; Il. 1.578@3; Il. 9.205@7; Il. 11.616@7; Il. 13.644@7; Il. 14.504@3; Il. 17.196@3; Il. 23.563@7; Il. 24.594@3
hiatus_long	ἐμοί	εμοι	14	Il. 1.563@3; Il. 4.63@5; Il. 19.57@5; Il. 23.6@7; Il. 23.276@5; Od. 3.325@5; Od. 3.475@3; Od. 9.172@7; Od. 9.555@7; Od. 10.425@7
hiatus_long	οἷʼ	οιʼ	13	Il. 18.95@9; Il. 19.11@3; Il. 19.21@9; Il. 24.505@3; Od. 2.118@3; Od. 4.611@9; Od. 17.479@9; Od. 17.514@1; Od. 18.143@1; Od. 18.338@9
hiatus_long	τοῦ	του	13	Il. 7.150@1; Il. 9.106@3; Il. 9.219@3; Il. 10.224@9; Il. 13.662@1; Il. 24.598@3; Od. 1.31@1; Od. 2.24@1; Od. 3.140@6; Od. 3.393@1
hiatus_long	ὦ	ω	13	Il. 1.74@1; Il. 5.464@1; Il. 11.430@1; Il. 14.104@1; Il. 16.21@1; Il. 19.216@1; Il. 21.214@1; Il. 23.543@1; Od. 11.363@1; Od. 11.478@1
hiatus_long	εὖ	ευ	12	Il. 2.253@2; Il. 7.339@9; Il. 7.438@9; Il. 10.72@9; Il. 10.438@9; Il. 14.162@6; Il. 23.743@9; Od. 5.236@9; Od. 19.93@3; Od. 19.460@1
hiatus_long	μάχῃ	μαχη	12	Il. 4.400@7; Il. 5.701@7; Il. 6.124@7; Il. 7.113@7; Il. 8.448@7; Il. 11.409@7; Il. 13.483@7; Il. 13.684@7; Il. 15.111@7; Il. 16.147@7
hiatus_long	κάρη	καρη	11	Il. 2.259@7; Il. 6.509@7; Il. 11.261@7; Il. 13.543@7; Il. 14.498@7; Il. 15.266@7; Il. 16.341@7; Il. 22.405@7; Il. 23.136@7; Od. 6.107@7
hiatus_long	μεγάλῳ	μεγαλω	11	Il. 3.23@7; Il. 4.161@9; Il. 5.448@3; Il. 12.138@9; Il. 13.193@7; Il. 13.577@5; Il. 14.393@9; Il. 16.115@5; Il. 21.256@9; Od. 10.359@7
hiatus_long	πολέμου	πολεμου	11	Il. 3.428@5; Il. 4.376@7; Il. 6.480@3; Il. 8.473@5; Il. 9.64@3; Il. 11.323@9; Il. 11.752@3; Il. 12.335@9; Il. 16.723@7; Il. 17.228@9
hiatus_long	τροίῃ	τροιη	11	Il. 2.162@3; Il. 2.178@3; Il. 4.175@5; Il. 6.315@5; Il. 13.433@9; Il. 16.461@5; Il. 18.330@5; Il. 24.86@5; Il. 24.774@9; Od. 11.499@9
hiatus_long	τῇ	τη	11	Il. 6.393@3; Il. 9.189@1; Il. 9.565@1; Il. 13.408@1; Il. 14.272@3; Il. 15.46@1; Il. 15.647@1; Il. 21.71@3; Od. 15.365@1; Od. 22.183@1
hiatus_long	ἀτρεΐδῃ	ατρειδη	11	Il. 1.24@5; Il. 1.378@5; Il. 2.6@5; Il. 2.254@5; Il. 5.207@7; Il. 9.332@3; Il. 9.613@3; Il. 11.158@5; Od. 3.156@5; Od. 3.164@5
hiatus_long	ἐμῷ	εμω	11	Il. 9.204@7; Il. 11.433@3; Il. 11.749@7; Il. 12.250@3; Il. 14.483@3; Il. 16.848@7; Il. 16.861@3; Il. 18.53@7; Il. 18.92@3; Od. 10.489@7
hiatus_long	ἰέναι	ιεναι	11	Il. 2.451@5; Il. 3.119@7; Il. 9.487@5; Il. 17.433@5; Il. 24.199@3; Od. 4.779@3; Od. 8.12@5; Od. 10.208@3; Od. 10.407@3; Od. 12.367@3
hiatus_long	δῖʼ	διʼ	10	Il. 2.820@9; Il. 3.389@9; Il. 3.413@9; Il. 5.370@9; Il. 6.160@9; Od. 16.461@3; Od. 17.508@3; Od. 20.68@9; Od. 21.234@3; Od. 22.157@3
hiatus_long	λαερτιάδεω	λαερτιαδεω	10	Od. 16.104@9; Od. 17.152@9; Od. 18.24@9; Od. 18.348@9; Od. 19.165@9; Od. 19.262@9; Od. 19.336@9; Od. 19.583@9; Od. 21.262@9; Od. 22.339@9
hiatus_long	πηληϊάδεω	πηληιαδεω	10	Il. 1.1@9; Il. 1.322@9; Il. 9.166@9; Il. 16.269@9; Il. 16.653@9; Il. 24.406@9; Il. 24.431@9; Il. 24.448@9; Od. 11.467@9; Od. 24.15@9
hiatus_long	ὑπερῷʼ	υπερωʼ	10	Il. 16.184@5; Od. 1.362@3; Od. 2.358@5; Od. 4.751@3; Od. 4.760@3; Od. 17.49@3; Od. 19.602@3; Od. 21.356@3; Od. 23.1@5; Od. 23.364@3
hiatus_long	δύω	δυω	9	Il. 2.679@5; Il. 5.554@7; Il. 8.290@5; Il. 8.332@7; Il. 12.99@7; Il. 13.201@7; Il. 13.421@7; Il. 18.163@7; Od. 5.484@5
hiatus_long	θοῇ	θοη	9	Il. 1.389@7; Il. 12.463@3; Il. 14.261@7; Il. 15.624@7; Il. 17.430@7; Il. 19.331@7; Od. 10.408@7; Od. 13.134@7; Od. 16.229@7
hiatus_long	πατρόκλῳ	πατροκλω	9	Il. 9.620@5; Il. 16.724@5; Il. 16.732@5; Il. 17.137@7; Il. 17.400@7; Il. 17.706@7; Il. 18.171@3; Il. 23.151@3; Il. 23.747@3
hiatus_long	πολέμῳ	πολεμω	9	Il. 2.202@5; Il. 5.861@5; Il. 9.53@7; Il. 14.149@5; Il. 15.698@5; Il. 18.106@3; Il. 21.610@5; Od. 10.553@5; Od. 11.537@5
hiatus_long	ἐμεῦ	εμευ	9	Il. 1.541@7; Il. 9.426@7; Il. 19.62@7; Il. 19.273@3; Il. 20.349@7; Il. 21.398@3; Od. 8.462@3; Od. 17.43@3; Od. 18.268@7
hiatus_long	μεγάρῳ	μεγαρω	8	Il. 2.661@9; Il. 3.125@5; Il. 9.144@9; Il. 9.286@9; Od. 7.230@5; Od. 14.201@5; Od. 19.1@5; Od. 19.51@5
hiatus_long	σεῦ	σευ	8	Il. 3.206@1; Il. 6.409@1; Il. 6.411@1; Il. 6.454@3; Il. 18.77@1; Il. 22.432@1; Il. 24.371@1; Od. 15.19@3
hiatus_long	σῷ	σω	8	Il. 3.174@3; Il. 16.708@1; Il. 17.489@1; Il. 24.112@9; Od. 9.478@9; Od. 19.115@9; Od. 22.169@9; Od. 23.258@1
hiatus_long	χρυσείῃ	χρυσειη	8	Il. 9.389@5; Il. 24.21@3; Od. 1.137@5; Od. 4.53@5; Od. 7.173@5; Od. 10.369@5; Od. 15.136@5; Od. 17.92@5
hiatus_long	ἐρέω	ερεω	8	Il. 3.177@5; Od. 4.376@5; Od. 4.410@5; Od. 7.243@5; Od. 10.289@5; Od. 15.402@5; Od. 19.167@5; Od. 19.171@5
hiatus_long	ἠελίῳ	ηελιω	8	Il. 18.136@9; Od. 7.124@5; Od. 12.133@5; Od. 12.346@5; Od. 12.374@5; Od. 12.429@9; Od. 23.362@9; Od. 24.148@5
hiatus_long	ἰθάκῃ	ιθακη	8	Od. 4.555@7; Od. 4.605@3; Od. 9.505@7; Od. 9.531@7; Od. 13.135@5; Od. 15.482@3; Od. 21.252@5; Od. 24.104@7
hiatus_long	ὀδυσῆʼ	οδυσηʼ	8	Od. 5.336@3; Od. 13.35@3; Od. 13.124@3; Od. 13.131@5; Od. 15.157@9; Od. 18.326@3; Od. 19.65@3; Od. 19.267@3
hiatus_long	βίῃ	βιη	7	Il. 1.430@3; Il. 2.658@7; Il. 15.106@5; Il. 15.186@7; Il. 15.640@7; Od. 4.646@3; Od. 15.231@3
hiatus_long	θοῷ	θοω	7	Il. 8.215@7; Il. 13.295@7; Il. 13.328@7; Il. 13.528@7; Il. 16.784@7; Il. 17.72@7; Il. 17.536@7
hiatus_long	πεδίῳ	πεδιω	7	Il. 2.473@3; Il. 2.812@3; Il. 3.133@3; Il. 7.66@3; Il. 16.749@5; Il. 18.263@5; Il. 23.461@5
hiatus_long	πηλεΐδῃ	πηλειδη	7	Il. 17.105@3; Il. 17.641@3; Il. 17.701@3; Il. 20.312@3; Il. 21.557@3; Il. 22.58@3; Il. 22.176@3
hiatus_long	τίθει	τιθει	7	Il. 1.446@7; Il. 10.529@7; Il. 23.565@7; Il. 23.624@7; Il. 23.797@7; Od. 6.77@7; Od. 15.130@7
hiatus_long	ἤδη	ηδη	7	Il. 16.438@3; Od. 10.29@5; Od. 16.76@3; Od. 17.157@7; Od. 19.270@3; Od. 19.528@3; Od. 22.246@3
hiatus_long	αἰεί	αιει	6	Il. 17.752@3; Il. 21.263@3; Od. 6.64@3; Od. 8.468@2; Od. 18.48@2; Od. 22.117@8
hiatus_long	αἰθούσῃ	αιθουση	6	Il. 9.472@7; Od. 3.399@9; Od. 7.345@9; Od. 20.176@9; Od. 20.189@9; Od. 21.390@5
hiatus_long	θανάτῳ	θανατω	6	Il. 21.281@7; Od. 5.312@7; Od. 13.80@7; Od. 15.359@5; Od. 22.462@7; Od. 24.34@7
hiatus_long	θεῷ	θεω	6	Il. 1.310@3; Il. 1.447@7; Il. 19.250@7; Od. 2.5@7; Od. 4.310@7; Od. 15.520@5
hiatus_long	καμάτῳ	καματω	6	Il. 10.98@5; Il. 10.312@7; Il. 10.399@7; Il. 10.471@5; Od. 6.2@5; Od. 12.281@5
hiatus_long	μέσῳ	μεσω	6	Il. 23.507@3; Od. 5.132@7; Od. 7.250@7; Od. 12.388@7; Od. 19.172@7; Od. 24.86@3
hiatus_long	μοι	μοι	6	Il. 1.505@4; Il. 10.291@3; Il. 21.360@7; Il. 24.716@3; Od. 15.435@7; Od. 19.224@7
hiatus_long	ποταμῷ	ποταμω	6	Il. 2.861@3; Il. 5.598@7; Il. 8.490@7; Il. 18.521@3; Il. 21.282@7; Od. 6.210@5
hiatus_long	προσέφη	προσεφη	6	Il. 13.768@7; Od. 1.383@7; Od. 4.641@7; Od. 17.477@7; Od. 18.284@7; Od. 21.256@7
hiatus_long	προχόῳ	προχοω	6	Od. 1.136@7; Od. 4.52@7; Od. 7.172@7; Od. 10.368@7; Od. 15.135@7; Od. 17.91@7
hiatus_long	τηλεμάχου	τηλεμαχου	6	Od. 3.432@3; Od. 15.496@3; Od. 18.156@3; Od. 20.295@5; Od. 21.216@3; Od. 21.313@5
hiatus_long	τοι	τοι	6	Il. 1.419@3; Il. 22.12@3; Od. 3.126@3; Od. 12.57@5; Od. 14.171@3; Od. 17.157@3
hiatus_long	τώ	τω	6	Il. 2.250@1; Il. 14.126@1; Il. 15.109@1; Il. 15.741@1; Il. 16.631@1; Il. 20.97@1
hiatus_long	φίλῃ	φιλη	6	Il. 1.351@5; Il. 1.572@3; Il. 1.585@3; Il. 3.244@7; Il. 9.555@5; Od. 24.266@7
hiatus_long	ἀθηναίη	αθηναιη	6	Il. 4.22@5; Il. 5.333@5; Il. 8.459@5; Il. 15.614@5; Il. 22.224@5; Od. 24.545@5
hiatus_long	ἄνεῳ	ανεω	6	Il. 2.323@3; Il. 9.30@3; Il. 9.695@3; Od. 2.240@3; Od. 7.144@3; Od. 10.71@3
hiatus_long	ἐϋκτιμένῃ	ευκτιμενη	6	Il. 5.543@9; Il. 6.13@9; Il. 20.496@9; Il. 21.77@9; Od. 17.133@9; Od. 24.226@9
hiatus_long	ἑοῦ	εου	6	Il. 1.496@3; Il. 13.419@7; Il. 22.500@7; Il. 24.322@7; Il. 24.416@7; Od. 4.714@3
hiatus_long	ἠελίου	ηελιου	6	Il. 8.538@3; Il. 17.372@3; Od. 4.45@5; Od. 7.84@5; Od. 11.109@3; Od. 12.323@3
hiatus_long	δήμῳ	δημω	5	Il. 3.201@5; Od. 4.691@3; Od. 13.97@3; Od. 15.534@3; Od. 16.419@3
hiatus_long	εἰδομένη	ειδομενη	5	Od. 2.268@5; Od. 2.401@5; Od. 22.206@5; Od. 24.503@5; Od. 24.548@5
hiatus_long	εὔμαιʼ	ευμαιʼ	5	Od. 15.486@2; Od. 16.8@2; Od. 16.69@2; Od. 17.264@2; Od. 17.306@2
hiatus_long	θεοί	θεοι	5	Il. 8.18@7; Il. 9.245@5; Il. 14.291@7; Od. 4.520@3; Od. 8.410@3
hiatus_long	θεοῦ	θεου	5	Il. 5.178@9; Il. 20.327@7; Il. 20.380@7; Od. 3.420@7; Od. 12.261@7
hiatus_long	κακῇ	κακη	5	Il. 1.418@5; Il. 5.209@3; Il. 13.812@7; Od. 10.54@7; Od. 19.259@3
hiatus_long	κακῷ	κακω	5	Il. 2.723@7; Il. 5.650@7; Il. 24.530@5; Od. 1.411@7; Od. 6.187@5
hiatus_long	κλισίῃ	κλισιη	5	Il. 9.226@5; Il. 15.392@5; Il. 24.125@9; Od. 15.301@5; Od. 16.1@5
hiatus_long	μεγάλου	μεγαλου	5	Il. 2.134@9; Od. 5.320@7; Od. 5.393@7; Od. 9.411@9; Od. 19.179@9
hiatus_long	μετέφη	μετεφη	5	Od. 4.660@7; Od. 16.363@7; Od. 18.42@7; Od. 20.270@7; Od. 21.140@7
hiatus_long	μευ	μευ	5	Od. 2.25@5; Od. 2.161@5; Od. 2.229@5; Od. 24.443@5; Od. 24.454@5
hiatus_long	νόῳ	νοω	5	Il. 1.132@3; Il. 1.363@7; Il. 16.19@7; Od. 8.78@3; Od. 16.197@5
hiatus_long	οἱ	οι	5	Il. 2.215@3; Il. 12.103@3; Od. 11.103@5; Od. 13.343@5; Od. 14.460@3
hiatus_long	οἵ	οι	5	Il. 3.278@7; Il. 4.534@1; Il. 5.625@1; Il. 8.177@3; Il. 15.199@1
hiatus_long	ποταμοῦ	ποταμου	5	Il. 2.659@7; Il. 2.839@7; Il. 12.97@7; Il. 15.531@7; Od. 11.238@3
hiatus_long	πριάμῳ	πριαμω	5	Il. 13.176@5; Il. 13.376@5; Il. 13.460@7; Il. 15.551@5; Il. 24.279@5
hiatus_long	πριαμίδῃ	πριαμιδη	5	Il. 12.438@3; Il. 13.40@5; Il. 13.80@5; Il. 14.365@3; Il. 15.597@3
hiatus_long	προτέρω	προτερω	5	Il. 9.192@5; Il. 9.199@7; Il. 18.387@5; Od. 4.36@7; Od. 5.91@5
hiatus_long	πρότεροι	προτεροι	5	Il. 3.299@5; Il. 4.67@5; Il. 4.72@5; Il. 4.236@5; Il. 4.271@5
hiatus_long	ἀγόρευʼ	αγορευʼ	5	Il. 5.252@5; Il. 8.542@5; Il. 18.310@5; Od. 8.570@3; Od. 13.178@3
hiatus_long	ἀμφιάλῳ	αμφιαλω	5	Od. 1.386@5; Od. 1.395@5; Od. 1.401@5; Od. 2.293@5; Od. 21.252@3
hiatus_long	ἐννοσίγαιʼ	εννοσιγαιʼ	5	Il. 7.455@5; Il. 8.201@5; Il. 20.310@3; Il. 21.462@3; Od. 13.140@5
hiatus_long	ἐπεί	επει	5	Il. 15.165@3; Il. 23.350@3; Od. 5.364@3; Od. 8.585@3; Od. 14.461@7
hiatus_long	ἑῷ	εω	5	Il. 2.549@7; Il. 11.47@7; Il. 12.84@7; Il. 14.223@7; Od. 23.223@7
hiatus_long	ἡγεμόνευʼ	ηγεμονευʼ	5	Il. 2.540@5; Il. 2.552@5; Od. 8.4@5; Od. 8.421@5; Od. 10.445@5
hiatus_long	ἤτοι	ητοι	5	Il. 1.211@3; Il. 2.813@3; Il. 4.237@3; Il. 8.529@3; Il. 12.141@3
hiatus_long	ὁδῷ	οδω	5	Il. 6.15@7; Il. 7.143@5; Il. 12.168@7; Il. 16.261@7; Il. 23.435@7
hiatus_long	ᾗ	η	5	Il. 6.516@7; Il. 14.67@1; Il. 23.210@9; Od. 15.93@3; Od. 15.385@1
hiatus_long	αὐτοῦ	αυτου	4	Il. 2.332@2; Il. 16.226@8; Od. 7.21@5; Od. 17.254@8
hiatus_long	δίδου	διδου	4	Il. 17.596@7; Il. 17.627@7; Od. 18.191@5; Od. 22.236@7
hiatus_long	δύναται	δυναται	4	Il. 22.200@5; Od. 4.558@5; Od. 5.15@5; Od. 17.144@5
hiatus_long	εἰαρινῇ	ειαρινη	4	Il. 2.471@5; Il. 16.643@5; Od. 18.367@5; Od. 22.301@5
hiatus_long	εἴη	ειη	4	Il. 14.107@3; Il. 24.139@3; Od. 16.148@5; Od. 17.313@5
hiatus_long	ζεῦ	ζευ	4	Il. 3.351@1; Il. 6.476@1; Il. 16.233@1; Od. 17.354@1
hiatus_long	θεά	θεα	4	Il. 1.401@7; Il. 10.290@5; Il. 23.770@3; Od. 13.391@5
hiatus_long	θυγατέρα	θυγατερα	4	Il. 5.371@11; Il. 6.192@11; Il. 11.226@11; Il. 13.376@11
hiatus_long	θυμῷ	θυμω	4	Il. 6.524@5; Il. 23.894@5; Il. 24.491@5; Od. 14.445@5
hiatus_long	κρήτῃ	κρητη	4	Il. 13.450@9; Od. 3.291@9; Od. 13.256@9; Od. 13.260@9
hiatus_long	κρατερῷ	κρατερω	4	Il. 2.515@5; Il. 3.429@5; Il. 4.87@9; Il. 5.386@9
hiatus_long	κρονίδη	κρονιδη	4	Il. 8.31@7; Od. 1.45@7; Od. 1.81@7; Od. 24.473@7
hiatus_long	λαέρτεω	λαερτεω	4	Od. 4.555@5; Od. 9.505@5; Od. 9.531@5; Od. 22.185@3
hiatus_long	λαέρτῃ	λαερτη	4	Od. 2.99@3; Od. 16.138@5; Od. 19.144@3; Od. 24.134@3
hiatus_long	λευγαλέῳ	λευγαλεω	4	Od. 16.273@5; Od. 17.202@5; Od. 17.337@5; Od. 24.157@5
hiatus_long	μαῖʼ	μαιʼ	4	Od. 2.349@1; Od. 2.372@3; Od. 17.499@1; Od. 19.16@1
hiatus_long	νοστῆσαι	νοστησαι	4	Od. 1.83@3; Od. 14.424@3; Od. 20.239@3; Od. 21.204@3
hiatus_long	νῆʼ	νηʼ	4	Il. 10.326@1; Od. 1.280@1; Od. 12.349@1; Od. 23.234@9
hiatus_long	οἴη	οιη	4	Il. 3.143@3; Od. 1.331@3; Od. 18.207@3; Od. 19.601@3
hiatus_long	περισκέπτῳ	περισκεπτω	4	Od. 1.426@9; Od. 10.211@9; Od. 10.253@9; Od. 14.6@9
hiatus_long	πρώτῳ	πρωτω	4	Il. 17.380@5; Il. 17.471@9; Il. 20.173@9; Il. 23.265@3
hiatus_long	σοί	σοι	4	Il. 1.443@3; Il. 16.41@3; Od. 4.747@3; Od. 10.337@8
hiatus_long	τηλεμάχῳ	τηλεμαχω	4	Od. 4.166@5; Od. 4.664@3; Od. 16.347@3; Od. 17.161@9
hiatus_long	τυδεΐδῃ	τυδειδη	4	Il. 5.97@5; Il. 5.240@7; Il. 10.367@3; Il. 11.370@3
hiatus_long	χεῦʼ	χευʼ	4	Il. 17.270@1; Od. 4.584@1; Od. 5.492@5; Od. 9.210@1
hiatus_long	ἀντιθέῳ	αντιθεω	4	Il. 11.140@9; Od. 2.17@9; Od. 13.126@9; Od. 22.291@3
hiatus_long	ἀντιλόχῳ	αντιλοχω	4	Il. 16.320@3; Il. 23.425@9; Il. 23.556@5; Il. 23.567@3
hiatus_long	ἀργαλέῳ	αργαλεω	4	Il. 15.10@5; Il. 16.109@5; Od. 12.161@5; Od. 15.444@5
hiatus_long	ἁδινοῦ	αδινου	4	Il. 18.316@7; Il. 22.430@7; Il. 23.17@7; Il. 24.747@7
hiatus_long	ἐθέλω	εθελω	4	Il. 4.41@3; Il. 9.120@3; Il. 19.138@3; Il. 19.187@5
hiatus_long	ἐξοπίσω	εξοπισω	4	Il. 11.461@5; Il. 17.108@5; Il. 22.467@5; Il. 23.727@5
hiatus_long	ἑῇ	εη	4	Il. 9.148@7; Il. 9.290@7; Il. 22.404@7; Od. 11.614@7
hiatus_long	ἔγνω	εγνω	4	Il. 1.333@4; Il. 8.446@4; Il. 16.530@4; Il. 22.296@4
hiatus_long	ἡμετέρῳ	ημετερω	4	Il. 1.30@3; Il. 3.233@5; Od. 16.442@3; Od. 21.307@3
hiatus_long	ὕπνου	υπνου	4	Il. 10.138@3; Il. 10.519@9; Od. 4.839@9; Od. 23.22@9
hiatus_long	ῥεῖʼ	ρειʼ	4	Il. 13.72@1; Il. 15.356@1; Od. 1.160@1; Od. 17.273@1
hiatus_long	βίη	βιη	3	Il. 11.690@7; Il. 17.24@5; Il. 18.117@5
hiatus_long	βορέω	βορεω	3	Il. 14.395@9; Il. 23.692@7; Od. 14.533@9
hiatus_long	βορέῃ	βορεη	3	Il. 15.26@5; Od. 14.253@5; Od. 14.299@5
hiatus_long	βριαρῇ	βριαρη	3	Il. 16.413@5; Il. 16.579@5; Il. 20.162@7
hiatus_long	γαίῃ	γαιη	3	Il. 10.374@3; Il. 11.574@3; Il. 15.317@3
hiatus_long	γυνή	γυνη	3	Il. 6.460@5; Il. 22.164@5; Od. 10.228@5
hiatus_long	δαιδαλέου	δαιδαλεου	3	Il. 18.390@5; Od. 10.315@5; Od. 10.367@5
hiatus_long	δαναοί	δαναοι	3	Il. 1.42@5; Il. 5.37@7; Il. 15.277@3
hiatus_long	δαπέδῳ	δαπεδω	3	Od. 4.627@5; Od. 11.577@5; Od. 17.169@5
hiatus_long	δεκάτη	δεκατη	3	Il. 6.175@5; Il. 24.785@5; Od. 19.192@5
hiatus_long	εὐρύκλειʼ	ευρυκλειʼ	3	Od. 1.429@3; Od. 2.347@3; Od. 20.148@3
hiatus_long	θαλάμῳ	θαλαμω	3	Il. 3.382@5; Il. 6.336@5; Od. 17.506@5
hiatus_long	θείου	θειου	3	Il. 21.526@9; Od. 2.259@9; Od. 21.244@9
hiatus_long	θεσπεσίῃ	θεσπεσιη	3	Il. 12.252@5; Il. 13.834@5; Od. 11.633@5
hiatus_long	καθαρῷ	καθαρω	3	Il. 8.491@3; Il. 10.199@3; Il. 23.61@3
hiatus_long	κεφαλῇ	κεφαλη	3	Il. 3.193@5; Od. 19.92@9; Od. 24.231@7
hiatus_long	κνίσῃ	κνιση	3	Il. 1.460@9; Il. 2.423@9; Od. 12.360@9
hiatus_long	κρονίδῃ	κρονιδη	3	Il. 9.172@5; Od. 9.552@7; Od. 13.25@7
hiatus_long	λίνῳ	λινω	3	Il. 20.128@7; Il. 24.210@7; Od. 7.198@7
hiatus_long	μέμνῃ	μεμνη	3	Il. 15.18@3; Il. 20.188@3; Od. 24.115@3
hiatus_long	μέσσῃ	μεσση	3	Il. 19.249@5; Il. 20.245@5; Od. 4.844@7
hiatus_long	νεφέλη	νεφελη	3	Il. 17.591@7; Il. 18.22@7; Od. 24.315@7
hiatus_long	πάνθου	πανθου	3	Il. 15.522@4; Il. 17.23@4; Il. 17.59@4
hiatus_long	πολυκλύστῳ	πολυκλυστω	3	Od. 4.354@9; Od. 6.204@9; Od. 19.277@9
hiatus_long	προδόμῳ	προδομω	3	Od. 14.5@5; Od. 15.466@5; Od. 20.1@5
hiatus_long	πω	πω	3	Il. 7.433@5; Il. 23.7@3; Od. 11.52@3
hiatus_long	πύλαι	πυλαι	3	Il. 2.809@7; Il. 8.58@7; Od. 19.562@5
hiatus_long	πύλου	πυλου	3	Od. 3.485@7; Od. 15.193@7; Od. 21.108@3
hiatus_long	σταδίῃ	σταδιη	3	Il. 13.314@9; Il. 13.713@5; Il. 15.283@5
hiatus_long	τειρόμενοι	τειρομενοι	3	Il. 11.801@3; Il. 16.43@3; Il. 18.201@3
hiatus_long	τελέθει	τελεθει	3	Il. 7.282@5; Il. 7.293@5; Od. 7.52@5
hiatus_long	φθίσθαι	φθισθαι	3	Il. 13.667@7; Od. 14.117@5; Od. 15.354@7
hiatus_long	ψυχή	ψυχη	3	Od. 11.387@5; Od. 24.20@5; Od. 24.102@5
hiatus_long	ἀθάνατοι	αθανατοι	3	Od. 5.80@3; Od. 18.252@5; Od. 19.125@5
hiatus_long	ἀκοντίσσαι	ακοντισσαι	3	Il. 13.559@5; Il. 13.585@5; Il. 16.359@5
hiatus_long	ἀλέγω	αλεγω	3	Il. 8.483@5; Il. 11.389@3; Od. 17.390@3
hiatus_long	ἀλεξάνδρου	αλεξανδρου	3	Il. 3.100@9; Il. 6.356@9; Il. 24.28@9
hiatus_long	ἀλόχου	αλοχου	3	Il. 1.114@5; Il. 11.242@7; Od. 14.202@5
hiatus_long	ἀμβροσίῳ	αμβροσιω	3	Il. 14.172@3; Il. 23.187@3; Od. 18.193@3
hiatus_long	ἀνέμῳ	ανεμω	3	Il. 16.150@7; Od. 14.253@7; Od. 14.299@7
hiatus_long	ἀπαμύνασθαι	απαμυνασθαι	3	Il. 24.369@5; Od. 16.72@5; Od. 21.133@5
hiatus_long	ἄτῃ	ατη	3	Il. 2.111@7; Il. 8.237@3; Il. 9.18@7
hiatus_long	ἐλεύσεσθαι	ελευσεσθαι	3	Il. 19.129@5; Od. 11.432@5; Od. 14.384@5
hiatus_long	ἐνθέμεναι	ενθεμεναι	3	Il. 24.646@5; Od. 4.299@5; Od. 7.338@5
hiatus_long	ἑκάβη	εκαβη	3	Il. 22.234@5; Il. 22.430@5; Il. 24.747@5
hiatus_long	ἑτέρῃ	ετερη	3	Il. 12.452@5; Il. 14.273@3; Il. 21.72@3
hiatus_long	ἔβη	εβη	3	Il. 17.112@7; Od. 14.70@5; Od. 15.547@7
hiatus_long	ἠθεῖʼ	ηθειʼ	3	Il. 6.518@2; Il. 22.229@2; Il. 22.239@2
hiatus_long	ἡνιόχῳ	ηνιοχω	3	Il. 5.231@5; Il. 11.273@9; Il. 11.399@9
hiatus_long	ἱστοπέδῃ	ιστοπεδη	3	Od. 12.51@5; Od. 12.162@5; Od. 12.179@5
hiatus_long	ἴδῃ	ιδη	3	Il. 1.203@5; Il. 13.449@3; Il. 15.32@3
hiatus_long	ὀλοῷ	ολοω	3	Il. 24.39@3; Il. 24.487@7; Od. 22.200@9
hiatus_long	ὀπίσω	οπισω	3	Il. 3.218@5; Il. 12.205@5; Od. 8.375@5
hiatus_long	ὀφθαλμῷ	οφθαλμω	3	Il. 14.499@5; Od. 9.333@5; Od. 9.383@3
hiatus_long	ὑμετέρῃ	υμετερη	3	Il. 5.686@5; Od. 7.277@3; Od. 8.156@5
hiatus_long	αἰγίσθου	αιγισθου	2	Od. 4.537@5; Od. 24.97@3
hiatus_long	αἰγύπτῳ	αιγυπτω	2	Od. 3.300@3; Od. 14.275@5
hiatus_long	βεβλήκει	βεβληκει	2	Il. 14.412@5; Od. 22.258@3
hiatus_long	βοσκομένη	βοσκομενη	2	Od. 4.338@3; Od. 17.129@3
hiatus_long	γάμῳ	γαμω	2	Il. 13.382@3; Od. 11.415@3
hiatus_long	γαμέω	γαμεω	2	Il. 9.388@5; Il. 9.391@5
hiatus_long	γενεή	γενεη	2	Il. 6.149@5; Il. 21.157@5
hiatus_long	γενεῇ	γενεη	2	Il. 2.707@5; Od. 19.184@5
hiatus_long	γιγνομένῳ	γιγνομενω	2	Il. 20.128@3; Il. 24.210@3
hiatus_long	γύναι	γυναι	2	Od. 6.168@3; Od. 19.81@7
hiatus_long	δείξω	δειξω	2	Od. 12.25@7; Od. 13.344@5
hiatus_long	δεκάτῳ	δεκατω	2	Il. 12.15@9; Od. 16.18@9
hiatus_long	δημοδόκῳ	δημοδοκω	2	Od. 8.262@3; Od. 8.483@5
hiatus_long	δόλῳ	δολω	2	Il. 21.599@7; Od. 1.296@5
hiatus_long	εἱαμενῇ	ειαμενη	2	Il. 4.483@5; Il. 15.631@5
hiatus_long	εἴα	εια	2	Il. 16.396@2; Od. 19.201@2
hiatus_long	εὐξαμένου	ευξαμενου	2	Il. 1.381@3; Od. 21.211@3
hiatus_long	εὐρυχόρῳ	ευρυχορω	2	Od. 6.4@9; Od. 11.256@9
hiatus_long	ζωοῦ	ζωου	2	Od. 17.115@2; Od. 19.272@2
hiatus_long	θήλειαι	θηλειαι	2	Od. 4.636@5; Od. 21.23@5
hiatus_long	θαλίῃ	θαλιη	2	Il. 9.143@9; Il. 9.285@9
hiatus_long	θαλπωρή	θαλπωρη	2	Il. 6.412@5; Od. 1.167@3
hiatus_long	θανάτου	θανατου	2	Il. 20.300@9; Od. 5.326@9
hiatus_long	θεσπεσίη	θεσπεσιη	2	Il. 9.2@3; Od. 24.49@3
hiatus_long	θεσπεσίῳ	θεσπεσιω	2	Il. 16.295@5; Il. 18.149@3
hiatus_long	θρόνῳ	θρονω	2	Il. 8.199@5; Il. 15.142@7
hiatus_long	κατῄκισται	κατηκισται	2	Od. 16.290@5; Od. 19.9@5
hiatus_long	κείνῳ	κεινω	2	Il. 13.109@3; Od. 3.222@3
hiatus_long	κερδοσύνῃ	κερδοσυνη	2	Il. 22.247@7; Od. 4.251@9
hiatus_long	κλαῖʼ	κλαιʼ	2	Il. 24.510@1; Od. 4.544@1
hiatus_long	κομιδή	κομιδη	2	Od. 24.245@7; Od. 24.249@7
hiatus_long	κτενέει	κτενεει	2	Il. 24.156@5; Il. 24.185@5
hiatus_long	λαοδόκῳ	λαοδοκω	2	Il. 4.87@3; Il. 17.699@3
hiatus_long	λιαρῷ	λιαρω	2	Il. 11.830@5; Il. 11.846@5
hiatus_long	λυκίῃ	λυκιη	2	Il. 6.210@9; Il. 6.225@5
hiatus_long	μαχέσσασθαι	μαχεσσασθαι	2	Il. 15.633@5; Od. 18.39@5
hiatus_long	μυθέομαι	μυθεομαι	2	Il. 8.40@5; Il. 22.184@5
hiatus_long	μύθῳ	μυθω	2	Il. 10.61@5; Il. 19.107@9
hiatus_long	νεμεσῶ	νεμεσω	2	Il. 4.413@5; Od. 6.286@5
hiatus_long	νεῖαι	νειαι	2	Od. 11.114@5; Od. 12.141@5
hiatus_long	νώτου	νωτου	2	Il. 20.279@9; Il. 21.69@9
hiatus_long	ξεινοδόκῳ	ξεινοδοκω	2	Od. 8.210@5; Od. 15.70@5
hiatus_long	ξενίῃ	ξενιη	2	Od. 24.286@3; Od. 24.314@5
hiatus_long	ξυλόχῳ	ξυλοχω	2	Od. 4.335@5; Od. 17.126@5
hiatus_long	οἷ	οι	2	Il. 9.306@1; Il. 16.47@1
hiatus_long	οὐδοῦ	ουδου	2	Od. 4.718@4; Od. 17.339@7
hiatus_long	οὔ	ου	2	Il. 1.114@7; Il. 24.214@5
hiatus_long	παρφάσθαι	παρφασθαι	2	Od. 16.287@3; Od. 19.6@3
hiatus_long	πεδίου	πεδιου	2	Il. 8.549@5; Od. 3.431@3
hiatus_long	πειριθόου	πειριθοου	2	Il. 12.129@5; Il. 12.182@5
hiatus_long	πορθμῷ	πορθμω	2	Od. 4.671@3; Od. 15.29@3
hiatus_long	πραμνείῳ	πραμνειω	2	Il. 11.639@5; Od. 10.235@5
hiatus_long	πριάμου	πριαμου	2	Il. 2.803@9; Il. 20.181@5
hiatus_long	πριστοῦ	πριστου	2	Od. 18.196@9; Od. 19.564@9
hiatus_long	πρυμνῇ	πρυμνη	2	Il. 10.570@5; Od. 12.411@9
hiatus_long	πρόσσω	προσσω	2	Il. 13.291@2; Il. 17.734@2
hiatus_long	πρόσω	προσω	2	Il. 12.274@3; Il. 18.388@7
hiatus_long	πρύμνῃ	πρυμνη	2	Il. 7.383@5; Od. 15.206@5
hiatus_long	πρώτῃ	πρωτη	2	Il. 19.50@5; Il. 24.272@5
hiatus_long	πταμένη	πταμενη	2	Il. 16.856@7; Il. 22.362@7
hiatus_long	πτολέμου	πτολεμου	2	Od. 24.42@5; Od. 24.531@5
hiatus_long	πυρῇ	πυρη	2	Il. 23.165@3; Il. 24.787@3
hiatus_long	πῇ	πη	2	Il. 6.377@1; Il. 8.229@1
hiatus_long	σκήπτρῳ	σκηπτρω	2	Il. 2.199@3; Il. 6.159@9
hiatus_long	σταθμῷ	σταθμω	2	Od. 14.358@7; Od. 15.306@5
hiatus_long	στεινωπῷ	στεινωπω	2	Il. 7.143@3; Il. 23.416@3
hiatus_long	στησάμενοι	στησαμενοι	2	Od. 9.77@5; Od. 12.402@5
hiatus_long	σφώ	σφω	2	Il. 1.574@3; Il. 15.146@2
hiatus_long	σῇ	ση	2	Od. 15.127@1; Od. 22.429@3
hiatus_long	ταρβεῖ	ταρβει	2	Il. 12.46@2; Il. 21.575@2
hiatus_long	τελέσαι	τελεσαι	2	Il. 18.116@5; Il. 22.366@5
hiatus_long	τρεῖ	τρει	2	Il. 11.554@8; Il. 17.663@8
hiatus_long	τῖʼ	τιʼ	2	Il. 2.21@9; Il. 24.575@1
hiatus_long	φίλου	φιλου	2	Il. 22.505@7; Il. 24.4@3
hiatus_long	φιλομηλεΐδῃ	φιλομηλειδη	2	Od. 4.343@7; Od. 17.134@7
hiatus_long	χαλεπῷ	χαλεπω	2	Il. 2.245@7; Il. 17.141@7
hiatus_long	χαλκείῃ	χαλκειη	2	Il. 11.640@5; Il. 20.480@5
hiatus_long	χαλκείῳ	χαλκειω	2	Il. 5.856@5; Il. 15.567@5
hiatus_long	χρυσοῦ	χρυσου	2	Il. 2.229@5; Il. 23.796@9
hiatus_long	ἀίδεω	αιδεω	2	Od. 10.512@5; Od. 12.17@3
hiatus_long	ἀγγελίῃ	αγγελιη	2	Il. 2.787@9; Od. 1.414@5
hiatus_long	ἀγορῇ	αγορη	2	Il. 18.497@5; Il. 19.50@7
hiatus_long	ἀειραμένη	αειραμενη	2	Il. 6.293@5; Od. 15.106@5
hiatus_long	ἀθηναίῃ	αθηναιη	2	Il. 4.64@9; Il. 21.392@9
hiatus_long	ἀκούουσαι	ακουουσαι	2	Il. 4.435@9; Il. 18.53@5
hiatus_long	ἀλκαθόῳ	αλκαθοω	2	Il. 13.465@5; Il. 13.496@5
hiatus_long	ἀλλοδαπῷ	αλλοδαπω	2	Il. 19.324@9; Od. 23.219@5
hiatus_long	ἀλόχῳ	αλοχω	2	Od. 12.452@7; Od. 15.93@5
hiatus_long	ἀμειβόμεναι	αμειβομεναι	2	Il. 1.604@9; Od. 24.60@9
hiatus_long	ἀμυνέμεναι	αμυνεμεναι	2	Il. 5.486@9; Il. 13.464@5
hiatus_long	ἀμφίπολοι	αμφιπολοι	2	Od. 18.303@5; Od. 19.317@5
hiatus_long	ἀμφιπόλῳ	αμφιπολω	2	Il. 6.372@9; Od. 1.191@5
hiatus_long	ἀνέμου	ανεμου	2	Il. 15.383@3; Od. 6.20@3
hiatus_long	ἀντιθέου	αντιθεου	2	Od. 20.369@9; Od. 21.254@3
hiatus_long	ἀργείη	αργειη	2	Od. 4.184@5; Od. 23.218@5
hiatus_long	ἀργεῖοι	αργειοι	2	Il. 4.242@3; Il. 14.479@3
hiatus_long	ἀργυρέῃ	αργυρεη	2	Od. 1.442@3; Od. 10.24@3
hiatus_long	ἀρετῇ	αρετη	2	Od. 22.244@7; Od. 24.193@7
hiatus_long	ἀτρεΐδαι	ατρειδαι	2	Il. 8.261@5; Il. 9.341@3
hiatus_long	ἀφεσταίη	αφεσταιη	2	Od. 23.101@5; Od. 23.169@5
hiatus_long	ἀχαιοί	αχαιοι	2	Il. 5.484@8; Od. 20.166@8
hiatus_long	ἀχιλῆʼ	αχιληʼ	2	Il. 20.139@3; Il. 20.174@3
hiatus_long	ἁλίη	αλιη	2	Od. 2.273@5; Od. 2.318@5
hiatus_long	ἄρῃ	αρη	2	Il. 21.112@7; Il. 21.431@3
hiatus_long	ἐγώ	εγω	2	Il. 7.53@3; Il. 9.167@5
hiatus_long	ἐδάμη	εδαμη	2	Il. 2.860@3; Il. 2.874@3
hiatus_long	ἐεικοστῷ	εεικοστω	2	Od. 2.175@9; Od. 17.327@9
hiatus_long	ἐμοῦ	εμου	2	Il. 24.214@3; Od. 13.173@3
hiatus_long	ἐμῇ	εμη	2	Il. 6.87@5; Od. 12.211@5
hiatus_long	ἐνάτη	ενατη	2	Il. 2.313@7; Il. 2.327@7
hiatus_long	ἐνίσπῃ	ενισπη	2	Od. 8.101@8; Od. 8.251@8
hiatus_long	ἐνισκίμφθη	ενισκιμφθη	2	Il. 16.612@5; Il. 17.528@5
hiatus_long	ἐπάγη	επαγη	2	Il. 10.374@5; Il. 22.276@5
hiatus_long	ἐποίχεσθαι	εποιχεσθαι	2	Od. 17.227@5; Od. 18.363@5
hiatus_long	ἐρεπτόμενοι	ερεπτομενοι	2	Il. 2.776@5; Il. 21.204@5
hiatus_long	ἐφάνη	εφανη	2	Od. 5.279@7; Od. 7.268@7
hiatus_long	ἐϋξέστου	ευξεστου	2	Od. 17.602@9; Od. 24.408@9
hiatus_long	ἐϋξέστῃ	ευξεστη	2	Il. 24.280@9; Od. 13.10@9
hiatus_long	ἐϋξέστῳ	ευξεστω	2	Il. 13.613@5; Il. 24.271@9
hiatus_long	ἐϋσσέλμου	ευσσελμου	2	Od. 17.160@9; Od. 19.243@9
hiatus_long	ἔλθῃ	ελθη	2	Od. 12.288@7; Od. 19.84@5
hiatus_long	ἔμεναι	εμεναι	2	Il. 3.40@7; Il. 21.411@5
hiatus_long	ἔχει	εχει	2	Od. 10.326@3; Od. 11.176@5
hiatus_long	ἕταροι	εταροι	2	Il. 13.710@5; Il. 24.590@3
hiatus_long	ἠγαθέῃ	ηγαθεη	2	Il. 2.722@5; Od. 8.80@5
hiatus_long	ἠπείρου	ηπειρου	2	Od. 5.350@5; Od. 5.399@9
hiatus_long	ἠπείρῳ	ηπειρω	2	Od. 13.114@3; Od. 14.100@5
hiatus_long	ἡμετέρη	ημετερη	2	Od. 2.26@5; Od. 14.59@5
hiatus_long	ἥ	η	2	Il. 5.766@1; Od. 15.356@9
hiatus_long	ἥρη	ηρη	2	Il. 5.392@3; Il. 8.209@2
hiatus_long	ἰαχῇ	ιαχη	2	Il. 17.266@7; Od. 11.43@5
hiatus_long	ἰδαῖʼ	ιδαιʼ	2	Il. 7.284@2; Il. 7.406@2
hiatus_long	ἰκέλη	ικελη	2	Il. 11.467@3; Il. 24.80@7
hiatus_long	ἰῇ	ιη	2	Il. 11.174@5; Il. 22.477@7
hiatus_long	ἱέμενοι	ιεμενοι	2	Il. 16.382@5; Od. 9.261@5
hiatus_long	ἱερῷ	ιερω	2	Il. 17.464@9; Il. 18.504@9
hiatus_long	ἱππηλασίη	ιππηλασιη	2	Il. 7.340@9; Il. 7.439@9
hiatus_long	ἵπποι	ιπποι	2	Il. 11.699@7; Il. 23.578@2
hiatus_long	ὀΐω	οιω	2	Il. 12.73@5; Il. 21.399@5
hiatus_long	ὀδυρόμενοι	οδυρομενοι	2	Od. 9.545@5; Od. 10.486@5
hiatus_long	ὀδυσεῦ	οδυσευ	2	Od. 9.517@5; Od. 13.4@3
hiatus_long	ὀλίγῃ	ολιγη	2	Il. 17.394@9; Od. 14.492@5
hiatus_long	ὀξεῖʼ	οξειʼ	2	Il. 11.272@3; Il. 15.313@2
hiatus_long	ὀπωρινῷ	οπωρινω	2	Il. 5.5@5; Il. 16.385@5
hiatus_long	ὀφθαλμοῦ	οφθαλμου	2	Od. 1.69@9; Od. 9.516@3
hiatus_long	ὁδοῦ	οδου	2	Il. 4.382@9; Il. 23.424@3
hiatus_long	ὄψεσθαι	οψεσθαι	2	Od. 16.24@3; Od. 17.42@3
hiatus_long	ὅσοι	οσοι	2	Il. 2.492@7; Il. 3.190@7
hiatus_long	ὑσμίνῃ	υσμινη	2	Il. 11.297@5; Il. 20.395@5
hiatus_long	ὕδατι	υδατι	2	Od. 10.520@5; Od. 11.28@5
hiatus_long	ῥάβδῳ	ραβδω	2	Od. 13.429@7; Od. 16.172@7
hiatus_long	αἰγιόχου	αιγιοχου	1	Od. 9.275@9
hiatus_long	αἰδοίη	αιδοιη	1	Il. 2.514@5
hiatus_long	αἰδοίῃ	αιδοιη	1	Od. 8.420@5
hiatus_long	αἰδῶ	αιδω	1	Il. 2.262@8
hiatus_long	αἰνείω	αινειω	1	Il. 5.534@3
hiatus_long	αἱρείτω	αιρειτω	1	Il. 2.34@3
hiatus_long	αἴσῃ	αιση	1	Il. 5.209@5
hiatus_long	αἵ	αι	1	Il. 22.474@1
hiatus_long	αὐγή	αυγη	1	Od. 12.176@5
hiatus_long	αὐτή	αυτη	1	Od. 4.444@3
hiatus_long	αὐτοκασιγνήτη	αυτοκασιγνητη	1	Od. 10.137@5
hiatus_long	αὐτῇ	αυτη	1	Od. 21.366@9
hiatus_long	αὐτῷ	αυτω	1	Il. 5.64@3
hiatus_long	αὖ	αυ	1	Il. 3.383@3
hiatus_long	βάλοι	βαλοι	1	Od. 20.65@5
hiatus_long	βάλῃ	βαλη	1	Il. 20.378@5
hiatus_long	βαθεῖʼ	βαθειʼ	1	Od. 9.144@7
hiatus_long	βεβλήκοι	βεβληκοι	1	Il. 8.270@3
hiatus_long	βηλοῦ	βηλου	1	Il. 15.23@8
hiatus_long	βοηθοΐδη	βοηθοιδη	1	Od. 4.31@9
hiatus_long	βοηλασίῃ	βοηλασιη	1	Il. 11.672@5
hiatus_long	βουδείῳ	βουδειω	1	Il. 16.572@5
hiatus_long	βουλῇ	βουλη	1	Il. 13.728@5
hiatus_long	βῆ	βη	1	Od. 21.51@8
hiatus_long	γαλόῳ	γαλοω	1	Il. 3.122@5
hiatus_long	γαῖʼ	γαιʼ	1	Od. 19.172@4
hiatus_long	γηθοσύνη	γηθοσυνη	1	Od. 11.540@3
hiatus_long	γηθοσύνῃ	γηθοσυνη	1	Il. 21.390@3
hiatus_long	γημαμένη	γημαμενη	1	Od. 11.273@3
hiatus_long	γιγνώσκω	γιγνωσκω	1	Il. 11.651@3
hiatus_long	γλήνη	γληνη	1	Il. 8.164@5
hiatus_long	γλαφυρῇ	γλαφυρη	1	Od. 14.533@5
hiatus_long	γλαφυρῷ	γλαφυρω	1	Od. 12.305@7
hiatus_long	γλαύκου	γλαυκου	1	Il. 12.392@9
hiatus_long	γνοίη	γνοιη	1	Od. 13.192@7
hiatus_long	γρηῦ	γρηυ	1	Od. 19.383@2
hiatus_long	γυγαίῃ	γυγαιη	1	Il. 20.391@3
hiatus_long	γωρυτῷ	γωρυτω	1	Od. 21.54@5
hiatus_long	δίδυμοι	διδυμοι	1	Il. 23.641@5
hiatus_long	δίκῃ	δικη	1	Il. 23.542@7
hiatus_long	δίσκου	δισκου	1	Il. 23.431@4
hiatus_long	δίφρου	διφρου	1	Il. 23.379@5
hiatus_long	δαίνυσθαι	δαινυσθαι	1	Od. 14.195@3
hiatus_long	δαιδαλέῃ	δαιδαλεη	1	Il. 9.187@5
hiatus_long	δαιμονίη	δαιμονιη	1	Il. 1.561@3
hiatus_long	δαινύσθω	δαινυσθω	1	Od. 21.319@5
hiatus_long	δείλη	δειλη	1	Il. 21.111@8
hiatus_long	δείπνῳ	δειπνω	1	Od. 24.386@5
hiatus_long	δείσειʼ	δεισειʼ	1	Il. 24.672@9
hiatus_long	δείσῃ	δειση	1	Il. 24.116@7
hiatus_long	δειλή	δειλη	1	Il. 18.54@5
hiatus_long	δεκάτῃ	δεκατη	1	Od. 9.83@9
hiatus_long	δεξιτερῇ	δεξιτερη	1	Od. 21.410@3
hiatus_long	δερκομένῳ	δερκομενω	1	Il. 14.141@3
hiatus_long	δεσποίνῃ	δεσποινη	1	Od. 23.2@3
hiatus_long	δευέσθω	δευεσθω	1	Il. 20.122@3
hiatus_long	δηϊπύλῳ	δηιπυλω	1	Il. 5.325@5
hiatus_long	διαμετρητῷ	διαμετρητω	1	Il. 3.344@9
hiatus_long	δμηθήτω	δμηθητω	1	Il. 9.158@3
hiatus_long	δμῶʼ	δμωʼ	1	Od. 4.736@1
hiatus_long	δρηστοσύνῃ	δρηστοσυνη	1	Od. 15.321@3
hiatus_long	δυσομένου	δυσομενου	1	Od. 1.24@5
hiatus_long	δυωδεκάτη	δυωδεκατη	1	Il. 21.81@5
hiatus_long	δωσέμεναι	δωσεμεναι	1	Il. 13.369@3
hiatus_long	δόμεναι	δομεναι	1	Il. 1.98@7
hiatus_long	δότω	δοτω	1	Il. 14.377@5
hiatus_long	δύη	δυη	1	Od. 14.215@7
hiatus_long	δώρῳ	δωρω	1	Od. 8.397@3
hiatus_long	δώσει	δωσει	1	Il. 9.291@5
hiatus_long	δώσω	δωσω	1	Il. 9.149@5
hiatus_long	δῃώσῃ	δηωση	1	Il. 16.650@5
hiatus_long	εἰδέω	ειδεω	1	Od. 16.236@3
hiatus_long	εἰλαπίνη	ειλαπινη	1	Od. 1.226@3
hiatus_long	εἰροκόμῳ	ειροκομω	1	Il. 3.387@3
hiatus_long	εἰρύαται	ειρυαται	1	Il. 1.239@5
hiatus_long	εἴ	ει	1	Il. 11.467@5
hiatus_long	εἴποι	ειποι	1	Il. 1.64@3
hiatus_long	εἴσω	εισω	1	Il. 21.125@7
hiatus_long	εὐμήλου	ευμηλου	1	Il. 23.481@3
hiatus_long	εὐμήλῳ	ευμηλω	1	Il. 23.559@3
hiatus_long	εὐξέστῳ	ευξεστω	1	Il. 16.402@9
hiatus_long	εὐρεῖʼ	ευρειʼ	1	Il. 12.53@2
hiatus_long	εὐρυνόμη	ευρυνομη	1	Il. 18.405@7
hiatus_long	εὐφροσύνῃ	ευφροσυνη	1	Od. 10.465@5
hiatus_long	εὐφρῆναι	ευφρηναι	1	Il. 17.28@3
hiatus_long	εὐχομένη	ευχομενη	1	Il. 6.311@5
hiatus_long	εὐχομένου	ευχομενου	1	Il. 21.476@3
hiatus_long	εὐχωλαί	ευχωλαι	1	Il. 8.229@5
hiatus_long	εὔχεσθαι	ευχεσθαι	1	Il. 21.501@3
hiatus_long	ζεφύρου	ζεφυρου	1	Il. 4.423@7
hiatus_long	ζεφύρῳ	ζεφυρω	1	Il. 16.150@5
hiatus_long	ζεῖ	ζει	1	Il. 21.362@4
hiatus_long	ζώνῃ	ζωνη	1	Il. 14.181@5
hiatus_long	θάρσει	θαρσει	1	Il. 6.126@3
hiatus_long	θέλγει	θελγει	1	Od. 16.195@2
hiatus_long	θαλάμου	θαλαμου	1	Od. 22.140@3
hiatus_long	θείη	θειη	1	Od. 23.186@7
hiatus_long	θερέω	θερεω	1	Od. 17.23@7
hiatus_long	θηβαίου	θηβαιου	1	Il. 8.120@8
hiatus_long	θηξάσθω	θηξασθω	1	Il. 2.382@7
hiatus_long	θνητή	θνητη	1	Od. 12.118@5
hiatus_long	θοή	θοη	1	Od. 24.299@7
hiatus_long	θοοί	θοοι	1	Il. 2.542@7
hiatus_long	θρῄκῃ	θρηκη	1	Il. 11.222@5
hiatus_long	θυμοβόρου	θυμοβορου	1	Il. 7.210@3
hiatus_long	θυμοβόρῳ	θυμοβορω	1	Il. 19.58@3
hiatus_long	θωρῆξαι	θωρηξαι	1	Il. 2.11@3
hiatus_long	κάπρου	καπρου	1	Il. 17.21@5
hiatus_long	κάτω	κατω	1	Od. 23.91@3
hiatus_long	κέκληται	κεκληται	1	Il. 11.758@3
hiatus_long	κέλεαι	κελεαι	1	Od. 9.274@5
hiatus_long	κίστῃ	κιστη	1	Od. 6.76@5
hiatus_long	καθεζομένω	καθεζομενω	1	Od. 13.372@5
hiatus_long	καθεζόμενοι	καθεζομενοι	1	Il. 10.202@5
hiatus_long	κακή	κακη	1	Il. 6.346@7
hiatus_long	κακορραφίῃ	κακορραφιη	1	Od. 12.26@9
hiatus_long	καλεσσαμένω	καλεσσαμενω	1	Od. 3.137@5
hiatus_long	καλλιπλοκάμου	καλλιπλοκαμου	1	Il. 20.207@9
hiatus_long	καλλιπλοκάμῳ	καλλιπλοκαμω	1	Il. 18.592@9
hiatus_long	καλυψαμένη	καλυψαμενη	1	Il. 3.141@9
hiatus_long	κανέῳ	κανεω	1	Od. 4.761@7
hiatus_long	κασίγνητοι	κασιγνητοι	1	Il. 6.421@7
hiatus_long	κασιγνήτη	κασιγνητη	1	Il. 4.441@9
hiatus_long	κασιγνήτῳ	κασιγνητω	1	Il. 6.102@9
hiatus_long	κατάσχῃ	κατασχη	1	Od. 15.200@8
hiatus_long	κατακτείνῃ	κατακτεινη	1	Od. 22.73@5
hiatus_long	καταπρηνεῖ	καταπρηνει	1	Od. 13.164@5
hiatus_long	κατισχέμεναι	κατισχεμεναι	1	Od. 11.456@5
hiatus_long	καῖʼ	καιʼ	1	Il. 21.338@3
hiatus_long	κείνου	κεινου	1	Od. 3.123@2
hiatus_long	κεβριόνῃ	κεβριονη	1	Il. 16.751@7
hiatus_long	κεδνῇ	κεδνη	1	Od. 1.432@5
hiatus_long	κειρόμενοι	κειρομενοι	1	Il. 23.136@3
hiatus_long	κεκλίαται	κεκλιαται	1	Od. 4.608@5
hiatus_long	κεκλιμένη	κεκλιμενη	1	Od. 13.235@5
hiatus_long	κεκλόμενοι	κεκλομενοι	1	Il. 11.91@3
hiatus_long	κεφαλή	κεφαλη	1	Od. 12.91@5
hiatus_long	κεῖσθαι	κεισθαι	1	Il. 5.685@2
hiatus_long	κηδομένῳ	κηδομενω	1	Il. 16.516@5
hiatus_long	κινήσῃ	κινηση	1	Il. 16.264@3
hiatus_long	κινυρή	κινυρη	1	Il. 17.5@5
hiatus_long	κλισμῷ	κλισμω	1	Od. 4.136@5
hiatus_long	κλυμένη	κλυμενη	1	Il. 18.47@5
hiatus_long	κνωσῷ	κνωσω	1	Il. 18.591@9
hiatus_long	κοσμῆσαι	κοσμησαι	1	Il. 2.554@3
hiatus_long	κούρῳ	κουρω	1	Il. 24.347@5
hiatus_long	κοῦραι	κουραι	1	Od. 24.58@7
hiatus_long	κρήνῃ	κρηνη	1	Od. 13.408@9
hiatus_long	κραδίη	κραδιη	1	Il. 23.591@7
hiatus_long	κραδίῃ	κραδιη	1	Il. 13.442@9
hiatus_long	κραναῇ	κραναη	1	Il. 3.445@5
hiatus_long	κρατερή	κρατερη	1	Il. 17.543@9
hiatus_long	κρατεροῦ	κρατερου	1	Il. 21.553@9
hiatus_long	κρατερώ	κρατερω	1	Il. 5.244@5
hiatus_long	κριθαί	κριθαι	1	Od. 9.110@5
hiatus_long	κροκύλειʼ	κροκυλειʼ	1	Il. 2.633@3
hiatus_long	κρύψω	κρυψω	1	Od. 13.304@5
hiatus_long	κρῆναι	κρηναι	1	Od. 7.129@5
hiatus_long	κτεάτου	κτεατου	1	Il. 2.621@5
hiatus_long	κτεινομένῳ	κτεινομενω	1	Il. 18.99@3
hiatus_long	κυβερνῆσαι	κυβερνησαι	1	Od. 3.283@5
hiatus_long	κυνέῃ	κυνεη	1	Il. 7.176@5
hiatus_long	κόπρῳ	κοπρω	1	Od. 17.297@5
hiatus_long	κότῳ	κοτω	1	Il. 14.111@7
hiatus_long	κύψειʼ	κυψειʼ	1	Od. 11.585@5
hiatus_long	λάμου	λαμου	1	Od. 10.81@7
hiatus_long	λάρῳ	λαρω	1	Od. 5.51@7
hiatus_long	λάχῃ	λαχη	1	Il. 24.76@7
hiatus_long	λήμνῳ	λημνω	1	Il. 1.593@5
hiatus_long	λίμνῃ	λιμνη	1	Od. 11.583@5
hiatus_long	λίσσηαι	λισσηαι	1	Od. 12.53@5
hiatus_long	λαΐνεοι	λαινεοι	1	Il. 22.154@5
hiatus_long	λευκοθέη	λευκοθεη	1	Od. 5.334@3
hiatus_long	λευρῷ	λευρω	1	Od. 7.123@9
hiatus_long	λητοῖ	λητοι	1	Il. 24.607@5
hiatus_long	λισσή	λισση	1	Od. 3.293@5
hiatus_long	λισσομένω	λισσομενω	1	Il. 22.91@5
hiatus_long	λισσομένῳ	λισσομενω	1	Il. 23.609@5
hiatus_long	λισσόμενοι	λισσομενοι	1	Il. 9.501@3
hiatus_long	λυπρή	λυπρη	1	Od. 13.243@5
hiatus_long	λυρνησσοῦ	λυρνησσου	1	Il. 2.690@5
hiatus_long	λώβη	λωβη	1	Il. 18.180@3
hiatus_long	μάχη	μαχη	1	Il. 12.35@7
hiatus_long	μέμνηαι	μεμνηαι	1	Il. 21.442@3
hiatus_long	μέσῃ	μεση	1	Od. 2.37@3
hiatus_long	μαλακοί	μαλακοι	1	Od. 5.72@7
hiatus_long	μαλακοῦ	μαλακου	1	Od. 4.124@9
hiatus_long	μαλακῇ	μαλακη	1	Il. 9.618@5
hiatus_long	μαντοσύνῃ	μαντοσυνη	1	Od. 9.509@9
hiatus_long	ματίῃ	ματιη	1	Od. 10.79@5
hiatus_long	μαχήσασθαι	μαχησασθαι	1	Il. 5.483@5
hiatus_long	μαχήσεσθαι	μαχησεσθαι	1	Il. 5.833@5
hiatus_long	μεγάλοι	μεγαλοι	1	Od. 18.372@5
hiatus_long	μεγάλῃ	μεγαλη	1	Od. 24.193@5
hiatus_long	μεθημοσύνῃ	μεθημοσυνη	1	Il. 13.121@5
hiatus_long	μελίνου	μελινου	1	Od. 17.339@5
hiatus_long	μεμαυῖʼ	μεμαυιʼ	1	Il. 5.732@7
hiatus_long	μενοινήσειʼ	μενοινησειʼ	1	Od. 2.248@9
hiatus_long	μενοιτιάδεω	μενοιτιαδεω	1	Il. 18.93@9
hiatus_long	μενοιτιάδῃ	μενοιτιαδη	1	Il. 17.267@7
hiatus_long	μετάλλα	μεταλλα	1	Od. 19.190@8
hiatus_long	μηριόνῃ	μηριονη	1	Il. 23.893@7
hiatus_long	μηροῦ	μηρου	1	Il. 5.666@2
hiatus_long	μιμνησκόμεναι	μιμνησκομεναι	1	Il. 24.167@5
hiatus_long	μνήσω	μνησω	1	Il. 15.31@5
hiatus_long	μνησαμένω	μνησαμενω	1	Il. 24.509@5
hiatus_long	μνησαμένῳ	μνησαμενω	1	Od. 20.205@3
hiatus_long	μνηστῇ	μνηστη	1	Il. 9.556@5
hiatus_long	μνωομένῳ	μνωομενω	1	Od. 4.106@3
hiatus_long	μνᾶσθαι	μνασθαι	1	Od. 14.91@2
hiatus_long	μυθεῖαι	μυθειαι	1	Od. 8.180@5
hiatus_long	νέῳ	νεω	1	Od. 13.222@7
hiatus_long	νίψει	νιψει	1	Od. 19.356@5
hiatus_long	νίψω	νιψω	1	Od. 19.376@5
hiatus_long	ναίει	ναιει	1	Od. 9.36@7
hiatus_long	ναυσιθόου	ναυσιθοου	1	Od. 8.565@3
hiatus_long	ναυσικάᾳ	ναυσικαα	1	Od. 6.276@5
hiatus_long	ναῖʼ	ναιʼ	1	Il. 15.432@1
hiatus_long	νειῷ	νειω	1	Od. 8.124@5
hiatus_long	νεκταρέου	νεκταρεου	1	Il. 3.385@5
hiatus_long	νεοπρίστου	νεοπριστου	1	Od. 8.404@9
hiatus_long	νεῖται	νειται	1	Od. 14.152@3
hiatus_long	νηληϊάδεω	νηληιαδεω	1	Il. 11.618@9
hiatus_long	νηνεμίη	νηνεμιη	1	Od. 5.392@5
hiatus_long	νηπιέῃ	νηπιεη	1	Il. 9.491@9
hiatus_long	νικήσειʼ	νικησειʼ	1	Il. 20.102@3
hiatus_long	νιόβη	νιοβη	1	Il. 24.602@7
hiatus_long	νοέω	νοεω	1	Il. 9.105@5
hiatus_long	νοστήσειʼ	νοστησειʼ	1	Od. 14.329@5
hiatus_long	νωμᾷ	νωμα	1	Od. 21.400@2
hiatus_long	νόστῳ	νοστω	1	Od. 4.497@3
hiatus_long	νώ	νω	1	Od. 15.475@1
hiatus_long	ξάνθου	ξανθου	1	Il. 2.877@7
hiatus_long	ξάνθῳ	ξανθω	1	Il. 5.479@7
hiatus_long	ξείνου	ξεινου	1	Od. 17.371@5
hiatus_long	ξείνῳ	ξεινω	1	Od. 14.414@9
hiatus_long	ξεινοδόκου	ξεινοδοκου	1	Od. 15.55@5
hiatus_long	ξεστῷ	ξεστω	1	Od. 4.272@5
hiatus_long	οἰκωφελίη	οικωφελιη	1	Od. 14.223@5
hiatus_long	οἰοπόλῳ	οιοπολω	1	Il. 17.54@5
hiatus_long	οἰσέμεναι	οισεμεναι	1	Il. 3.120@3
hiatus_long	οἰωνῷ	οιωνω	1	Il. 13.823@5
hiatus_long	οἴῳ	οιω	1	Od. 4.367@3
hiatus_long	οὐ	ου	1	Il. 16.522@7
hiatus_long	οὐλομένῃ	ουλομενη	1	Od. 11.410@5
hiatus_long	οὐλύμπῳ	ουλυμπω	1	Il. 21.389@5
hiatus_long	οὐραῖαι	ουραιαι	1	Il. 23.520@3
hiatus_long	οὐτάμεναι	ουταμεναι	1	Il. 21.397@3
hiatus_long	πάθοι	παθοι	1	Od. 19.464@5
hiatus_long	πάλῃ	παλη	1	Od. 8.206@5
hiatus_long	πάνθῳ	πανθω	1	Il. 17.40@2
hiatus_long	πέτρῃ	πετρη	1	Od. 13.408@5
hiatus_long	παναπάλῳ	παναπαλω	1	Od. 13.223@3
hiatus_long	πανημέριοι	πανημεριοι	1	Od. 12.24@5
hiatus_long	παντοίη	παντοιη	1	Od. 13.247@3
hiatus_long	παραπνεύσῃ	παραπνευση	1	Od. 10.24@9
hiatus_long	πασσαμένω	πασσαμενω	1	Od. 4.61@5
hiatus_long	πατέρι	πατερι	1	Od. 3.39@11
hiatus_long	πατροκασιγνήτῳ	πατροκασιγνητω	1	Od. 13.342@5
hiatus_long	πατροκλῆʼ	πατροκληʼ	1	Il. 22.331@8
hiatus_long	πατρόκλου	πατροκλου	1	Il. 16.699@3
hiatus_long	παυέμεναι	παυεμεναι	1	Od. 10.22@5
hiatus_long	παχνοῦται	παχνουται	1	Il. 17.112@3
hiatus_long	πείραιʼ	πειραιʼ	1	Od. 17.78@2
hiatus_long	πείσειʼ	πεισειʼ	1	Il. 9.386@9
hiatus_long	πειράτω	πειρατω	1	Il. 9.345@5
hiatus_long	πεισάνδρῳ	πεισανδρω	1	Il. 13.611@5
hiatus_long	πηδαλίῳ	πηδαλιω	1	Od. 5.270@5
hiatus_long	πηλῆʼ	πηληʼ	1	Il. 16.574@3
hiatus_long	πημάνθη	πημανθη	1	Od. 14.255@5
hiatus_long	πιείρῃ	πιειρη	1	Il. 19.180@3
hiatus_long	πολλοί	πολλοι	1	Od. 1.176@5
hiatus_long	πολλῷ	πολλω	1	Il. 19.81@5
hiatus_long	πολυκοιρανίη	πολυκοιρανιη	1	Il. 2.204@7
hiatus_long	πολυχάλκου	πολυχαλκου	1	Od. 15.425@8
hiatus_long	πολύκλητοι	πολυκλητοι	1	Il. 10.420@9
hiatus_long	πομπῇ	πομπη	1	Od. 5.32@5
hiatus_long	ποτῇ	ποτη	1	Od. 5.337@7
hiatus_long	προέτω	προετω	1	Il. 11.796@5
hiatus_long	προίτου	προιτου	1	Il. 6.160@5
hiatus_long	προβόλῳ	προβολω	1	Od. 12.251@5
hiatus_long	προτέρῃ	προτερη	1	Od. 16.50@7
hiatus_long	προτέρῳ	προτερω	1	Il. 21.5@5
hiatus_long	πρωθῆβαι	πρωθηβαι	1	Od. 8.263@3
hiatus_long	πτολέμῳ	πτολεμω	1	Il. 4.258@5
hiatus_long	πτωχῷ	πτωχω	1	Od. 16.209@5
hiatus_long	πυθοῖ	πυθοι	1	Il. 9.405@7
hiatus_long	πυλαιμένεα	πυλαιμενεα	1	Il. 5.576@5
hiatus_long	πυρκαϊή	πυρκαιη	1	Il. 23.228@5
hiatus_long	πόθει	ποθει	1	Od. 13.219@5
hiatus_long	πόσει	ποσει	1	Od. 19.95@3
hiatus_long	πόσεϊ	ποσει	1	Il. 5.71@11
hiatus_long	πύλῳ	πυλω	1	Od. 15.226@7
hiatus_long	σίτῳ	σιτω	1	Od. 24.395@5
hiatus_long	σαωθήτω	σαωθητω	1	Il. 17.228@5
hiatus_long	σελάγου	σελαγου	1	Il. 5.612@7
hiatus_long	σεύωνται	σευωνται	1	Il. 11.415@3
hiatus_long	σημανέω	σημανεω	1	Od. 12.26@3
hiatus_long	σθένεϊ	σθενει	1	Il. 16.542@11
hiatus_long	σικελή	σικελη	1	Od. 24.389@5
hiatus_long	σιπύλῳ	σιπυλω	1	Il. 24.615@3
hiatus_long	σκήλειʼ	σκηλειʼ	1	Il. 23.191@2
hiatus_long	σκαιῇ	σκαιη	1	Il. 16.734@2
hiatus_long	σκιερῷ	σκιερω	1	Il. 11.480@5
hiatus_long	σκοπέλου	σκοπελου	1	Od. 12.220@5
hiatus_long	σκοπέλῳ	σκοπελω	1	Od. 12.80@5
hiatus_long	σκόπελοι	σκοπελοι	1	Od. 12.73@5
hiatus_long	σκύλλη	σκυλλη	1	Od. 12.235@5
hiatus_long	σμινθεῦ	σμινθευ	1	Il. 1.39@2
hiatus_long	σπάρτῃ	σπαρτη	1	Od. 11.460@9
hiatus_long	σπερχείʼ	σπερχειʼ	1	Il. 23.144@2
hiatus_long	σπερχειῷ	σπερχειω	1	Il. 16.176@3
hiatus_long	σποδιῇ	σποδιη	1	Od. 5.488@7
hiatus_long	σταφύλῃ	σταφυλη	1	Il. 2.765@7
hiatus_long	στείνει	στεινει	1	Od. 22.460@5
hiatus_long	στιβαρῷ	στιβαρω	1	Il. 5.400@5
hiatus_long	στυγερή	στυγερη	1	Il. 23.79@5
hiatus_long	στυγεροῦ	στυγερου	1	Il. 8.368@9
hiatus_long	στυγερῇ	στυγερη	1	Od. 7.216@5
hiatus_long	στυγερῷ	στυγερω	1	Il. 22.483@7
hiatus_long	συγχεῦαι	συγχευαι	1	Od. 8.139@5
hiatus_long	συκέη	συκεη	1	Od. 24.246@5
hiatus_long	σφετέρου	σφετερου	1	Il. 18.210@5
hiatus_long	σφετέρῳ	σφετερω	1	Il. 17.322@7
hiatus_long	σφωʼ	σφωʼ	1	Il. 17.531@3
hiatus_long	σφῆλαι	σφηλαι	1	Il. 23.719@7
hiatus_long	σφῇ	σφη	1	Il. 11.90@3
hiatus_long	σχεθέτω	σχεθετω	1	Od. 8.542@5
hiatus_long	σχομένη	σχομενη	1	Od. 6.141@5
hiatus_long	τέκεϊ	τεκει	1	Od. 4.175@11
hiatus_long	τίουσαι	τιουσαι	1	Od. 22.425@5
hiatus_long	τίσασθαι	τισασθαι	1	Il. 2.590@3
hiatus_long	ταμίη	ταμιη	1	Il. 6.390@5
hiatus_long	τεή	τεη	1	Il. 14.249@7
hiatus_long	τείχει	τειχει	1	Il. 22.299@5
hiatus_long	τεθναίη	τεθναιη	1	Il. 3.102@3
hiatus_long	τελέσειʼ	τελεσειʼ	1	Il. 4.178@9
hiatus_long	τεύξειʼ	τευξειʼ	1	Il. 14.240@2
hiatus_long	τεῷ	τεω	1	Il. 14.219@7
hiatus_long	τηλυγέτω	τηλυγετω	1	Il. 5.153@5
hiatus_long	τιμήσῃ	τιμηση	1	Il. 2.4@3
hiatus_long	τιμῇ	τιμη	1	Il. 9.319@5
hiatus_long	τοί	τοι	1	Od. 11.252@4
hiatus_long	τοξοσύνῃ	τοξοσυνη	1	Il. 13.314@3
hiatus_long	τοῖʼ	τοιʼ	1	Od. 7.132@1
hiatus_long	τρηχεῖʼ	τρηχειʼ	1	Od. 9.27@2
hiatus_long	τριτάτη	τριτατη	1	Il. 24.761@7
hiatus_long	τριτάτῃ	τριτατη	1	Il. 15.195@9
hiatus_long	τριτάτῳ	τριτατω	1	Il. 23.267@5
hiatus_long	τροφοῦ	τροφου	1	Od. 19.489@3
hiatus_long	τυδεΐδη	τυδειδη	1	Il. 8.139@3
hiatus_long	τύμβῳ	τυμβω	1	Od. 12.15@7
hiatus_long	τύχῃ	τυχη	1	Il. 23.857@7
hiatus_long	υἷʼ	υιʼ	1	Il. 13.792@8
hiatus_long	φέρει	φερει	1	Od. 18.135@3
hiatus_long	φίλη	φιλη	1	Il. 3.130@5
hiatus_long	φίλοι	φιλοι	1	Od. 2.410@3
hiatus_long	φασσοφόνῳ	φασσοφονω	1	Il. 15.238@5
hiatus_long	φειδωλή	φειδωλη	1	Il. 22.244@5
hiatus_long	φθίῃ	φθιη	1	Il. 1.155@5
hiatus_long	φθαίη	φθαιη	1	Il. 13.815@5
hiatus_long	φθιμένου	φθιμενου	1	Il. 16.581@9
hiatus_long	φλοίσβου	φλοισβου	1	Il. 5.322@5
hiatus_long	φορέει	φορεει	1	Il. 5.499@7
hiatus_long	φραζομένῳ	φραζομενω	1	Il. 12.212@5
hiatus_long	φυγῇ	φυγη	1	Od. 10.117@7
hiatus_long	φυλάκῃ	φυλακη	1	Il. 2.700@9
hiatus_long	φωνή	φωνη	1	Il. 18.219@7
hiatus_long	χαλκείη	χαλκειη	1	Il. 20.474@5
hiatus_long	χαλκῷ	χαλκω	1	Il. 7.473@5
hiatus_long	χειμάρρῳ	χειμαρρω	1	Il. 5.88@3
hiatus_long	χειμέριαι	χειμεριαι	1	Il. 2.294@3
hiatus_long	χειμερίῃ	χειμεριη	1	Od. 5.485@5
hiatus_long	χειμερίῳ	χειμεριω	1	Il. 12.279@5
hiatus_long	χερμαδίῳ	χερμαδιω	1	Il. 5.582@3
hiatus_long	χολωσάμεναι	χολωσαμεναι	1	Il. 20.253@5
hiatus_long	χρή	χρη	1	Od. 12.154@5
hiatus_long	χρυσῆ	χρυση	1	Il. 22.470@9
hiatus_long	χρυσῇ	χρυση	1	Il. 24.699@9
hiatus_long	χρύσειʼ	χρυσειʼ	1	Il. 5.731@5
hiatus_long	χωομένου	χωομενου	1	Il. 9.107@3
hiatus_long	χωομένῳ	χωομενω	1	Il. 2.782@3
hiatus_long	χωσαμένη	χωσαμενη	1	Il. 9.534@3
hiatus_long	χόλῳ	χολω	1	Il. 16.203@7
hiatus_long	χόρτῳ	χορτω	1	Il. 11.774@5
hiatus_long	ψαμάθῳ	ψαμαθω	1	Od. 13.119@5
hiatus_long	ἀΐδεω	αιδεω	1	Il. 8.16@5
hiatus_long	ἀβρότη	αβροτη	1	Il. 14.78@3
hiatus_long	ἀγαθοῦ	αγαθου	1	Il. 13.284@3
hiatus_long	ἀγαθῇ	αγαθη	1	Od. 24.286@5
hiatus_long	ἀγαλλόμεναι	αγαλλομεναι	1	Il. 20.222@9
hiatus_long	ἀγαυοῦ	αγαυου	1	Il. 14.501@8
hiatus_long	ἀγειρόμενοι	αγειρομενοι	1	Od. 16.390@5
hiatus_long	ἀγορή	αγορη	1	Il. 2.95@5
hiatus_long	ἀγορευέμεναι	αγορευεμεναι	1	Od. 13.327@5
hiatus_long	ἀγρόμεναι	αγρομεναι	1	Od. 20.123@3
hiatus_long	ἀγρῷ	αγρω	1	Od. 11.188@2
hiatus_long	ἀδακρύτω	αδακρυτω	1	Od. 4.186@9
hiatus_long	ἀδμήτου	αδμητου	1	Il. 23.391@5
hiatus_long	ἀδύτῳ	αδυτω	1	Il. 5.448@5
hiatus_long	ἀεικελίῳ	αεικελιω	1	Od. 19.341@9
hiatus_long	ἀθεεί	αθεει	1	Od. 18.353@3
hiatus_long	ἀθλοφόροι	αθλοφοροι	1	Il. 11.699@5
hiatus_long	ἀκλήρῳ	ακληρω	1	Od. 11.490@5
hiatus_long	ἀκοντίζω	ακοντιζω	1	Od. 8.229@5
hiatus_long	ἀκοντισταί	ακοντισται	1	Il. 16.328@5
hiatus_long	ἀκροτάτῳ	ακροτατω	1	Il. 2.793@5
hiatus_long	ἀλέη	αλεη	1	Il. 22.301@3
hiatus_long	ἀλειψαμένη	αλειψαμενη	1	Il. 14.175@9
hiatus_long	ἀλεξέμεναι	αλεξεμεναι	1	Il. 13.356@9
hiatus_long	ἀλκή	αλκη	1	Il. 5.740@5
hiatus_long	ἀλκινόου	αλκινοου	1	Od. 7.23@3
hiatus_long	ἀλλοίῳ	αλλοιω	1	Il. 4.258@9
hiatus_long	ἀλλογνώτῳ	αλλογνωτω	1	Od. 2.366@9
hiatus_long	ἀλλοτρίῳ	αλλοτριω	1	Od. 20.171@5
hiatus_long	ἀλφειοῦ	αλφειου	1	Il. 5.545@3
hiatus_long	ἀμβροσίη	αμβροσιη	1	Il. 18.268@3
hiatus_long	ἀμνισῷ	αμνισω	1	Od. 19.188@5
hiatus_long	ἀμφιρύτῃ	αμφιρυτη	1	Od. 1.50@5
hiatus_long	ἀμύνεσθαι	αμυνεσθαι	1	Od. 22.116@9
hiatus_long	ἀναβησάμενοι	αναβησαμενοι	1	Od. 15.475@5
hiatus_long	ἀνασχομένω	ανασχομενω	1	Od. 18.95@5
hiatus_long	ἀνασχόμενοι	ανασχομενοι	1	Il. 12.138@5
hiatus_long	ἀναχωρείτω	αναχωρειτω	1	Il. 4.305@5
hiatus_long	ἀναχωρῆσαι	αναχωρησαι	1	Il. 20.335@5
hiatus_long	ἀνδροκμήτῳ	ανδροκμητω	1	Il. 11.371@9
hiatus_long	ἀνδρόμεοι	ανδρομεοι	1	Od. 9.374@5
hiatus_long	ἀνηνύστῳ	ανηνυστω	1	Od. 16.111@9
hiatus_long	ἀνιεμένη	ανιεμενη	1	Il. 22.80@5
hiatus_long	ἀννεῖται	αννειται	1	Od. 10.192@5
hiatus_long	ἀντινόῳ	αντινοω	1	Od. 22.8@5
hiatus_long	ἀντιπέραιʼ	αντιπεραιʼ	1	Il. 2.635@9
hiatus_long	ἀπαρέσσασθαι	απαρεσσασθαι	1	Il. 19.183@5
hiatus_long	ἀπεσσεῖται	απεσσειται	1	Od. 19.302@5
hiatus_long	ἀπεχθήρω	απεχθηρω	1	Il. 3.415@5
hiatus_long	ἀποαιρεῖσθαι	αποαιρεισθαι	1	Il. 1.230@5
hiatus_long	ἀποδάσσεσθαι	αποδασσεσθαι	1	Il. 22.118@5
hiatus_long	ἀποιχομένου	αποιχομενου	1	Od. 1.253@9
hiatus_long	ἀποκρύψαι	αποκρυψαι	1	Il. 18.465@5
hiatus_long	ἀποκτείνω	αποκτεινω	1	Od. 22.167@5
hiatus_long	ἀπορραίσει	απορραισει	1	Od. 1.404@5
hiatus_long	ἀποφθίσθω	αποφθισθω	1	Il. 8.429@7
hiatus_long	ἀποφθιμένου	αποφθιμενου	1	Il. 18.499@5
hiatus_long	ἀργαλέῃ	αργαλεη	1	Il. 14.105@3
hiatus_long	ἀργύρεοι	αργυρεοι	1	Od. 7.89@5
hiatus_long	ἀριπρεπέα	αριπρεπεα	1	Il. 8.556@5
hiatus_long	ἀσιάδῃ	ασιαδη	1	Il. 17.583@5
hiatus_long	ἀσκαλάφῳ	ασκαλαφω	1	Il. 13.526@5
hiatus_long	ἀσκληπιάδῃ	ασκληπιαδη	1	Il. 11.614@5
hiatus_long	ἀστεροπῇ	αστεροπη	1	Il. 13.242@5
hiatus_long	ἀστράπτει	αστραπτει	1	Il. 9.237@3
hiatus_long	ἀτελευτήτῳ	ατελευτητω	1	Il. 4.175@9
hiatus_long	ἀτιμάζει	ατιμαζει	1	Od. 14.164@5
hiatus_long	ἀτιμήσειʼ	ατιμησειʼ	1	Il. 9.62@5
hiatus_long	ἀφίει	αφιει	1	Il. 11.702@7
hiatus_long	ἀφιεῖσαι	αφιεισαι	1	Od. 7.126@5
hiatus_long	ἀφνειοῦ	αφνειου	1	Od. 11.414@5
hiatus_long	ἀχιλεῦ	αχιλευ	1	Il. 24.503@7
hiatus_long	ἀχνύμεναι	αχνυμεναι	1	Od. 11.542@5
hiatus_long	ἁζόμενοι	αζομενοι	1	Od. 9.200@3
hiatus_long	ἁπτέσθω	απτεσθω	1	Il. 2.358@3
hiatus_long	ἁρμονίδεω	αρμονιδεω	1	Il. 5.60@3
hiatus_long	ἄγω	αγω	1	Od. 22.168@5
hiatus_long	ἄγῃ	αγη	1	Il. 7.335@3
hiatus_long	ἄλλαι	αλλαι	1	Od. 20.109@4
hiatus_long	ἄλλοι	αλλοι	1	Il. 11.75@3
hiatus_long	ἄλλῃ	αλλη	1	Od. 23.186@9
hiatus_long	ἄλοχοι	αλοχοι	1	Od. 11.227@7
hiatus_long	ἄνευ	ανευ	1	Il. 15.213@3
hiatus_long	ἄντρου	αντρου	1	Od. 9.312@5
hiatus_long	ἄνω	ανω	1	Od. 11.596@3
hiatus_long	ἄξει	αξει	1	Il. 24.183@3
hiatus_long	ἄρα	αρα	1	Il. 17.196@7
hiatus_long	ἄρεω	αρεω	1	Il. 18.213@7
hiatus_long	ἄρηʼ	αρηʼ	1	Il. 5.909@7
hiatus_long	ἄτη	ατη	1	Il. 19.91@7
hiatus_long	ἐΰξεστοι	ευξεστοι	1	Il. 18.276@5
hiatus_long	ἐΰσσελμοι	ευσσελμοι	1	Od. 13.101@5
hiatus_long	ἐβεβρύχει	εβεβρυχει	1	Od. 12.242@5
hiatus_long	ἐδίδου	εδιδου	1	Od. 11.289@3
hiatus_long	ἐθέλῃ	εθελη	1	Od. 12.349@3
hiatus_long	ἐκπέρσαι	εκπερσαι	1	Il. 2.133@5
hiatus_long	ἐκτελέει	εκτελεει	1	Il. 10.105@3
hiatus_long	ἐκτῆσθαι	εκτησθαι	1	Il. 9.402@5
hiatus_long	ἐκύκα	εκυκα	1	Od. 10.235@7
hiatus_long	ἐλάσαι	ελασαι	1	Od. 18.94@3
hiatus_long	ἐλεεινοτάτῳ	ελεεινοτατω	1	Od. 8.530@5
hiatus_long	ἐλεφαίρονται	ελεφαιρονται	1	Od. 19.565@5
hiatus_long	ἐμεῖʼ	εμειʼ	1	Il. 23.789@5
hiatus_long	ἐνιπρῆσαι	ενιπρησαι	1	Il. 13.319@5
hiatus_long	ἐντυναμένη	εντυναμενη	1	Od. 12.18@5
hiatus_long	ἐξείποι	εξειποι	1	Il. 24.654@5
hiatus_long	ἐξείπῃ	εξειπη	1	Od. 15.443@5
hiatus_long	ἐξελθέμεναι	εξελθεμεναι	1	Od. 4.283@5
hiatus_long	ἐξερέω	εξερεω	1	Il. 8.286@5
hiatus_long	ἐξερύοι	εξερυοι	1	Il. 10.505@5
hiatus_long	ἐπαΐσσει	επαισσει	1	Il. 22.142@5
hiatus_long	ἐπασσύτεροι	επασσυτεροι	1	Od. 16.366@5
hiatus_long	ἐπειγομένη	επειγομενη	1	Il. 6.388@9
hiatus_long	ἐπειγόμενοι	επειγομενοι	1	Od. 11.339@5
hiatus_long	ἐπικρῆσαι	επικρησαι	1	Od. 7.164@5
hiatus_long	ἐπιξύνῳ	επιξυνω	1	Il. 12.422@9
hiatus_long	ἐπισταμένου	επισταμενου	1	Od. 14.359@5
hiatus_long	ἐπισταμένῳ	επισταμενω	1	Od. 23.185@5
hiatus_long	ἐπιτρέψαι	επιτρεψαι	1	Od. 22.289@5
hiatus_long	ἐρέει	ερεει	1	Il. 9.56@5
hiatus_long	ἐρραίσθη	ερραισθη	1	Il. 16.339@5
hiatus_long	ἐρχομένῳ	ερχομενω	1	Il. 5.198@3
hiatus_long	ἐσέρχονται	εσερχονται	1	Od. 13.112@5
hiatus_long	ἐυκτιμένῃ	ευκτιμενη	1	Od. 4.342@9
hiatus_long	ἐυσσέλμου	ευσσελμου	1	Od. 12.358@9
hiatus_long	ἐυσσέλμῳ	ευσσελμω	1	Od. 2.414@9
hiatus_long	ἐφίλει	εφιλει	1	Od. 17.111@5
hiatus_long	ἐφεζόμενοι	εφεζομενοι	1	Il. 3.152@5
hiatus_long	ἐφιεμένῃ	εφιεμενη	1	Il. 24.300@9
hiatus_long	ἐφωρμήθη	εφωρμηθη	1	Od. 4.713@5
hiatus_long	ἐφόρει	εφορει	1	Il. 4.137@5
hiatus_long	ἐφύρῃ	εφυρη	1	Il. 6.210@3
hiatus_long	ἐϊκυῖʼ	εικυιʼ	1	Il. 4.78@3
hiatus_long	ἐϋδμήτου	ευδμητου	1	Il. 16.700@9
hiatus_long	ἐϋδμήτῳ	ευδμητω	1	Od. 22.126@9
hiatus_long	ἐϋπλέκτῳ	ευπλεκτω	1	Il. 23.335@9
hiatus_long	ἐϋσσέλμῳ	ευσσελμω	1	Od. 14.345@9
hiatus_long	ἐϋσσώρου	ευσσωρου	1	Il. 6.8@5
hiatus_long	ἐϋστεφάνῳ	ευστεφανω	1	Il. 19.99@9
hiatus_long	ἑανοῦ	εανου	1	Il. 3.385@7
hiatus_long	ἑζόμενοι	εζομενοι	1	Od. 3.471@5
hiatus_long	ἑκηβολίαι	εκηβολιαι	1	Il. 5.54@5
hiatus_long	ἑλένῃ	ελενη	1	Od. 4.130@5
hiatus_long	ἑλένῳ	ελενω	1	Il. 13.582@7
hiatus_long	ἑλετή	ελετη	1	Il. 9.409@3
hiatus_long	ἑνδεκάτη	ενδεκατη	1	Il. 21.156@5
hiatus_long	ἑνδεκάτῳ	ενδεκατω	1	Od. 3.391@9
hiatus_long	ἑρκείου	ερκειου	1	Od. 22.335@3
hiatus_long	ἑστήκει	εστηκει	1	Il. 22.36@3
hiatus_long	ἑστήκῃ	εστηκη	1	Od. 22.469@9
hiatus_long	ἑτέρου	ετερου	1	Od. 23.90@5
hiatus_long	ἔκηʼ	εκηʼ	1	Od. 19.366@5
hiatus_long	ἔλθοι	ελθοι	1	Od. 9.534@5
hiatus_long	ἔναιʼ	εναιʼ	1	Od. 4.126@9
hiatus_long	ἔνδιοι	ενδιοι	1	Il. 11.726@3
hiatus_long	ἔραται	εραται	1	Il. 9.64@5
hiatus_long	ἔρχευ	ερχευ	1	Od. 17.22@3
hiatus_long	ἔσομαι	εσομαι	1	Od. 13.129@5
hiatus_long	ἔσται	εσται	1	Od. 18.272@3
hiatus_long	ἔχομαι	εχομαι	1	Od. 19.168@5
hiatus_long	ἔχῃ	εχη	1	Od. 11.159@7
hiatus_long	ἔω	εω	1	Il. 1.119@7
hiatus_long	ἕλκει	ελκει	1	Il. 24.52@2
hiatus_long	ἕννυσθαι	εννυσθαι	1	Od. 14.522@3
hiatus_long	ἠΐθεοι	ηιθεοι	1	Il. 18.567@7
hiatus_long	ἠλίβατοι	ηλιβατοι	1	Il. 16.35@5
hiatus_long	ἠνώγεα	ηνωγεα	1	Od. 10.263@5
hiatus_long	ἠνώγει	ηνωγει	1	Od. 12.160@5
hiatus_long	ἠχῇ	ηχη	1	Il. 2.209@2
hiatus_long	ἡγεῖσθαι	ηγεισθαι	1	Od. 13.65@3
hiatus_long	ἡμέτεροι	ημετεροι	1	Od. 10.436@3
hiatus_long	ἡμίονοι	ημιονοι	1	Il. 24.324@5
hiatus_long	ἡμετέρου	ημετερου	1	Od. 21.375@3
hiatus_long	ἡμετέρῃ	ημετερη	1	Od. 7.193@5
hiatus_long	ἡνιόχευʼ	ηνιοχευʼ	1	Il. 23.642@5
hiatus_long	ἥρωʼ	ηρωʼ	1	Od. 11.520@2
hiatus_long	ἧμαι	ημαι	1	Od. 14.41@2
hiatus_long	ἰάνθη	ιανθη	1	Il. 23.598@3
hiatus_long	ἰασίδῃ	ιασιδη	1	Od. 17.443@5
hiatus_long	ἰδίη	ιδιη	1	Od. 3.82@5
hiatus_long	ἰδαίου	ιδαιου	1	Il. 16.605@3
hiatus_long	ἰδαίῳ	ιδαιω	1	Il. 24.291@3
hiatus_long	ἰδρείῃ	ιδρειη	1	Il. 7.198@5
hiatus_long	ἰησάμενοι	ιησαμενοι	1	Od. 19.460@5
hiatus_long	ἰθύσειʼ	ιθυσειʼ	1	Od. 11.591@5
hiatus_long	ἰκαρίῳ	ικαριω	1	Od. 2.133@3
hiatus_long	ἰφίκλου	ιφικλου	1	Il. 2.705@3
hiatus_long	ἰφθίμη	ιφθιμη	1	Il. 5.415@3
hiatus_long	ἰφθίμῃ	ιφθιμη	1	Od. 12.452@5
hiatus_long	ἱέμεναι	ιεμεναι	1	Il. 22.206@5
hiatus_long	ἱδρῶσαι	ιδρωσαι	1	Il. 11.598@3
hiatus_long	ἱεμένη	ιεμενη	1	Il. 15.543@5
hiatus_long	ἱερῇ	ιερη	1	Il. 5.446@5
hiatus_long	ἱεῖσαι	ιεισαι	1	Od. 12.192@5
hiatus_long	ἱππείῃ	ιππειη	1	Il. 10.568@5
hiatus_long	ἱπποδάμου	ιπποδαμου	1	Il. 23.472@5
hiatus_long	ἱπποσύνῃ	ιπποσυνη	1	Il. 23.289@9
hiatus_long	ἱστάμενοι	ισταμενοι	1	Il. 15.710@7
hiatus_long	ἴδω	ιδω	1	Od. 10.387@7
hiatus_long	ἴτω	ιτω	1	Il. 23.667@3
hiatus_long	ἵξεσθαι	ιξεσθαι	1	Il. 15.505@5
hiatus_long	ἵππῳ	ιππω	1	Il. 4.145@7
hiatus_long	ὀαριζέμεναι	οαριζεμεναι	1	Il. 22.127@5
hiatus_long	ὀδυρομένη	οδυρομενη	1	Od. 19.46@5
hiatus_long	ὀδυρομένῳ	οδυρομενω	1	Od. 5.153@5
hiatus_long	ὀδυσεῖ	οδυσει	1	Od. 5.398@3
hiatus_long	ὀδυσσῆʼ	οδυσσηʼ	1	Od. 6.212@4
hiatus_long	ὀδυσσῆι	οδυσσηι	1	Od. 6.248@5
hiatus_long	ὀδύνη	οδυνη	1	Il. 15.25@5
hiatus_long	ὀλέσαι	ολεσαι	1	Od. 12.349@5
hiatus_long	ὀλίγῳ	ολιγω	1	Il. 12.423@3
hiatus_long	ὀλοφυρόμενοι	ολοφυρομενοι	1	Il. 24.328@5
hiatus_long	ὀνείρῳ	ονειρω	1	Il. 22.199@4
hiatus_long	ὀρίνονται	ορινονται	1	Il. 11.525@5
hiatus_long	ὀρεξάσθω	ορεξασθω	1	Il. 4.307@5
hiatus_long	ὀρεξαμένη	ορεξαμενη	1	Od. 21.53@5
hiatus_long	ὀρνυμένου	ορνυμενου	1	Il. 4.421@3
hiatus_long	ὀρφανικοί	ορφανικοι	1	Il. 11.394@5
hiatus_long	ὀτρύνει	οτρυνει	1	Il. 24.289@3
hiatus_long	ὁμάδῳ	ομαδω	1	Il. 13.797@5
hiatus_long	ὁμοστιχάει	ομοστιχαει	1	Il. 15.635@5
hiatus_long	ὁμοῦ	ομου	1	Od. 11.573@3
hiatus_long	ὁπποῖʼ	οπποιʼ	1	Od. 19.218@4
hiatus_long	ὁρᾷ	ορα	1	Il. 11.187@5
hiatus_long	ὁρῶ	ορω	1	Il. 3.234@7
hiatus_long	ὄνομα	ονομα	1	Od. 9.366@5
hiatus_long	ὄνοσαι	ονοσαι	1	Od. 17.378@3
hiatus_long	ὄργυιʼ	οργυιʼ	1	Il. 23.327@9
hiatus_long	ὅπῃ	οπη	1	Od. 3.106@7
hiatus_long	ὅρα	ορα	1	Il. 23.386@5
hiatus_long	ὅρκου	ορκου	1	Il. 23.441@8
hiatus_long	ὑπέρθυμοι	υπερθυμοι	1	Il. 17.276@5
hiatus_long	ὑπεκρύφθη	υπεκρυφθη	1	Il. 15.626@5
hiatus_long	ὑπερτερίῃ	υπερτεριη	1	Od. 6.70@9
hiatus_long	ὑπερφίαλοι	υπερφιαλοι	1	Il. 21.459@9
hiatus_long	ὑπισχόμεναι	υπισχομεναι	1	Od. 15.463@5
hiatus_long	ὑποκυσάμεναι	υποκυσαμεναι	1	Il. 20.225@5
hiatus_long	ὑποστήτω	υποστητω	1	Il. 9.160@5
hiatus_long	ὑπόσχωμαι	υποσχωμαι	1	Il. 22.114@5
hiatus_long	ὑψηλῇ	υψηλη	1	Il. 2.395@5
hiatus_long	ὑψιπύλη	υψιπυλη	1	Il. 7.469@5
hiatus_long	ὕλῃ	υλη	1	Il. 7.221@7
hiatus_long	ὠκεανοῦ	ωκεανου	1	Il. 14.246@3
hiatus_long	ὠκεῖαι	ωκειαι	1	Od. 7.36@5
hiatus_long	ὠκυάλου	ωκυαλου	1	Il. 15.705@5
hiatus_long	ᾔδη	ηδη	1	Od. 23.220@3
hiatus_long	ῥήνη	ρηνη	1	Il. 2.728@5
hiatus_long	ῥίψω	ριψω	1	Il. 8.13@5
hiatus_long	ῥαιομένου	ραιομενου	1	Od. 6.326@3
hiatus_long	ῥείθρῳ	ρειθρω	1	Od. 1.186@5
hiatus_long	ῥητῷ	ρητω	1	Il. 21.445@5
hiatus_long	ῥιπῇ	ριπη	1	Il. 8.355@5
hiatus_long	ῥοπάλῳ	ροπαλω	1	Od. 17.236@7
hiatus_long	ῥυμοῦ	ρυμου	1	Il. 10.505@2
hiatus_long	ῥυμῷ	ρυμω	1	Il. 6.40@7
internal_correption	δηΐων	δηιων	7	Il. 2.544@5.5; Il. 13.395@5.5; Il. 13.556@5.5; Il. 16.591@5.5; Il. 17.167@7.5; Il. 17.272@5.5; Il. 18.220@5.5
internal_correption	μεμαυῖα	μεμαυια	7	Il. 4.440@10; Il. 5.518@10; Il. 7.24@4; Il. 14.298@4; Il. 15.83@4; Od. 13.389@4; Od. 16.171@8
internal_correption	υἱέ	υιε	6	Il. 7.47@2; Il. 11.200@2; Il. 15.244@2; Il. 16.21@6; Il. 19.216@6; Od. 11.478@6
internal_correption	ἐκγεγαυῖα	εκγεγαυια	6	Il. 3.199@10; Il. 3.418@10; Od. 4.184@10; Od. 4.219@10; Od. 6.229@10; Od. 23.218@10
internal_correption	δηΐοιο	δηιοιο	5	Il. 2.415@7.5; Il. 6.331@7.5; Il. 8.181@7.5; Il. 11.667@7.5; Il. 16.127@7.5
internal_correption	μεμαυῖαν	μεμαυιαν	5	Il. 4.73@8; Il. 19.349@8; Il. 22.186@8; Od. 17.286@10; Od. 24.487@8
internal_correption	δήϊον	δηιον	4	Il. 9.347@9.5; Il. 9.674@9.5; Il. 16.301@9.5; Il. 18.13@9.5
internal_correption	δηΐοισι	δηιοισι	4	Il. 4.373@7.5; Il. 6.82@5.5; Il. 11.190@3.5; Il. 11.205@3.5
internal_correption	υἱός	υιοσ	4	Il. 1.489@6; Il. 17.575@7.5; Il. 23.678@4; Od. 11.270@6
internal_correption	δηΐους	δηιουσ	3	Il. 10.358@3.5; Il. 12.264@5.5; Il. 12.276@5.5
internal_correption	οἷος	οιοσ	3	Il. 13.275@3.5; Il. 18.105@3.5; Od. 20.89@3.5
internal_correption	υἱόν	υιον	3	Il. 4.473@6; Il. 5.612@7.5; Il. 17.590@7.5
internal_correption	δηΐοισιν	δηιοισιν	2	Il. 9.317@3.5; Il. 17.148@3.5
internal_correption	αἰόλου	αιολου	1	Od. 10.36@3.5
internal_correption	βέβληαι	βεβληαι	1	Il. 11.380@1.5
internal_correption	γουνάζομαι—οὐ	γουναζομαι—ου	1	Od. 13.324@8
internal_correption	δηΐῳ	δηιω	1	Il. 7.241@5.5
internal_correption	δινήεντος	δινηεντοσ	1	Il. 22.148@10
internal_correption	μεμαυῖʼ	μεμαυιʼ	1	Il. 5.732@6
internal_correption	μεμαυῖαι	μεμαυιαι	1	Il. 11.615@10
internal_correption	ναιετοώσας	ναιετοωσασ	1	Od. 8.574@9.5
internal_correption	χαμαιευνάδες	χαμαιευναδεσ	1	Od. 10.243@6
internal_correption	χαμαιεῦναι	χαμαιευναι	1	Il. 16.235@10
internal_correption	ἐμβεβαυῖα	εμβεβαυια	1	Il. 24.81@10
internal_correption	ἔμπαιον	εμπαιον	1	Od. 20.379@1.5
internal_correption	ἠΐων	ηιων	1	Od. 5.368@5.5
internal_correption	ἠέ	ηε	1	Od. 1.226@3.5
internal_correption	ἥρωος	ηρωοσ	1	Od. 6.303@1.5
internal_correption	ἰῷ	ιω	1	Il. 6.422@4
lengthening_closed	γάρ	γαρ	6	Il. 1.342@5; Il. 2.342@3; Il. 9.419@7; Il. 9.686@7; Od. 11.580@3; Od. 16.411@3
lengthening_closed	μῆτιν	μητιν	6	Il. 2.169@9; Il. 2.407@9; Il. 2.636@9; Il. 7.47@9; Il. 10.137@9; Il. 11.200@9
lengthening_closed	χωόμενος	χωομενοσ	5	Il. 1.244@3; Il. 23.603@3; Od. 8.238@3; Od. 11.103@3; Od. 13.343@3
lengthening_closed	ἔπος	εποσ	5	Il. 3.83@5; Il. 10.540@7; Il. 11.652@3; Od. 16.11@7; Od. 23.342@7
lengthening_closed	εὐρύαλος	ευρυαλοσ	4	Od. 8.127@5; Od. 8.140@5; Od. 8.158@5; Od. 8.400@5
lengthening_closed	τρῶες	τρωεσ	4	Il. 16.569@7; Il. 16.592@7; Il. 17.274@7; Il. 17.730@3
lengthening_closed	ἀλέξανδρος	αλεξανδροσ	4	Il. 3.329@5; Il. 7.355@5; Il. 8.82@5; Il. 11.369@5
lengthening_closed	ἅλις	αλισ	4	Il. 17.54@7; Il. 21.236@7; Il. 21.344@7; Od. 7.295@7
lengthening_closed	ἔχον	εχον	4	Il. 2.504@5; Il. 2.539@5; Il. 2.634@5; Il. 2.635@5
lengthening_closed	εἶχον	ειχον	3	Il. 2.500@5; Il. 2.574@5; Il. 2.585@5
lengthening_closed	θοῦριν	θουριν	3	Il. 7.164@7; Il. 8.262@7; Il. 18.157@7
lengthening_closed	μέν	μεν	3	Il. 7.389@3; Il. 11.783@3; Il. 22.482@3
lengthening_closed	μιν	μιν	3	Il. 5.385@5; Il. 10.347@3; Il. 11.376@5
lengthening_closed	πάτερ	πατερ	3	Od. 8.408@3; Od. 18.122@3; Od. 20.199@3
lengthening_closed	πόλεμον	πολεμον	3	Il. 1.226@5; Il. 1.491@5; Il. 18.238@3
lengthening_closed	πόλιος	πολιοσ	3	Il. 11.168@5; Od. 6.262@5; Od. 16.471@5
lengthening_closed	ἀμφίνομος	αμφινομοσ	3	Od. 16.394@5; Od. 18.412@5; Od. 20.244@5
lengthening_closed	ἔφαν	εφαν	3	Il. 7.206@3; Od. 9.413@3; Od. 10.471@7
lengthening_closed	ὤμοιιν	ωμοιιν	3	Il. 5.622@3; Il. 13.511@3; Od. 6.219@5
lengthening_closed	αὐτός	αυτοσ	2	Il. 7.173@3; Od. 9.207@3
lengthening_closed	βέλος	βελοσ	2	Il. 1.51@7; Il. 4.129@7
lengthening_closed	βρισῆος	βρισηοσ	2	Il. 9.132@5; Il. 9.274@5
lengthening_closed	δευόμενον	δευομενον	2	Il. 20.472@5; Od. 4.264@5
lengthening_closed	εὐρυπυλές	ευρυπυλεσ	2	Il. 23.74@9; Od. 11.571@9
lengthening_closed	κεν	κεν	2	Il. 17.260@5; Il. 20.243@3
lengthening_closed	μέγαρον	μεγαρον	2	Od. 7.180@5; Od. 13.51@5
lengthening_closed	μοῖραν	μοιραν	2	Od. 4.783@5; Od. 8.54@5
lengthening_closed	νισόμενον	νισομενον	2	Od. 4.701@5; Od. 5.19@5
lengthening_closed	πάϊς	παισ	2	Il. 22.492@7; Il. 22.499@7
lengthening_closed	πίσυνος	πισυνοσ	2	Il. 24.295@3; Il. 24.313@3
lengthening_closed	παννύχιον	παννυχιον	2	Il. 2.24@5; Il. 2.61@5
lengthening_closed	πεδίον	πεδιον	2	Il. 21.558@5; Il. 22.198@3
lengthening_closed	πρίαμος	πριαμοσ	2	Il. 13.368@5; Il. 22.352@5
lengthening_closed	πρῆξιν	πρηξιν	2	Od. 3.72@5; Od. 9.253@5
lengthening_closed	πτόλιος	πτολιοσ	2	Il. 17.147@5; Od. 6.294@5
lengthening_closed	πόλιν	πολιν	2	Il. 1.19@7; Il. 2.329@5
lengthening_closed	πόλις	πολισ	2	Il. 11.711@7; Il. 16.69@7
lengthening_closed	τηλέμαχος	τηλεμαχοσ	2	Od. 20.303@7; Od. 22.267@7
lengthening_closed	φθάμενος	φθαμενοσ	2	Il. 23.779@5; Od. 19.449@9
lengthening_closed	ἀγέμεν	αγεμεν	2	Il. 7.418@7; Il. 7.420@7
lengthening_closed	ἀτάρ	αταρ	2	Od. 5.108@3; Od. 19.273@7
lengthening_closed	ἄεσαν	αεσαν	2	Od. 3.490@5; Od. 15.188@5
lengthening_closed	ἐπερχόμενον	επερχομενον	2	Il. 1.535@5; Il. 8.536@5
lengthening_closed	ἐρεισάμενος	ερεισαμενοσ	2	Il. 2.109@5; Il. 16.736@5
lengthening_closed	ἔχεαν	εχεαν	2	Il. 18.347@5; Od. 8.436@5
lengthening_closed	ἴκελον	ικελον	2	Il. 18.591@3; Od. 13.157@5
lengthening_closed	ἴμεν	ιμεν	2	Od. 8.283@3; Od. 11.148@5
lengthening_closed	ἵπποιιν	ιπποιιν	2	Il. 5.13@5; Il. 19.396@9
lengthening_closed	ὄιν	οιν	2	Od. 10.524@7; Od. 11.32@7
lengthening_closed	αἰνόμορον	αινομορον	1	Il. 22.481@5
lengthening_closed	αἰνύμενος	αινυμενοσ	1	Od. 9.429@5
lengthening_closed	αὐτοκασίγνητον	αυτοκασιγνητον	1	Il. 11.427@5
lengthening_closed	αὐτοκασίγνητος	αυτοκασιγνητοσ	1	Il. 16.718@5
lengthening_closed	αὐτόετες	αυτοετεσ	1	Od. 3.322@3
lengthening_closed	αὐτόλυκος	αυτολυκοσ	1	Od. 19.405@5
lengthening_closed	γένος	γενοσ	1	Od. 4.62@7
lengthening_closed	γαμβρός	γαμβροσ	1	Od. 8.582@5
lengthening_closed	γλύκιον	γλυκιον	1	Od. 9.34@5
lengthening_closed	γνάμψεν	γναμψεν	1	Il. 23.731@5
lengthening_closed	γύαλον	γυαλον	1	Il. 13.587@5
lengthening_closed	δίδομεν	διδομεν	1	Il. 2.228@5
lengthening_closed	δεξάμενος	δεξαμενοσ	1	Il. 23.89@5
lengthening_closed	δεσμόν	δεσμον	1	Od. 8.359@5
lengthening_closed	διός	διοσ	1	Il. 18.168@3
lengthening_closed	δμῶες	δμωεσ	1	Od. 11.190@9
lengthening_closed	δῶκεν	δωκεν	1	Il. 10.270@7
lengthening_closed	εἰσάμενος	εισαμενοσ	1	Il. 16.716@5
lengthening_closed	θάλαμον	θαλαμον	1	Od. 8.277@5
lengthening_closed	θάνατον	θανατον	1	Il. 20.481@5
lengthening_closed	θεοκλύμενος	θεοκλυμενοσ	1	Od. 15.529@5
lengthening_closed	θεοπρόπιον	θεοπροπιον	1	Il. 1.85@9
lengthening_closed	θυγατέρος	θυγατεροσ	1	Il. 21.504@11
lengthening_closed	κέν	κεν	1	Il. 22.42@5
lengthening_closed	κήδιστος	κηδιστοσ	1	Od. 10.225@5
lengthening_closed	κασίγνητον	κασιγνητον	1	Il. 24.47@5
lengthening_closed	κασίγνητος	κασιγνητοσ	1	Il. 14.473@5
lengthening_closed	κατάστησον	καταστησον	1	Od. 12.185@5
lengthening_closed	κεκλιμένος	κεκλιμενοσ	1	Il. 11.371@5
lengthening_closed	λάρισαν	λαρισαν	1	Il. 2.841@5
lengthening_closed	λίπεν	λιπεν	1	Il. 24.470@7
lengthening_closed	λευκόν	λευκον	1	Il. 3.103@7
lengthening_closed	λιμένος	λιμενοσ	1	Il. 21.23@9
lengthening_closed	λόχον	λοχον	1	Od. 4.531@3
lengthening_closed	λῦσαν	λυσαν	1	Od. 10.47@5
lengthening_closed	μέλεος	μελεοσ	1	Il. 23.795@7
lengthening_closed	μένεος	μενεοσ	1	Il. 6.265@7
lengthening_closed	μέροπες	μεροπεσ	1	Il. 18.288@9
lengthening_closed	μίνωος	μινωοσ	1	Od. 11.322@5
lengthening_closed	μαρνάμενος	μαρναμενοσ	1	Il. 9.327@5
lengthening_closed	μαχησόμενος	μαχησομενοσ	1	Il. 1.153@5
lengthening_closed	μυρμιδόνες	μυρμιδονεσ	1	Il. 16.269@3
lengthening_closed	μόρον	μορον	1	Il. 24.85@3
lengthening_closed	νεός	νεοσ	1	Od. 10.172@7
lengthening_closed	νιφετόν	νιφετον	1	Il. 10.7@3
lengthening_closed	νιφετός	νιφετοσ	1	Od. 4.566@3
lengthening_closed	νιψάμενος	νιψαμενοσ	1	Od. 12.336@5
lengthening_closed	νοῦσος	νουσοσ	1	Od. 11.172@5
lengthening_closed	νῆας	νηασ	1	Il. 18.260@5
lengthening_closed	ξεῖνος	ξεινοσ	1	Od. 19.99@3
lengthening_closed	οἰκῆας	οικηασ	1	Il. 6.366@3
lengthening_closed	πάντας	παντασ	1	Od. 24.528@5
lengthening_closed	πάτροκλον	πατροκλον	1	Il. 9.220@3
lengthening_closed	πέλαγος	πελαγοσ	1	Od. 5.330@5
lengthening_closed	πέλεκυν	πελεκυν	1	Il. 17.520@7
lengthening_closed	παμμέλανας	παμμελανασ	1	Od. 3.6@5
lengthening_closed	παρʼ	παρʼ	1	Od. 10.36@3
lengthening_closed	πατροκασίγνητον	πατροκασιγνητον	1	Od. 6.330@5
lengthening_closed	περ	περ	1	Il. 17.104@5
lengthening_closed	περικτίονας	περικτιονασ	1	Od. 2.65@9
lengthening_closed	πλεῖον	πλειον	1	Od. 8.475@9
lengthening_closed	πολέες	πολεεσ	1	Il. 7.232@3
lengthening_closed	πολυστάφυλον	πολυσταφυλον	1	Il. 2.507@5
lengthening_closed	πολύρρηνος	πολυρρηνοσ	1	Od. 11.257@5
lengthening_closed	πολύς	πολυσ	1	Il. 13.705@7
lengthening_closed	ποσείδαον	ποσειδαον	1	Il. 14.357@9
lengthening_closed	πρῶτος	πρωτοσ	1	Il. 11.219@5
lengthening_closed	πόσιν	ποσιν	1	Od. 4.137@7
lengthening_closed	πόσιος	ποσιοσ	1	Od. 23.150@7
lengthening_closed	πύματον	πυματον	1	Od. 9.369@5
lengthening_closed	σειόμενον	σειομενον	1	Il. 13.558@3
lengthening_closed	σθένελος	σθενελοσ	1	Il. 23.511@5
lengthening_closed	στόρεσαν	στορεσαν	1	Od. 4.301@5
lengthening_closed	σφῶϊν	σφωιν	1	Od. 16.171@5
lengthening_closed	σχεδόθεν	σχεδοθεν	1	Od. 19.447@5
lengthening_closed	σύν	συν	1	Od. 17.540@3
lengthening_closed	σῶκος	σωκοσ	1	Il. 20.72@7
lengthening_closed	τέκος	τεκοσ	1	Il. 8.248@7
lengthening_closed	τέμενος	τεμενοσ	1	Il. 2.696@5
lengthening_closed	τίς	τισ	1	Il. 14.427@5
lengthening_closed	τερπόμενος	τερπομενοσ	1	Od. 12.52@5
lengthening_closed	τηλέμαχον	τηλεμαχον	1	Od. 20.374@3
lengthening_closed	τις	τισ	1	Il. 14.423@5
lengthening_closed	τόν	τον	1	Od. 5.266@1
lengthening_closed	φεύγωμεν	φευγωμεν	1	Od. 10.269@3
lengthening_closed	φόνος	φονοσ	1	Od. 20.246@5
lengthening_closed	χάριν	χαριν	1	Il. 5.874@7
lengthening_closed	χειμέριον	χειμεριον	1	Il. 23.420@9
lengthening_closed	χερειότερος	χερειοτεροσ	1	Il. 12.270@5
lengthening_closed	χρυσόν	χρυσον	1	Od. 3.435@5
lengthening_closed	ἀγασθένεος	αγασθενεοσ	1	Il. 2.624@5
lengthening_closed	ἀδήριτος	αδηριτοσ	1	Il. 17.42@5
lengthening_closed	ἀθάνατος	αθανατοσ	1	Od. 3.246@5
lengthening_closed	ἀκούοντες	ακουοντεσ	1	Od. 1.326@5
lengthening_closed	ἀλέξανδρον	αλεξανδρον	1	Il. 13.766@5
lengthening_closed	ἀμειψάμενος	αμειψαμενοσ	1	Od. 24.285@9
lengthening_closed	ἀμφίχυτον	αμφιχυτον	1	Il. 20.145@5
lengthening_closed	ἀμφιστρεφέες	αμφιστρεφεεσ	1	Il. 11.40@5
lengthening_closed	ἀνεχώρησεν	ανεχωρησεν	1	Il. 3.35@5
lengthening_closed	ἀντίλοχος	αντιλοχοσ	1	Il. 23.756@3
lengthening_closed	ἀπαινύμενον	απαινυμενον	1	Il. 11.582@5
lengthening_closed	ἀποπτάμενος	αποπταμενοσ	1	Il. 2.71@5
lengthening_closed	ἀπόλλωνος	απολλωνοσ	1	Od. 9.201@5
lengthening_closed	ἀρνύμενος	αρνυμενοσ	1	Od. 1.5@3
lengthening_closed	ἀστράγαλον	αστραγαλον	1	Il. 14.466@5
lengthening_closed	ἀτελεύτητον	ατελευτητον	1	Il. 1.527@5
lengthening_closed	ἀχνύμενος	αχνυμενοσ	1	Il. 23.137@3
lengthening_closed	ἁπτόμενος	απτομενοσ	1	Od. 4.522@5
lengthening_closed	ἄλοχον	αλοχον	1	Il. 24.193@3
lengthening_closed	ἄλοχος	αλοχοσ	1	Il. 6.299@5
lengthening_closed	ἄμφηκες	αμφηκεσ	1	Il. 21.118@5
lengthening_closed	ἄν	αν	1	Il. 8.406@7
lengthening_closed	ἄνεμος	ανεμοσ	1	Il. 5.499@3
lengthening_closed	ἄτλητον	ατλητον	1	Il. 19.367@5
lengthening_closed	ἄϊεν	αιεν	1	Il. 11.463@3
lengthening_closed	ἐλαυνόμενος	ελαυνομενοσ	1	Il. 11.674@5
lengthening_closed	ἐλαύνωσιν	ελαυνωσιν	1	Il. 11.68@5
lengthening_closed	ἐμέθεν	εμεθεν	1	Od. 19.99@5
lengthening_closed	ἐνίπλειον	ενιπλειον	1	Od. 14.113@5
lengthening_closed	ἐντροπαλιζόμενος	εντροπαλιζομενοσ	1	Il. 11.547@5
lengthening_closed	ἐπέλθωσιν	επελθωσιν	1	Od. 24.354@5
lengthening_closed	ἐπακτῆρες	επακτηρεσ	1	Il. 17.135@5
lengthening_closed	ἐπιμασσάμενος	επιμασσαμενοσ	1	Od. 9.302@5
lengthening_closed	ἐρειδόμενος	ερειδομενοσ	1	Od. 10.170@5
lengthening_closed	ἐρύγμηλον	ερυγμηλον	1	Il. 18.580@5
lengthening_closed	ἐφεσταότες	εφεσταοτεσ	1	Il. 12.52@5
lengthening_closed	ἐϋπλεκέες	ευπλεκεεσ	1	Il. 2.449@5
lengthening_closed	ἑλκόμενος	ελκομενοσ	1	Il. 20.404@5
lengthening_closed	ἔβαν	εβαν	1	Od. 16.358@7
lengthening_closed	ἔλθῃσιν	ελθησιν	1	Od. 3.422@3
lengthening_closed	ἔπορον	επορον	1	Il. 17.196@5
lengthening_closed	ἔρις	ερισ	1	Il. 4.440@7
lengthening_closed	ἔσαν	εσαν	1	Od. 24.311@7
lengthening_closed	ἔτυχες	ετυχεσ	1	Il. 5.287@5
lengthening_closed	ἕλενος	ελενοσ	1	Il. 6.76@5
lengthening_closed	ἕλος	ελοσ	1	Od. 14.474@5
lengthening_closed	ἕστηκας	εστηκασ	1	Il. 5.485@5
lengthening_closed	ἕτερον	ετερον	1	Od. 5.266@3
lengthening_closed	ἡνίοχος	ηνιοχοσ	1	Il. 23.460@5
lengthening_closed	ἦλθες	ηλθεσ	1	Od. 10.64@3
lengthening_closed	ἱερεύσαντες	ιερευσαντεσ	1	Od. 16.454@5
lengthening_closed	ἱππῆας	ιππηασ	1	Il. 11.151@5
lengthening_closed	ἴκελος	ικελοσ	1	Il. 24.758@5
lengthening_closed	ἴσαν	ισαν	1	Il. 2.780@3
lengthening_closed	ἴφθιμος	ιφθιμοσ	1	Il. 8.144@5
lengthening_closed	ἵππουριν	ιππουριν	1	Il. 6.495@3
lengthening_closed	ὀδυρόμενος	οδυρομενοσ	1	Il. 19.345@5
lengthening_closed	ὀμορξάμενον	ομορξαμενον	1	Od. 11.530@5
lengthening_closed	ὀρμένιον	ορμενιον	1	Il. 2.734@5
lengthening_closed	ὄρεος	ορεοσ	1	Od. 15.175@5
lengthening_closed	ὄφελες	οφελεσ	1	Il. 3.40@3
lengthening_closed	ὅς	οσ	1	Il. 22.236@1
lengthening_closed	ὑφαίνουσιν	υφαινουσιν	1	Od. 13.108@5
lengthening_closed	ὑψηλόν	υψηλον	1	Od. 7.131@5
lengthening_closed	ὕδατος	υδατοσ	1	Od. 9.209@7
lengthening_liquid	μέγα	μεγα	30	Il. 1.454@5; Il. 7.444@3; Il. 9.303@7; Il. 9.537@9; Il. 10.16@5; Il. 11.340@9; Il. 13.366@9; Il. 15.321@7; Il. 15.381@3; Il. 16.21@7
lengthening_liquid	μεγάροισι	μεγαροισι	29	Il. 5.270@7; Il. 11.76@3; Il. 24.219@3; Il. 24.497@7; Od. 1.269@3; Od. 3.186@3; Od. 3.354@7; Od. 4.192@3; Od. 4.624@7; Od. 7.150@3
lengthening_liquid	μεγάροισιν	μεγαροισιν	28	Il. 5.805@7; Il. 8.520@7; Il. 14.485@3; Il. 19.339@7; Il. 21.475@7; Il. 24.603@7; Il. 24.768@7; Od. 2.94@7; Od. 3.256@7; Od. 3.360@3
lengthening_liquid	μεγάροις	μεγαροισ	15	Il. 2.137@3; Il. 18.435@3; Il. 24.236@3; Il. 24.664@7; Od. 6.62@7; Od. 7.190@3; Od. 10.5@7; Od. 15.77@3; Od. 15.94@3; Od. 15.231@7
lengthening_liquid	μέγαν	μεγαν	13	Il. 1.233@7; Il. 3.125@7; Il. 9.132@7; Il. 9.274@7; Il. 18.344@7; Il. 22.443@7; Il. 23.40@7; Od. 4.746@9; Od. 8.434@7; Od. 13.13@7
lengthening_liquid	ῥηγμῖνι	ρηγμινι	11	Il. 1.437@7; Od. 4.430@7; Od. 4.449@7; Od. 4.575@7; Od. 9.150@7; Od. 9.169@7; Od. 9.547@7; Od. 9.559@7; Od. 10.186@7; Od. 12.6@7
lengthening_liquid	μοῖραν	μοιραν	10	Il. 16.367@3; Od. 3.331@7; Od. 4.783@3; Od. 8.54@3; Od. 8.496@7; Od. 9.245@3; Od. 9.309@3; Od. 9.342@3; Od. 10.16@7; Od. 12.35@7
lengthening_liquid	μεγάρῳ	μεγαρω	9	Il. 2.661@7; Il. 6.91@3; Il. 6.272@3; Il. 9.144@7; Il. 9.286@7; Od. 2.411@3; Od. 8.432@3; Od. 11.420@3; Od. 15.128@3
lengthening_liquid	μέγαρα	μεγαρα	8	Il. 9.463@7; Od. 1.365@7; Od. 4.768@7; Od. 10.479@7; Od. 11.334@7; Od. 13.2@7; Od. 18.399@7; Od. 23.299@7
lengthening_liquid	μεγάθυμον	μεγαθυμον	8	Il. 5.547@9; Il. 12.379@9; Il. 16.488@3; Il. 16.594@9; Il. 16.818@9; Od. 8.520@7; Od. 13.121@7; Od. 15.243@9
lengthening_liquid	μεγάλῳ	μεγαλω	8	Il. 4.161@7; Il. 10.304@3; Il. 12.224@5; Il. 13.193@5; Il. 16.115@3; Il. 17.739@3; Il. 21.256@7; Od. 10.359@5
lengthening_liquid	λιπαροῖσιν	λιπαροισιν	7	Il. 2.44@3; Il. 10.22@3; Il. 10.132@3; Il. 14.186@3; Od. 2.4@3; Od. 4.309@3; Od. 20.126@3
lengthening_liquid	μεγαλήτορα	μεγαλητορα	7	Il. 9.255@7; Il. 9.629@7; Il. 17.626@5; Od. 5.81@5; Od. 5.149@5; Od. 9.299@7; Od. 23.153@5
lengthening_liquid	μῆτιν	μητιν	6	Il. 2.169@7; Il. 2.407@7; Il. 2.636@7; Il. 7.47@7; Il. 10.137@7; Il. 11.200@7
lengthening_liquid	μεγάροιο	μεγαροιο	5	Od. 4.37@3; Od. 6.304@3; Od. 17.398@7; Od. 22.239@7; Od. 23.43@7
lengthening_liquid	νῦν	νυν	5	Il. 15.99@7; Il. 16.556@3; Il. 22.303@5; Il. 23.602@3; Od. 4.685@5
lengthening_liquid	ῥῖνας	ρινασ	5	Il. 23.395@9; Il. 23.777@9; Od. 5.456@3; Od. 22.18@7; Od. 24.318@7
lengthening_liquid	λιαρόν	λιαρον	4	Il. 11.477@5; Il. 14.164@9; Od. 5.268@9; Od. 7.266@9
lengthening_liquid	λόφον	λοφον	4	Il. 6.469@7; Il. 10.573@7; Il. 13.615@3; Od. 11.596@7
lengthening_liquid	μέγαρʼ	μεγαρʼ	4	Il. 6.286@7; Od. 17.360@7; Od. 20.167@7; Od. 22.396@7
lengthening_liquid	μέγαρον	μεγαρον	4	Od. 7.180@3; Od. 13.51@3; Od. 22.299@5; Od. 24.449@3
lengthening_liquid	μεγάλʼ	μεγαλʼ	4	Il. 16.774@5; Il. 17.595@5; Il. 21.10@5; Od. 21.413@5
lengthening_liquid	μελέων	μελεων	4	Il. 7.131@3; Il. 13.672@3; Il. 16.607@3; Od. 15.354@3
lengthening_liquid	νέφεα	νεφεα	4	Il. 5.525@7; Il. 11.305@5; Od. 8.374@7; Od. 11.592@7
lengthening_liquid	νευρῆφιν	νευρηφιν	4	Il. 8.300@7; Il. 8.309@7; Il. 13.585@7; Od. 11.607@7
lengthening_liquid	ῥωπήϊα	ρωπηια	4	Il. 13.199@7; Il. 21.559@7; Il. 23.122@7; Od. 14.473@7
lengthening_liquid	λίς	λισ	3	Il. 11.239@7; Il. 17.109@7; Il. 18.318@7
lengthening_liquid	λίσσοντο	λισσοντο	3	Il. 4.379@3; Il. 9.574@7; Il. 18.448@7
lengthening_liquid	λαπάρην	λαπαρην	3	Il. 14.447@3; Il. 14.517@3; Il. 22.307@3
lengthening_liquid	λιαρῷ	λιαρω	3	Il. 11.830@3; Il. 11.846@3; Od. 24.45@3
lengthening_liquid	μάλα	μαλα	3	Il. 11.378@7; Od. 11.373@3; Od. 11.530@7
lengthening_liquid	μάστιγα	μαστιγα	3	Il. 5.840@3; Il. 19.395@7; Il. 23.510@3
lengthening_liquid	μέγʼ	μεγʼ	3	Il. 2.274@3; Il. 21.328@3; Od. 4.444@9
lengthening_liquid	μέγας	μεγασ	3	Il. 16.358@3; Il. 21.192@7; Od. 18.4@7
lengthening_liquid	μεγάθυμοι	μεγαθυμοι	3	Il. 5.27@3; Il. 11.459@3; Il. 13.737@3
lengthening_liquid	μεγάλη	μεγαλη	3	Od. 12.175@9; Od. 14.7@3; Od. 15.418@3
lengthening_liquid	μόθον	μοθον	3	Il. 18.159@7; Il. 18.537@7; Il. 21.310@7
lengthening_liquid	νέφος	νεφοσ	3	Il. 4.274@7; Il. 23.133@7; Il. 23.366@7
lengthening_liquid	νεφέεσσι	νεφεεσσι	3	Od. 5.293@7; Od. 9.68@7; Od. 12.314@7
lengthening_liquid	ῥάβδον	ραβδον	3	Il. 24.343@3; Od. 5.47@3; Od. 24.2@7
lengthening_liquid	ῥιπῆς	ριπησ	3	Il. 12.462@3; Il. 21.12@3; Od. 8.192@3
lengthening_liquid	λιγυρῇ	λιγυρη	2	Il. 13.590@3; Il. 23.215@3
lengthening_liquid	μέγεθος	μεγεθοσ	2	Od. 11.337@3; Od. 24.374@3
lengthening_liquid	μαλακῇ	μαλακη	2	Il. 9.618@3; Od. 22.196@3
lengthening_liquid	μεγάλοι	μεγαλοι	2	Od. 9.426@3; Od. 12.436@3
lengthening_liquid	μεγάλως	μεγαλωσ	2	Il. 17.723@3; Od. 16.432@7
lengthening_liquid	μεγάλῃ	μεγαλη	2	Od. 13.289@3; Od. 16.158@3
lengthening_liquid	μεγαλήτορι	μεγαλητορι	2	Il. 15.674@5; Od. 5.233@5
lengthening_liquid	μορόεντα	μοροεντα	2	Il. 14.183@3; Od. 18.298@3
lengthening_liquid	νευρῆς	νευρησ	2	Il. 11.476@3; Il. 11.664@3
lengthening_liquid	νευρῆφι	νευρηφι	2	Il. 15.313@7; Il. 16.773@7
lengthening_liquid	νευρῇ	νευρη	2	Il. 4.118@3; Il. 8.324@3
lengthening_liquid	νεφεληγερέτα	νεφεληγερετα	2	Il. 14.293@7; Il. 20.215@7
lengthening_liquid	νιφόεντα	νιφοεντα	2	Il. 14.227@9; Od. 19.338@9
lengthening_liquid	νύμφαι	νυμφαι	2	Od. 6.105@3; Od. 9.154@3
lengthening_liquid	νύσσης	νυσσησ	2	Il. 23.758@3; Od. 8.121@3
lengthening_liquid	σεύαιτο	σευαιτο	2	Il. 17.463@7; Il. 23.198@3
lengthening_liquid	ῥάκος	ρακοσ	2	Od. 6.178@7; Od. 14.349@7
lengthening_liquid	ῥέζεσκον	ρεζεσκον	2	Il. 8.250@7; Od. 22.46@7
lengthening_liquid	ῥέξας	ρεξασ	2	Il. 22.305@3; Od. 4.690@3
lengthening_liquid	ῥηθέντι	ρηθεντι	2	Od. 18.414@7; Od. 20.322@7
lengthening_liquid	ῥηξήνορα	ρηξηνορα	2	Il. 7.228@5; Il. 16.146@5
lengthening_liquid	ῥινόν	ρινον	2	Il. 5.308@3; Od. 22.278@5
lengthening_liquid	λέκτροιο	λεκτροιο	1	Od. 23.32@7
lengthening_liquid	λέκτρῳ	λεκτρω	1	Od. 19.516@3
lengthening_liquid	λίθος	λιθοσ	1	Il. 12.459@9
lengthening_liquid	λίπʼ	λιπʼ	1	Il. 14.171@9
lengthening_liquid	λίσαι	λισαι	1	Il. 1.394@7
lengthening_liquid	λίσσεσθαι	λισσεσθαι	1	Il. 9.520@3
lengthening_liquid	λητοῖ	λητοι	1	Il. 24.607@3
lengthening_liquid	λιγύς	λιγυσ	1	Od. 3.176@3
lengthening_liquid	λιπαρήν	λιπαρην	1	Il. 22.406@5
lengthening_liquid	λιπαροί	λιπαροι	1	Od. 15.332@3
lengthening_liquid	λιπαροῖσι	λιπαροισι	1	Od. 13.225@3
lengthening_liquid	λιπαρόν	λιπαρον	1	Od. 19.368@3
lengthening_liquid	λισσέσκετο	λισσεσκετο	1	Il. 9.451@7
lengthening_liquid	λιτάνευεν	λιτανευεν	1	Od. 7.145@7
lengthening_liquid	λιταί	λιται	1	Il. 9.502@3
lengthening_liquid	λωτός	λωτοσ	1	Il. 21.351@3
lengthening_liquid	λῖν	λιν	1	Il. 11.480@7
lengthening_liquid	μάρψαι	μαρψαι	1	Il. 22.201@5
lengthening_liquid	μάρψας	μαρψασ	1	Od. 10.116@3
lengthening_liquid	μάστιγι	μαστιγι	1	Il. 23.642@7
lengthening_liquid	μή	μη	1	Il. 7.353@7
lengthening_liquid	μήτηρ	μητηρ	1	Il. 14.492@3
lengthening_liquid	μαλακοῖσι	μαλακοισι	1	Od. 1.56@3
lengthening_liquid	μαχόμεσθʼ	μαχομεσθʼ	1	Il. 5.477@3
lengthening_liquid	μείων	μειων	1	Il. 2.529@3
lengthening_liquid	μεγάλα	μεγαλα	1	Od. 14.354@7
lengthening_liquid	μεγάλοιο	μεγαλοιο	1	Il. 12.241@3
lengthening_liquid	μεγάλων	μεγαλων	1	Od. 21.26@5
lengthening_liquid	μεγαθύμων	μεγαθυμων	1	Il. 13.456@9
lengthening_liquid	μεγαλήτορος	μεγαλητοροσ	1	Il. 17.299@5
lengthening_liquid	μεγαλίζομαι	μεγαλιζομαι	1	Od. 23.174@5
lengthening_liquid	μεθιέντα	μεθιεντα	1	Il. 13.229@7
lengthening_liquid	μεθιέντας	μεθιεντασ	1	Il. 4.516@7
lengthening_liquid	μελίην	μελιην	1	Il. 21.174@7
lengthening_liquid	μελίης	μελιησ	1	Il. 22.225@3
lengthening_liquid	μελίνου	μελινου	1	Od. 17.339@3
lengthening_liquid	μελεϊστί	μελειστι	1	Od. 9.291@3
lengthening_liquid	μελιηδής	μελιηδησ	1	Od. 19.551@5
lengthening_liquid	μενεήναμεν	μενεηναμεν	1	Il. 19.58@5
lengthening_liquid	μινύθει	μινυθει	1	Il. 20.242@9
lengthening_liquid	νήεσσι	νηεσσι	1	Il. 13.742@3
lengthening_liquid	νήσῳ	νησω	1	Od. 10.3@3
lengthening_liquid	νίζοντες	νιζοντεσ	1	Il. 7.425@3
lengthening_liquid	νεφέεσσιν	νεφεεσσιν	1	Od. 9.145@9
lengthening_liquid	νεφέλην	νεφελην	1	Il. 14.350@7
lengthening_liquid	νεφέων	νεφεων	1	Il. 22.309@7
lengthening_liquid	νημερτές	νημερτεσ	1	Od. 3.327@7
lengthening_liquid	νητός	νητοσ	1	Od. 2.338@3
lengthening_liquid	νηῦς	νηυσ	1	Od. 24.299@2
lengthening_liquid	νιφόεντι	νιφοεντι	1	Il. 20.385@3
lengthening_liquid	νυοί	νυοι	1	Il. 24.166@7
lengthening_liquid	νύμφη	νυμφη	1	Il. 14.444@5
lengthening_liquid	νύμφῃς	νυμφησ	1	Od. 13.355@3
lengthening_liquid	σε	σε	1	Od. 6.151@3
lengthening_liquid	σύ	συ	1	Il. 20.434@3
lengthening_liquid	σῦς	συσ	1	Od. 21.219@5
lengthening_liquid	ἀγέλαος	αγελαοσ	1	Od. 22.327@3
lengthening_liquid	ῥέα	ρεα	1	Il. 20.101@11
lengthening_liquid	ῥέζειν	ρεζειν	1	Od. 14.251@3
lengthening_liquid	ῥέζουσʼ	ρεζουσʼ	1	Il. 23.206@7
lengthening_liquid	ῥέζουσι	ρεζουσι	1	Od. 5.102@3
lengthening_liquid	ῥέζουσιν	ρεζουσιν	1	Il. 4.32@3
lengthening_liquid	ῥέζω	ρεζω	1	Od. 18.15@5
lengthening_liquid	ῥέξαντα	ρεξαντα	1	Il. 18.455@3
lengthening_liquid	ῥέξαντες	ρεξαντεσ	1	Il. 11.727@3
lengthening_liquid	ῥέξω	ρεξω	1	Il. 24.370@5
lengthening_liquid	ῥήγνυντο	ρηγνυντο	1	Il. 20.55@7
lengthening_liquid	ῥήξασθαι	ρηξασθαι	1	Il. 12.308@7
lengthening_liquid	ῥήξειν	ρηξειν	1	Il. 12.198@3
lengthening_liquid	ῥήξω	ρηξω	1	Il. 23.673@5
lengthening_liquid	ῥίζαν	ριζαν	1	Il. 11.846@7
lengthening_liquid	ῥίον	ριον	1	Il. 8.25@7
lengthening_liquid	ῥίου	ριου	1	Il. 14.154@7
lengthening_liquid	ῥα	ρα	1	Il. 16.228@1
lengthening_liquid	ῥαδινήν	ραδινην	1	Il. 23.583@3
lengthening_liquid	ῥηγμῖνος	ρηγμινοσ	1	Il. 20.229@3
lengthening_liquid	ῥηκτός	ρηκτοσ	1	Il. 13.323@3
lengthening_liquid	ῥητῆρʼ	ρητηρʼ	1	Il. 9.443@3
lengthening_liquid	ῥητῷ	ρητω	1	Il. 21.445@3
lengthening_liquid	ῥινοί	ρινοι	1	Od. 12.46@7
lengthening_liquid	ῥινοῖς	ρινοισ	1	Il. 7.474@3
lengthening_liquid	ῥινοῦ	ρινου	1	Il. 16.636@3
lengthening_liquid	ῥινῶν	ρινων	1	Il. 19.39@3
lengthening_liquid	ῥοίζῳ	ροιζω	1	Od. 9.315@3
lengthening_liquid	ῥοδίος	ροδιοσ	1	Il. 12.20@9
lengthening_liquid	ῥοδανόν	ροδανον	1	Il. 18.576@7
lengthening_liquid	ῥοδοδάκτυλος	ροδοδακτυλοσ	1	Od. 5.121@7
lengthening_liquid	ῥοχθεῖ	ροχθει	1	Od. 12.60@3
lengthening_liquid	ῥοῖζον	ροιζον	1	Il. 16.361@5
lengthening_liquid	ῥυσαί	ρυσαι	1	Il. 9.503@3
lengthening_liquid	ῥυτῆρα	ρυτηρα	1	Od. 21.173@3
lengthening_liquid	ῥυτῆρας	ρυτηρασ	1	Od. 18.262@7
lengthening_liquid	ῥυτῆρσι	ρυτηρσι	1	Il. 16.475@7
lengthening_liquid	ῥόπαλον	ροπαλον	1	Od. 9.319@7
lengthening_liquid	ῥύεται	ρυεται	1	Od. 15.35@9
lengthening_liquid	ῥύομαι	ρυομαι	1	Od. 14.107@9
lengthening_liquid	ῥύπα	ρυπα	1	Od. 6.93@9
lengthening_liquid	ῥύτιον	ρυτιον	1	Il. 2.648@3
lengthening_liquid	ῥῆξαι	ρηξαι	1	Il. 15.617@5
lengthening_liquid	ῥῖνες	ρινεσ	1	Il. 14.467@9
lengthening_liquid	ῥῦσαι	ρυσαι	1	Il. 24.430@3
lengthening_liquid	ῥῶγας	ρωγασ	1	Od. 22.143@7
lengthening_liquid_internal	φιλομειδής	φιλομειδησ	3	Il. 3.424@7; Il. 4.10@7; Il. 20.40@7
lengthening_liquid_internal	αἰόλου	αιολου	1	Od. 10.60@4
lengthening_liquid_internal	βορέης	βορεησ	1	Il. 9.5@1
lengthening_liquid_internal	ἀπενίζοντο	απενιζοντο	1	Il. 10.572@7
lengthening_liquid_internal	ἐλίσσετο	ελισσετο	1	Il. 6.45@8
metrical_lengthening	ὑποδείσαντες	υποδεισαντεσ	5	Il. 12.413@7; Il. 18.199@3; Il. 23.417@7; Il. 23.446@7; Il. 24.265@7
metrical_lengthening	ἐπεί	επει	2	Od. 4.13@1; Od. 24.482@1
metrical_lengthening	ἐπίτονος	επιτονοσ	1	Od. 12.423@1
metrical_lengthening	ἑτάροιο	εταροιο	1	Il. 23.748@9
metrical_lengthening	ὄφιν	οφιν	1	Il. 12.208@11
metrical_lengthening	ὑποδείσασα	υποδεισασα	1	Od. 10.296@3
muta_cum_liquida	ἀφροδίτη	αφροδιτη	26	Il. 2.820@9.5; Il. 3.374@9.5; Il. 3.380@9.5; Il. 3.389@9.5; Il. 3.413@9.5; Il. 3.424@9.5; Il. 4.10@9.5; Il. 5.131@9.5; Il. 5.248@9.5; Il. 5.312@9.5
muta_cum_liquida	ἀλλοτρίης	αλλοτριησ	4	Od. 9.535@3.5; Od. 11.115@3.5; Od. 14.86@1.5; Od. 24.301@3.5
muta_cum_liquida	ἀλλοτρίων	αλλοτριων	3	Il. 20.298@3.5; Od. 17.452@1.5; Od. 18.18@1.5
muta_cum_liquida	ἀλλότριος	αλλοτριοσ	3	Il. 5.214@9.5; Od. 16.102@9.5; Od. 18.219@9.5
muta_cum_liquida	ἀμφιβρότης	αμφιβροτησ	3	Il. 2.389@3.5; Il. 12.402@3.5; Il. 20.281@3.5
muta_cum_liquida	ἀμφιτρύωνος	αμφιτρυωνοσ	3	Il. 5.392@9.5; Od. 11.266@7.5; Od. 11.270@3.5
muta_cum_liquida	ἀφροδίτης	αφροδιτησ	3	Il. 3.54@9.5; Il. 20.105@9.5; Od. 22.444@9.5
muta_cum_liquida	προσέκλινε	προσεκλινε	2	Od. 21.138@8; Od. 21.165@8
muta_cum_liquida	τειχεσιπλῆτα	τειχεσιπλητα	2	Il. 5.31@10; Il. 5.455@10
muta_cum_liquida	ἀλλοθρόους	αλλοθροουσ	2	Od. 3.302@7.5; Od. 15.453@7.5
muta_cum_liquida	ἀλλοτρίῳ	αλλοτριω	2	Od. 19.119@3.5; Od. 20.171@3.5
muta_cum_liquida	ἀλλότριον	αλλοτριον	2	Od. 1.160@3.5; Od. 18.280@3.5
muta_cum_liquida	ἀφροδίτην	αφροδιτην	2	Il. 5.427@9.5; Il. 14.188@9.5
muta_cum_liquida	ἀφροδίτῃ	αφροδιτη	2	Il. 9.389@5.5; Il. 24.699@9.5
muta_cum_liquida	ὁπλέων	οπλεων	2	Il. 11.536@5.5; Il. 20.501@5.5
muta_cum_liquida	βεβροτωμένα	βεβροτωμενα	1	Od. 11.41@5.5
muta_cum_liquida	δακρυπλώειν	δακρυπλωειν	1	Od. 19.122@2
muta_cum_liquida	δακρύοισι	δακρυοισι	1	Od. 18.173@3.5
muta_cum_liquida	κεκρυμμένα	κεκρυμμενα	1	Od. 23.110@6
muta_cum_liquida	πάτροκλε	πατροκλε	1	Il. 19.287@1.5
muta_cum_liquida	προσέπλαζε	προσεπλαζε	1	Od. 11.583@8
muta_cum_liquida	προτράπηται	προτραπηται	1	Od. 11.18@9.5
muta_cum_liquida	προτρέποντο	προτρεποντο	1	Il. 5.700@3.5
muta_cum_liquida	προτραπέσθαι	προτραπεσθαι	1	Il. 6.336@9.5
muta_cum_liquida	προτραποίμην	προτραποιμην	1	Od. 12.381@9.5
muta_cum_liquida	πρωτόπλοον	πρωτοπλοον	1	Od. 8.35@1.5
muta_cum_liquida	σχετλίη	σχετλιη	1	Il. 3.414@3.5
muta_cum_liquida	τεθνεῶτι	τεθνεωτι	1	Od. 19.331@3.5
muta_cum_liquida	τετράκυκλον	τετρακυκλον	1	Il. 24.324@7.5
muta_cum_liquida	φαρέτρης	φαρετρησ	1	Il. 8.323@4
muta_cum_liquida	ἀβροτάξομεν	αβροταξομεν	1	Il. 10.65@5.5
muta_cum_liquida	ἀβρότη	αβροτη	1	Il. 14.78@1.5
muta_cum_liquida	ἀλλοθρόων	αλλοθροων	1	Od. 14.43@3.5
muta_cum_liquida	ἀλλοπρόσαλλε	αλλοπροσαλλε	1	Il. 5.889@3.5
muta_cum_liquida	ἀλλοπρόσαλλον	αλλοπροσαλλον	1	Il. 5.831@9.5
muta_cum_liquida	ἀλλοτρίοισι	αλλοτριοισι	1	Od. 17.456@3.5
muta_cum_liquida	ἀλλοτρίοισιν	αλλοτριοισιν	1	Od. 20.347@9.5
muta_cum_liquida	ἀλλοτρίῃσι	αλλοτριησι	1	Od. 20.221@3.5
muta_cum_liquida	ἀμφιβρότην	αμφιβροτην	1	Il. 11.32@3.5
muta_cum_liquida	ἀμφιδρυφής	αμφιδρυφησ	1	Il. 2.700@3.5
muta_cum_liquida	ἀρίγνωτε	αριγνωτε	1	Od. 17.375@2
muta_cum_liquida	ἀφνειότατος	αφνειοτατοσ	1	Il. 20.220@2
muta_cum_liquida	ἄγρην	αγρην	1	Od. 12.330@2
muta_cum_liquida	ἐκλίθη	εκλιθη	1	Od. 19.470@3.5
muta_cum_liquida	ἐνέκρυψε	ενεκρυψε	1	Od. 5.488@8
muta_cum_liquida	ἐπιφράσσετʼ	επιφρασσετʼ	1	Od. 15.444@8
muta_cum_liquida	ἐτράφημεν	ετραφημεν	1	Il. 23.84@3.5
muta_cum_liquida	ἑδρέων	εδρεων	1	Od. 13.56@3.5
muta_cum_liquida	ὀτρυντεΐδη	οτρυντειδη	1	Il. 20.389@2
muta_cum_liquida	ὀτρυντεΐδην	οτρυντειδην	1	Il. 20.383@2
muta_cum_liquida	ὀτρυντῆϊ	οτρυντηι	1	Il. 20.384@6
muta_cum_liquida_initial	προσηύδα	προσηυδα	163	Il. 1.201@9.5; Il. 1.539@9.5; Il. 2.7@9.5; Il. 4.24@9.5; Il. 4.69@9.5; Il. 4.92@9.5; Il. 4.192@9.5; Il. 4.203@9.5; Il. 4.256@5.5; Il. 4.284@9.5
muta_cum_liquida_initial	πρός	προσ	59	Il. 1.609@1.5; Il. 3.155@1.5; Il. 5.274@5.5; Il. 5.431@5.5; Il. 6.456@5.5; Il. 7.464@5.5; Il. 8.74@5.5; Il. 8.212@5.5; Il. 8.364@5.5; Il. 11.403@5.5
muta_cum_liquida_initial	βροτῶν	βροτων	42	Il. 6.142@3.5; Il. 7.446@5.5; Il. 8.428@5.5; Il. 13.374@5.5; Il. 20.248@5.5; Il. 21.380@5.5; Il. 21.463@5.5; Il. 23.439@5.5; Il. 24.43@5.5; Il. 24.67@5.5
muta_cum_liquida_initial	κρονίων	κρονιων	41	Il. 1.528@9.5; Il. 2.419@9.5; Il. 2.670@9.5; Il. 3.302@9.5; Il. 4.249@9.5; Il. 5.522@9.5; Il. 7.209@9.5; Il. 8.175@9.5; Il. 11.27@9.5; Il. 11.336@9.5
muta_cum_liquida_initial	βροτοῖσιν	βροτοισιν	18	Il. 2.285@9.5; Il. 13.244@3.5; Il. 13.569@9.5; Il. 14.325@9.5; Il. 15.98@9.5; Il. 19.2@9.5; Il. 22.31@9.5; Il. 22.76@9.5; Il. 24.533@9.5; Od. 3.3@3.5
muta_cum_liquida_initial	προκείμενα	προκειμενα	14	Il. 9.91@5.5; Il. 9.221@5.5; Il. 24.627@5.5; Od. 1.149@5.5; Od. 4.67@5.5; Od. 4.218@5.5; Od. 5.200@5.5; Od. 8.71@5.5; Od. 8.484@5.5; Od. 14.453@5.5
muta_cum_liquida_initial	κρόνου	κρονου	13	Il. 2.205@5.5; Il. 2.319@5.5; Il. 4.75@5.5; Il. 6.139@5.5; Il. 8.415@5.5; Il. 9.37@5.5; Il. 12.450@5.5; Il. 14.346@5.5; Il. 15.91@5.5; Il. 16.431@5.5
muta_cum_liquida_initial	προσηύδων	προσηυδων	13	Od. 4.550@9.5; Od. 9.345@5.5; Od. 9.363@5.5; Od. 9.474@5.5; Od. 9.492@5.5; Od. 10.418@9.5; Od. 10.482@9.5; Od. 11.56@9.5; Od. 11.209@9.5; Od. 11.396@9.5
muta_cum_liquida_initial	τράπεζαν	τραπεζαν	13	Il. 11.628@9.5; Od. 1.138@9.5; Od. 4.54@9.5; Od. 5.92@9.5; Od. 7.174@9.5; Od. 8.69@9.5; Od. 10.370@9.5; Od. 15.137@9.5; Od. 17.93@9.5; Od. 17.333@9.5
muta_cum_liquida_initial	θρόνους	θρονουσ	11	Od. 1.145@9.5; Od. 3.389@9.5; Od. 4.51@1.5; Od. 10.233@9.5; Od. 15.134@9.5; Od. 17.86@9.5; Od. 17.179@9.5; Od. 20.249@9.5; Od. 22.438@3.5; Od. 22.452@3.5
muta_cum_liquida_initial	βροτοῖσι	βροτοισι	10	Il. 9.159@3.5; Il. 9.545@9.5; Il. 11.2@9.5; Il. 24.525@9.5; Od. 11.19@9.5; Od. 11.287@9.5; Od. 12.341@9.5; Od. 13.397@9.5; Od. 16.148@9.5; Od. 17.519@9.5
muta_cum_liquida_initial	κραταιή	κραταιη	9	Il. 5.83@9.5; Il. 5.629@9.5; Il. 16.334@9.5; Il. 16.853@9.5; Il. 19.410@9.5; Il. 20.477@9.5; Il. 21.110@9.5; Il. 24.132@9.5; Il. 24.209@9.5
muta_cum_liquida_initial	τραπέζας	τραπεζασ	9	Od. 1.111@9.5; Od. 10.354@9.5; Od. 11.419@5.5; Od. 15.466@9.5; Od. 19.61@9.5; Od. 20.151@9.5; Od. 22.74@9.5; Od. 22.438@9.5; Od. 22.452@9.5
muta_cum_liquida_initial	θρασειάων	θρασειαων	7	Il. 11.553@5.5; Il. 11.571@5.5; Il. 13.134@5.5; Il. 15.314@5.5; Il. 17.662@5.5; Il. 23.714@5.5; Od. 5.434@5.5
muta_cum_liquida_initial	πρόσωπα	προσωπα	7	Il. 18.414@3.5; Il. 19.285@9.5; Od. 8.85@9.5; Od. 15.332@9.5; Od. 18.173@9.5; Od. 19.361@9.5; Od. 20.352@5.5
muta_cum_liquida_initial	πρό	προ	6	Il. 13.799@5.5; Il. 15.351@5.5; Il. 17.726@5.5; Il. 24.783@5.5; Od. 10.105@5.5; Od. 24.468@5.5
muta_cum_liquida_initial	πρίν	πριν	5	Il. 1.97@2; Il. 19.313@2; Od. 14.334@2; Od. 17.597@5.5; Od. 19.291@2
muta_cum_liquida_initial	πριαμίδην	πριαμιδην	5	Il. 13.316@2; Il. 14.375@2; Il. 15.604@2; Il. 17.503@2; Il. 18.164@2
muta_cum_liquida_initial	πρόσω	προσω	5	Il. 12.274@1.5; Il. 17.598@5.5; Il. 18.388@5.5; Od. 9.542@1.5; Od. 21.369@1.5
muta_cum_liquida_initial	τραπέζῃ	τραπεζη	5	Il. 9.216@9.5; Il. 24.625@9.5; Od. 21.35@9.5; Od. 21.416@9.5; Od. 22.84@9.5
muta_cum_liquida_initial	βραχίονα	βραχιονα	4	Il. 12.389@5.5; Il. 13.529@1.5; Il. 16.323@5.5; Il. 16.510@5.5
muta_cum_liquida_initial	δράκων	δρακων	4	Il. 2.308@5.5; Il. 6.181@5.5; Il. 22.93@1.5; Od. 4.457@3.5
muta_cum_liquida_initial	κρόνοιο	κρονοιο	4	Il. 5.721@9.5; Il. 8.383@9.5; Il. 14.194@9.5; Il. 14.243@9.5
muta_cum_liquida_initial	τράπεζα	τραπεζα	4	Il. 24.476@9.5; Od. 14.158@9.5; Od. 17.155@9.5; Od. 20.230@9.5
muta_cum_liquida_initial	δράκοντα	δρακοντα	3	Il. 3.33@3.5; Il. 12.202@3.5; Il. 12.220@3.5
muta_cum_liquida_initial	θρόνοις	θρονοισ	3	Od. 10.352@5.5; Od. 17.32@5.5; Od. 20.150@3.5
muta_cum_liquida_initial	θρόνῳ	θρονω	3	Il. 8.199@3.5; Il. 15.142@5.5; Il. 15.150@3.5
muta_cum_liquida_initial	κλυταιμνήστρη	κλυταιμνηστρη	3	Od. 3.266@1.5; Od. 11.422@5.5; Od. 11.439@1.5
muta_cum_liquida_initial	πλέων	πλεων	3	Il. 7.88@5.5; Il. 10.252@9.5; Od. 4.474@5.5
muta_cum_liquida_initial	πριαμίδῃ	πριαμιδη	3	Il. 7.112@2; Il. 13.40@2; Il. 13.80@2
muta_cum_liquida_initial	προσαΐξας	προσαιξασ	3	Od. 22.337@5.5; Od. 22.342@5.5; Od. 22.365@5.5
muta_cum_liquida_initial	τρίαιναν	τριαιναν	3	Il. 12.27@9.5; Od. 4.506@3.5; Od. 5.292@1.5
muta_cum_liquida_initial	τραπέζης	τραπεζησ	3	Il. 11.636@9.5; Od. 17.409@9.5; Od. 17.447@9.5
muta_cum_liquida_initial	τραπείομεν	τραπειομεν	3	Il. 3.441@5.5; Il. 14.314@5.5; Od. 8.292@5.5
muta_cum_liquida_initial	τριήκοντα	τριηκοντα	3	Il. 2.516@1.5; Il. 2.680@1.5; Il. 2.733@1.5
muta_cum_liquida_initial	θρόνων	θρονων	2	Od. 10.354@5.5; Od. 22.23@1.5
muta_cum_liquida_initial	κλεηδόνι	κλεηδονι	2	Od. 18.117@5.5; Od. 20.120@5.5
muta_cum_liquida_initial	κλιθῆναι	κλιθηναι	2	Od. 1.366@9.5; Od. 18.213@9.5
muta_cum_liquida_initial	κραδαινομένη	κραδαινομενη	2	Il. 13.504@5.5; Il. 16.614@5.5
muta_cum_liquida_initial	κραταιώ	κραταιω	2	Il. 13.345@9.5; Od. 15.242@9.5
muta_cum_liquida_initial	κροαίνων	κροαινων	2	Il. 6.507@9.5; Il. 15.264@9.5
muta_cum_liquida_initial	κρονίονος	κρονιονοσ	2	Il. 14.247@5.5; Od. 11.620@5.5
muta_cum_liquida_initial	πλεῖστα	πλειστα	2	Il. 9.382@4; Od. 4.127@4
muta_cum_liquida_initial	πριαμίδαο	πριαμιδαο	2	Il. 3.356@2; Il. 7.250@2
muta_cum_liquida_initial	προσαυδήτην	προσαυδητην	2	Il. 11.136@5.5; Il. 22.90@5.5
muta_cum_liquida_initial	τράπεζαι	τραπεζαι	2	Od. 9.8@9.5; Od. 15.333@9.5
muta_cum_liquida_initial	τρέφει	τρεφει	2	Od. 5.422@5.5; Od. 13.410@5.5
muta_cum_liquida_initial	τραπέσθαι	τραπεσθαι	2	Od. 5.350@9.5; Od. 10.528@9.5
muta_cum_liquida_initial	τραπεζῆες	τραπεζηεσ	2	Il. 23.173@5.5; Od. 17.309@5.5
muta_cum_liquida_initial	τροποῖς	τροποισ	2	Od. 4.782@5.5; Od. 8.53@5.5
muta_cum_liquida_initial	βραχίονες	βραχιονεσ	1	Od. 18.69@5.5
muta_cum_liquida_initial	βραχίονος	βραχιονοσ	1	Il. 13.532@5.5
muta_cum_liquida_initial	βριήπυος	βριηπυοσ	1	Il. 13.521@5.5
muta_cum_liquida_initial	βροτοί	βροτοι	1	Od. 19.360@5.5
muta_cum_liquida_initial	βροτούς	βροτουσ	1	Il. 24.464@5.5
muta_cum_liquida_initial	βροτοῖο	βροτοιο	1	Il. 23.331@3.5
muta_cum_liquida_initial	δράγματα	δραγματα	1	Il. 11.69@6
muta_cum_liquida_initial	δράκοντες	δρακοντεσ	1	Il. 11.26@3.5
muta_cum_liquida_initial	δρύαντα	δρυαντα	1	Il. 1.263@5.5
muta_cum_liquida_initial	θρόνοι	θρονοι	1	Od. 7.95@1.5
muta_cum_liquida_initial	θρόνοισι	θρονοισι	1	Od. 8.422@9.5
muta_cum_liquida_initial	θρόνοισιν	θρονοισιν	1	Od. 16.408@9.5
muta_cum_liquida_initial	θρόνος	θρονοσ	1	Od. 6.308@5.5
muta_cum_liquida_initial	κλαιούσης	κλαιουσησ	1	Od. 20.92@2
muta_cum_liquida_initial	κλεωνάς	κλεωνασ	1	Il. 2.570@9.5
muta_cum_liquida_initial	κληίδεσσιν	κληιδεσσιν	1	Od. 12.215@2
muta_cum_liquida_initial	κλυταιμνήστρης	κλυταιμνηστρησ	1	Il. 1.113@5.5
muta_cum_liquida_initial	κλύδων	κλυδων	1	Od. 12.421@1.5
muta_cum_liquida_initial	κράταιιν	κραταιιν	1	Od. 12.124@9.5
muta_cum_liquida_initial	κράτος	κρατοσ	1	Il. 20.121@5.5
muta_cum_liquida_initial	κραδαινόμενον	κραδαινομενον	1	Il. 17.524@5.5
muta_cum_liquida_initial	κρανείης	κρανειησ	1	Od. 10.242@9.5
muta_cum_liquida_initial	κρατί	κρατι	1	Od. 12.99@8
muta_cum_liquida_initial	κραταίπεδον	κραταιπεδον	1	Od. 23.46@5.5
muta_cum_liquida_initial	κραταιίς	κραταιισ	1	Od. 11.597@9.5
muta_cum_liquida_initial	κραταιγύαλοι	κραταιγυαλοι	1	Il. 19.361@3.5
muta_cum_liquida_initial	κραταιοῦ	κραταιου	1	Il. 11.119@5.5
muta_cum_liquida_initial	κραταιός	κραταιοσ	1	Od. 18.382@9.5
muta_cum_liquida_initial	κρατευτάων	κρατευταων	1	Il. 9.214@5.5
muta_cum_liquida_initial	κρεῶν	κρεων	1	Od. 15.98@3.5
muta_cum_liquida_initial	κρινάμενος	κριναμενοσ	1	Il. 11.697@2
muta_cum_liquida_initial	κρονίων—ἠθελε	κρονιων—ηθελε	1	Od. 17.424@5.5
muta_cum_liquida_initial	κρόνος	κρονοσ	1	Il. 8.479@9.5
muta_cum_liquida_initial	κρᾶτα	κρατα	1	Od. 8.92@4
muta_cum_liquida_initial	πλάταιαν	πλαταιαν	1	Il. 2.504@1.5
muta_cum_liquida_initial	πλέον	πλεον	1	Od. 20.355@3.5
muta_cum_liquida_initial	πλέουσα	πλεουσα	1	Od. 12.70@9.5
muta_cum_liquida_initial	πλεούσας	πλεουσασ	1	Il. 9.360@9.5
muta_cum_liquida_initial	πλησίον	πλησιον	1	Il. 4.329@2
muta_cum_liquida_initial	πλῆντʼ	πληντʼ	1	Il. 14.468@2
muta_cum_liquida_initial	προΐκτης	προικτησ	1	Od. 17.449@9.5
muta_cum_liquida_initial	προΐκτῃ	προικτη	1	Od. 17.352@9.5
muta_cum_liquida_initial	προήκεα	προηκεα	1	Od. 12.205@5.5
muta_cum_liquida_initial	προθυμίῃσι	προθυμιησι	1	Il. 2.588@5.5
muta_cum_liquida_initial	προπάσας	προπασασ	1	Il. 2.493@9.5
muta_cum_liquida_initial	προσέστιχε	προσεστιχε	1	Od. 20.73@5.5
muta_cum_liquida_initial	προσήγαγε	προσηγαγε	1	Od. 17.446@5.5
muta_cum_liquida_initial	προσαυδάτω	προσαυδατω	1	Od. 15.440@5.5
muta_cum_liquida_initial	προσφάσθαι	προσφασθαι	1	Od. 23.106@2
muta_cum_liquida_initial	προσώπασι	προσωπασι	1	Il. 7.212@5.5
muta_cum_liquida_initial	προσώπατα	προσωπατα	1	Od. 18.192@5.5
muta_cum_liquida_initial	προῆκε	προηκε	1	Il. 17.545@5.5
muta_cum_liquida_initial	πρόσωπον	προσωπον	1	Il. 18.24@9.5
muta_cum_liquida_initial	πρῶτον	πρωτον	1	Od. 3.320@4
muta_cum_liquida_initial	πρῶτος	πρωτοσ	1	Od. 17.275@2
muta_cum_liquida_initial	τράγους	τραγουσ	1	Od. 9.239@3.5
muta_cum_liquida_initial	τράποντο	τραποντο	1	Il. 3.422@9.5
muta_cum_liquida_initial	τράπωνται	τραπωνται	1	Il. 23.53@9.5
muta_cum_liquida_initial	τρέμον	τρεμον	1	Od. 11.527@5.5
muta_cum_liquida_initial	τρίκης	τρικησ	1	Il. 4.202@5.5
muta_cum_liquida_initial	τρίς	τρισ	1	Od. 12.105@8
muta_cum_liquida_initial	τρίτη	τριτη	1	Od. 10.356@1.5
muta_cum_liquida_initial	τρίτης	τριτησ	1	Il. 16.193@1.5
muta_cum_liquida_initial	τρίτος	τριτοσ	1	Il. 12.95@5.5
muta_cum_liquida_initial	τρίτων	τριτων	1	Il. 12.94@1.5
muta_cum_liquida_initial	τρίχας	τριχασ	1	Od. 10.239@9.5
muta_cum_liquida_initial	τραπεζῆας	τραπεζηασ	1	Il. 22.69@5.5
muta_cum_liquida_initial	τριηκοσίοισιν	τριηκοσιοισιν	1	Od. 13.390@1.5
muta_cum_liquida_initial	τριηκόσιοι	τριηκοσιοι	1	Od. 14.20@1.5
muta_cum_liquida_initial	τροφοῦ	τροφου	1	Od. 19.489@1.5
muta_cum_liquida_initial	τρωϊάδων	τρωιαδων	1	Il. 18.122@2
muta_cum_liquida_initial	χλαῖναν	χλαιναν	1	Od. 14.529@2
muta_cum_liquida_initial	χλωρόν	χλωρον	1	Od. 10.234@10
muta_cum_liquida_initial	χρέος	χρεοσ	1	Od. 8.353@5.5
muta_cum_liquida_initial	χρυσείην	χρυσειην	1	Il. 24.795@2
muta_cum_liquida_initial	χρῖεν	χριεν	1	Il. 23.186@8
no_position_initial_cluster	σκαμάνδρου	σκαμανδρου	2	Il. 5.77@9.5; Il. 11.499@5.5
no_position_initial_cluster	ζάκυνθον	ζακυνθον	1	Il. 2.634@1.5
no_position_initial_cluster	σκάμανδρε	σκαμανδρε	1	Il. 21.223@3.5
no_position_initial_cluster	σκάμανδρος	σκαμανδροσ	1	Il. 21.305@1.5
no_position_initial_cluster	σκέπαρνον	σκεπαρνον	1	Od. 9.391@9.5
synizesis	σφεας	σφεασ	13	Il. 2.704@3; Il. 4.284@2; Il. 4.337@2; Il. 5.151@3; Il. 10.140@7; Il. 10.191@2; Il. 11.128@3; Il. 15.145@2; Il. 23.235@7; Od. 4.77@2
synizesis	χρεώ	χρεω	12	Il. 9.75@8; Il. 9.197@12; Il. 9.608@1; Il. 10.43@1; Il. 11.409@12; Il. 11.606@9.5; Il. 18.406@12; Il. 21.322@12; Il. 23.308@12; Od. 1.225@12
synizesis	ἡμέας	ημεασ	12	Il. 8.211@2; Il. 13.114@2; Il. 20.135@2; Od. 2.330@8; Od. 4.452@3; Od. 4.652@12; Od. 6.297@5; Od. 9.43@12; Od. 9.251@12; Od. 9.545@7
synizesis	λαερτιάδεω	λαερτιαδεω	10	Od. 16.104@9; Od. 17.152@9; Od. 18.24@9; Od. 18.348@9; Od. 19.165@9; Od. 19.262@9; Od. 19.336@9; Od. 19.583@9; Od. 21.262@9; Od. 22.339@9
synizesis	πηληϊάδεω	πηληιαδεω	10	Il. 1.1@9; Il. 1.322@9; Il. 9.166@9; Il. 16.269@9; Il. 16.653@9; Il. 24.406@9; Il. 24.431@9; Il. 24.448@9; Od. 11.467@9; Od. 24.15@9
synizesis	πολέας	πολεασ	8	Il. 1.559@7; Il. 2.4@7; Il. 13.734@3; Il. 15.66@7; Il. 20.313@7; Il. 21.59@7; Il. 21.131@7; Od. 3.262@7
synizesis	ἀγκυλομήτεω	αγκυλομητεω	8	Il. 2.205@12; Il. 2.319@12; Il. 4.75@12; Il. 9.37@12; Il. 12.450@12; Il. 16.431@12; Il. 18.293@12; Od. 21.415@12
synizesis	ἡμέων	ημεων	6	Il. 3.101@2; Il. 11.318@2; Il. 21.458@12; Od. 1.33@3; Od. 9.498@5; Od. 12.187@3
synizesis	πελέκεας	πελεκεασ	5	Il. 23.114@7; Il. 23.851@7; Il. 23.856@7; Il. 23.882@7; Od. 21.120@5
synizesis	ῥέα	ρεα	5	Il. 12.381@12; Il. 13.144@1; Il. 17.461@1; Il. 20.101@12; Il. 20.263@1
synizesis	κηλέῳ	κηλεω	4	Il. 8.235@12; Il. 18.346@12; Il. 22.512@12; Od. 8.435@12
synizesis	λαέρτεω	λαερτεω	4	Od. 4.555@5; Od. 9.505@5; Od. 9.531@5; Od. 22.185@3
synizesis	κέλεαι	κελεαι	3	Od. 4.812@3; Od. 5.174@3; Od. 10.337@7
synizesis	πασέων	πασεων	3	Od. 4.608@12; Od. 20.70@8; Od. 22.443@12
synizesis	πελέκεων	πελεκεων	3	Od. 19.578@7; Od. 21.76@7; Od. 21.421@7
synizesis	πολλέων	πολλεων	3	Il. 2.131@2; Il. 9.544@2; Od. 4.813@2
synizesis	σφέας	σφεασ	3	Od. 8.480@12; Od. 13.276@4; Od. 17.212@3
synizesis	χρύσεον	χρυσεον	3	Od. 11.91@2; Od. 11.569@2; Od. 19.34@2
synizesis	ἐφετμέων	εφετμεων	3	Il. 1.495@12; Il. 5.818@8; Od. 4.353@12
synizesis	ἠνώγεα	ηνωγεα	3	Od. 9.44@3; Od. 10.263@5; Od. 17.55@7
synizesis	ὑμέων	υμεων	3	Il. 7.159@2; Od. 13.7@2; Od. 20.351@12
synizesis	βουλέων	βουλεων	2	Il. 1.273@5; Il. 12.236@2
synizesis	θυμοραϊστέων	θυμοραιστεων	2	Il. 16.591@12; Il. 18.220@12
synizesis	θυρεόν	θυρεον	2	Od. 9.240@7; Od. 9.340@7
synizesis	νημερτέως	νημερτεωσ	2	Od. 5.98@3; Od. 19.269@3
synizesis	πολυδεύκεα	πολυδευκεα	2	Il. 3.237@12; Od. 11.300@12
synizesis	στέατος	στεατοσ	2	Od. 21.178@3; Od. 21.183@3
synizesis	στέωμεν	στεωμεν	2	Il. 11.348@4; Il. 22.231@4
synizesis	συβώτεω	συβωτεω	2	Od. 14.459@8; Od. 15.304@8
synizesis	συκέαι	συκεαι	2	Od. 7.116@2; Od. 11.590@2
synizesis	σφεων	σφεων	2	Il. 18.311@5; Od. 3.134@5
synizesis	τέων	τεων	2	Od. 6.119@4; Od. 13.200@4
synizesis	τεύχεα	τευχεα	2	Il. 7.207@12; Od. 24.534@12
synizesis	χρυσέῳ	χρυσεω	2	Il. 1.15@1.5; Il. 1.374@1.5
synizesis	ἀΐδεω	αιδεω	2	Il. 8.16@5; Od. 23.322@5
synizesis	ἀίδεω	αιδεω	2	Od. 10.512@5; Od. 12.17@3
synizesis	ἀγέλεως	αγελεωσ	2	Od. 22.131@3; Od. 22.247@3
synizesis	ἀστεμφέως	αστεμφεωσ	2	Od. 4.419@5; Od. 4.459@5
synizesis	ἕως	εωσ	2	Il. 17.727@1; Od. 2.148@2
synizesis	ὅτεῳ	οτεω	2	Il. 12.428@3; Il. 15.664@3
synizesis	αἰνέας	αινεασ	1	Il. 13.541@3
synizesis	βέλεα	βελεα	1	Il. 15.444@7
synizesis	βορέης	βορεησ	1	Il. 9.5@2
synizesis	γνώσεαι	γνωσεαι	1	Il. 2.367@2
synizesis	δενδρέων	δενδρεων	1	Od. 19.520@2
synizesis	δενδρέῳ	δενδρεω	1	Il. 3.152@1.5
synizesis	εἰδέω	ειδεω	1	Od. 16.236@3
synizesis	εἰλέωσιν	ειλεωσιν	1	Il. 2.294@5
synizesis	εὐεργέων	ευεργεων	1	Od. 22.319@12
synizesis	εὐπείθεα	ευπειθεα	1	Od. 24.523@5
synizesis	εὔχεο	ευχεο	1	Il. 24.290@3
synizesis	θεοί	θεοι	1	Il. 1.18@4
synizesis	θεοῖσιν	θεοισιν	1	Od. 14.251@1
synizesis	θυρέων	θυρεων	1	Od. 21.47@7
synizesis	κάλεον	καλεον	1	Od. 8.550@7
synizesis	καιρουσσέων	καιρουσσεων	1	Od. 7.107@3
synizesis	κεφαλέων	κεφαλεων	1	Il. 3.273@5
synizesis	κρέα	κρεα	1	Od. 9.347@12
synizesis	κρηνέων	κρηνεων	1	Od. 10.350@9
synizesis	κτέωμεν	κτεωμεν	1	Od. 22.216@6
synizesis	κυβερνήτεω	κυβερνητεω	1	Od. 12.412@5
synizesis	μελαινέων	μελαινεων	1	Il. 4.117@8
synizesis	μενοιτιάδεω	μενοιτιαδεω	1	Il. 18.93@9
synizesis	μηκιστέος	μηκιστεοσ	1	Il. 2.566@3
synizesis	μηλέας	μηλεασ	1	Od. 24.340@12
synizesis	ναιετοώσας	ναιετοωσασ	1	Od. 8.574@11
synizesis	ναυτέων	ναυτεων	1	Od. 9.138@12
synizesis	νηληϊάδεω	νηληιαδεω	1	Il. 11.618@9
synizesis	νυμφέων	νυμφεων	1	Od. 12.318@5
synizesis	οἰκέοιτο	οικεοιτο	1	Il. 4.18@5
synizesis	οἴκεον	οικεον	1	Il. 14.116@2
synizesis	πεπτεῶτʼ	πεπτεωτʼ	1	Il. 21.503@2
synizesis	πεπτεῶτας	πεπτεωτασ	1	Od. 22.384@2
synizesis	πηγέων	πηγεων	1	Il. 21.312@5
synizesis	πλέονες	πλεονεσ	1	Od. 18.247@1
synizesis	πληγέων	πληγεων	1	Od. 17.283@5
synizesis	πολέων	πολεων	1	Il. 16.655@7
synizesis	πριαμίδεω	πριαμιδεω	1	Il. 20.77@3
synizesis	πρωτέων	πρωτεων	1	Il. 15.656@3
synizesis	πρωτοπαγέα	πρωτοπαγεα	1	Il. 24.267@5
synizesis	πόλεος	πολεοσ	1	Il. 21.567@7
synizesis	σάκεα	σακεα	1	Il. 4.113@7
synizesis	σέων	σεων	1	Il. 5.818@3
synizesis	στήθεα	στηθεα	1	Il. 11.282@5
synizesis	στηθέων	στηθεων	1	Il. 10.95@2
synizesis	συκέας	συκεασ	1	Od. 24.341@2
synizesis	σφέων	σφεων	1	Od. 24.381@8
synizesis	τέως	τεωσ	1	Od. 10.348@5
synizesis	τευχέων	τευχεων	1	Od. 11.554@12
synizesis	φθέωμεν	φθεωμεν	1	Od. 16.383@3
synizesis	φθέωσι	φθεωσι	1	Od. 24.437@5
synizesis	φιλέωμεν	φιλεωμεν	1	Od. 8.42@11
synizesis	χάλκεοι	χαλκεοι	1	Od. 7.86@2
synizesis	χάλκεον	χαλκεον	1	Il. 2.490@7
synizesis	χαλκέῳ	χαλκεω	1	Il. 5.387@2
synizesis	χαλκεῶνα	χαλκεωνα	1	Od. 8.273@5
synizesis	χρεώμενος	χρεωμενοσ	1	Il. 23.834@1
synizesis	χρυσέην	χρυσεην	1	Od. 4.131@2
synizesis	ἀγορέων	αγορεων	1	Il. 9.441@3
synizesis	ἀθηνέων	αθηνεων	1	Od. 3.278@12
synizesis	ἀλλοειδέα	αλλοειδεα	1	Od. 13.194@5
synizesis	ἀλσέων	αλσεων	1	Od. 10.350@12
synizesis	ἀργεννέων	αργεννεων	1	Il. 18.529@3
synizesis	ἀσκηθέες	ασκηθεεσ	1	Od. 14.255@9
synizesis	ἁπασέων	απασεων	1	Od. 8.284@12
synizesis	ἁρμονίδεω	αρμονιδεω	1	Il. 5.60@3
synizesis	ἄλγεα	αλγεα	1	Il. 24.7@12
synizesis	ἄρεω	αρεω	1	Il. 18.213@7
synizesis	ἄφρεον	αφρεον	1	Il. 11.282@2
synizesis	ἐδεύεο	εδευεο	1	Il. 17.142@12
synizesis	ἐθρήνεον	εθρηνεον	1	Il. 24.722@5
synizesis	ἐννέωρος	εννεωροσ	1	Od. 19.179@2
synizesis	ἐννεόργυιοι	εννεοργυιοι	1	Od. 11.312@10
synizesis	ἐννεώροιο	εννεωροιο	1	Il. 18.351@10
synizesis	ἐπόρθεον	επορθεον	1	Il. 4.308@12
synizesis	ἐριβρεμέτεω	εριβρεμετεω	1	Il. 13.624@5
synizesis	ἐφόρεον	εφορεον	1	Od. 22.456@5
synizesis	ἐύ	ευ	1	Od. 8.574@9
synizesis	ἐᾷ	εα	1	Il. 5.256@8
synizesis	ἐῶμεν	εωμεν	1	Il. 10.344@2
synizesis	ἑστεῶτʼ	εστεωτʼ	1	Od. 11.583@2
synizesis	ἑστεῶτες	εστεωτεσ	1	Od. 8.380@2
synizesis	ἔα	εα	1	Od. 14.222@2
synizesis	ἕωμεν	εωμεν	1	Il. 19.402@8
synizesis	ἠλάστεον	ηλαστεον	1	Il. 15.21@5
synizesis	ἠνώγεον	ηνωγεον	1	Il. 7.394@5
synizesis	ἴδεω	ιδεω	1	Il. 9.558@2
synizesis	ἴσχεο	ισχεο	1	Od. 24.323@3
synizesis	ὀθονέων	οθονεων	1	Od. 7.107@5
synizesis	ὁτέοισιν	οτεοισιν	1	Il. 15.491@3
synizesis	ὄγδοον	ογδοον	1	Od. 14.287@5
synizesis	ὑψερεφέα	υψερεφεα	1	Od. 4.757@5
synizesis	ὠτειλέων	ωτειλεων	1	Od. 24.189@12
synizesis	ᾔτεον	ητεον	1	Od. 24.337@9
synizesis	ᾤκεον	ωκεον	1	Il. 20.218@7
synizesis_cross	ἦ	η	10	Il. 5.349@1; Il. 5.466@1; Il. 15.18@1; Il. 17.450@1; Il. 20.188@1; Il. 23.670@1; Od. 2.312@1; Od. 4.682@1; Od. 17.376@3; Od. 24.115@1
synizesis_cross	δή	δη	7	Il. 11.386@3; Od. 7.261@3; Od. 9.311@3; Od. 9.344@3; Od. 12.116@4; Od. 12.399@3; Od. 15.477@3
synizesis_cross	ἐπεί	επει	5	Il. 13.777@3; Od. 1.226@7; Od. 4.352@3; Od. 11.249@7; Od. 19.314@3
synizesis_cross	μή	μη	1	Od. 4.165@5
synizesis_cross	ἤ	η	1	Il. 9.537@3
synizesis_i	αἰγυπτίους	αιγυπτιουσ	2	Od. 4.83@9; Od. 14.286@5
synizesis_i	αἰγυπτίας	αιγυπτιασ	1	Il. 9.382@3
synizesis_i	αἰγυπτίη	αιγυπτιη	1	Od. 4.229@3
synizesis_i	αἰγυπτίῃς	αιγυπτιησ	1	Od. 4.127@3
synizesis_rare	ἀλλοειδέα	αλλοειδεα	1	Od. 13.194@4
synizesis_rare	ἤιομεν	ηιομεν	1	Od. 10.251@1
